feature,rank,gain,split_importance,bin_order,bin_label,lower_bound,upper_bound,is_missing_bin,split_value,good,bad,total,bad_rate,pop_pct,woe,iv_component,status,skip_reason
d180_apl_ord_days_cnt,1,257599.5811395645,100,0,Missing,,,True,DEV,103153,989,104142,0.009496648806437365,0.5667931141456087,-2.937121059107543,1.843967368952268,ok,
d180_apl_ord_days_cnt,1,257599.5811395645,100,1,"(-inf, 1]",-inf,1.0,False,DEV,35231,5445,40676,0.13386272003146818,0.22137923902927523,-0.15749836432021616,0.005196817131957504,ok,
d180_apl_ord_days_cnt,1,257599.5811395645,100,2,"(1, 2]",1.0,2.0,False,DEV,6656,3486,10142,0.34371918753697495,0.05519786218494713,1.0629571717308806,0.0861704058899413,ok,
d180_apl_ord_days_cnt,1,257599.5811395645,100,3,"(2, 3]",2.0,3.0,False,DEV,3583,3019,6602,0.4572856710087852,0.03593140269621583,1.5384039032557688,0.12957655860022463,ok,
d180_apl_ord_days_cnt,1,257599.5811395645,100,4,"(3, 5]",3.0,5.0,False,DEV,3617,4675,8292,0.5637964302942595,0.04512923222614687,1.9662055543116495,0.28084095689370514,ok,
d180_apl_ord_days_cnt,1,257599.5811395645,100,5,"(5, 8]",5.0,8.0,False,DEV,2008,4412,6420,0.6872274143302181,0.0349408672083771,2.4967058723840023,0.3591078215906881,ok,
d180_apl_ord_days_cnt,1,257599.5811395645,100,6,"(8, inf]",8.0,inf,False,DEV,1343,6122,7465,0.8200937709310114,0.04062828250942913,3.2263449857125637,0.6738200424441046,ok,
d180_apl_ord_days_cnt,1,257599.5811395645,100,0,Missing,,,True,OOT,36982,328,37310,0.008791208791208791,0.6099096006408056,-2.814746957879746,1.8366400515335786,ok,
d180_apl_ord_days_cnt,1,257599.5811395645,100,1,"(-inf, 1]",-inf,1.0,False,OOT,10170,1475,11645,0.1266638042078145,0.19036176090758994,-0.02157814669756825,8.792592270212386e-05,ok,
d180_apl_ord_days_cnt,1,257599.5811395645,100,2,"(1, 2]",1.0,2.0,False,OOT,2090,875,2965,0.2951096121416526,0.048469095842937245,1.0385529118912664,0.07436955329007942,ok,
d180_apl_ord_days_cnt,1,257599.5811395645,100,3,"(2, 3]",2.0,3.0,False,OOT,1229,759,1988,0.3817907444668008,0.032497997482549494,1.4272137713415598,0.10430356077739233,ok,
d180_apl_ord_days_cnt,1,257599.5811395645,100,4,"(3, 5]",3.0,5.0,False,OOT,1305,1239,2544,0.48702830188679247,0.04158697464567702,1.8570382742980414,0.24592125157407424,ok,
d180_apl_ord_days_cnt,1,257599.5811395645,100,5,"(5, 8]",5.0,8.0,False,OOT,813,1172,1985,0.5904282115869017,0.03244895623886355,2.2744638846233216,0.30290842362599446,ok,
d180_apl_ord_days_cnt,1,257599.5811395645,100,6,"(8, inf]",8.0,inf,False,OOT,689,2047,2736,0.748172514619883,0.044725614241577165,2.9973244294558476,0.7381982461094442,ok,
d180_apl_ord_days_cnt,1,257599.5811395645,100,0,Missing,,,True,DEV-OOS,97636,1018,98654,0.010318892290226448,0.537682581207761,-3.001727296785559,1.8364648238587544,ok,
d180_apl_ord_days_cnt,1,257599.5811395645,100,1,"(-inf, 1]",-inf,1.0,False,DEV-OOS,35788,5988,41776,0.14333588663347377,0.22768694135600612,-0.22659250389862154,0.01084172316372809,ok,
d180_apl_ord_days_cnt,1,257599.5811395645,100,2,"(1, 2]",1.0,2.0,False,DEV-OOS,6893,3916,10809,0.362290683689518,0.058911052975801174,0.9958126046428358,0.07726277946458548,ok,
d180_apl_ord_days_cnt,1,257599.5811395645,100,3,"(2, 3]",2.0,3.0,False,DEV-OOS,3845,3360,7205,0.46634281748785567,0.03926858513189448,1.4263792843601384,0.11442157436356717,ok,
d180_apl_ord_days_cnt,1,257599.5811395645,100,4,"(3, 5]",3.0,5.0,False,DEV-OOS,3852,5334,9186,0.5806662312214239,0.05006540222367561,1.8866660168844716,0.26826132603060016,ok,
d180_apl_ord_days_cnt,1,257599.5811395645,100,5,"(5, 8]",5.0,8.0,False,DEV-OOS,2182,5003,7185,0.6963117606123869,0.039159581425768475,2.3908598042639797,0.34141699593550284,ok,
d180_apl_ord_days_cnt,1,257599.5811395645,100,6,"(8, inf]",8.0,inf,False,DEV-OOS,1457,7208,8665,0.8318522792844778,0.04722585567909309,3.159731391474537,0.6852024400391455,ok,
d180_apl_ord_days_cnt,1,257599.5811395645,100,0,Missing,,,True,OOT-OOS,35004,305,35309,0.008638024299753603,0.5755244413293997,-2.9663345391369194,1.8772033652991678,ok,
d180_apl_ord_days_cnt,1,257599.5811395645,100,1,"(-inf, 1]",-inf,1.0,False,OOT-OOS,10673,1667,12340,0.13508914100486225,0.20113771576665418,-0.08149094932442005,0.0012974075472346686,ok,
d180_apl_ord_days_cnt,1,257599.5811395645,100,2,"(1, 2]",1.0,2.0,False,OOT-OOS,2393,1109,3502,0.31667618503712164,0.05708138416651725,1.00610031942704,0.07963043331598386,ok,
d180_apl_ord_days_cnt,1,257599.5811395645,100,3,"(2, 3]",2.0,3.0,False,OOT-OOS,1354,861,2215,0.3887133182844244,0.0361037309905299,1.3224349803297897,0.09397543966488667,ok,
d180_apl_ord_days_cnt,1,257599.5811395645,100,4,"(3, 5]",3.0,5.0,False,OOT-OOS,1448,1402,2850,0.4919298245614035,0.04645401052957572,1.7426754060744014,0.22673698484249344,ok,
d180_apl_ord_days_cnt,1,257599.5811395645,100,5,"(5, 8]",5.0,8.0,False,OOT-OOS,851,1347,2198,0.6128298453139217,0.035826636892634184,2.2339543885673643,0.3022595627001045,ok,
d180_apl_ord_days_cnt,1,257599.5811395645,100,6,"(8, inf]",8.0,inf,False,OOT-OOS,739,2198,2937,0.7483827034388832,0.047872080324689086,2.8645038923569657,0.6678185090496024,ok,
d360_apl_ord_ddf_mdl_ord_crt_dte_min,2,222628.34593188763,295,0,Missing,,,True,DEV,103153,989,104142,0.009496648806437365,0.5667931141456087,-2.937179246913565,1.8439862047330526,ok,
d360_apl_ord_ddf_mdl_ord_crt_dte_min,2,222628.34593188763,295,1,"(-inf, 8]",-inf,8.0,False,DEV,2380,6106,8486,0.7195380626914919,0.04618507774615079,2.651637665112335,0.5345728591990616,ok,
d360_apl_ord_ddf_mdl_ord_crt_dte_min,2,222628.34593188763,295,2,"(8, 18]",8.0,18.0,False,DEV,2760,5197,7957,0.6531356038708056,0.04330599382820196,2.3423603551438337,0.3908732420573449,ok,
d360_apl_ord_ddf_mdl_ord_crt_dte_min,2,222628.34593188763,295,3,"(18, 31]",18.0,31.0,False,DEV,3239,4446,7685,0.5785296031229669,0.0418256330991243,2.026292710085448,0.27784091437231984,ok,
d360_apl_ord_ddf_mdl_ord_crt_dte_min,2,222628.34593188763,295,4,"(31, 47]",31.0,47.0,False,DEV,4589,3338,7927,0.42109246877759554,0.04314271874778898,1.391344955774543,0.12394920967824558,ok,
d360_apl_ord_ddf_mdl_ord_crt_dte_min,2,222628.34593188763,295,5,"(47, 70]",47.0,70.0,False,DEV,5373,2637,8010,0.3292134831460674,0.043594446470264885,0.9979464706388791,0.05902654514908026,ok,
d360_apl_ord_ddf_mdl_ord_crt_dte_min,2,222628.34593188763,295,6,"(70, 102]",70.0,102.0,False,DEV,5860,1890,7750,0.24387096774193548,0.04217939577335242,0.5782008573035178,0.017048254447512977,ok,
d360_apl_ord_ddf_mdl_ord_crt_dte_min,2,222628.34593188763,295,7,"(102, 148]",102.0,148.0,False,DEV,6523,1444,7967,0.1812476465419857,0.043360418855006286,0.20194663633625218,0.0018947153691065612,ok,
d360_apl_ord_ddf_mdl_ord_crt_dte_min,2,222628.34593188763,295,8,"(148, 207]",148.0,207.0,False,DEV,6986,1005,7991,0.1257664872982105,0.043491038919336665,-0.2289003481720308,0.0021027874644031943,ok,
d360_apl_ord_ddf_mdl_ord_crt_dte_min,2,222628.34593188763,295,9,"(207, 278]",207.0,278.0,False,DEV,7294,672,7966,0.0843585237258348,0.04335497635232585,-0.6742793699001909,0.015504358832051356,ok,
d360_apl_ord_ddf_mdl_ord_crt_dte_min,2,222628.34593188763,295,10,"(278, inf]",278.0,inf,False,DEV,7434,424,7858,0.05395775006362942,0.042767186062839135,-1.153380164250111,0.03771851112968137,ok,
d360_apl_ord_ddf_mdl_ord_crt_dte_min,2,222628.34593188763,295,0,Missing,,,True,OOT,36982,328,37310,0.008791208791208791,0.6099096006408056,-2.8149626026858567,1.8367370603253814,ok,
d360_apl_ord_ddf_mdl_ord_crt_dte_min,2,222628.34593188763,295,1,"(-inf, 8]",-inf,8.0,False,OOT,597,1539,2136,0.7205056179775281,0.03491736550438919,2.855159349714758,0.5243428253736386,ok,
d360_apl_ord_ddf_mdl_ord_crt_dte_min,2,222628.34593188763,295,2,"(8, 18]",8.0,18.0,False,OOT,782,1394,2176,0.640625,0.035571248753535054,2.4864979508091043,0.4023706162035801,ok,
d360_apl_ord_ddf_mdl_ord_crt_dte_min,2,222628.34593188763,295,3,"(18, 31]",18.0,31.0,False,OOT,1058,1249,2307,0.5413957520589511,0.03771271639448776,2.074591325855956,0.28689338892330934,ok,
d360_apl_ord_ddf_mdl_ord_crt_dte_min,2,222628.34593188763,295,4,"(31, 47]",31.0,47.0,False,OOT,1615,1043,2658,0.3924003009781791,0.04345054190574273,1.4716366074085712,0.14975564519197782,ok,
d360_apl_ord_ddf_mdl_ord_crt_dte_min,2,222628.34593188763,295,5,"(47, 70]",47.0,70.0,False,OOT,1762,757,2519,0.30051607780865425,0.04117829761496085,1.064235668852969,0.06683636850498643,ok,
d360_apl_ord_ddf_mdl_ord_crt_dte_min,2,222628.34593188763,295,6,"(70, 102]",70.0,102.0,False,OOT,2010,574,2584,0.22213622291021673,0.04224085789482288,0.6560620371073504,0.022952189768187938,ok,
d360_apl_ord_ddf_mdl_ord_crt_dte_min,2,222628.34593188763,295,7,"(102, 148]",102.0,148.0,False,OOT,2148,393,2541,0.15466351829988192,0.04153793340199107,0.211256530798277,0.0020037519966986214,ok,
d360_apl_ord_ddf_mdl_ord_crt_dte_min,2,222628.34593188763,295,8,"(148, 207]",148.0,207.0,False,OOT,2019,285,2304,0.12369791666666667,0.03766367515080182,-0.04766253975153384,8.408079172898268e-05,ok,
d360_apl_ord_ddf_mdl_ord_crt_dte_min,2,222628.34593188763,295,9,"(207, 278]",207.0,278.0,False,OOT,2102,197,2299,0.08568943018703784,0.03758193974465859,-0.4564431413500578,0.006600316826368843,ok,
d360_apl_ord_ddf_mdl_ord_crt_dte_min,2,222628.34593188763,295,10,"(278, inf]",278.0,inf,False,OOT,2203,136,2339,0.05814450619923044,0.03823582299380446,-0.8727770035011585,0.021013745333789382,ok,
d360_apl_ord_ddf_mdl_ord_crt_dte_min,2,222628.34593188763,295,0,Missing,,,True,DEV-OOS,97636,1018,98654,0.010318892290226448,0.537682581207761,-3.0017769400190004,1.8364757449353717,ok,
d360_apl_ord_ddf_mdl_ord_crt_dte_min,2,222628.34593188763,295,1,"(-inf, 8]",-inf,8.0,False,DEV-OOS,2515,6885,9400,0.7324468085106383,0.05123174187922389,2.568089662449592,0.5128924068911443,ok,
d360_apl_ord_ddf_mdl_ord_crt_dte_min,2,222628.34593188763,295,2,"(8, 18]",8.0,18.0,False,DEV-OOS,2873,5957,8830,0.6746319365798414,0.048125136254632654,2.2902636332388857,0.38523224170775044,ok,
d360_apl_ord_ddf_mdl_ord_crt_dte_min,2,222628.34593188763,295,3,"(18, 31]",18.0,31.0,False,DEV-OOS,3645,5187,8832,0.587296195652174,0.04813603662524526,1.9139018575062536,0.26588847707640645,ok,
d360_apl_ord_ddf_mdl_ord_crt_dte_min,2,222628.34593188763,295,4,"(31, 47]",31.0,47.0,False,DEV-OOS,5274,3877,9151,0.423669544312097,0.04987464573795509,1.2534502301426151,0.10908862044905783,ok,
d360_apl_ord_ddf_mdl_ord_crt_dte_min,2,222628.34593188763,295,5,"(47, 70]",47.0,70.0,False,DEV-OOS,5802,3008,8810,0.34143019296254257,0.048016132548506646,0.9042962587255992,0.05086668767358272,ok,
d360_apl_ord_ddf_mdl_ord_crt_dte_min,2,222628.34593188763,295,6,"(70, 102]",70.0,102.0,False,DEV-OOS,5997,2130,8127,0.26208933185677374,0.044293655984303466,0.526157480439902,0.014407437847900518,ok,
d360_apl_ord_ddf_mdl_ord_crt_dte_min,2,222628.34593188763,295,7,"(102, 148]",102.0,148.0,False,DEV-OOS,6774,1593,8367,0.19039082108282537,0.045601700457815565,0.11391079378468995,0.000613918101926506,ok,
d360_apl_ord_ddf_mdl_ord_crt_dte_min,2,222628.34593188763,295,8,"(148, 207]",148.0,207.0,False,DEV-OOS,6864,1017,7881,0.12904453749524172,0.04295291039895356,-0.34787106280712465,0.004626229162674849,ok,
d360_apl_ord_ddf_mdl_ord_crt_dte_min,2,222628.34593188763,295,9,"(207, 278]",207.0,278.0,False,DEV-OOS,7146,653,7799,0.08372868316450827,0.04250599520383693,-0.8308919700711085,0.022095897153919172,ok,
d360_apl_ord_ddf_mdl_ord_crt_dte_min,2,222628.34593188763,295,10,"(278, inf]",278.0,inf,False,DEV-OOS,7127,502,7629,0.06580154672958448,0.04157946370176586,-1.0909766786398114,0.034050781372906555,ok,
d360_apl_ord_ddf_mdl_ord_crt_dte_min,2,222628.34593188763,295,0,Missing,,,True,OOT-OOS,35004,305,35309,0.008638024299753603,0.5755244413293997,-2.9665213029176227,1.8772690262200977,ok,
d360_apl_ord_ddf_mdl_ord_crt_dte_min,2,222628.34593188763,295,1,"(-inf, 8]",-inf,8.0,False,OOT-OOS,692,1627,2319,0.7015955153083225,0.03779889488353898,2.6292529581274824,0.44639351080102535,ok,
d360_apl_ord_ddf_mdl_ord_crt_dte_min,2,222628.34593188763,295,2,"(8, 18]",8.0,18.0,False,OOT-OOS,864,1539,2403,0.6404494382022472,0.03916806572020016,2.3518224843474616,0.36831333083473594,ok,
d360_apl_ord_ddf_mdl_ord_crt_dte_min,2,222628.34593188763,295,3,"(18, 31]",18.0,31.0,False,OOT-OOS,1172,1445,2617,0.5521589606419565,0.042656191423122686,1.9840778832422181,0.27810620166348776,ok,
d360_apl_ord_ddf_mdl_ord_crt_dte_min,2,222628.34593188763,295,4,"(31, 47]",31.0,47.0,False,OOT-OOS,1840,1237,3077,0.40201494962625933,0.05015403171912438,1.3778167637300214,0.1433646798209142,ok,
d360_apl_ord_ddf_mdl_ord_crt_dte_min,2,222628.34593188763,295,5,"(47, 70]",47.0,70.0,False,OOT-OOS,2104,982,3086,0.31821127673363575,0.05030072859448094,1.0130279776390427,0.07126750749117569,ok,
d360_apl_ord_ddf_mdl_ord_crt_dte_min,2,222628.34593188763,295,6,"(70, 102]",70.0,102.0,False,OOT-OOS,2167,686,2853,0.24044865054328776,0.046502909488027905,0.6250373386595807,0.022420864751986534,ok,
d360_apl_ord_ddf_mdl_ord_crt_dte_min,2,222628.34593188763,295,7,"(102, 148]",102.0,148.0,False,OOT-OOS,2371,502,2873,0.17473024712843718,0.04682890254437581,0.22307851672184625,0.0025199346334358387,ok,
d360_apl_ord_ddf_mdl_ord_crt_dte_min,2,222628.34593188763,295,8,"(148, 207]",148.0,207.0,False,OOT-OOS,2064,256,2320,0.1103448275862069,0.03781519453635637,-0.3107538586090688,0.003266060944198457,ok,
d360_apl_ord_ddf_mdl_ord_crt_dte_min,2,222628.34593188763,295,9,"(207, 278]",207.0,278.0,False,OOT-OOS,2116,172,2288,0.07517482517482517,0.03729360564619973,-0.7323610013833121,0.015339484339608866,ok,
d360_apl_ord_ddf_mdl_ord_crt_dte_min,2,222628.34593188763,295,10,"(278, inf]",278.0,inf,False,OOT-OOS,2068,138,2206,0.06255666364460562,0.03595703411517335,-0.9289478381678211,0.02215817889012553,ok,
unpaid_principal_future_light_add_heavy,3,216904.91310572624,86,0,"(-inf, 760.92]",-inf,760.9200073242179,False,DEV,125115,3502,128617,0.027228126919458546,0.6999983672491958,-1.8660640424479467,1.2683593070160928,ok,
unpaid_principal_future_light_add_heavy,3,216904.91310572624,86,1,"(760.92, 5033.09]",760.9200073242179,5033.089843749999,False,DEV,12323,6051,18374,0.329324044845978,0.10000054425026804,0.9984944355283483,0.13556551204266637,ok,
unpaid_principal_future_light_add_heavy,3,216904.91310572624,86,2,"(5033.09, 15813.5]",5033.089843749999,15813.478125000014,False,DEV,9776,8598,18374,0.4679438336780233,0.10000054425026804,1.581302491658035,0.3836542302877104,ok,
unpaid_principal_future_light_add_heavy,3,216904.91310572624,86,3,"(15813.5, inf]",15813.478125000014,inf,False,DEV,8377,9997,18374,0.5440840317840426,0.10000054425026804,1.886481790109618,0.5684131501294616,ok,
unpaid_principal_future_light_add_heavy,3,216904.91310572624,86,0,"(-inf, 760.92]",-inf,760.9200073242179,False,OOT,44494,1320,45814,0.028812153490199503,0.7489251794092164,-1.6082770475562829,1.0741547043681396,ok,
unpaid_principal_future_light_add_heavy,3,216904.91310572624,86,1,"(760.92, 5033.09]",760.9200073242179,5033.089843749999,False,OOT,3620,2020,5640,0.35815602836879434,0.09219753812956696,1.3258109534063427,0.24912561505951228,ok,
unpaid_principal_future_light_add_heavy,3,216904.91310572624,86,2,"(5033.09, 15813.5]",5033.089843749999,15813.478125000014,False,OOT,2820,2266,5086,0.44553676759732597,0.08314125512889674,1.6904007029175627,0.39567278921367877,ok,
unpaid_principal_future_light_add_heavy,3,216904.91310572624,86,3,"(15813.5, inf]",15813.478125000014,inf,False,OOT,2344,2289,4633,0.4940643211741852,0.07573602733231981,1.8853393792841988,0.46363671094831466,ok,
unpaid_principal_future_light_add_heavy,3,216904.91310572624,86,0,"(-inf, 760.92]",-inf,760.9200073242179,False,DEV-OOS,119197,3823,123020,0.031076247764591124,0.670481796381077,-1.8783851674058052,1.2507260365249628,ok,
unpaid_principal_future_light_add_heavy,3,216904.91310572624,86,1,"(760.92, 5033.09]",760.9200073242179,5033.089843749999,False,DEV-OOS,13413,7138,20551,0.3473310301201888,0.11200675822977982,0.9304713881026421,0.12638512853935316,ok,
unpaid_principal_future_light_add_heavy,3,216904.91310572624,86,2,"(5033.09, 15813.5]",5033.089843749999,15813.478125000014,False,DEV-OOS,10370,9850,20220,0.48714144411473786,0.11020274689339438,1.509787358579203,0.3640093332069568,ok,
unpaid_principal_future_light_add_heavy,3,216904.91310572624,86,3,"(15813.5, inf]",15813.478125000014,inf,False,DEV-OOS,8673,11016,19689,0.5595002285540149,0.10730869849574885,1.800352129051779,0.5201628978095508,ok,
unpaid_principal_future_light_add_heavy,3,216904.91310572624,86,0,"(-inf, 760.92]",-inf,760.9200073242179,False,OOT-OOS,42763,1480,44243,0.03345161946522614,0.7211455396000065,-1.5882173754826527,1.0300940963893168,ok,
unpaid_principal_future_light_add_heavy,3,216904.91310572624,86,1,"(760.92, 5033.09]",760.9200073242179,5033.089843749999,False,OOT-OOS,4121,2399,6520,0.3679447852760736,0.10627373636941533,1.2341308985083086,0.236115185897807,ok,
unpaid_principal_future_light_add_heavy,3,216904.91310572624,86,2,"(5033.09, 15813.5]",5033.089843749999,15813.478125000014,False,OOT-OOS,3066,2540,5606,0.4530859793078844,0.0913758536943163,1.5869117569310387,0.36068724290608206,ok,
unpaid_principal_future_light_add_heavy,3,216904.91310572624,86,3,"(15813.5, inf]",15813.478125000014,inf,False,OOT-OOS,2512,2470,4982,0.49578482537133683,0.08120487033626184,1.758229976881764,0.4043494229736107,ok,
first_day_diff_event_result_1_all,4,119654.27907693386,177,0,"(-inf, 4]",-inf,4.0,False,DEV,9152,11411,20563,0.5549287555317803,0.11191418261773493,1.9302035364791579,0.6688473328590748,ok,
first_day_diff_event_result_1_all,4,119654.27907693386,177,1,"(4, 11]",4.0,11.0,False,DEV,10536,7702,18238,0.42230507731110867,0.09926036388572922,1.396308515463173,0.28746816000339326,ok,
first_day_diff_event_result_1_all,4,119654.27907693386,177,2,"(11, 23]",11.0,23.0,False,DEV,11717,5176,16893,0.3063991002190256,0.0919401977805474,0.892654685038924,0.09690933699749142,ok,
first_day_diff_event_result_1_all,4,119654.27907693386,177,3,"(23, 136]",23.0,136.0,False,DEV,15463,2415,17878,0.1350822239624119,0.09730106292077349,-0.1469671195804705,0.0019963055476819747,ok,
first_day_diff_event_result_1_all,4,119654.27907693386,177,4,"(136, 375]",136.0,375.0,False,DEV,17738,593,18331,0.032349571763679016,0.09976651663500945,-1.68784649993059,0.1568386440974993,ok,
first_day_diff_event_result_1_all,4,119654.27907693386,177,5,"(375, 682]",375.0,682.0,False,DEV,18020,350,18370,0.01905280348394121,0.09997877423954632,-2.2302955876209634,0.23053702711008778,ok,
first_day_diff_event_result_1_all,4,119654.27907693386,177,6,"(682, 1042]",682.0,1042.0,False,DEV,18204,171,18375,0.009306122448979591,0.10000598675294847,-2.9552318450146045,0.32775529483632776,ok,
first_day_diff_event_result_1_all,4,119654.27907693386,177,7,"(1042, 1496]",1042.0,1496.0,False,DEV,18246,126,18372,0.006858262573481384,0.09998965924490717,-3.261877267999234,0.36785864707888527,ok,
first_day_diff_event_result_1_all,4,119654.27907693386,177,8,"(1496, 1888]",1496.0,1888.0,False,DEV,18242,105,18347,0.005723006486074018,0.09985359667789637,-3.4431893790940364,0.3907859864161956,ok,
first_day_diff_event_result_1_all,4,119654.27907693386,177,9,"(1888, inf]",1888.0,inf,False,DEV,18273,99,18372,0.005388634879163945,0.09998965924490717,-3.5034405741117562,0.39906887842339406,ok,
first_day_diff_event_result_1_all,4,119654.27907693386,177,0,"(-inf, 4]",-inf,4.0,False,OOT,2658,2964,5622,0.5272145144076841,0.09190329066745133,2.017700901683353,0.6564775555085188,ok,
first_day_diff_event_result_1_all,4,119654.27907693386,177,1,"(4, 11]",4.0,11.0,False,OOT,3045,2122,5167,0.41068318173021096,0.08446536870841712,1.5476841193892865,0.32735657884313923,ok,
first_day_diff_event_result_1_all,4,119654.27907693386,177,2,"(11, 23]",11.0,23.0,False,OOT,3510,1512,5022,0.3010752688172043,0.08209504193026335,1.0667600049280166,0.13395480664144918,ok,
first_day_diff_event_result_1_all,4,119654.27907693386,177,3,"(23, 136]",23.0,136.0,False,OOT,4897,774,5671,0.13648386527949216,0.09270429764765502,0.06449208151855111,0.00039489178843857785,ok,
first_day_diff_event_result_1_all,4,119654.27907693386,177,4,"(136, 375]",136.0,375.0,False,OOT,6313,250,6563,0.03809233582203261,0.1072858941036078,-1.318231984873492,0.11439760737426616,ok,
first_day_diff_event_result_1_all,4,119654.27907693386,177,5,"(375, 682]",375.0,682.0,False,OOT,6353,120,6473,0.01853854472423915,0.10581465679302961,-2.0563567967335556,0.2138353896804805,ok,
first_day_diff_event_result_1_all,4,119654.27907693386,177,6,"(682, 1042]",682.0,1042.0,False,OOT,6260,55,6315,0.00870942201108472,0.10323181795890343,-2.81687774087629,0.311180328252861,ok,
first_day_diff_event_result_1_all,4,119654.27907693386,177,7,"(1042, 1496]",1042.0,1496.0,False,OOT,6389,44,6433,0.006839732628633608,0.10516077354388374,-3.05816753639624,0.34949773676974816,ok,
first_day_diff_event_result_1_all,4,119654.27907693386,177,8,"(1496, 1888]",1496.0,1888.0,False,OOT,5276,19,5295,0.0035882908404154864,0.08655779510568389,-3.69184924106112,0.3564830358911174,ok,
first_day_diff_event_result_1_all,4,119654.27907693386,177,9,"(1888, inf]",1888.0,inf,False,OOT,8577,35,8612,0.004064096609382257,0.14078106354110473,-3.578610506770911,0.5600038001849009,ok,
first_day_diff_event_result_1_all,4,119654.27907693386,177,0,"(-inf, 4]",-inf,4.0,False,DEV-OOS,9645,12815,22460,0.5705699020480854,0.1224111619795073,1.8453198031546623,0.6255591265450583,ok,
first_day_diff_event_result_1_all,4,119654.27907693386,177,1,"(4, 11]",4.0,11.0,False,DEV-OOS,11083,8766,19849,0.44163433926142376,0.10818072814475692,1.3266360356817262,0.2684007196770698,ok,
first_day_diff_event_result_1_all,4,119654.27907693386,177,2,"(11, 23]",11.0,23.0,False,DEV-OOS,12436,5967,18403,0.32424061294354184,0.10029976019184653,0.8268482946569571,0.08720355378650828,ok,
first_day_diff_event_result_1_all,4,119654.27907693386,177,3,"(23, 136]",23.0,136.0,False,DEV-OOS,15560,2711,18271,0.14837720978599966,0.09958033573141487,-0.18607775194272919,0.003241658286357602,ok,
first_day_diff_event_result_1_all,4,119654.27907693386,177,4,"(136, 375]",136.0,375.0,False,DEV-OOS,16768,720,17488,0.04117108874656908,0.09531284063658164,-1.5861560772705583,0.13947609796507215,ok,
first_day_diff_event_result_1_all,4,119654.27907693386,177,5,"(375, 682]",375.0,682.0,False,DEV-OOS,17214,343,17557,0.01953636726092157,0.09568890342271637,-2.353164306582077,0.24171152202854676,ok,
first_day_diff_event_result_1_all,4,119654.27907693386,177,6,"(682, 1042]",682.0,1042.0,False,DEV-OOS,16994,189,17183,0.010999243438282022,0.09365053411816002,-2.9351001040888214,0.31142856978444083,ok,
first_day_diff_event_result_1_all,4,119654.27907693386,177,7,"(1042, 1496]",1042.0,1496.0,False,DEV-OOS,17261,120,17381,0.006904090673724181,0.0947296708088075,-3.4034282014036017,0.37448973167643596,ok,
first_day_diff_event_result_1_all,4,119654.27907693386,177,8,"(1496, 1888]",1496.0,1888.0,False,DEV-OOS,17173,104,17277,0.006019563581640331,0.09416285153695225,-3.540779792958756,0.3893281377399072,ok,
first_day_diff_event_result_1_all,4,119654.27907693386,177,9,"(1888, inf]",1888.0,inf,False,DEV-OOS,17519,92,17611,0.0052240077224461985,0.0959832134292566,-3.6827052680836228,0.414723828823719,ok,
first_day_diff_event_result_1_all,4,119654.27907693386,177,0,"(-inf, 4]",-inf,4.0,False,OOT-OOS,2919,3268,6187,0.5282042993373202,0.1008459519812228,1.8877263037758512,0.5886882785390353,ok,
first_day_diff_event_result_1_all,4,119654.27907693386,177,1,"(4, 11]",4.0,11.0,False,OOT-OOS,3351,2357,5708,0.4129292221443588,0.0930384182816906,1.4230012371562595,0.2862909003692685,ok,
first_day_diff_event_result_1_all,4,119654.27907693386,177,2,"(11, 23]",11.0,23.0,False,OOT-OOS,3768,1768,5536,0.319364161849711,0.09023487799709866,1.01826219380867,0.12933540312575395,ok,
first_day_diff_event_result_1_all,4,119654.27907693386,177,3,"(23, 136]",23.0,136.0,False,OOT-OOS,5295,926,6221,0.1488506670953223,0.10140014017701424,0.03160887188834982,0.00010245203549775461,ok,
first_day_diff_event_result_1_all,4,119654.27907693386,177,4,"(136, 375]",136.0,375.0,False,OOT-OOS,6068,292,6360,0.04591194968553459,0.10366579191863214,-1.257594561427846,0.1040984449193225,ok,
first_day_diff_event_result_1_all,4,119654.27907693386,177,5,"(375, 682]",375.0,682.0,False,OOT-OOS,5991,126,6117,0.020598332515939184,0.09970497628400515,-2.083047260508337,0.20824747948554231,ok,
first_day_diff_event_result_1_all,4,119654.27907693386,177,6,"(682, 1042]",682.0,1042.0,False,OOT-OOS,5821,56,5877,0.00952867109069253,0.09579305960783036,-2.860265092878016,0.2991919103880738,ok,
first_day_diff_event_result_1_all,4,119654.27907693386,177,7,"(1042, 1496]",1042.0,1496.0,False,OOT-OOS,5893,36,5929,0.0060718502276943835,0.0966406415543349,-3.3094855586315193,0.35816529716129786,ok,
first_day_diff_event_result_1_all,4,119654.27907693386,177,8,"(1496, 1888]",1496.0,1888.0,False,OOT-OOS,4966,23,4989,0.004610142313088796,0.0813189679059836,-3.578662716058638,0.3292987717361983,ok,
first_day_diff_event_result_1_all,4,119654.27907693386,177,9,"(1888, inf]",1888.0,inf,False,OOT-OOS,8390,37,8427,0.004390649104070251,0.13735717429218758,-3.635706951018192,0.5660913624272463,ok,
his_360_day_csh_apl_ord_cnt_his_rto,5,71424.97697651386,88,0,Missing,,,True,DEV,345,4,349,0.011461318051575931,0.0018994334354709669,-2.631233525755928,0.00542211639097982,ok,
his_360_day_csh_apl_ord_cnt_his_rto,5,71424.97697651386,88,1,"(-inf, 0.118644]",-inf,0.11864406615495682,False,DEV,108111,1925,110036,0.01749427460103966,0.5988712249440783,-2.318295707017269,1.4522564810384846,ok,
his_360_day_csh_apl_ord_cnt_his_rto,5,71424.97697651386,88,2,"(0.118644, 0.384615]",0.11864406615495682,0.38461539149284363,False,DEV,12211,6225,18436,0.3376545888479063,0.10033797941645486,1.0359573503858475,0.147797181702871,ok,
his_360_day_csh_apl_ord_cnt_his_rto,5,71424.97697651386,88,3,"(0.384615, 0.75]",0.38461539149284363,0.75,False,DEV,10557,8007,18564,0.43131868131868134,0.10103461975955023,1.4332238153507373,0.31043644368543116,ok,
his_360_day_csh_apl_ord_cnt_his_rto,5,71424.97697651386,88,4,"(0.75, inf]",0.75,inf,False,DEV,24367,11987,36354,0.32972987841778073,0.19785674244444565,1.0002958836558509,0.2693057777759981,ok,
his_360_day_csh_apl_ord_cnt_his_rto,5,71424.97697651386,88,0,Missing,,,True,OOT,105,1,106,0.009433962264150943,0.0017327906102365422,-2.344221687929575,0.00419651548718373,ok,
his_360_day_csh_apl_ord_cnt_his_rto,5,71424.97697651386,88,1,"(-inf, 0.118644]",-inf,0.11864406615495682,False,OOT,38628,654,39282,0.016648846800061096,0.6421460448236967,-2.1688498827531606,1.3926797870182182,ok,
his_360_day_csh_apl_ord_cnt_his_rto,5,71424.97697651386,88,2,"(0.118644, 0.384615]",0.11864406615495682,0.38461539149284363,False,OOT,3806,1687,5493,0.3071181503732023,0.08979451718895591,1.0955621688787993,0.1558246182754158,ok,
his_360_day_csh_apl_ord_cnt_his_rto,5,71424.97697651386,88,3,"(0.384615, 0.75]",0.38461539149284363,0.75,False,OOT,3620,2205,5825,0.3785407725321888,0.0952217481568666,1.413366259594501,0.2986639374809483,ok,
his_360_day_csh_apl_ord_cnt_his_rto,5,71424.97697651386,88,4,"(0.75, inf]",0.75,inf,False,OOT,7119,3348,10467,0.31986242476354254,0.17110489922024422,1.1546991430074376,0.33529223007089043,ok,
his_360_day_csh_apl_ord_cnt_his_rto,5,71424.97697651386,88,0,Missing,,,True,DEV-OOS,311,4,315,0.012698412698412698,0.0017168083714846304,-2.6761039729720495,0.005118367575157183,ok,
his_360_day_csh_apl_ord_cnt_his_rto,5,71424.97697651386,88,1,"(-inf, 0.118644]",-inf,0.11864406615495682,False,DEV-OOS,102373,2002,104375,0.019180838323353294,0.5688630913451057,-2.373013521611678,1.452584403321177,ok,
his_360_day_csh_apl_ord_cnt_his_rto,5,71424.97697651386,88,2,"(0.118644, 0.384615]",0.11864406615495682,0.38461539149284363,False,DEV-OOS,12276,6992,19268,0.3628814614905543,0.10501417048179638,0.9983692487656716,0.13850997985437938,ok,
his_360_day_csh_apl_ord_cnt_his_rto,5,71424.97697651386,88,3,"(0.384615, 0.75]",0.38461539149284363,0.75,False,DEV-OOS,10819,9189,20008,0.45926629348260695,0.10904730760845868,1.397929434772876,0.3038644871942954,ok,
his_360_day_csh_apl_ord_cnt_his_rto,5,71424.97697651386,88,4,"(0.75, inf]",0.75,inf,False,DEV-OOS,25874,13640,39514,0.34519410841726983,0.21535862219315458,0.9210033493868173,0.23755930009973844,ok,
his_360_day_csh_apl_ord_cnt_his_rto,5,71424.97697651386,88,0,Missing,,,True,OOT-OOS,97,1,98,0.01020408163265306,0.001597365976104709,-2.3993462836957193,0.004054173124026344,ok,
his_360_day_csh_apl_ord_cnt_his_rto,5,71424.97697651386,88,1,"(-inf, 0.118644]",-inf,0.11864406615495682,False,OOT-OOS,36607,647,37254,0.017367262575830784,0.6072272660592329,-2.2598486366558013,1.4122588983652453,ok,
his_360_day_csh_apl_ord_cnt_his_rto,5,71424.97697651386,88,2,"(0.118644, 0.384615]",0.11864406615495682,0.38461539149284363,False,OOT-OOS,3866,1859,5725,0.32471615720524016,0.09331551237958631,1.0429989155159525,0.1412584171288571,ok,
his_360_day_csh_apl_ord_cnt_his_rto,5,71424.97697651386,88,3,"(0.384615, 0.75]",0.38461539149284363,0.75,False,OOT-OOS,3533,2401,5934,0.4046174587125042,0.09672213981842187,1.3888456471738881,0.28157332723671097,ok,
his_360_day_csh_apl_ord_cnt_his_rto,5,71424.97697651386,88,4,"(0.75, inf]",0.75,inf,False,OOT-OOS,8359,3981,12340,0.3226094003241491,0.20113771576665418,1.0333010022197167,0.2980566034208506,ok,
d180_apl_ord_days_cnt_all,6,36352.430055618286,31,0,Missing,,,True,DEV,101146,923,102069,0.009042902350370828,0.555510806089072,-2.98650181534002,1.843448425186476,ok,
d180_apl_ord_days_cnt_all,6,36352.430055618286,31,1,"(-inf, 1]",-inf,1.0,False,DEV,35430,5218,40648,0.12837039952765203,0.22122684895422312,-0.20571040189222642,0.008709466972198742,ok,
d180_apl_ord_days_cnt_all,6,36352.430055618286,31,2,"(1, 2]",1.0,2.0,False,DEV,6934,3376,10310,0.3274490785645005,0.056112202635259796,0.9899833418602937,0.07461757109572575,ok,
d180_apl_ord_days_cnt_all,6,36352.430055618286,31,3,"(2, 3]",2.0,3.0,False,DEV,3838,2989,6827,0.4378204189248572,0.037155965799313156,1.4596771089947929,0.11899781240027095,ok,
d180_apl_ord_days_cnt_all,6,36352.430055618286,31,4,"(3, 5]",3.0,5.0,False,DEV,3867,4688,8555,0.5479836353009936,0.04656061043110064,1.9021570233542455,0.2695147692548825,ok,
d180_apl_ord_days_cnt_all,6,36352.430055618286,31,5,"(5, 9]",5.0,9.0,False,DEV,2605,5410,8015,0.6749844042420462,0.04362165898366705,2.440369539604221,0.42815501437496467,ok,
d180_apl_ord_days_cnt_all,6,36352.430055618286,31,6,"(9, inf]",9.0,inf,False,DEV,1771,5544,7315,0.7578947368421053,0.03981190710736425,2.8506324250295307,0.5289828544065658,ok,
d180_apl_ord_days_cnt_all,6,36352.430055618286,31,0,Missing,,,True,OOT,36326,305,36631,0.008326281018809206,0.5988099324865546,-2.8694366918870275,1.845352682732704,ok,
d180_apl_ord_days_cnt_all,6,36352.430055618286,31,1,"(-inf, 1]",-inf,1.0,False,OOT,10403,1430,11833,0.12084847460491845,0.1934350121785755,-0.07520194352249211,0.0010637353583994038,ok,
d180_apl_ord_days_cnt_all,6,36352.430055618286,31,2,"(1, 2]",1.0,2.0,False,OOT,2147,862,3009,0.28647391159853774,0.0491883674169977,0.9966918060090839,0.0686652408398685,ok,
d180_apl_ord_days_cnt_all,6,36352.430055618286,31,3,"(2, 3]",2.0,3.0,False,OOT,1284,756,2040,0.37058823529411766,0.033348045706439115,1.3794940276404517,0.0988681638806125,ok,
d180_apl_ord_days_cnt_all,6,36352.430055618286,31,4,"(3, 5]",3.0,5.0,False,OOT,1371,1230,2601,0.4728950403690888,0.042518758275709875,1.800431870415432,0.23414334201000137,ok,
d180_apl_ord_days_cnt_all,6,36352.430055618286,31,5,"(5, 9]",5.0,9.0,False,OOT,1024,1443,2467,0.5849209566274828,0.04032824939107123,2.2517823423860146,0.36822981700624524,ok,
d180_apl_ord_days_cnt_all,6,36352.430055618286,31,6,"(9, inf]",9.0,inf,False,OOT,723,1869,2592,0.7210648148148148,0.04237163454465205,2.858242059307609,0.6377072132484364,ok,
d180_apl_ord_days_cnt_all,6,36352.430055618286,31,0,Missing,,,True,DEV-OOS,95756,938,96694,0.00970070531780669,0.5270002180074123,-3.0640877883825057,1.8443343846793714,ok,
d180_apl_ord_days_cnt_all,6,36352.430055618286,31,1,"(-inf, 1]",-inf,1.0,False,DEV-OOS,35777,5720,41497,0.13784128973178783,0.22616633965554828,-0.272069844596806,0.015288652513721256,ok,
d180_apl_ord_days_cnt_all,6,36352.430055618286,31,2,"(1, 2]",1.0,2.0,False,DEV-OOS,7253,3835,11088,0.3458694083694084,0.060431654676258995,0.9240088388676203,0.0671469416300495,ok,
d180_apl_ord_days_cnt_all,6,36352.430055618286,31,3,"(2, 3]",2.0,3.0,False,DEV-OOS,4046,3320,7366,0.4507195221286994,0.04014606496620885,1.3634562094922382,0.10585352765800343,ok,
d180_apl_ord_days_cnt_all,6,36352.430055618286,31,4,"(3, 5]",3.0,5.0,False,DEV-OOS,4132,5318,9450,0.5627513227513228,0.051504251144538916,1.8135019034437665,0.2535984573731654,ok,
d180_apl_ord_days_cnt_all,6,36352.430055618286,31,5,"(5, 9]",5.0,9.0,False,DEV-OOS,2768,6079,8847,0.6871255792924155,0.04821778940483976,2.3478099439206774,0.4055630079294921,ok,
d180_apl_ord_days_cnt_all,6,36352.430055618286,31,6,"(9, inf]",9.0,inf,False,DEV-OOS,1921,6617,8538,0.7750058561724057,0.046533682145192934,2.797804669543584,0.5462098242597463,ok,
d180_apl_ord_days_cnt_all,6,36352.430055618286,31,0,Missing,,,True,OOT-OOS,34414,277,34691,0.007984779914098758,0.5654512558882496,-3.045464747104882,1.9026214015170342,ok,
d180_apl_ord_days_cnt_all,6,36352.430055618286,31,1,"(-inf, 1]",-inf,1.0,False,OOT-OOS,10800,1618,12418,0.13029473345144146,0.20240908868641097,-0.12314504908371265,0.002937228473867022,ok,
d180_apl_ord_days_cnt_all,6,36352.430055618286,31,2,"(1, 2]",1.0,2.0,False,OOT-OOS,2431,1095,3526,0.3105501985252411,0.05747257583413473,0.977650115078636,0.07513139627768602,ok,
d180_apl_ord_days_cnt_all,6,36352.430055618286,31,3,"(2, 3]",2.0,3.0,False,OOT-OOS,1405,844,2249,0.375277901289462,0.03665791918632133,1.2655439317882236,0.08628305981575776,ok,
d180_apl_ord_days_cnt_all,6,36352.430055618286,31,4,"(3, 5]",3.0,5.0,False,OOT-OOS,1529,1397,2926,0.4774436090225564,0.047692784143697736,1.6846916273252512,0.21564459705560896,ok,
d180_apl_ord_days_cnt_all,6,36352.430055618286,31,5,"(5, 9]",5.0,9.0,False,OOT-OOS,1085,1681,2766,0.6077368040491685,0.04508483969291454,2.212593127748933,0.37260542824102605,ok,
d180_apl_ord_days_cnt_all,6,36352.430055618286,31,6,"(9, inf]",9.0,inf,False,OOT-OOS,798,1977,2775,0.7124324324324325,0.04523153656827109,2.681801317873697,0.5555589669394614,ok,
pge_id_cnt_90d,7,16902.269222438335,189,0,"(-inf, 2]",-inf,2.0,False,DEV,123046,6383,129429,0.0493166137418971,0.7044176794257071,-1.2491495274320916,0.7045897037267871,ok,
pge_id_cnt_90d,7,16902.269222438335,189,1,"(2, 17]",2.0,17.0,False,DEV,13935,3727,17662,0.21101800475597327,0.09612548234180006,0.39099449549116494,0.01675483070482445,ok,
pge_id_cnt_90d,7,16902.269222438335,189,2,"(17, 43]",17.0,43.0,False,DEV,11737,6969,18706,0.3725542606650273,0.10180745514017166,1.188450910653533,0.20458846228141922,ok,
pge_id_cnt_90d,7,16902.269222438335,189,3,"(43, inf]",43.0,inf,False,DEV,6873,11069,17942,0.6169323375320477,0.09764938309232117,2.1862164096529155,0.763113114169359,ok,
pge_id_cnt_90d,7,16902.269222438335,189,0,"(-inf, 2]",-inf,2.0,False,OOT,43464,1941,45405,0.042748595969606874,0.7422392231867,-1.1994055570500168,0.683567967272393,ok,
pge_id_cnt_90d,7,16902.269222438335,189,1,"(2, 17]",2.0,17.0,False,OOT,4219,1071,5290,0.20245746691871455,0.08647605969954064,0.5384209840323003,0.030415195338690984,ok,
pge_id_cnt_90d,7,16902.269222438335,189,2,"(17, 43]",17.0,43.0,False,OOT,3477,1819,5296,0.3434667673716012,0.08657414218691252,1.2613261789713064,0.208289801721008,ok,
pge_id_cnt_90d,7,16902.269222438335,189,3,"(43, inf]",43.0,inf,False,OOT,2118,3064,5182,0.5912774990351216,0.08471057492684682,2.2782542185758623,0.7935093826233064,ok,
pge_id_cnt_90d,7,16902.269222438335,189,0,"(-inf, 2]",-inf,2.0,False,DEV-OOS,117781,6997,124778,0.056075590248280946,0.6800632221495531,-1.2620478902876187,0.7027011720998888,ok,
pge_id_cnt_90d,7,16902.269222438335,189,1,"(2, 17]",2.0,17.0,False,DEV-OOS,14047,4093,18140,0.22563395810363837,0.09886636145628952,0.32818628617914875,0.011808512011650405,ok,
pge_id_cnt_90d,7,16902.269222438335,189,2,"(17, 43]",17.0,43.0,False,DEV-OOS,12237,7756,19993,0.38793577752213276,0.10896555482886418,1.1052565740146192,0.18015664292345113,ok,
pge_id_cnt_90d,7,16902.269222438335,189,3,"(43, inf]",43.0,inf,False,DEV-OOS,7588,12981,20569,0.6310953376440274,0.11210486156529322,2.0981217039338573,0.7507360931098144,ok,
pge_id_cnt_90d,7,16902.269222438335,189,0,"(-inf, 2]",-inf,2.0,False,OOT-OOS,41854,2184,44038,0.04959353285798628,0.7178041107724406,-1.17772465766396,0.6501955447528759,ok,
pge_id_cnt_90d,7,16902.269222438335,189,1,"(2, 17]",2.0,17.0,False,OOT-OOS,4463,1256,5719,0.2196188144780556,0.09321771446268194,0.5074845573275206,0.028543620900148284,ok,
pge_id_cnt_90d,7,16902.269222438335,189,2,"(17, 43]",17.0,43.0,False,OOT-OOS,3832,2182,6014,0.3628200864649152,0.09802611204381347,1.2120413679310786,0.208983637500761,ok,
pge_id_cnt_90d,7,16902.269222438335,189,3,"(43, inf]",43.0,inf,False,OOT-OOS,2313,3267,5580,0.5854838709677419,0.09095206272106404,2.1203513281146136,0.6857418957322338,ok,
cnt_avg_ord_span_30d,8,10121.110627651215,46,0,Missing,,,True,DEV,147604,12755,160359,0.07954028149339919,0.8727542873314865,-0.7389794112316763,0.36621351326093227,ok,
cnt_avg_ord_span_30d,8,10121.110627651215,46,1,"(-inf, 7.5]",-inf,7.5,False,DEV,327,2024,2351,0.8609102509570395,0.012795323801696972,3.5311844175326743,0.2464927425809825,ok,
cnt_avg_ord_span_30d,8,10121.110627651215,46,2,"(7.5, 11.5]",7.5,11.5,False,DEV,391,1954,2345,0.8332622601279318,0.012762668785614377,3.317498606937917,0.22196341907166503,ok,
cnt_avg_ord_span_30d,8,10121.110627651215,46,3,"(11.5, 16]",11.5,16.0,False,DEV,527,2136,2663,0.8021028914757792,0.014493384637991933,3.108369826869623,0.22534862494112295,ok,
cnt_avg_ord_span_30d,8,10121.110627651215,46,4,"(16, 22]",16.0,22.0,False,DEV,563,1675,2238,0.7484361036639857,0.012180320998808091,2.7992940108332993,0.1564566853391668,ok,
cnt_avg_ord_span_30d,8,10121.110627651215,46,5,"(22, 29]",22.0,29.0,False,DEV,620,1560,2180,0.7155963302752294,0.011864655843343003,2.631830394201937,0.13538240352233824,ok,
cnt_avg_ord_span_30d,8,10121.110627651215,46,6,"(29, 34]",29.0,34.0,False,DEV,746,1626,2372,0.6854974704890388,0.012909616357986056,2.4883845660699264,0.13182192973197715,ok,
cnt_avg_ord_span_30d,8,10121.110627651215,46,7,"(34, 47]",34.0,47.0,False,DEV,840,1452,2292,0.6335078534031413,0.01247421614355145,2.2566389730131613,0.10423499347016436,ok,
cnt_avg_ord_span_30d,8,10121.110627651215,46,8,"(47, 69]",47.0,69.0,False,DEV,1059,1219,2278,0.5351185250219491,0.012398021106025395,1.8502382770833863,0.06754632909091289,ok,
cnt_avg_ord_span_30d,8,10121.110627651215,46,9,"(69, 123]",69.0,123.0,False,DEV,1282,1050,2332,0.4502572898799314,0.012691916250768754,1.5100493803758954,0.04389838426774859,ok,
cnt_avg_ord_span_30d,8,10121.110627651215,46,10,"(123, inf]",123.0,inf,False,DEV,1632,697,2329,0.29927007299270075,0.012675588742727456,0.8592290896806998,0.012272380712575316,ok,
cnt_avg_ord_span_30d,8,10121.110627651215,46,0,Missing,,,True,OOT,50964,3818,54782,0.06969442517615275,0.8955258038677194,-0.68257097041571,0.32296135144698274,ok,
cnt_avg_ord_span_30d,8,10121.110627651215,46,1,"(-inf, 7.5]",-inf,7.5,False,OOT,112,611,723,0.8450899031811895,0.01181893972831151,3.601662399638621,0.2711649004232084,ok,
cnt_avg_ord_span_30d,8,10121.110627651215,46,2,"(7.5, 11.5]",7.5,11.5,False,OOT,153,563,716,0.7863128491620112,0.011704510159710984,3.2091674326084476,0.21964755919391357,ok,
cnt_avg_ord_span_30d,8,10121.110627651215,46,3,"(11.5, 16]",11.5,16.0,False,OOT,164,562,726,0.7741046831955923,0.01186798097199745,3.138181230029017,0.21374392674369247,ok,
cnt_avg_ord_span_30d,8,10121.110627651215,46,4,"(16, 22]",16.0,22.0,False,OOT,197,455,652,0.6978527607361963,0.010658296961077599,2.7443577985147054,0.14805258838974591,ok,
cnt_avg_ord_span_30d,8,10121.110627651215,46,5,"(22, 29]",22.0,29.0,False,OOT,224,444,668,0.6646706586826348,0.010919850260735945,2.5917750139275193,0.13489916828982385,ok,
cnt_avg_ord_span_30d,8,10121.110627651215,46,6,"(29, 34]",29.0,34.0,False,OOT,210,388,598,0.6488294314381271,0.009775554574730682,2.521508182841135,0.11403151758000482,ok,
cnt_avg_ord_span_30d,8,10121.110627651215,46,7,"(34, 47]",34.0,47.0,False,OOT,263,340,603,0.5638474295190713,0.009857289980873915,2.165062423764019,0.08260425961689805,ok,
cnt_avg_ord_span_30d,8,10121.110627651215,46,8,"(47, 69]",47.0,69.0,False,OOT,298,290,588,0.4931972789115646,0.009612083762444216,1.881534309615178,0.058643125545523554,ok,
cnt_avg_ord_span_30d,8,10121.110627651215,46,9,"(69, 123]",69.0,123.0,False,OOT,294,253,547,0.4625228519195612,0.008941853432069704,1.7587854860954653,0.046712529022397635,ok,
cnt_avg_ord_span_30d,8,10121.110627651215,46,10,"(123, inf]",123.0,inf,False,OOT,399,171,570,0.3,0.009317836300328576,1.063070167555534,0.015106074285175844,ok,
cnt_avg_ord_span_30d,8,10121.110627651215,46,0,Missing,,,True,DEV-OOS,143108,14207,157315,0.09030925213743127,0.8573959014606497,-0.7486895874170921,0.37232539345270016,ok,
cnt_avg_ord_span_30d,8,10121.110627651215,46,1,"(-inf, 7.5]",-inf,7.5,False,DEV-OOS,369,2444,2813,0.8688233202986135,0.015331371266623066,3.4505886438442284,0.25657262918402574,ok,
cnt_avg_ord_span_30d,8,10121.110627651215,46,2,"(7.5, 11.5]",7.5,11.5,False,DEV-OOS,440,2332,2772,0.8412698412698413,0.015107913669064749,3.2279289895590497,0.22714812823989003,ok,
cnt_avg_ord_span_30d,8,10121.110627651215,46,3,"(11.5, 16]",11.5,16.0,False,DEV-OOS,582,2390,2972,0.8041722745625841,0.01619795073032483,2.973072144840087,0.21184726816164484,ok,
cnt_avg_ord_span_30d,8,10121.110627651215,46,4,"(16, 22]",16.0,22.0,False,DEV-OOS,574,1941,2515,0.7717693836978131,0.013707216045345541,2.7788595540966963,0.15895912907961474,ok,
cnt_avg_ord_span_30d,8,10121.110627651215,46,5,"(22, 29]",22.0,29.0,False,DEV-OOS,681,1826,2507,0.7283605903470283,0.013663614562895138,2.5470040973125347,0.1346978451917617,ok,
cnt_avg_ord_span_30d,8,10121.110627651215,46,6,"(29, 34]",29.0,34.0,False,DEV-OOS,882,1907,2789,0.6837576192183579,0.015200566819271856,2.331933476564945,0.1261670220590177,ok,
cnt_avg_ord_span_30d,8,10121.110627651215,46,7,"(34, 47]",34.0,47.0,False,DEV-OOS,908,1595,2503,0.6372353176188573,0.013641813821669936,2.124291060095857,0.09374772283893684,ok,
cnt_avg_ord_span_30d,8,10121.110627651215,46,8,"(47, 69]",47.0,69.0,False,DEV-OOS,1154,1373,2527,0.5433320142461416,0.013772618269021146,1.7348383789545634,0.06164787831853949,ok,
cnt_avg_ord_span_30d,8,10121.110627651215,46,9,"(69, 123]",69.0,123.0,False,DEV-OOS,1300,1064,2364,0.4500846023688663,0.012884238064094179,1.360899901658613,0.033839427885587886,ok,
cnt_avg_ord_span_30d,8,10121.110627651215,46,10,"(123, inf]",123.0,inf,False,DEV-OOS,1655,748,2403,0.311277569704536,0.013096795291039895,0.7673563490861668,0.009666949748411575,ok,
cnt_avg_ord_span_30d,8,10121.110627651215,46,0,Missing,,,True,OOT-OOS,49885,4407,54292,0.08117218006336109,0.8849407507620087,-0.6516619219721218,0.29667406692745846,ok,
cnt_avg_ord_span_30d,8,10121.110627651215,46,1,"(-inf, 7.5]",-inf,7.5,False,OOT-OOS,122,643,765,0.8405228758169935,0.012469234405307167,3.4335718191576516,0.24039569934617822,ok,
cnt_avg_ord_span_30d,8,10121.110627651215,46,2,"(7.5, 11.5]",7.5,11.5,False,OOT-OOS,148,581,729,0.7969821673525377,0.011882446903880947,3.1397868358222163,0.19638473995269792,ok,
cnt_avg_ord_span_30d,8,10121.110627651215,46,3,"(11.5, 16]",11.5,16.0,False,OOT-OOS,207,614,821,0.7478684531059683,0.013382014963081286,2.860438411441588,0.1863083894188598,ok,
cnt_avg_ord_span_30d,8,10121.110627651215,46,4,"(16, 22]",16.0,22.0,False,OOT-OOS,180,523,703,0.7439544807965861,0.011458655930628678,2.8395670746439077,0.15735850496440146,ok,
cnt_avg_ord_span_30d,8,10121.110627651215,46,5,"(22, 29]",22.0,29.0,False,OOT-OOS,233,487,720,0.6763888888888889,0.011735750028524393,2.510869035435202,0.12644429554385261,ok,
cnt_avg_ord_span_30d,8,10121.110627651215,46,6,"(29, 34]",29.0,34.0,False,OOT-OOS,257,411,668,0.6152694610778443,0.010888168082019853,2.2435501221195855,0.09278593128000603,ok,
cnt_avg_ord_span_30d,8,10121.110627651215,46,7,"(34, 47]",34.0,47.0,False,OOT-OOS,281,425,706,0.6019830028328612,0.011507554889080862,2.1878933225399355,0.09292710595149467,ok,
cnt_avg_ord_span_30d,8,10121.110627651215,46,8,"(47, 69]",47.0,69.0,False,OOT-OOS,329,333,662,0.5030211480362538,0.010790370165115483,1.7868273335193683,0.05577582073060104,ok,
cnt_avg_ord_span_30d,8,10121.110627651215,46,9,"(69, 123]",69.0,123.0,False,OOT-OOS,393,265,658,0.4027355623100304,0.010725171553845904,1.3812945949307875,0.030871970617866465,ok,
cnt_avg_ord_span_30d,8,10121.110627651215,46,10,"(123, inf]",123.0,inf,False,OOT-OOS,427,200,627,0.3189792663476874,0.010219882316506659,1.0176207804760609,0.01464775488380056,ok,
d30_apl_ord_days_cnt,9,8528.530916690826,95,0,Missing,,,True,DEV,103153,989,104142,0.009496648806437365,0.5667931141456087,-2.93707741504922,1.8439532393835376,ok,
d30_apl_ord_days_cnt,9,8528.530916690826,95,1,"(-inf, 1]",-inf,1.0,False,DEV,50840,19708,70548,0.27935589952939843,0.38395767909915696,0.7620530027193004,0.28452864588566495,ok,
d30_apl_ord_days_cnt,9,8528.530916690826,95,2,"(1, 2]",1.0,2.0,False,DEV,1127,3729,4856,0.7679159802306426,0.02642879301618056,2.905967653018495,0.3639439949068399,ok,
d30_apl_ord_days_cnt,9,8528.530916690826,95,3,"(2, inf]",2.0,inf,False,DEV,471,3722,4193,0.8876699260672549,0.022820413739053767,3.775927931484762,0.4878788451128214,ok,
d30_apl_ord_days_cnt,9,8528.530916690826,95,0,Missing,,,True,OOT,36982,328,37310,0.008791208791208791,0.6099096006408056,-2.8145851831250357,1.8365672574570593,ok,
d30_apl_ord_days_cnt,9,8528.530916690826,95,1,"(-inf, 1]",-inf,1.0,False,OOT,15794,5551,21345,0.2600609041930194,0.3489284488254622,0.8634844690630843,0.3510454301807132,ok,
d30_apl_ord_days_cnt,9,8528.530916690826,95,2,"(1, 2]",1.0,2.0,False,OOT,352,968,1320,0.7333333333333333,0.021578147221813546,2.9197759463114172,0.33876851790809925,ok,
d30_apl_ord_days_cnt,9,8528.530916690826,95,3,"(2, inf]",2.0,inf,False,OOT,150,1048,1198,0.8747913188647746,0.019583803311918658,3.850230851869734,0.5003268687562247,ok,
d30_apl_ord_days_cnt,9,8528.530916690826,95,0,Missing,,,True,DEV-OOS,97636,1018,98654,0.010318892290226448,0.537682581207761,-3.001690061883786,1.8364566310572707,ok,
d30_apl_ord_days_cnt,9,8528.530916690826,95,1,"(-inf, 1]",-inf,1.0,False,DEV-OOS,52254,22184,74438,0.2980198285821758,0.4057008938303902,0.7044982156368196,0.24828524700952354,ok,
d30_apl_ord_days_cnt,9,8528.530916690826,95,2,"(1, 2]",1.0,2.0,False,DEV-OOS,1247,4279,5526,0.7743394860658704,0.03011772400261609,2.7939250120449897,0.352668632714348,ok,
d30_apl_ord_days_cnt,9,8528.530916690826,95,3,"(2, inf]",2.0,inf,False,DEV-OOS,516,4346,4862,0.8938708350473057,0.026498800959232613,3.691281294308425,0.49150185439068456,ok,
d30_apl_ord_days_cnt,9,8528.530916690826,95,0,Missing,,,True,OOT-OOS,35004,305,35309,0.008638024299753603,0.5755244413293997,-2.966194434060584,1.877154091873665,ok,
d30_apl_ord_days_cnt,9,8528.530916690826,95,1,"(-inf, 1]",-inf,1.0,False,OOT-OOS,16917,6471,23388,0.2766803488968702,0.381216280093234,0.8141470227394025,0.33006470455460285,ok,
d30_apl_ord_days_cnt,9,8528.530916690826,95,2,"(1, 2]",1.0,2.0,False,OOT-OOS,404,1044,1448,0.7209944751381215,0.023601897279587943,2.7237295354613646,0.29897916103096905,ok,
d30_apl_ord_days_cnt,9,8528.530916690826,95,3,"(2, inf]",2.0,inf,False,OOT-OOS,137,1069,1206,0.8864013266998342,0.019657381297778356,3.826410302379125,0.4502511607392928,ok,
ord_apl_avg_prc_amt_720_day_per_mth,10,7991.131080031395,91,0,"(-inf, 145.833]",-inf,145.8333282470703,False,DEV,90229,1945,92174,0.02110139518736303,0.5016572420661917,-2.1271702384982847,1.0865458399511148,ok,
ord_apl_avg_prc_amt_720_day_per_mth,10,7991.131080031395,91,1,"(145.833, 404.167]",145.8333282470703,404.1666564941406,False,DEV,14865,3299,18164,0.18162299053072012,0.0988576186873772,0.20439502255518868,0.004428603967912678,ok,
ord_apl_avg_prc_amt_720_day_per_mth,10,7991.131080031395,91,2,"(404.167, 854.167]",404.1666564941406,854.1666870117188,False,DEV,14558,3779,18337,0.2060860555161695,0.09979917165109203,0.3610838829227899,0.014692819285516216,ok,
ord_apl_avg_prc_amt_720_day_per_mth,10,7991.131080031395,91,3,"(854.167, 1762.5]",854.1666870117188,1762.5,False,DEV,13496,4832,18328,0.2636403317328677,0.09975018912696815,0.6826007121848011,0.05796764849858929,ok,
ord_apl_avg_prc_amt_720_day_per_mth,10,7991.131080031395,91,4,"(1762.5, 4100.83]",1762.5,4100.833300781299,False,DEV,12342,6020,18362,0.3278509966234615,0.09993523421810285,0.9917888938553409,0.13343476018219078,ok,
ord_apl_avg_prc_amt_720_day_per_mth,10,7991.131080031395,91,5,"(4100.83, inf]",4100.833300781299,inf,False,DEV,10101,8273,18374,0.4502557962338086,0.10000054425026804,1.5100408809343868,0.34576165302681316,ok,
ord_apl_avg_prc_amt_720_day_per_mth,10,7991.131080031395,91,0,"(-inf, 145.833]",-inf,145.8333282470703,False,OOT,31870,454,32324,0.014045291424328673,0.5284030536347735,-2.341267950445956,1.2657189636076362,ok,
ord_apl_avg_prc_amt_720_day_per_mth,10,7991.131080031395,91,1,"(145.833, 404.167]",145.8333282470703,404.1666564941406,False,OOT,4794,884,5678,0.15568862275449102,0.09281872721625553,0.21876803896641772,0.004814035404838525,ok,
ord_apl_avg_prc_amt_720_day_per_mth,10,7991.131080031395,91,2,"(404.167, 854.167]",404.1666564941406,854.1666870117188,False,OOT,4793,1045,5838,0.1789996574169236,0.095434260212839,0.3862046383119506,0.0163785062959366,ok,
ord_apl_avg_prc_amt_720_day_per_mth,10,7991.131080031395,91,3,"(854.167, 1762.5]",854.1666870117188,1762.5,False,OOT,4502,1360,5862,0.23200272944387582,0.09582659016232652,0.7121897131335034,0.062497499195529514,ok,
ord_apl_avg_prc_amt_720_day_per_mth,10,7991.131080031395,91,4,"(1762.5, 4100.83]",1762.5,4100.833300781299,False,OOT,4040,1692,5732,0.29518492672714586,0.09370146960260245,1.0388085110732415,0.14383443539970614,ok,
ord_apl_avg_prc_amt_720_day_per_mth,10,7991.131080031395,91,5,"(4100.83, inf]",4100.833300781299,inf,False,OOT,3279,2460,5739,0.42864610559330896,0.09381589917120298,1.6216438415325563,0.40538427424325585,ok,
ord_apl_avg_prc_amt_720_day_per_mth,10,7991.131080031395,91,0,"(-inf, 145.833]",-inf,145.8333282470703,False,DEV-OOS,86176,2091,88267,0.023689487577463832,0.48107150643121865,-2.1573104499464435,1.0841093718721282,ok,
ord_apl_avg_prc_amt_720_day_per_mth,10,7991.131080031395,91,1,"(145.833, 404.167]",145.8333282470703,404.1666564941406,False,DEV-OOS,15439,3859,19298,0.19996890869520156,0.1051776760409854,0.17481403760044714,0.0033996913314782475,ok,
ord_apl_avg_prc_amt_720_day_per_mth,10,7991.131080031395,91,2,"(404.167, 854.167]",404.1666564941406,854.1666870117188,False,DEV-OOS,14527,4434,18961,0.23384842571594325,0.10334096359276215,0.37457702171250873,0.016303765236981186,ok,
ord_apl_avg_prc_amt_720_day_per_mth,10,7991.131080031395,91,3,"(854.167, 1762.5]",854.1666870117188,1762.5,False,DEV-OOS,13301,5236,18537,0.28246210282138423,0.10103008502289078,0.628982082253137,0.048309750373466784,ok,
ord_apl_avg_prc_amt_720_day_per_mth,10,7991.131080031395,91,4,"(1762.5, 4100.83]",1762.5,4100.833300781299,False,DEV-OOS,12147,6817,18964,0.3594705758278844,0.10335731414868106,0.9835750052849478,0.13188333467952687,ok,
ord_apl_avg_prc_amt_720_day_per_mth,10,7991.131080031395,91,5,"(4100.83, inf]",4100.833300781299,inf,False,DEV-OOS,10063,9390,19453,0.48270189687965864,0.10602245476346196,1.491989080095202,0.3411627092250488,ok,
ord_apl_avg_prc_amt_720_day_per_mth,10,7991.131080031395,91,0,"(-inf, 145.833]",-inf,145.8333282470703,False,OOT-OOS,30649,553,31202,0.017723222870328827,0.5085817672083585,-2.239115591360977,1.1686895807598916,ok,
ord_apl_avg_prc_amt_720_day_per_mth,10,7991.131080031395,91,1,"(145.833, 404.167]",145.8333282470703,404.1666564941406,False,OOT-OOS,5005,1066,6071,0.17558886509635974,0.09895519225440498,0.22883923555979097,0.005614069441811524,ok,
ord_apl_avg_prc_amt_720_day_per_mth,10,7991.131080031395,91,2,"(404.167, 854.167]",404.1666564941406,854.1666870117188,False,OOT-OOS,4846,1300,6146,0.21151968760169215,0.1001776662157096,0.45948629546396785,0.02475674992176567,ok,
ord_apl_avg_prc_amt_720_day_per_mth,10,7991.131080031395,91,3,"(854.167, 1762.5]",854.1666870117188,1762.5,False,OOT-OOS,4364,1448,5812,0.24913971094287682,0.09473358217469968,0.6720191875419249,0.05356694696827426,ok,
ord_apl_avg_prc_amt_720_day_per_mth,10,7991.131080031395,91,4,"(1762.5, 4100.83]",1762.5,4100.833300781299,False,OOT-OOS,4263,1874,6137,0.30536092553364835,0.10003096934035305,0.9532458225017867,0.12348705546471117,ok,
ord_apl_avg_prc_amt_720_day_per_mth,10,7991.131080031395,91,5,"(4100.83, inf]",4100.833300781299,inf,False,OOT-OOS,3335,2648,5983,0.4425873307705165,0.09752082280647423,1.5443651333429353,0.36180812558969966,ok,
ddf_mdl_max_dau_dt_90d,11,5985.376090049744,246,0,Missing,,,True,DEV,121029,6087,127116,0.04788539601623714,0.6918291707258666,-1.2801878454965148,0.7189731703203316,ok,
ddf_mdl_max_dau_dt_90d,11,5985.376090049744,246,1,"(-inf, 2]",-inf,2.0,False,DEV,5901,8405,14306,0.5875157276667132,0.07786044334626835,2.063288681233607,0.5377686112339678,ok,
ddf_mdl_max_dau_dt_90d,11,5985.376090049744,246,2,"(2, 3]",2.0,3.0,False,DEV,1956,2139,4095,0.5223443223443224,0.022287048476371373,1.7990239778360215,0.11409630036841074,ok,
ddf_mdl_max_dau_dt_90d,11,5985.376090049744,246,3,"(3, 5]",3.0,5.0,False,DEV,3196,2945,6141,0.47956358899202084,0.033422408960536415,1.6278311043845777,0.1368698981091921,ok,
ddf_mdl_max_dau_dt_90d,11,5985.376090049744,246,4,"(5, 7]",5.0,7.0,False,DEV,2408,1760,4168,0.42226487523992323,0.02268435117204295,1.396202696154449,0.0656970759239709,ok,
ddf_mdl_max_dau_dt_90d,11,5985.376090049744,246,5,"(7, 11]",7.0,11.0,False,DEV,3573,2166,5739,0.3774176685833769,0.03123452288300252,1.2091764381495478,0.06528098118280395,ok,
ddf_mdl_max_dau_dt_90d,11,5985.376090049744,246,6,"(11, 17]",11.0,17.0,False,DEV,3625,1761,5386,0.32695878202747863,0.029313319436809822,0.9877824925992622,0.038788334634255045,ok,
ddf_mdl_max_dau_dt_90d,11,5985.376090049744,246,7,"(17, 28]",17.0,28.0,False,DEV,4226,1384,5610,0.2467023172905526,0.03053244003722672,0.5935738198716515,0.013067179121961318,ok,
ddf_mdl_max_dau_dt_90d,11,5985.376090049744,246,8,"(28, 51]",28.0,51.0,False,DEV,4612,906,5518,0.16418992388546574,0.03003172979062692,0.08267472547574027,0.00021123201454184906,ok,
ddf_mdl_max_dau_dt_90d,11,5985.376090049744,246,9,"(51, inf]",51.0,inf,False,DEV,5065,595,5660,0.10512367491166077,0.030804565171248348,-0.43119775606876004,0.004917029544347023,ok,
ddf_mdl_max_dau_dt_90d,11,5985.376090049744,246,0,Missing,,,True,OOT,42787,1821,44608,0.04082227403156385,0.7292105994474687,-1.2478310949094988,0.7143257246062,ok,
ddf_mdl_max_dau_dt_90d,11,5985.376090049744,246,1,"(-inf, 2]",-inf,2.0,False,OOT,1734,2205,3939,0.5597867479055598,0.06439115295963906,2.148989624615514,0.5299937467114464,ok,
ddf_mdl_max_dau_dt_90d,11,5985.376090049744,246,2,"(2, 3]",2.0,3.0,False,OOT,584,575,1159,0.49611734253666956,0.01894626714400144,1.8932370187301377,0.1171504275305491,ok,
ddf_mdl_max_dau_dt_90d,11,5985.376090049744,246,3,"(3, 5]",3.0,5.0,False,OOT,882,758,1640,0.46219512195121953,0.026809213214980466,1.7573385814614588,0.1396208180503824,ok,
ddf_mdl_max_dau_dt_90d,11,5985.376090049744,246,4,"(5, 7]",5.0,7.0,False,OOT,677,497,1174,0.4233390119250426,0.019191473362431138,1.599940575325115,0.08041230717435605,ok,
ddf_mdl_max_dau_dt_90d,11,5985.376090049744,246,5,"(7, 11]",7.0,11.0,False,OOT,1073,633,1706,0.3710433763188746,0.02788812057607114,1.3813349539226816,0.0829391279705032,ok,
ddf_mdl_max_dau_dt_90d,11,5985.376090049744,246,6,"(11, 17]",11.0,17.0,False,OOT,1113,478,1591,0.3004399748585795,0.02600820623477678,1.0641472956759104,0.04221660985656249,ok,
ddf_mdl_max_dau_dt_90d,11,5985.376090049744,246,7,"(17, 28]",17.0,28.0,False,OOT,1249,420,1669,0.2516476932294787,0.02728327857061122,0.8197003006183192,0.024408701050150278,ok,
ddf_mdl_max_dau_dt_90d,11,5985.376090049744,246,8,"(28, 51]",28.0,51.0,False,OOT,1510,311,1821,0.17078528281164196,0.029768034917365505,0.3299579088811047,0.0036565112970182354,ok,
ddf_mdl_max_dau_dt_90d,11,5985.376090049744,246,9,"(51, inf]",51.0,inf,False,OOT,1669,197,1866,0.10557341907824223,0.030503653572654603,-0.2257863035622088,0.0014298358478215987,ok,
ddf_mdl_max_dau_dt_90d,11,5985.376090049744,246,0,Missing,,,True,DEV-OOS,115831,6664,122495,0.05440222049879587,0.6676204490952692,-1.2941857041430629,0.7175004751789078,ok,
ddf_mdl_max_dau_dt_90d,11,5985.376090049744,246,1,"(-inf, 2]",-inf,2.0,False,DEV-OOS,6474,9795,16269,0.6020652775216669,0.08866906474820144,1.9752076246875472,0.5234961512572663,ok,
ddf_mdl_max_dau_dt_90d,11,5985.376090049744,246,2,"(2, 3]",2.0,3.0,False,DEV-OOS,2094,2362,4456,0.5300718132854578,0.024286025724874646,1.6815614316491634,0.10157823104701882,ok,
ddf_mdl_max_dau_dt_90d,11,5985.376090049744,246,3,"(3, 5]",3.0,5.0,False,DEV-OOS,3436,3455,6891,0.5013786097808736,0.03755722694571616,1.5666695656381442,0.13456868817790346,ok,
ddf_mdl_max_dau_dt_90d,11,5985.376090049744,246,4,"(5, 7]",5.0,7.0,False,DEV-OOS,2513,2003,4516,0.44353410097431356,0.02461303684325267,1.3343753596119245,0.06187009423098626,ok,
ddf_mdl_max_dau_dt_90d,11,5985.376090049744,246,5,"(7, 11]",7.0,11.0,False,DEV-OOS,3719,2331,6050,0.3852892561983471,0.03297362110311751,1.0940784992853347,0.05330167542461535,ok,
ddf_mdl_max_dau_dt_90d,11,5985.376090049744,246,6,"(11, 17]",11.0,17.0,False,DEV-OOS,3762,1906,5668,0.33627381792519406,0.03089165031611075,0.8813413829088425,0.030920497198500322,ok,
ddf_mdl_max_dau_dt_90d,11,5985.376090049744,246,7,"(17, 28]",17.0,28.0,False,DEV-OOS,4191,1550,5741,0.26998780700226443,0.03128951384347068,0.5666747071309466,0.011940404681925032,ok,
ddf_mdl_max_dau_dt_90d,11,5985.376090049744,246,8,"(28, 51]",28.0,51.0,False,DEV-OOS,4595,1059,5654,0.1873010258224266,0.030815347721822543,0.09387544757854453,0.00027997273467762486,ok,
ddf_mdl_max_dau_dt_90d,11,5985.376090049744,246,9,"(51, inf]",51.0,inf,False,DEV-OOS,5038,702,5740,0.12229965156794426,0.03128406365816438,-0.4090623838442011,0.00456259608280578,ok,
ddf_mdl_max_dau_dt_90d,11,5985.376090049744,246,0,Missing,,,True,OOT-OOS,41219,2064,43283,0.047686158537994135,0.7054978728953073,-1.2192158705641123,0.6748413205180329,ok,
ddf_mdl_max_dau_dt_90d,11,5985.376090049744,246,1,"(-inf, 2]",-inf,2.0,False,OOT-OOS,1824,2445,4269,0.5727336612789881,0.0695832178774592,2.0677511325495685,0.4966457183686897,ok,
ddf_mdl_max_dau_dt_90d,11,5985.376090049744,246,2,"(2, 3]",2.0,3.0,False,OOT-OOS,680,682,1362,0.5007342143906021,0.022200127137291976,1.777742213414253,0.11336141000135067,ok,
ddf_mdl_max_dau_dt_90d,11,5985.376090049744,246,3,"(3, 5]",3.0,5.0,False,OOT-OOS,933,861,1794,0.479933110367893,0.02924157715440661,1.6945416014328663,0.13398895956508775,ok,
ddf_mdl_max_dau_dt_90d,11,5985.376090049744,246,4,"(5, 7]",5.0,7.0,False,OOT-OOS,769,512,1281,0.39968774395003903,0.02087985525908298,1.3683672661802884,0.058780617396233054,ok,
ddf_mdl_max_dau_dt_90d,11,5985.376090049744,246,5,"(7, 11]",7.0,11.0,False,OOT-OOS,1180,670,1850,0.3621621621621622,0.03015435771218073,1.2091378546428249,0.0639489371507146,ok,
ddf_mdl_max_dau_dt_90d,11,5985.376090049744,246,6,"(11, 17]",11.0,17.0,False,OOT-OOS,1188,554,1742,0.31802525832376577,0.028393995207902072,1.0124270284368324,0.04018633442539825,ok,
ddf_mdl_max_dau_dt_90d,11,5985.376090049744,246,7,"(17, 28]",17.0,28.0,False,OOT-OOS,1324,477,1801,0.2648528595224875,0.029355674724128377,0.7545813596553199,0.02146288970953205,ok,
ddf_mdl_max_dau_dt_90d,11,5985.376090049744,246,8,"(28, 51]",28.0,51.0,False,OOT-OOS,1604,369,1973,0.1870248352762291,0.032159215008720314,0.30639078828500427,0.003359187262073118,ok,
ddf_mdl_max_dau_dt_90d,11,5985.376090049744,246,9,"(51, inf]",51.0,inf,False,OOT-OOS,1741,255,1996,0.12775551102204408,0.0325341070235204,-0.1444721717156375,0.0006450769809668689,ok,
min_rsk_lmt_rate_3m_bt_ch,12,5949.127724647522,71,0,Missing,,,True,DEV,114978,1573,116551,0.013496237698518244,0.6343291299070964,-2.5818337332110204,1.7635585744744053,ok,
min_rsk_lmt_rate_3m_bt_ch,12,5949.127724647522,71,1,"(-inf, 0.0377274]",-inf,0.03772739917039871,False,DEV,9777,3661,13438,0.2724363744604852,0.07313635101965288,0.7273980555010725,0.04889436507083228,ok,
min_rsk_lmt_rate_3m_bt_ch,12,5949.127724647522,71,2,"(0.0377274, 0.121873]",0.03772739917039871,0.12187309861183167,False,DEV,4915,1804,6719,0.26849233516892396,0.03656817550982644,0.7074990509054815,0.022997086565273567,ok,
min_rsk_lmt_rate_3m_bt_ch,12,5949.127724647522,71,3,"(0.121873, 0.229906]",0.12187309861183167,0.2299062013626099,False,DEV,4377,2341,6718,0.34846680559690385,0.036562733007146006,1.0839229480932067,0.05965562427418752,ok,
min_rsk_lmt_rate_3m_bt_ch,12,5949.127724647522,71,4,"(0.229906, 0.34546]",0.2299062013626099,0.3454599976539612,False,DEV,4153,2566,6719,0.3819020687602322,0.03656817550982644,1.228200734350849,0.07918019145447593,ok,
min_rsk_lmt_rate_3m_bt_ch,12,5949.127724647522,71,5,"(0.34546, 0.464791]",0.3454599976539612,0.46479058861732486,False,DEV,3716,3003,6719,0.4469415091531478,0.03656817550982644,1.4966048937544851,0.1239178748466932,ok,
min_rsk_lmt_rate_3m_bt_ch,12,5949.127724647522,71,6,"(0.464791, 0.580478]",0.46479058861732486,0.5804778933525083,False,DEV,3417,3301,6718,0.49136647811848766,0.036562733007146006,1.6750766046661387,0.1596448269534829,ok,
min_rsk_lmt_rate_3m_bt_ch,12,5949.127724647522,71,7,"(0.580478, 0.679662]",0.5804778933525083,0.679661786556244,False,DEV,3241,3478,6719,0.5176365530584909,0.03656817550982644,1.7801739643782628,0.18286693636790738,ok,
min_rsk_lmt_rate_3m_bt_ch,12,5949.127724647522,71,8,"(0.679662, 0.799555]",0.679661786556244,0.7995553076267242,False,DEV,2958,3761,6719,0.5597559160589374,0.03656817550982644,1.9497444145131446,0.2234313938269623,ok,
min_rsk_lmt_rate_3m_bt_ch,12,5949.127724647522,71,9,"(0.799555, inf]",0.7995553076267242,inf,False,DEV,4059,2660,6719,0.3958922458699211,0.03656817550982644,1.28706324536354,0.08804989088197165,ok,
min_rsk_lmt_rate_3m_bt_ch,12,5949.127724647522,71,0,Missing,,,True,OOT,40711,515,41226,0.012492116625430554,0.6739247707321858,-2.4603740118646775,1.7193303801397337,ok,
min_rsk_lmt_rate_3m_bt_ch,12,5949.127724647522,71,1,"(-inf, 0.0377274]",-inf,0.03772739917039871,False,OOT,3331,1075,4406,0.2439854743531548,0.07202523989341703,0.7781175881855166,0.05728082114214786,ok,
min_rsk_lmt_rate_3m_bt_ch,12,5949.127724647522,71,2,"(0.0377274, 0.121873]",0.03772739917039871,0.12187309861183167,False,OOT,1726,702,2428,0.28912685337726524,0.039690713223154005,1.0095484558581775,0.057061289778862635,ok,
min_rsk_lmt_rate_3m_bt_ch,12,5949.127724647522,71,3,"(0.121873, 0.229906]",0.12187309861183167,0.2299062013626099,False,OOT,1459,863,2322,0.3716623600344531,0.037957922612917465,1.3838992787728874,0.11335840301064658,ok,
min_rsk_lmt_rate_3m_bt_ch,12,5949.127724647522,71,4,"(0.229906, 0.34546]",0.2299062013626099,0.3454599976539612,False,OOT,1410,902,2312,0.39013840830449825,0.037794451800631,1.4622237312453086,0.1283374007154759,ok,
min_rsk_lmt_rate_3m_bt_ch,12,5949.127724647522,71,5,"(0.34546, 0.464791]",0.3454599976539612,0.46479058861732486,False,OOT,1321,1070,2391,0.4475115014638227,0.03908587121769408,1.6981129454657173,0.1879892500462509,ok,
min_rsk_lmt_rate_3m_bt_ch,12,5949.127724647522,71,6,"(0.464791, 0.580478]",0.46479058861732486,0.5804778933525083,False,OOT,1071,1031,2102,0.4904852521408183,0.0343615647426152,1.8707090890779985,0.20663855743537887,ok,
min_rsk_lmt_rate_3m_bt_ch,12,5949.127724647522,71,7,"(0.580478, 0.679662]",0.5804778933525083,0.679661786556244,False,OOT,928,716,1644,0.43552311435523117,0.02687460153989505,1.6495624379557896,0.12086406981908114,ok,
min_rsk_lmt_rate_3m_bt_ch,12,5949.127724647522,71,8,"(0.679662, 0.799555]",0.679661786556244,0.7995553076267242,False,OOT,637,610,1247,0.48917401764234164,0.02038481029212234,1.8654785879985016,0.12184198899649627,ok,
min_rsk_lmt_rate_3m_bt_ch,12,5949.127724647522,71,9,"(0.799555, inf]",0.7995553076267242,inf,False,OOT,684,411,1095,0.37534246575342467,0.017900053945368054,1.3998749468689444,0.054934044847698184,ok,
min_rsk_lmt_rate_3m_bt_ch,12,5949.127724647522,71,0,Missing,,,True,DEV-OOS,109100,1681,110781,0.015174082198210885,0.6037769784172662,-2.6114273109134016,1.7406752386321345,ok,
min_rsk_lmt_rate_3m_bt_ch,12,5949.127724647522,71,1,"(-inf, 0.0377274]",-inf,0.03772739917039871,False,DEV-OOS,10280,4174,14454,0.28877819288778195,0.07877697841726619,0.6599016063437539,0.04180755712179979,ok,
min_rsk_lmt_rate_3m_bt_ch,12,5949.127724647522,71,2,"(0.0377274, 0.121873]",0.03772739917039871,0.12187309861183167,False,DEV-OOS,4886,1972,6858,0.2875473899095946,0.03737737083060824,0.653981385609494,0.01945295342403287,ok,
min_rsk_lmt_rate_3m_bt_ch,12,5949.127724647522,71,3,"(0.121873, 0.229906]",0.12187309861183167,0.2299062013626099,False,DEV-OOS,4488,2486,6974,0.35646687697160884,0.03800959232613909,0.9705134416264053,0.04708642267427196,ok,
min_rsk_lmt_rate_3m_bt_ch,12,5949.127724647522,71,4,"(0.229906, 0.34546]",0.2299062013626099,0.3454599976539612,False,DEV-OOS,4199,3009,7208,0.41745283018867924,0.03928493568781338,1.2279643940904987,0.08209265375227248,ok,
min_rsk_lmt_rate_3m_bt_ch,12,5949.127724647522,71,5,"(0.34546, 0.464791]",0.3454599976539612,0.46479058861732486,False,DEV-OOS,3745,3361,7106,0.4729805797917253,0.038729016786570744,1.452988096189509,0.1175529355385571,ok,
min_rsk_lmt_rate_3m_bt_ch,12,5949.127724647522,71,6,"(0.464791, 0.580478]",0.46479058861732486,0.5804778933525083,False,DEV-OOS,3573,3740,7313,0.5114180226993026,0.03985720514497493,1.6068296973207812,0.15095306102943404,ok,
min_rsk_lmt_rate_3m_bt_ch,12,5949.127724647522,71,7,"(0.580478, 0.679662]",0.5804778933525083,0.679661786556244,False,DEV-OOS,3555,3934,7489,0.5253037788756844,0.0408164377588838,1.6624440213198206,0.16650680042790675,ok,
min_rsk_lmt_rate_3m_bt_ch,12,5949.127724647522,71,8,"(0.679662, 0.799555]",0.679661786556244,0.7995553076267242,False,DEV-OOS,3238,4305,7543,0.5707278271244863,0.041110747765424026,1.8459389281816032,0.2102579939838069,ok,
min_rsk_lmt_rate_3m_bt_ch,12,5949.127724647522,71,9,"(0.799555, inf]",0.7995553076267242,inf,False,DEV-OOS,4589,3165,7754,0.40817642507093116,0.04226073686505341,1.1896958479933908,0.0823052846799371,ok,
min_rsk_lmt_rate_3m_bt_ch,12,5949.127724647522,71,0,Missing,,,True,OOT-OOS,38736,528,39264,0.013447432762836185,0.6399895682221969,-2.519687273226884,1.7105655192565077,ok,
min_rsk_lmt_rate_3m_bt_ch,12,5949.127724647522,71,1,"(-inf, 0.0377274]",-inf,0.03772739917039871,False,OOT-OOS,3581,1318,4899,0.269034496836089,0.07985199915241806,0.7755205281854948,0.06202927534801295,ok,
min_rsk_lmt_rate_3m_bt_ch,12,5949.127724647522,71,2,"(0.0377274, 0.121873]",0.03772739917039871,0.12187309861183167,False,OOT-OOS,1743,736,2479,0.29689390883420735,0.04040683933432218,0.9130668782336383,0.045268233794306674,ok,
min_rsk_lmt_rate_3m_bt_ch,12,5949.127724647522,71,3,"(0.121873, 0.229906]",0.12187309861183167,0.2299062013626099,False,OOT-OOS,1516,938,2454,0.3822330888345558,0.039999348013887305,1.294930037344587,0.09921325742372875,ok,
min_rsk_lmt_rate_3m_bt_ch,12,5949.127724647522,71,4,"(0.229906, 0.34546]",0.2299062013626099,0.3454599976539612,False,OOT-OOS,1523,1062,2585,0.41083172147001934,0.042134602532966046,1.4144218108194675,0.12789945913389703,ok,
min_rsk_lmt_rate_3m_bt_ch,12,5949.127724647522,71,5,"(0.34546, 0.464791]",0.3454599976539612,0.46479058861732486,False,OOT-OOS,1365,1182,2547,0.464075382803298,0.04151521572590504,1.6309176878989875,0.17439226380133885,ok,
min_rsk_lmt_rate_3m_bt_ch,12,5949.127724647522,71,6,"(0.464791, 0.580478]",0.46479058861732486,0.5804778933525083,False,OOT-OOS,1190,1077,2267,0.47507719453021613,0.03695131293703444,1.6750776644976444,0.16492586242073073,ok,
min_rsk_lmt_rate_3m_bt_ch,12,5949.127724647522,71,7,"(0.580478, 0.679662]",0.5804778933525083,0.679661786556244,False,OOT-OOS,1019,837,1856,0.4509698275862069,0.0302521556290851,1.5781611821313708,0.11794126219136762,ok,
min_rsk_lmt_rate_3m_bt_ch,12,5949.127724647522,71,8,"(0.679662, 0.799555]",0.679661786556244,0.7995553076267242,False,OOT-OOS,769,706,1475,0.4786440677966102,0.02404198790565761,1.6893897572923073,0.10942044474552301,ok,
min_rsk_lmt_rate_3m_bt_ch,12,5949.127724647522,71,9,"(0.799555, inf]",0.7995553076267242,inf,False,OOT-OOS,1020,505,1525,0.33114754098360655,0.02485697054652736,1.0723075646572857,0.0400890205043563,ok,
clk_cnt_14d,13,5132.6685926914215,138,0,"(-inf, 1]",-inf,1.0,False,DEV,137292,10091,147383,0.06846786942863152,0.8021323725501934,-0.9007093833850759,0.47187126787642925,ok,
clk_cnt_14d,13,5132.6685926914215,138,1,"(1, 28]",1.0,28.0,False,DEV,10481,7808,18289,0.4269232872218273,0.09953793152243127,1.4153119031538233,0.29725632066912094,ok,
clk_cnt_14d,13,5132.6685926914215,138,2,"(28, inf]",28.0,inf,False,DEV,7818,10249,18067,0.5672773565063375,0.09832969592737524,1.9804470212352374,0.6215823801573495,ok,
clk_cnt_14d,13,5132.6685926914215,138,0,"(-inf, 1]",-inf,1.0,False,OOT,47951,3069,51020,0.060152881223049785,0.8340280842855509,-0.839543383065027,0.42924387465642233,ok,
clk_cnt_14d,13,5132.6685926914215,138,1,"(1, 28]",1.0,28.0,False,OOT,3029,2078,5107,0.4068925004895242,0.08348454383469832,1.532380908783392,0.3162180830709445,ok,
clk_cnt_14d,13,5132.6685926914215,138,2,"(28, inf]",28.0,inf,False,OOT,2298,2748,5046,0.544589774078478,0.08248737187975087,2.087930590530176,0.636662608684635,ok,
clk_cnt_14d,13,5132.6685926914215,138,0,"(-inf, 1]",-inf,1.0,False,DEV-OOS,132102,11232,143334,0.07836242622127339,0.7811968606932636,-0.9035239819890849,0.46817756355259743,ok,
clk_cnt_14d,13,5132.6685926914215,138,1,"(1, 28]",1.0,28.0,False,DEV-OOS,10967,8530,19497,0.4375032056213776,0.10626226291693917,1.3099544148293103,0.25635221964293997,ok,
clk_cnt_14d,13,5132.6685926914215,138,2,"(28, inf]",28.0,inf,False,DEV-OOS,8584,12065,20649,0.5842897961160347,0.11254087638979725,1.9016346813260245,0.6132255725303244,ok,
clk_cnt_14d,13,5132.6685926914215,138,0,"(-inf, 1]",-inf,1.0,False,OOT-OOS,46673,3518,50191,0.07009224761411409,0.8180958745578719,-0.810007390570144,0.4000448615920153,ok,
clk_cnt_14d,13,5132.6685926914215,138,1,"(1, 28]",1.0,28.0,False,OOT-OOS,3211,2368,5579,0.42444882595447214,0.09093576306824665,1.4706531244643548,0.3017691629397459,ok,
clk_cnt_14d,13,5132.6685926914215,138,2,"(28, inf]",28.0,inf,False,OOT-OOS,2578,3003,5581,0.538075613689303,0.09096836237388144,1.9277048395975982,0.5564976639394699,ok,
first_day_diff_event_result_0_event_type_loan_all,14,4516.729291409254,162,0,Missing,,,True,DEV,65566,7052,72618,0.09711090914098433,0.3952236596476524,-0.5200882937518498,0.0888759638844835,ok,
first_day_diff_event_result_0_event_type_loan_all,14,4516.729291409254,162,1,"(-inf, 31]",-inf,31.0,False,DEV,3965,7274,11239,0.6472106059257942,0.06116828762538166,2.316337568767834,0.5394779496920147,ok,
first_day_diff_event_result_0_event_type_loan_all,14,4516.729291409254,162,2,"(31, 94]",31.0,94.0,False,DEV,6709,4333,11042,0.3924107951458069,0.060096114597336436,1.272445534169152,0.14099062188736355,ok,
first_day_diff_event_result_0_event_type_loan_all,14,4516.729291409254,162,3,"(94, 210]",94.0,210.0,False,DEV,7995,3071,11066,0.2775167178745708,0.06022673466166682,0.7528815953402506,0.04345046721886551,ok,
first_day_diff_event_result_0_event_type_loan_all,14,4516.729291409254,162,4,"(210, 367]",210.0,367.0,False,DEV,8669,2456,11125,0.22076404494382024,0.06054784231981234,0.4485208907597406,0.014144541697625712,ok,
first_day_diff_event_result_0_event_type_loan_all,14,4516.729291409254,162,5,"(367, 556]",367.0,556.0,False,DEV,9515,1610,11125,0.1447191011235955,0.06054784231981234,-0.06678292105006346,0.0002638405765752829,ok,
first_day_diff_event_result_0_event_type_loan_all,14,4516.729291409254,162,6,"(556, 782]",556.0,782.0,False,DEV,9960,1150,11110,0.1035103510351035,0.060466204779605855,-0.4488362035106532,0.010390414272093418,ok,
first_day_diff_event_result_0_event_type_loan_all,14,4516.729291409254,162,7,"(782, 1013]",782.0,1013.0,False,DEV,10341,738,11079,0.06661251015434606,0.06029748719651244,-0.9297046661321787,0.037404231819002196,ok,
first_day_diff_event_result_0_event_type_loan_all,14,4516.729291409254,162,8,"(1013, 1351]",1013.0,1351.0,False,DEV,10872,269,11141,0.024145049815994975,0.06063492236269926,-1.9878291169869766,0.11987350710338039,ok,
first_day_diff_event_result_0_event_type_loan_all,14,4516.729291409254,162,9,"(1351, 1986]",1351.0,1986.0,False,DEV,10979,124,11103,0.0111681527515086,0.06042810726084283,-2.7698850236455184,0.1832050179661335,ok,
first_day_diff_event_result_0_event_type_loan_all,14,4516.729291409254,162,10,"(1986, inf]",1986.0,inf,False,DEV,11020,71,11091,0.0064015868722387525,0.060362797228677635,-3.328220566892715,0.22727679361717582,ok,
first_day_diff_event_result_0_event_type_loan_all,14,4516.729291409254,162,0,Missing,,,True,OOT,21245,1437,22682,0.0633542015695265,0.37078449642816275,-0.784538948393995,0.17006856771462717,ok,
first_day_diff_event_result_0_event_type_loan_all,14,4516.729291409254,162,1,"(-inf, 31]",-inf,31.0,False,OOT,1442,2612,4054,0.6443019240256537,0.06627106730093342,2.5026305640466804,0.759806405301344,ok,
first_day_diff_event_result_0_event_type_loan_all,14,4516.729291409254,162,2,"(31, 94]",31.0,94.0,False,OOT,3539,1951,5490,0.35537340619307833,0.08974547594526998,1.3133134995622944,0.23716076466100527,ok,
first_day_diff_event_result_0_event_type_loan_all,14,4516.729291409254,162,3,"(94, 210]",94.0,210.0,False,OOT,2702,704,3406,0.20669406928948914,0.055678158664770404,0.5642564479812403,0.021696961377668574,ok,
first_day_diff_event_result_0_event_type_loan_all,14,4516.729291409254,162,4,"(210, 367]",210.0,367.0,False,OOT,2335,402,2737,0.14687614176105224,0.044741961322805814,0.15041448307232405,0.001070133243207026,ok,
first_day_diff_event_result_0_event_type_loan_all,14,4516.729291409254,162,5,"(367, 556]",367.0,556.0,False,OOT,2773,269,3042,0.08842866535174228,0.049727821097543035,-0.4225962829903685,0.007581375535983261,ok,
first_day_diff_event_result_0_event_type_loan_all,14,4516.729291409254,162,6,"(556, 782]",556.0,782.0,False,OOT,3307,233,3540,0.06581920903954802,0.05786866754940905,-0.7420651527242901,0.024130870597424373,ok,
first_day_diff_event_result_0_event_type_loan_all,14,4516.729291409254,162,7,"(782, 1013]",782.0,1013.0,False,OOT,3195,127,3322,0.03822998193859121,0.05430500384156409,-1.312681818335987,0.05753936224440159,ok,
first_day_diff_event_result_0_event_type_loan_all,14,4516.729291409254,162,8,"(1013, 1351]",1013.0,1351.0,False,OOT,4265,107,4372,0.024473924977127172,0.07146943913164304,-1.7721231726251632,0.11775083427259385,ok,
first_day_diff_event_result_0_event_type_loan_all,14,4516.729291409254,162,9,"(1351, 1986]",1351.0,1986.0,False,OOT,3890,31,3921,0.007906146391226727,0.06409690549752342,-2.9076047510695284,0.2007061670936925,ok,
first_day_diff_event_result_0_event_type_loan_all,14,4516.729291409254,162,10,"(1986, inf]",1986.0,inf,False,OOT,4585,22,4607,0.00477534187106577,0.075311003220375,-3.4084384546327553,0.2836182597503686,ok,
first_day_diff_event_result_0_event_type_loan_all,14,4516.729291409254,162,0,Missing,,,True,DEV-OOS,64188,7676,71864,0.10681286875208727,0.39167211685197295,-0.5625168505941701,0.10242912050143316,ok,
first_day_diff_event_result_0_event_type_loan_all,14,4516.729291409254,162,1,"(-inf, 31]",-inf,31.0,False,DEV-OOS,4343,8881,13224,0.6715819721718088,0.07207325049051667,2.2764334891537503,0.5699445066814632,ok,
first_day_diff_event_result_0_event_type_loan_all,14,4516.729291409254,162,2,"(31, 94]",31.0,94.0,False,DEV-OOS,7319,5071,12390,0.4092816787732042,0.06752779594506213,1.1942381144183687,0.1326264343571481,ok,
first_day_diff_event_result_0_event_type_loan_all,14,4516.729291409254,162,3,"(94, 210]",94.0,210.0,False,DEV-OOS,7908,3403,11311,0.3008575722747768,0.061647045999563985,0.7180096856982474,0.03932701702701777,ok,
first_day_diff_event_result_0_event_type_loan_all,14,4516.729291409254,162,4,"(210, 367]",210.0,367.0,False,DEV-OOS,8549,2644,11193,0.23621906548735816,0.06100392413342054,0.3877527120311718,0.010353814801977019,ok,
first_day_diff_event_result_0_event_type_loan_all,14,4516.729291409254,162,5,"(367, 556]",367.0,556.0,False,DEV-OOS,8938,1627,10565,0.15399905347846662,0.057581207761063874,-0.14217919255863432,0.0011106108080415765,ok,
first_day_diff_event_result_0_event_type_loan_all,14,4516.729291409254,162,6,"(556, 782]",556.0,782.0,False,DEV-OOS,9453,1296,10749,0.12056935528886407,0.05858404185742315,-0.4255732150954796,0.009194641577419829,ok,
first_day_diff_event_result_0_event_type_loan_all,14,4516.729291409254,162,7,"(782, 1013]",782.0,1013.0,False,DEV-OOS,9879,722,10601,0.06810678237902085,0.05777741443209069,-1.0543562599735,0.04475335226539477,ok,
first_day_diff_event_result_0_event_type_loan_all,14,4516.729291409254,162,8,"(1013, 1351]",1013.0,1351.0,False,DEV-OOS,9969,334,10303,0.03241774240512472,0.05615325921081317,-1.833505329464886,0.10126152577836807,ok,
first_day_diff_event_result_0_event_type_loan_all,14,4516.729291409254,162,9,"(1351, 1986]",1351.0,1986.0,False,DEV-OOS,10497,121,10618,0.011395743077792429,0.0578700675822978,-2.8978346475639603,0.1895217445228192,ok,
first_day_diff_event_result_0_event_type_loan_all,14,4516.729291409254,162,10,"(1986, inf]",1986.0,inf,False,DEV-OOS,10610,52,10662,0.004877133746013881,0.058109875735775016,-3.747642684039741,0.2560159004320654,ok,
first_day_diff_event_result_0_event_type_loan_all,14,4516.729291409254,162,0,Missing,,,True,OOT-OOS,21194,1701,22895,0.07429569775060056,0.3731805512542583,-0.7474706769918155,0.1589547492003655,ok,
first_day_diff_event_result_0_event_type_loan_all,14,4516.729291409254,162,1,"(-inf, 31]",-inf,31.0,False,OOT-OOS,1666,2965,4631,0.6402504858561866,0.07548369219735619,2.351080855637239,0.7091935864834246,ok,
first_day_diff_event_result_0_event_type_loan_all,14,4516.729291409254,162,2,"(31, 94]",31.0,94.0,False,OOT-OOS,3829,2298,6127,0.3750612045046515,0.0998679728121791,1.2642833120028862,0.23443615991529,ok,
first_day_diff_event_result_0_event_type_loan_all,14,4516.729291409254,162,3,"(94, 210]",94.0,210.0,False,OOT-OOS,2788,783,3571,0.2192663119574349,0.05820606021091751,0.505272788072719,0.01765471526932862,ok,
first_day_diff_event_result_0_event_type_loan_all,14,4516.729291409254,162,4,"(210, 367]",210.0,367.0,False,OOT-OOS,2235,384,2619,0.1466208476517755,0.042688790728757475,0.014484415377915134,9.00399596987496e-06,ok,
first_day_diff_event_result_0_event_type_loan_all,14,4516.729291409254,162,5,"(367, 556]",367.0,556.0,False,OOT-OOS,2548,294,2842,0.10344827586206896,0.04632361330703656,-0.38322040458220324,0.005925575015728898,ok,
first_day_diff_event_result_0_event_type_loan_all,14,4516.729291409254,162,6,"(556, 782]",556.0,782.0,False,OOT-OOS,3100,184,3284,0.05602923264311815,0.053528059852325144,-1.046908382203099,0.040149531943019665,ok,
first_day_diff_event_result_0_event_type_loan_all,14,4516.729291409254,162,7,"(782, 1013]",782.0,1013.0,False,OOT-OOS,3115,130,3245,0.040061633281972264,0.05289237339244674,-1.3980108831152767,0.06250175000646706,ok,
first_day_diff_event_result_0_event_type_loan_all,14,4516.729291409254,162,8,"(1013, 1351]",1013.0,1351.0,False,OOT-OOS,4103,110,4213,0.02610966057441253,0.06867043731968508,-1.8398192040057069,0.1210360258191871,ok,
first_day_diff_event_result_0_event_type_loan_all,14,4516.729291409254,162,9,"(1351, 1986]",1351.0,1986.0,False,OOT-OOS,3550,24,3574,0.006715165081141578,0.058254959169369694,-3.2014097779652153,0.20782256172617236,ok,
first_day_diff_event_result_0_event_type_loan_all,14,4516.729291409254,162,10,"(1986, inf]",1986.0,inf,False,OOT-OOS,4334,16,4350,0.0036781609195402297,0.07090348975566821,-3.7962403392959083,0.3065766527663899,ok,
rsi_abf_1y_inter_1m,15,4472.686305522919,76,0,Missing,,,True,DEV,97005,1484,98489,0.015067672531957883,0.5360266464931234,-2.4700952255694255,1.4097176704452137,ok,
rsi_abf_1y_inter_1m,15,4472.686305522919,76,1,"(-inf, 0.592657]",-inf,0.592657208442688,False,DEV,8041,486,8527,0.056995426292951804,0.046408220356048524,-1.0955395731738773,0.037688190011874165,ok,
rsi_abf_1y_inter_1m,15,4472.686305522919,76,2,"(0.592657, 1.90219]",0.592657208442688,1.9021865844726562,False,DEV,7841,682,8523,0.0800187727326059,0.0463864503453268,-0.7318284573795995,0.019140443805293225,ok,
rsi_abf_1y_inter_1m,15,4472.686305522919,76,3,"(1.90219, 8.20538]",1.9021865844726562,8.205377292633056,False,DEV,6567,1958,8525,0.2296774193548387,0.04639733535068766,0.4996400686819561,0.013668418523172436,ok,
rsi_abf_1y_inter_1m,15,4472.686305522919,76,4,"(8.20538, 8.3076]",8.205377292633056,8.30760383605957,False,DEV,6982,1544,8526,0.1810931269059348,0.04640277785336809,0.2008876516750696,0.0020057177688429175,ok,
rsi_abf_1y_inter_1m,15,4472.686305522919,76,5,"(8.3076, 9.50928]",8.30760383605957,9.50927734375,False,DEV,6957,1567,8524,0.1838338808071328,0.04639189284800723,0.2192562162427949,0.0024034642733099217,ok,
rsi_abf_1y_inter_1m,15,4472.686305522919,76,6,"(9.50928, 14.2336]",9.50927734375,14.23362827301026,False,DEV,5394,3131,8525,0.36727272727272725,0.04639733535068766,1.1657266441098377,0.08924768992863505,ok,
rsi_abf_1y_inter_1m,15,4472.686305522919,76,7,"(14.2336, 16.8733]",14.23362827301026,16.87331657409668,False,DEV,5816,2709,8525,0.31777126099706743,0.04639733535068766,0.9456598468851128,0.05565993859556068,ok,
rsi_abf_1y_inter_1m,15,4472.686305522919,76,8,"(16.8733, 23.509]",16.87331657409668,23.50899543762207,False,DEV,4243,4282,8525,0.5022873900293255,0.04639733535068766,1.7187429879243086,0.21456798051928577,ok,
rsi_abf_1y_inter_1m,15,4472.686305522919,76,9,"(23.509, 31.7619]",23.50899543762207,31.761926269531262,False,DEV,3897,4628,8525,0.5428739002932551,0.04639733535068766,1.8814919567110995,0.26219254698837796,ok,
rsi_abf_1y_inter_1m,15,4472.686305522919,76,10,"(31.7619, inf]",31.761926269531262,inf,False,DEV,2848,5677,8525,0.6659237536656891,0.04639733535068766,2.399312892195028,0.4399268514159772,ok,
rsi_abf_1y_inter_1m,15,4472.686305522919,76,0,Missing,,,True,OOT,34953,482,35435,0.013602370537604064,0.5792588233370931,-2.3740922987745816,1.4123925750034894,ok,
rsi_abf_1y_inter_1m,15,4472.686305522919,76,1,"(-inf, 0.592657]",-inf,0.592657208442688,False,OOT,3106,166,3272,0.050733496332518335,0.053487649780131756,-1.0175559939273813,0.037880287123518305,ok,
rsi_abf_1y_inter_1m,15,4472.686305522919,76,2,"(0.592657, 1.90219]",0.592657208442688,1.9021865844726562,False,OOT,2255,189,2444,0.07733224222585924,0.03995226652281235,-0.5680372661701008,0.010420276455724974,ok,
rsi_abf_1y_inter_1m,15,4472.686305522919,76,3,"(1.90219, 8.20538]",1.9021865844726562,8.205377292633056,False,OOT,1870,595,2465,0.2413793103448276,0.04029555522861393,0.7641410011630226,0.030772187615696597,ok,
rsi_abf_1y_inter_1m,15,4472.686305522919,76,4,"(8.20538, 8.3076]",8.205377292633056,8.30760383605957,False,OOT,2617,639,3256,0.19625307125307126,0.05322609648047341,0.49941234443007415,0.0158914100582433,ok,
rsi_abf_1y_inter_1m,15,4472.686305522919,76,5,"(8.3076, 9.50928]",8.30760383605957,9.50927734375,False,OOT,1654,409,2063,0.19825496849248667,0.03372402857469799,0.512383442087326,0.010647980881246934,ok,
rsi_abf_1y_inter_1m,15,4472.686305522919,76,6,"(9.50928, 14.2336]",9.50927734375,14.23362827301026,False,OOT,1600,920,2520,0.36507936507936506,0.0411946446961895,1.3555463074190837,0.11721974448056795,ok,
rsi_abf_1y_inter_1m,15,4472.686305522919,76,7,"(14.2336, 16.8733]",14.23362827301026,16.87331657409668,False,OOT,1486,675,2161,0.3123553910226747,0.03532604253510536,1.11997418111797,0.0645138453421729,ok,
rsi_abf_1y_inter_1m,15,4472.686305522919,76,8,"(16.8733, 23.509]",16.87331657409668,23.50899543762207,False,OOT,1347,1132,2479,0.45663574021782977,0.040524414365814984,1.7348772207299057,0.20481284428169516,ok,
rsi_abf_1y_inter_1m,15,4472.686305522919,76,9,"(23.509, 31.7619]",23.50899543762207,31.761926269531262,False,OOT,1295,1126,2421,0.4650970673275506,0.03957628365455348,1.7689194260260033,0.20921464576229593,ok,
rsi_abf_1y_inter_1m,15,4472.686305522919,76,10,"(31.7619, inf]",31.761926269531262,inf,False,OOT,1095,1562,2657,0.5878810688746707,0.043434194824514084,2.263776888730904,0.40116946522295993,ok,
rsi_abf_1y_inter_1m,15,4472.686305522919,76,0,Missing,,,True,DEV-OOS,92047,1601,93648,0.017095933709208953,0.5103989535644212,-2.4902205558767756,1.386129120255667,ok,
rsi_abf_1y_inter_1m,15,4472.686305522919,76,1,"(-inf, 0.592657]",-inf,0.592657208442688,False,DEV-OOS,7844,573,8417,0.06807651182131401,0.04587420972313059,-1.0546664894898001,0.03555131476245563,ok,
rsi_abf_1y_inter_1m,15,4472.686305522919,76,2,"(0.592657, 1.90219]",0.592657208442688,1.9021865844726562,False,DEV-OOS,7561,770,8331,0.09242587924618893,0.04540549378678875,-0.72264170521684,0.01853858276830186,ok,
rsi_abf_1y_inter_1m,15,4472.686305522919,76,3,"(1.90219, 8.20538]",1.9021865844726562,8.205377292633056,False,DEV-OOS,6698,2219,8917,0.24885051026129865,0.048599302376280795,0.4565418267708341,0.011667394783075926,ok,
rsi_abf_1y_inter_1m,15,4472.686305522919,76,4,"(8.20538, 8.3076]",8.205377292633056,8.30760383605957,False,DEV-OOS,7714,1902,9616,0.1977953410981697,0.05240898190538478,0.16121063806654515,0.0014345148510429393,ok,
rsi_abf_1y_inter_1m,15,4472.686305522919,76,5,"(8.3076, 9.50928]",8.30760383605957,9.50927734375,False,DEV-OOS,7165,1893,9058,0.20898653124310002,0.049367778504469155,0.2302926280575081,0.0028177761943900203,ok,
rsi_abf_1y_inter_1m,15,4472.686305522919,76,6,"(9.50928, 14.2336]",9.50927734375,14.23362827301026,False,DEV-OOS,5423,3472,8895,0.3903316469926925,0.04847939829954218,1.1152769343620113,0.0817780816392754,ok,
rsi_abf_1y_inter_1m,15,4472.686305522919,76,7,"(14.2336, 16.8733]",14.23362827301026,16.87331657409668,False,DEV-OOS,5995,3086,9081,0.3398304151525162,0.04949313276651406,0.8971720772282475,0.05152257868798147,ok,
rsi_abf_1y_inter_1m,15,4472.686305522919,76,8,"(16.8733, 23.509]",16.87331657409668,23.50899543762207,False,DEV-OOS,4457,4906,9363,0.5239773576845028,0.051030085022890775,1.6571162881230377,0.20671404237295854,ok,
rsi_abf_1y_inter_1m,15,4472.686305522919,76,9,"(23.509, 31.7619]",23.50899543762207,31.761926269531262,False,DEV-OOS,3984,5066,9050,0.5597790055248619,0.04932417702201875,1.8013819122643542,0.23938274448150848,ok,
rsi_abf_1y_inter_1m,15,4472.686305522919,76,10,"(31.7619, inf]",31.761926269531262,inf,False,DEV-OOS,2765,6339,9104,0.6962873462214412,0.04961848702855897,2.3907219527470547,0.4325216755746091,ok,
rsi_abf_1y_inter_1m,15,4472.686305522919,76,0,Missing,,,True,OOT-OOS,33210,540,33750,0.016,0.5501132825870809,-2.3433659107780542,1.3408854622921673,ok,
rsi_abf_1y_inter_1m,15,4472.686305522919,76,1,"(-inf, 0.592657]",-inf,0.592657208442688,False,OOT-OOS,2994,187,3181,0.05878654511160013,0.05184919561213346,-0.9959928841877997,0.03584875538339187,ok,
rsi_abf_1y_inter_1m,15,4472.686305522919,76,2,"(0.592657, 1.90219]",0.592657208442688,1.9021865844726562,False,OOT-OOS,2266,235,2501,0.0939624150339864,0.040765431696304866,-0.48952033481817964,0.008185335077557766,ok,
rsi_abf_1y_inter_1m,15,4472.686305522919,76,3,"(1.90219, 8.20538]",1.9021865844726562,8.205377292633056,False,OOT-OOS,1781,643,2424,0.26526402640264024,0.039510358429365455,0.7564718640965425,0.029043774671907392,ok,
rsi_abf_1y_inter_1m,15,4472.686305522919,76,4,"(8.20538, 8.3076]",8.205377292633056,8.30760383605957,False,OOT-OOS,3213,857,4070,0.21056511056511057,0.0663395869667976,0.45366603633500585,0.015951103632750055,ok,
rsi_abf_1y_inter_1m,15,4472.686305522919,76,5,"(8.3076, 9.50928]",8.30760383605957,9.50927734375,False,OOT-OOS,1932,537,2469,0.2174969623329283,0.040243842806148226,0.4951198016464928,0.01168397492519317,ok,
rsi_abf_1y_inter_1m,15,4472.686305522919,76,6,"(9.50928, 14.2336]",9.50927734375,14.23362827301026,False,OOT-OOS,1624,987,2611,0.3780160857908847,0.04255839350621832,1.2769819637723738,0.10223727308000752,ok,
rsi_abf_1y_inter_1m,15,4472.686305522919,76,7,"(14.2336, 16.8733]",14.23362827301026,16.87331657409668,False,OOT-OOS,1606,851,2457,0.3463573463573464,0.04004824697233949,1.1399471436530817,0.07422693296971927,ok,
rsi_abf_1y_inter_1m,15,4472.686305522919,76,8,"(16.8733, 23.509]",16.87331657409668,23.50899543762207,False,OOT-OOS,1353,1233,2586,0.4767981438515081,0.04215090218578344,1.6819226490213075,0.1898626366418776,ok,
rsi_abf_1y_inter_1m,15,4472.686305522919,76,9,"(23.509, 31.7619]",23.50899543762207,31.761926269531262,False,OOT-OOS,1306,1256,2562,0.49024199843871974,0.04175971051816596,1.7357390941292317,0.20198092150365812,ok,
rsi_abf_1y_inter_1m,15,4472.686305522919,76,10,"(31.7619, inf]",31.761926269531262,inf,False,OOT-OOS,1177,1563,2740,0.5704379562043795,0.04466104871966227,2.058294173113575,0.3156194927845246,ok,
his_30d_app_str_ctn_v2,16,4451.8338351249695,153,0,Missing,,,True,DEV,120364,6028,126392,0.047692891955187035,0.6878887987852333,-1.2844174316945818,0.7185508562419797,ok,
his_30d_app_str_ctn_v2,16,4451.8338351249695,153,1,"(-inf, 1]",-inf,1.0,False,DEV,11834,1934,13768,0.1404706565950029,0.07493237690419563,-0.10156111571468096,0.0007460008635941435,ok,
his_30d_app_str_ctn_v2,16,4451.8338351249695,153,2,"(1, 2]",1.0,2.0,False,DEV,2791,823,3614,0.22772551189817378,0.01966920468708331,0.48883816849689704,0.0055288508843222,ok,
his_30d_app_str_ctn_v2,16,4451.8338351249695,153,3,"(2, 4]",2.0,4.0,False,DEV,4506,1704,6210,0.2743961352657005,0.03379794164548626,0.7373599972111106,0.023286818656356532,ok,
his_30d_app_str_ctn_v2,16,4451.8338351249695,153,4,"(4, 7]",4.0,7.0,False,DEV,4661,2469,7130,0.3462833099579243,0.03880504411148422,1.0742873998735485,0.06204882142214113,ok,
his_30d_app_str_ctn_v2,16,4451.8338351249695,153,5,"(7, 9]",7.0,9.0,False,DEV,2200,1527,3727,0.40971290582237724,0.02028420748997219,1.3445567884242215,0.05393649321247664,ok,
his_30d_app_str_ctn_v2,16,4451.8338351249695,153,6,"(9, 14]",9.0,14.0,False,DEV,3475,3167,6642,0.4768142125865703,0.03614910280343313,1.6168132632843708,0.14579374247918817,ok,
his_30d_app_str_ctn_v2,16,4451.8338351249695,153,7,"(14, 20]",14.0,20.0,False,DEV,2221,2736,4957,0.5519467419810369,0.02697848578690425,1.9181060718376268,0.1590563555249735,ok,
his_30d_app_str_ctn_v2,16,4451.8338351249695,153,8,"(20, 33]",20.0,33.0,False,DEV,2111,3596,5707,0.63010338181181,0.031060362797228677,2.2421715385630296,0.25600660516678797,ok,
his_30d_app_str_ctn_v2,16,4451.8338351249695,153,9,"(33, inf]",33.0,inf,False,DEV,1428,4164,5592,0.7446351931330472,0.030434474988978933,2.7795802613341847,0.3856473526605244,ok,
his_30d_app_str_ctn_v2,16,4451.8338351249695,153,0,Missing,,,True,OOT,42508,1793,44301,0.04047312701744882,0.7241920455102742,-1.2567804664625135,0.7173224952678912,ok,
his_30d_app_str_ctn_v2,16,4451.8338351249695,153,1,"(-inf, 1]",-inf,1.0,False,OOT,3804,633,4437,0.14266396213657878,0.07253199941150508,0.11607471562493986,0.0010200777180899693,ok,
his_30d_app_str_ctn_v2,16,4451.8338351249695,153,2,"(1, 2]",1.0,2.0,False,OOT,849,237,1086,0.21823204419889503,0.017752930214310236,0.6342742538430329,0.008956028432091449,ok,
his_30d_app_str_ctn_v2,16,4451.8338351249695,153,3,"(2, 4]",2.0,4.0,False,OOT,1343,497,1840,0.27010869565217394,0.03007862946070979,0.9153167000234252,0.03456259880345641,ok,
his_30d_app_str_ctn_v2,16,4451.8338351249695,153,4,"(4, 7]",4.0,7.0,False,OOT,1372,710,2082,0.3410182516810759,0.03403462311804227,1.2503343456337932,0.08024398776966703,ok,
his_30d_app_str_ctn_v2,16,4451.8338351249695,153,5,"(7, 9]",7.0,9.0,False,OOT,680,414,1094,0.37842778793418647,0.01788370686413941,1.4129997239641525,0.05609174603860264,ok,
his_30d_app_str_ctn_v2,16,4451.8338351249695,153,6,"(9, 14]",9.0,14.0,False,OOT,1026,839,1865,0.44986595174262733,0.030487306491425954,1.707650811538931,0.14856692932669624,ok,
his_30d_app_str_ctn_v2,16,4451.8338351249695,153,7,"(14, 20]",14.0,20.0,False,OOT,647,772,1419,0.5440451021846371,0.023196508263449562,2.085267786678531,0.17856714538736582,ok,
his_30d_app_str_ctn_v2,16,4451.8338351249695,153,8,"(20, 33]",20.0,33.0,False,OOT,613,935,1548,0.6040051679586563,0.025305281741944977,2.330655453043502,0.24915576171724632,ok,
his_30d_app_str_ctn_v2,16,4451.8338351249695,153,9,"(33, inf]",33.0,inf,False,OOT,436,1065,1501,0.709526982011992,0.024536968924198585,2.8011656477393383,0.35485533776362904,ok,
his_30d_app_str_ctn_v2,16,4451.8338351249695,153,0,Missing,,,True,DEV-OOS,115182,6604,121786,0.054226265744831095,0.6637562677131023,-1.297610679449982,0.7162922023954866,ok,
his_30d_app_str_ctn_v2,16,4451.8338351249695,153,1,"(-inf, 1]",-inf,1.0,False,DEV-OOS,11813,2120,13933,0.1521567501614871,0.07593743187268368,-0.15643512272052967,0.0017646357960664069,ok,
his_30d_app_str_ctn_v2,16,4451.8338351249695,153,2,"(1, 2]",1.0,2.0,False,DEV-OOS,2868,917,3785,0.24227212681638044,0.020628951384347068,0.4212639685551546,0.004174274819811924,ok,
his_30d_app_str_ctn_v2,16,4451.8338351249695,153,3,"(2, 4]",2.0,4.0,False,DEV-OOS,4537,1906,6443,0.29582492627657925,0.035115543928493566,0.6940488133928674,0.02080291168130818,ok,
his_30d_app_str_ctn_v2,16,4451.8338351249695,153,4,"(4, 7]",4.0,7.0,False,DEV-OOS,4809,2732,7541,0.362286168943111,0.04109984739481142,0.9957797251263786,0.053900053501927,ok,
his_30d_app_str_ctn_v2,16,4451.8338351249695,153,5,"(7, 9]",7.0,9.0,False,DEV-OOS,2248,1634,3882,0.4209170530654302,0.02115761935905821,1.2422295326218582,0.045368183384457285,ok,
his_30d_app_str_ctn_v2,16,4451.8338351249695,153,6,"(9, 14]",9.0,14.0,False,DEV-OOS,3737,3491,7228,0.4829828444936359,0.03939393939393939,1.4930704172555032,0.12697213719823086,ok,
his_30d_app_str_ctn_v2,16,4451.8338351249695,153,7,"(14, 20]",14.0,20.0,False,DEV-OOS,2568,3165,5733,0.5520669806384092,0.031245912361020273,1.7701448627452137,0.14605079929165243,ok,
his_30d_app_str_ctn_v2,16,4451.8338351249695,153,8,"(20, 33]",20.0,33.0,False,DEV-OOS,2283,4142,6425,0.6446692607003891,0.03501744059298016,2.1567460293440193,0.2481971175980219,ok,
his_30d_app_str_ctn_v2,16,4451.8338351249695,153,9,"(33, inf]",33.0,inf,False,DEV-OOS,1608,5116,6724,0.7608566329565735,0.03664704599956398,2.718324456516084,0.40809764821341205,ok,
his_30d_app_str_ctn_v2,16,4451.8338351249695,153,0,Missing,,,True,OOT-OOS,40985,2024,43009,0.047059917691645935,0.7010317680233411,-1.2330880806790558,0.6825658505488417,ok,
his_30d_app_str_ctn_v2,16,4451.8338351249695,153,1,"(-inf, 1]",-inf,1.0,False,OOT-OOS,3927,768,4695,0.1635782747603834,0.07652686997766947,0.14348970129553354,0.0016573045734054991,ok,
his_30d_app_str_ctn_v2,16,4451.8338351249695,153,2,"(1, 2]",1.0,2.0,False,OOT-OOS,874,277,1151,0.24066029539530842,0.018760900392821633,0.6269761471744916,0.009111963402059928,ok,
his_30d_app_str_ctn_v2,16,4451.8338351249695,153,3,"(2, 4]",2.0,4.0,False,OOT-OOS,1432,587,2019,0.2907379891035166,0.03290899903832049,0.8835073058760786,0.03423846306437161,ok,
his_30d_app_str_ctn_v2,16,4451.8338351249695,153,4,"(4, 7]",4.0,7.0,False,OOT-OOS,1512,807,2319,0.34799482535575677,0.03779889488353898,1.1472313736384743,0.07108693105232979,ok,
his_30d_app_str_ctn_v2,16,4451.8338351249695,153,5,"(7, 9]",7.0,9.0,False,OOT-OOS,742,475,1217,0.390304026294166,0.0198366774787697,1.3291515197552495,0.052250615974612176,ok,
his_30d_app_str_ctn_v2,16,4451.8338351249695,153,6,"(9, 14]",9.0,14.0,False,OOT-OOS,1104,965,2069,0.4664088931851136,0.03372398167919023,1.6403055874550565,0.1435349447099608,ok,
his_30d_app_str_ctn_v2,16,4451.8338351249695,153,7,"(14, 20]",14.0,20.0,False,OOT-OOS,719,834,1553,0.5370251126851255,0.025313360825414417,1.9230837252211264,0.1540657710198528,ok,
his_30d_app_str_ctn_v2,16,4451.8338351249695,153,8,"(20, 33]",20.0,33.0,False,OOT-OOS,679,997,1676,0.5948687350835322,0.027318218121954,2.1587024236194794,0.21415032541258094,ok,
his_30d_app_str_ctn_v2,16,4451.8338351249695,153,9,"(33, inf]",33.0,inf,False,OOT-OOS,488,1155,1643,0.7029823493609252,0.026780329578979967,2.635756466678257,0.3178944552582293,ok,
rsk_avl_lmt_ch_les_10000_cnt_12m,17,4002.5173535346985,72,0,Missing,,,True,DEV,100705,900,101605,0.00885783179961616,0.5529854848453513,-3.007352905333631,1.8502522909846064,ok,
rsk_avl_lmt_ch_les_10000_cnt_12m,17,4002.5173535346985,72,1,"(-inf, 1]",-inf,1.0,False,DEV,35326,7706,43032,0.17907603643799963,0.23420177534437436,0.18708336303234374,0.008738452051407292,ok,
rsk_avl_lmt_ch_les_10000_cnt_12m,17,4002.5173535346985,72,2,"(1, 2]",1.0,2.0,False,DEV,5712,2368,8080,0.29306930693069305,0.04397542165789517,0.829252712103133,0.0393231948575955,ok,
rsk_avl_lmt_ch_les_10000_cnt_12m,17,4002.5173535346985,72,3,"(2, 4]",2.0,4.0,False,DEV,5867,3652,9519,0.38365374514129635,0.05180718301503764,1.235635840841463,0.1137207768044036,ok,
rsk_avl_lmt_ch_les_10000_cnt_12m,17,4002.5173535346985,72,4,"(4, 6]",4.0,6.0,False,DEV,3035,2820,5855,0.4816396242527754,0.031865853193932696,1.636190643551329,0.13200949537594506,ok,
rsk_avl_lmt_ch_les_10000_cnt_12m,17,4002.5173535346985,72,5,"(6, 11]",6.0,11.0,False,DEV,3180,4461,7641,0.5838241067923047,0.04158616298118527,2.048099240163134,0.2827213234598544,ok,
rsk_avl_lmt_ch_les_10000_cnt_12m,17,4002.5173535346985,72,6,"(11, inf]",11.0,inf,False,DEV,1766,6241,8007,0.7794429873860372,0.04357811896222359,2.9718729752336928,0.6251568684135281,ok,
rsk_avl_lmt_ch_les_10000_cnt_12m,17,4002.5173535346985,72,0,Missing,,,True,OOT,36197,298,36495,0.008165502123578573,0.5965867294394586,-2.8890590908609406,1.8535376725076618,ok,
rsk_avl_lmt_ch_les_10000_cnt_12m,17,4002.5173535346985,72,1,"(-inf, 1]",-inf,1.0,False,OOT,10857,2305,13162,0.17512536088740313,0.2151602831314469,0.35935779819976277,0.03166470292403249,ok,
rsk_avl_lmt_ch_les_10000_cnt_12m,17,4002.5173535346985,72,2,"(1, 2]",1.0,2.0,False,OOT,1755,667,2422,0.2753922378199835,0.039592630735782126,0.9419467056278973,0.04856872295282674,ok,
rsk_avl_lmt_ch_les_10000_cnt_12m,17,4002.5173535346985,72,3,"(2, 4]",2.0,4.0,False,OOT,1842,984,2826,0.3481953290870488,0.04619685155215536,1.282171584977668,0.11547677954215084,ok,
rsk_avl_lmt_ch_les_10000_cnt_12m,17,4002.5173535346985,72,4,"(4, 6]",4.0,6.0,False,OOT,909,736,1645,0.4474164133738602,0.0268909486211237,1.6979305489064875,0.12934128297919936,ok,
rsk_avl_lmt_ch_les_10000_cnt_12m,17,4002.5173535346985,72,5,"(6, 11]",6.0,11.0,False,OOT,1024,1159,2183,0.5309207512597343,0.03568567832213558,2.0327004999786116,0.2593155930714144,ok,
rsk_avl_lmt_ch_les_10000_cnt_12m,17,4002.5173535346985,72,6,"(11, inf]",11.0,inf,False,OOT,694,1746,2440,0.7155737704918033,0.03988687819789777,2.8310932130144675,0.5891034755438287,ok,
rsk_avl_lmt_ch_les_10000_cnt_12m,17,4002.5173535346985,72,0,Missing,,,True,DEV-OOS,95366,912,96278,0.009472569018882819,0.5247329409199912,-3.088101411824007,1.8533697333535786,ok,
rsk_avl_lmt_ch_les_10000_cnt_12m,17,4002.5173535346985,72,1,"(-inf, 1]",-inf,1.0,False,DEV-OOS,35935,8569,44504,0.19254449038288693,0.24255504687159363,0.12767686846269974,0.004120090260252312,ok,
rsk_avl_lmt_ch_les_10000_cnt_12m,17,4002.5173535346985,72,2,"(1, 2]",1.0,2.0,False,DEV-OOS,5898,2556,8454,0.30234208658623135,0.0460758665794637,0.7251341996853831,0.030036677857822283,ok,
rsk_avl_lmt_ch_les_10000_cnt_12m,17,4002.5173535346985,72,3,"(2, 4]",2.0,4.0,False,DEV-OOS,6090,4130,10220,0.4041095890410959,0.05570089383039023,1.1728614303097726,0.10509500099232198,ok,
rsk_avl_lmt_ch_les_10000_cnt_12m,17,4002.5173535346985,72,4,"(4, 6]",4.0,6.0,False,DEV-OOS,3106,3118,6224,0.5009640102827764,0.03392195334641378,1.565048571909655,0.12127292217425555,ok,
rsk_avl_lmt_ch_les_10000_cnt_12m,17,4002.5173535346985,72,5,"(6, 11]",6.0,11.0,False,DEV-OOS,3362,5304,8666,0.6120470805446573,0.04723130586439939,2.0170639174364577,0.2914183845163766,ok,
rsk_avl_lmt_ch_les_10000_cnt_12m,17,4002.5173535346985,72,6,"(11, inf]",11.0,inf,False,DEV-OOS,1896,7238,9134,0.7924239106634552,0.049781992587747986,2.900597065912371,0.6233453902899955,ok,
rsk_avl_lmt_ch_les_10000_cnt_12m,17,4002.5173535346985,72,0,Missing,,,True,OOT-OOS,34297,271,34568,0.007839620458227262,0.56344639859171,-3.0639180189393747,1.9093845395988018,ok,
rsk_avl_lmt_ch_les_10000_cnt_12m,17,4002.5173535346985,72,1,"(-inf, 1]",-inf,1.0,False,OOT-OOS,11522,2727,14249,0.19138185135799005,0.2322537529950612,0.33403137899951774,0.029093676429811487,ok,
rsk_avl_lmt_ch_les_10000_cnt_12m,17,4002.5173535346985,72,2,"(1, 2]",1.0,2.0,False,OOT-OOS,1804,800,2604,0.30721966205837176,0.042444295936496554,0.9621452942408814,0.05351995656144598,ok,
rsk_avl_lmt_ch_les_10000_cnt_12m,17,4002.5173535346985,72,3,"(2, 4]",2.0,4.0,False,OOT-OOS,1951,1097,3048,0.3599081364829396,0.049681341787419925,1.199384144215612,0.1034141867668093,ok,
rsk_avl_lmt_ch_les_10000_cnt_12m,17,4002.5173535346985,72,4,"(4, 6]",4.0,6.0,False,OOT-OOS,1006,836,1842,0.4538545059717698,0.03002396048964157,1.5899398612339877,0.11906105599259664,ok,
rsk_avl_lmt_ch_les_10000_cnt_12m,17,4002.5173535346985,72,5,"(6, 11]",6.0,11.0,False,OOT-OOS,1102,1331,2433,0.5470612412659268,0.03965705530472201,1.963673383819941,0.2527622940786323,ok,
rsk_avl_lmt_ch_les_10000_cnt_12m,17,4002.5173535346985,72,6,"(11, inf]",11.0,inf,False,OOT-OOS,780,1827,2607,0.7008055235903338,0.04249319489494874,2.625717037555402,0.5005504660666728,ok,
pst_ord_apl_suc_max_prc_amt_180_day,18,3894.2086758613586,21,0,"(-inf, 1100]",-inf,1100.0,False,DEV,138616,8562,147178,0.05817445542132656,0.8010166595007048,-1.0746081060710417,0.6304887096332137,ok,
pst_ord_apl_suc_max_prc_amt_180_day,18,3894.2086758613586,21,1,"(1100, 7000]",1100.0,7000.0,False,DEV,7834,10414,18248,0.5706926786497151,0.09931478891253354,1.9943728259468343,0.637438178535742,ok,
pst_ord_apl_suc_max_prc_amt_180_day,18,3894.2086758613586,21,2,"(7000, inf]",7000.0,inf,False,DEV,9141,9172,18313,0.5008463932725387,0.09966855158676166,1.7130962090907371,0.4575622591105073,ok,
pst_ord_apl_suc_max_prc_amt_180_day,18,3894.2086758613586,21,0,"(-inf, 1100]",-inf,1100.0,False,OOT,48517,3214,51731,0.062129090873944054,0.8456508590391185,-0.8051207145287653,0.4054130599313647,ok,
pst_ord_apl_suc_max_prc_amt_180_day,18,3894.2086758613586,21,1,"(1100, 7000]",1100.0,7000.0,False,OOT,2108,2396,4504,0.5319715808170515,0.0736272538538244,2.037164563888815,0.5376374040965435,ok,
pst_ord_apl_suc_max_prc_amt_180_day,18,3894.2086758613586,21,2,"(7000, inf]",7000.0,inf,False,OOT,2653,2285,4938,0.4627379505872823,0.08072188710705704,1.7598373139795929,0.42170740729111794,ok,
pst_ord_apl_suc_max_prc_amt_180_day,18,3894.2086758613586,21,0,"(-inf, 1100]",-inf,1100.0,False,DEV-OOS,134063,9865,143928,0.06854121505197043,0.784434270765206,-1.0480269534198818,0.6016178008183383,ok,
pst_ord_apl_suc_max_prc_amt_180_day,18,3894.2086758613586,21,1,"(1100, 7000]",1100.0,7000.0,False,DEV-OOS,8291,11806,20097,0.5874508633129323,0.10953237410071942,1.9146621260511762,0.6055454441298844,ok,
pst_ord_apl_suc_max_prc_amt_180_day,18,3894.2086758613586,21,2,"(7000, inf]",7000.0,inf,False,DEV-OOS,9299,10156,19455,0.5220251863274222,0.10603335513407455,1.6493960517933437,0.42518214250000824,ok,
pst_ord_apl_suc_max_prc_amt_180_day,18,3894.2086758613586,21,0,"(-inf, 1100]",-inf,1100.0,False,OOT-OOS,47569,3803,51372,0.0740286537413377,0.8373457645352154,-0.7511357053091856,0.3597188063068269,ok,
pst_ord_apl_suc_max_prc_amt_180_day,18,3894.2086758613586,21,1,"(1100, 7000]",1100.0,7000.0,False,OOT-OOS,2228,2663,4891,0.5444694336536495,0.0797216019298789,1.9534467327688392,0.5022551797159499,ok,
pst_ord_apl_suc_max_prc_amt_180_day,18,3894.2086758613586,21,2,"(7000, inf]",7000.0,inf,False,OOT-OOS,2665,2423,5088,0.4762185534591195,0.08293263353490571,1.6799555178210106,0.3725932871418714,ok,
avg_avl_lmt_lft_rep_prc_3m_cash_1m,19,3364.8902549743652,83,0,Missing,,,True,DEV,123945,3472,127417,0.027249111186105464,0.6934673640326768,-1.8653727200783534,1.255845670747536,ok,
avg_avl_lmt_lft_rep_prc_3m_cash_1m,19,3364.8902549743652,83,1,"(-inf, 0.157717]",-inf,0.15771725177764892,False,DEV,2734,2899,5633,0.514645837031777,0.03065761759887667,1.768184141665433,0.15102886215170178,ok,
avg_avl_lmt_lft_rep_prc_3m_cash_1m,19,3364.8902549743652,83,2,"(0.157717, 0.330187]",0.15771725177764892,0.3301872432231903,False,DEV,2250,3382,5632,0.6004971590909091,0.030652175096196235,2.117057104447721,0.2237331921417153,ok,
avg_avl_lmt_lft_rep_prc_3m_cash_1m,19,3364.8902549743652,83,3,"(0.330187, 0.626605]",0.3301872432231903,0.6266054451465607,False,DEV,2280,3352,5632,0.5951704545454546,0.030652175096196235,2.094906056139844,0.21875602650743423,ok,
avg_avl_lmt_lft_rep_prc_3m_cash_1m,19,3364.8902549743652,83,4,"(0.626605, 0.983115]",0.6266054451465607,0.9831148743629456,False,DEV,2916,2716,5632,0.4822443181818182,0.030652175096196235,1.6385544569336505,0.12738924645526034,ok,
avg_avl_lmt_lft_rep_prc_3m_cash_1m,19,3364.8902549743652,83,5,"(0.983115, 1.48578]",0.9831148743629456,1.485784649848938,False,DEV,3077,2555,5632,0.45365767045454547,0.030652175096196235,1.5237247572854906,0.1081715353341843,ok,
avg_avl_lmt_lft_rep_prc_3m_cash_1m,19,3364.8902549743652,83,6,"(1.48578, 2.2533]",1.485784649848938,2.2533007144927977,False,DEV,3261,2371,5632,0.4209872159090909,0.030652175096196235,1.390929891217251,0.08800882696469865,ok,
avg_avl_lmt_lft_rep_prc_3m_cash_1m,19,3364.8902549743652,83,7,"(2.2533, 3.5473]",2.2533007144927977,3.5472950458526604,False,DEV,3479,2153,5632,0.38227982954545453,0.030652175096196235,1.2298002573450255,0.06656791891240876,ok,
avg_avl_lmt_lft_rep_prc_3m_cash_1m,19,3364.8902549743652,83,8,"(3.5473, 6.19896]",3.5472950458526604,6.198961830139162,False,DEV,3792,1840,5632,0.32670454545454547,0.030652175096196235,0.9866062787321537,0.04045067295445557,ok,
avg_avl_lmt_lft_rep_prc_3m_cash_1m,19,3364.8902549743652,83,9,"(6.19896, 14.1673]",6.198961830139162,14.167272281646731,False,DEV,3778,1854,5632,0.3291903409090909,0.030652175096196235,0.997882449604636,0.04149900051049341,ok,
avg_avl_lmt_lft_rep_prc_3m_cash_1m,19,3364.8902549743652,83,10,"(14.1673, inf]",14.167272281646731,inf,False,DEV,4079,1554,5633,0.2758743120894728,0.03065761759887667,0.7447739557657187,0.021595989702848928,ok,
avg_avl_lmt_lft_rep_prc_3m_cash_1m,19,3364.8902549743652,83,0,Missing,,,True,OOT,43982,1152,45134,0.0255239952142509,0.7378091641737368,-1.7331576654865288,1.177795551070767,ok,
avg_avl_lmt_lft_rep_prc_3m_cash_1m,19,3364.8902549743652,83,1,"(-inf, 0.157717]",-inf,0.15771725177764892,False,OOT,488,448,936,0.47863247863247865,0.01530086803001324,1.8232698761718822,0.08678877226085059,ok,
avg_avl_lmt_lft_rep_prc_3m_cash_1m,19,3364.8902549743652,83,2,"(0.157717, 0.330187]",0.15771725177764892,0.3301872432231903,False,OOT,377,471,848,0.5554245283018868,0.013862324881892337,2.1310491995403016,0.11208258016138828,ok,
avg_avl_lmt_lft_rep_prc_3m_cash_1m,19,3364.8902549743652,83,3,"(0.330187, 0.626605]",0.3301872432231903,0.6266054451465607,False,OOT,438,582,1020,0.5705882352941176,0.016674022853219558,2.192670039783487,0.1436197698399822,ok,
avg_avl_lmt_lft_rep_prc_3m_cash_1m,19,3364.8902549743652,83,4,"(0.626605, 0.983115]",0.6266054451465607,0.9831148743629456,False,OOT,652,588,1240,0.47419354838709676,0.020270380723521816,1.8054664536593517,0.11237789981362059,ok,
avg_avl_lmt_lft_rep_prc_3m_cash_1m,19,3364.8902549743652,83,5,"(0.983115, 1.48578]",0.9831148743629456,1.485784649848938,False,OOT,851,681,1532,0.44451697127937334,0.02504372844228663,1.6859974171897132,0.1184915721306048,ok,
avg_avl_lmt_lft_rep_prc_3m_cash_1m,19,3364.8902549743652,83,6,"(1.48578, 2.2533]",1.485784649848938,2.2533007144927977,False,OOT,1136,891,2027,0.43956586087814503,0.03313553365046671,1.665897460166466,0.15244903341355226,ok,
avg_avl_lmt_lft_rep_prc_3m_cash_1m,19,3364.8902549743652,83,7,"(2.2533, 3.5473]",2.2533007144927977,3.5472950458526604,False,OOT,1273,896,2169,0.413093591516828,0.03545681918493453,1.5576746647815445,0.1395261749772114,ok,
avg_avl_lmt_lft_rep_prc_3m_cash_1m,19,3364.8902549743652,83,8,"(3.5473, 6.19896]",3.5472950458526604,6.198961830139162,False,OOT,1310,806,2116,0.3809073724007561,0.03459042387981626,1.4232405409576714,0.11028305379106175,ok,
avg_avl_lmt_lft_rep_prc_3m_cash_1m,19,3364.8902549743652,83,9,"(6.19896, 14.1673]",6.198961830139162,14.167272281646731,False,OOT,1298,783,2081,0.3762614127823162,0.03401827603681363,1.4035066968491412,0.10498411588413661,ok,
avg_avl_lmt_lft_rep_prc_3m_cash_1m,19,3364.8902549743652,83,10,"(14.1673, inf]",14.167272281646731,inf,False,OOT,1473,597,2070,0.28840579710144926,0.033838458143298514,1.006059147783785,0.04826484315851067,ok,
avg_avl_lmt_lft_rep_prc_3m_cash_1m,19,3364.8902549743652,83,0,Missing,,,True,DEV-OOS,118143,3900,122043,0.031955949952066076,0.6651569653368214,-1.849651735047851,1.2142558106463872,ok,
avg_avl_lmt_lft_rep_prc_3m_cash_1m,19,3364.8902549743652,83,1,"(-inf, 0.157717]",-inf,0.15771725177764892,False,DEV-OOS,3428,3476,6904,0.503476245654693,0.03762807935469806,1.5750466950284383,0.13640781877479374,ok,
avg_avl_lmt_lft_rep_prc_3m_cash_1m,19,3364.8902549743652,83,2,"(0.157717, 0.330187]",0.15771725177764892,0.3301872432231903,False,DEV-OOS,2460,3831,6291,0.60896518836433,0.0342871157619359,2.004035292318211,0.20870115103546055,ok,
avg_avl_lmt_lft_rep_prc_3m_cash_1m,19,3364.8902549743652,83,3,"(0.330187, 0.626605]",0.3301872432231903,0.6266054451465607,False,DEV-OOS,2474,3748,6222,0.6023786563805851,0.03391105297580118,1.9764609067649608,0.20049366914303593,ok,
avg_avl_lmt_lft_rep_prc_3m_cash_1m,19,3364.8902549743652,83,4,"(0.626605, 0.983115]",0.6266054451465607,0.9831148743629456,False,DEV-OOS,3183,3198,6381,0.5011753643629525,0.034777632439502944,1.5658442316468972,0.1244655600056135,ok,
avg_avl_lmt_lft_rep_prc_3m_cash_1m,19,3364.8902549743652,83,5,"(0.983115, 1.48578]",0.9831148743629456,1.485784649848938,False,DEV-OOS,3394,2954,6348,0.4653434152488973,0.03459777632439503,1.4223164592578124,0.10017577376768437,ok,
avg_avl_lmt_lft_rep_prc_3m_cash_1m,19,3364.8902549743652,83,6,"(1.48578, 2.2533]",1.485784649848938,2.2533007144927977,False,DEV-OOS,3516,2660,6176,0.43069948186528495,0.03366034445171136,1.282191400502136,0.07743300207261714,ok,
avg_avl_lmt_lft_rep_prc_3m_cash_1m,19,3364.8902549743652,83,7,"(2.2533, 3.5473]",2.2533007144927977,3.5472950458526604,False,DEV-OOS,3453,2299,5752,0.39968706536856746,0.03134946588183998,1.1544470006647358,0.057105802947665533,ok,
avg_avl_lmt_lft_rep_prc_3m_cash_1m,19,3364.8902549743652,83,8,"(3.5473, 6.19896]",3.5472950458526604,6.198961830139162,False,DEV-OOS,3668,2193,5861,0.3741682306773588,0.03194353608022673,1.0468590846660046,0.04681380931685481,ok,
avg_avl_lmt_lft_rep_prc_3m_cash_1m,19,3364.8902549743652,83,9,"(6.19896, 14.1673]",6.198961830139162,14.167272281646731,False,DEV-OOS,3871,1927,5798,0.3323559848223525,0.0316001744059298,0.8637252998244911,0.030250747934957235,ok,
avg_avl_lmt_lft_rep_prc_3m_cash_1m,19,3364.8902549743652,83,10,"(14.1673, inf]",14.167272281646731,inf,False,DEV-OOS,4063,1641,5704,0.2876928471248247,0.031087856987137563,0.6547092889621726,0.016219142356282523,ok,
avg_avl_lmt_lft_rep_prc_3m_cash_1m,19,3364.8902549743652,83,0,Missing,,,True,OOT-OOS,42218,1344,43562,0.030852577934897388,0.7100454760313605,-1.6720754947703056,1.092699994677228,ok,
avg_avl_lmt_lft_rep_prc_3m_cash_1m,19,3364.8902549743652,83,1,"(-inf, 0.157717]",-inf,0.15771725177764892,False,OOT-OOS,709,547,1256,0.4355095541401274,0.020472363938648108,1.5155627871968103,0.07279587036264126,ok,
avg_avl_lmt_lft_rep_prc_3m_cash_1m,19,3364.8902549743652,83,2,"(0.157717, 0.330187]",0.15771725177764892,0.3301872432231903,False,OOT-OOS,479,552,1031,0.5354025218234724,0.016804942054734234,1.916470361174667,0.10153085843137784,ok,
avg_avl_lmt_lft_rep_prc_3m_cash_1m,19,3364.8902549743652,83,3,"(0.330187, 0.626605]",0.3301872432231903,0.6266054451465607,False,OOT-OOS,521,659,1180,0.5584745762711865,0.01923359032452609,2.009533519822794,0.12902703986223577,ok,
avg_avl_lmt_lft_rep_prc_3m_cash_1m,19,3364.8902549743652,83,4,"(0.626605, 0.983115]",0.6266054451465607,0.9831148743629456,False,OOT-OOS,864,678,1542,0.4396887159533074,0.025134064644423075,1.5324939962578306,0.09165268789849713,ok,
avg_avl_lmt_lft_rep_prc_3m_cash_1m,19,3364.8902549743652,83,5,"(0.983115, 1.48578]",0.9831148743629456,1.485784649848938,False,OOT-OOS,926,779,1705,0.45689149560117304,0.027790908053658456,1.6019994648786686,0.11210772664512185,ok,
avg_avl_lmt_lft_rep_prc_3m_cash_1m,19,3364.8902549743652,83,6,"(1.48578, 2.2533]",1.485784649848938,2.2533007144927977,False,OOT-OOS,1263,955,2218,0.43056807935076646,0.036152629948982086,1.4953546589583309,0.12462938161333201,ok,
avg_avl_lmt_lft_rep_prc_3m_cash_1m,19,3364.8902549743652,83,7,"(2.2533, 3.5473]",2.2533007144927977,3.5472950458526604,False,OOT-OOS,1381,1011,2392,0.4226588628762542,0.038988769539208816,1.4630253343505806,0.12785579915497342,ok,
avg_avl_lmt_lft_rep_prc_3m_cash_1m,19,3364.8902549743652,83,8,"(3.5473, 6.19896]",3.5472950458526604,6.198961830139162,False,OOT-OOS,1336,897,2233,0.4017017465293327,0.036397124741243014,1.376564406889712,0.1038372016506523,ok,
avg_avl_lmt_lft_rep_prc_3m_cash_1m,19,3364.8902549743652,83,9,"(6.19896, 14.1673]",6.198961830139162,14.167272281646731,False,OOT-OOS,1365,803,2168,0.37038745387453875,0.035337647308112334,1.2444620663700594,0.08003271198367803,ok,
avg_avl_lmt_lft_rep_prc_3m_cash_1m,19,3364.8902549743652,83,10,"(14.1673, inf]",14.167272281646731,inf,False,OOT-OOS,1400,664,2064,0.32170542635658916,0.03364248341510326,1.0292111055593887,0.0494189867583496,ok,
d180_apl_ord_cnt_all,20,3177.3421683311462,14,0,Missing,,,True,DEV,101146,923,102069,0.009042902350370828,0.555510806089072,-2.98650181534002,1.843448425186476,ok,
d180_apl_ord_cnt_all,20,3177.3421683311462,14,1,"(-inf, 1]",-inf,1.0,False,DEV,34507,5019,39526,0.12697970955826546,0.21512036094677778,-0.21819373962436533,0.009486037154785118,ok,
d180_apl_ord_cnt_all,20,3177.3421683311462,14,2,"(1, 2]",1.0,2.0,False,DEV,7023,3263,10286,0.31722729924168774,0.05598158257092942,0.9431911947460945,0.06676525710778894,ok,
d180_apl_ord_cnt_all,20,3177.3421683311462,14,3,"(2, 4]",2.0,4.0,False,DEV,6411,5415,11826,0.45788939624556063,0.06436303669879558,1.5408245843184083,0.2329162622875894,ok,
d180_apl_ord_cnt_all,20,3177.3421683311462,14,4,"(4, 5]",4.0,5.0,False,DEV,1622,2127,3749,0.5673512936783143,0.020403942548941706,1.980632036811071,0.12902924688187853,ok,
d180_apl_ord_cnt_all,20,3177.3421683311462,14,5,"(5, 9]",5.0,9.0,False,DEV,2769,5435,8204,0.6624817162359824,0.044650291990268806,2.3839373391126832,0.4178585043315568,ok,
d180_apl_ord_cnt_all,20,3177.3421683311462,14,6,"(9, inf]",9.0,inf,False,DEV,2113,5966,8079,0.7384577299170689,0.043969979155214736,2.7474677747446528,0.544985345658152,ok,
d180_apl_ord_cnt_all,20,3177.3421683311462,14,0,Missing,,,True,OOT,36326,305,36631,0.008326281018809206,0.5988099324865546,-2.8694366918870275,1.845352682732704,ok,
d180_apl_ord_cnt_all,20,3177.3421683311462,14,1,"(-inf, 1]",-inf,1.0,False,OOT,10179,1378,11557,0.11923509561304838,0.18892321775946905,-0.09046363155890086,0.0014948657457176519,ok,
d180_apl_ord_cnt_all,20,3177.3421683311462,14,2,"(1, 2]",1.0,2.0,False,OOT,2145,850,2995,0.2838063439065108,0.04895950827979664,0.9836128183663163,0.06630673034678658,ok,
d180_apl_ord_cnt_all,20,3177.3421683311462,14,3,"(2, 4]",2.0,4.0,False,OOT,2135,1392,3527,0.39466969095548626,0.057656155493436646,1.4813161924818974,0.201784476964996,ok,
d180_apl_ord_cnt_all,20,3177.3421683311462,14,4,"(4, 5]",4.0,5.0,False,OOT,601,568,1169,0.48588537211291705,0.019109737956287905,1.8524910887378365,0.11242137643641577,ok,
d180_apl_ord_cnt_all,20,3177.3421683311462,14,5,"(5, 9]",5.0,9.0,False,OOT,1076,1431,2507,0.5708017550857599,0.04098213264021709,2.1939241186957315,0.35329403550446237,ok,
d180_apl_ord_cnt_all,20,3177.3421683311462,14,6,"(9, inf]",9.0,inf,False,OOT,816,1971,2787,0.7072120559741658,0.045559315384238144,2.7904393518691415,0.6537443740797562,ok,
d180_apl_ord_cnt_all,20,3177.3421683311462,14,0,Missing,,,True,DEV-OOS,95756,938,96694,0.00970070531780669,0.5270002180074123,-3.0640877883825057,1.8443343846793714,ok,
d180_apl_ord_cnt_all,20,3177.3421683311462,14,1,"(-inf, 1]",-inf,1.0,False,DEV-OOS,34818,5515,40333,0.13673666724518385,0.2198223239590146,-0.28139339884719605,0.015845463414698488,ok,
d180_apl_ord_cnt_all,20,3177.3421683311462,14,2,"(1, 2]",1.0,2.0,False,DEV-OOS,7383,3674,11057,0.33227819480871845,0.06026269893176368,0.8633624335023236,0.05763282074924161,ok,
d180_apl_ord_cnt_all,20,3177.3421683311462,14,3,"(2, 4]",2.0,4.0,False,DEV-OOS,6697,6069,12766,0.4754034153219489,0.06957706562023108,1.462735052366321,0.21431934331580346,ok,
d180_apl_ord_cnt_all,20,3177.3421683311462,14,4,"(4, 5]",4.0,5.0,False,DEV-OOS,1785,2425,4210,0.5760095011876485,0.022945280139524744,1.8675323460979945,0.12031984793665454,ok,
d180_apl_ord_cnt_all,20,3177.3421683311462,14,5,"(5, 9]",5.0,9.0,False,DEV-OOS,2924,6117,9041,0.67658444862294,0.049275125354262046,2.2992231358809723,0.39754986766054085,ok,
d180_apl_ord_cnt_all,20,3177.3421683311462,14,6,"(9, inf]",9.0,inf,False,DEV-OOS,2290,7089,9379,0.7558375093293528,0.05111728798779158,2.691037827298042,0.5587224767938981,ok,
d180_apl_ord_cnt_all,20,3177.3421683311462,14,0,Missing,,,True,OOT-OOS,34414,277,34691,0.007984779914098758,0.5654512558882496,-3.045464747104882,1.9026214015170342,ok,
d180_apl_ord_cnt_all,20,3177.3421683311462,14,1,"(-inf, 1]",-inf,1.0,False,OOT-OOS,10561,1565,12126,0.12906152069932378,0.19764959006373164,-0.13406246597388197,0.0033859464003995945,ok,
d180_apl_ord_cnt_all,20,3177.3421683311462,14,2,"(1, 2]",1.0,2.0,False,OOT-OOS,2436,1066,3502,0.3043974871501999,0.05708138416651725,0.9487672615147995,0.06972726455095138,ok,
d180_apl_ord_cnt_all,20,3177.3421683311462,14,3,"(2, 4]",2.0,4.0,False,OOT-OOS,2359,1601,3960,0.4042929292929293,0.06454662515688415,1.3874385437697259,0.18747510216017108,ok,
d180_apl_ord_cnt_all,20,3177.3421683311462,14,4,"(4, 5]",4.0,5.0,False,OOT-OOS,636,615,1251,0.49160671462829736,0.02039086567456113,1.7413981135140022,0.09940570750448167,ok,
d180_apl_ord_cnt_all,20,3177.3421683311462,14,5,"(5, 9]",5.0,9.0,False,OOT-OOS,1130,1674,2804,0.5970042796005706,0.04570422649997555,2.16780218640319,0.36149674866508447,ok,
d180_apl_ord_cnt_all,20,3177.3421683311462,14,6,"(9, inf]",9.0,inf,False,OOT-OOS,926,2091,3017,0.693072588664236,0.04917605255008068,2.589170331043794,0.5632454652251073,ok,
