feature,max_psi,drop_reason
ddf_mdl_max_not_ovd_tqhk_rep_tim_12m,0.0018302368470659426,kept
max_con_not_ovd_tqhk_rep_tim_cnt_5m,0.001504482296333512,kept
max_con_not_ovd_tqhk_rep_tim_cnt_12m,0.0008034482490916531,kept
lag_his_rep_amt_sum_per_mth_btch_rat_mor_50_per_cnt,0.009298394008423739,kept
d30_d60_his_rep_amt_sum_rat_btch,0.02496040219635287,kept
lag_his_rep_amt_sum_per_mth_all_rat_max,0.014672465169697198,kept
lag_his_rep_amt_sum_per_mth_btch_rat_max,0.014008353559915903,kept
m6_up_flg_btch_cnt_rat,0.008444210961240355,kept
d30_d180_his_rep_amt_sum_rat_all,0.02670018137340783,kept
min_avl_lmt_lft_rep_prc_all_cash_bjq_12m,0.009231292624428887,kept
rsk_avl_lmt_ch_1m_les_10000_rate_bjq_12m,0.00999699402238881,kept
rsk_avl_lmt_ch_1m_les_500_cnt_bjq_12m,0.009967301374739817,kept
min_rsk_avl_lmt_bjq_12m_all,0.010305054149532783,kept
max_rsk_lmt_rate_bjq_12m_all,0.009857889000622205,kept
rsk_lmt_rate_ch_1m_grt_0p2_rate_bjq_12m,0.010137026329562052,kept
rsk_avl_lmt_ch_1m_les_500_rate_bjq_12m,0.01099368375676921,kept
rsk_lmt_rate_ch_1m_grt_0p9_cnt_bjq_12m,0.010472035636919766,kept
rsk_lmt_rate_ch_1m_grt_0p5_rate_bjq_12m,0.010380573681152838,kept
rsk_avl_lmt_ch_1m_les_10000_cnt_bjq_12m,0.01057920156635988,kept
stg_pln_sum_rep_prc_3m_his_d0_non_zd_rto_v2,0.009430387761412471,kept
stg_pln_sum_rep_prc_1m_his_d0_evn_zd_rto_v2,0.008615443853735043,kept
stg_pln_sum_rep_prc_1m_his_ovd_14d_pls_30d_zd_rto_v2,0.008606049123389267,kept
stg_pln_sum_rep_prc_1m_his_d0_afn_pk_rto_v2,0.008880788413525268,kept
stg_pln_sum_rep_prc_12m_his_ovd_0d_pls_3d_mrn_pk_rto_v2,0.0072621134138601325,kept
stg_pln_sum_rep_prc_12m_his_ovd_14d_pls_30d_zd_rto_v2,0.0073512961176880835,kept
stg_pln_sum_rep_prc_3m_his_d0_afn_zd_rto_v2,0.012010064717896892,kept
stg_pln_sum_rep_prc_1m_his_ovd_3d_pls_7d_zd_rto_v2,0.009396910850368879,kept
stg_pln_sum_rep_prc_12m_his_ovd_3d_pls_7d_afn_pk_rto_v2,0.007040800450013561,kept
stg_pln_sum_rep_prc_6m_his_ovd_14d_pls_30d_afn_pk_rto_v2,0.008595489023230547,kept
stg_pln_sum_rep_prc_1m_his_ovd_14d_pls_30d_mrn_pk_rto_v2,0.008682112378764217,kept
stg_pln_sum_rep_prc_12m_his_ovd_m2_pls_zd_rto_v2,0.007396817913713327,kept
stg_pln_sum_rep_prc_1m_his_ovd_7d_pls_14d_afn_pk_rto_v2,0.008645584118266684,kept
stg_pln_sum_rep_prc_1m_his_d0_mrn_zd_rto_v2,0.010527755488134892,kept
stg_pln_sum_rep_prc_his_d0_evn_zd_rto_v2,0.000922046266106582,kept
stg_pln_sum_rep_prc_12m_his_ovd_7d_pls_14d_afn_pk_rto_v2,0.0070321012328391505,kept
stg_pln_sum_rep_prc_3m_his_ovd_3d_pls_7d_zd_rto_v2,0.010112159047577257,kept
stg_pln_sum_rep_prc_3m_his_ovd_m2_pls_zd_rto_v2,0.009073454924345607,kept
stg_pln_sum_rep_prc_3m_his_ovd_3d_pls_7d_mrn_pk_rto_v2,0.00892349607666091,kept
stg_pln_sum_rep_prc_3m_his_d0_dwn_zd_rto_v2,0.009276419566455847,kept
stg_pln_sum_rep_prc_1m_his_d0_dwn_zd_rto_v2,0.008613689592829883,kept
stg_pln_sum_rep_prc_1m_his_ovd_0d_pls_3d_zd_rto_v2,0.009564237513874677,kept
stg_pln_sum_rep_prc_his_ovd_0d_pls_3d_zd_rto_v2,0.0011785874301226496,kept
stg_pln_sum_rep_prc_12m_his_d0_non_zd_rto_v2,0.007250953253688184,kept
stg_pln_sum_rep_prc_3m_his_ovd_3d_pls_7d_afn_pk_rto_v2,0.009084922002430836,kept
stg_pln_sum_rep_prc_12m_his_ovd_7d_pls_14d_zd_rto_v2,0.0075418342932927875,kept
stg_pln_sum_rep_prc_3m_his_ovd_0d_pls_3d_afn_pk_rto_v2,0.008948749759732838,kept
stg_pln_sum_rep_prc_3m_his_ovd_7d_pls_14d_afn_pk_rto_v2,0.00892348431621521,kept
stg_pln_sum_rep_prc_1m_his_d0_non_zd_rto_v2,0.009376557292801097,kept
stg_pln_sum_rep_prc_12m_his_ovd_7d_pls_14d_mrn_pk_rto_v2,0.0075885131415122375,kept
stg_pln_sum_rep_prc_his_d0_afn_zd_rto_v2,0.0008590825366738507,kept
stg_pln_sum_rep_prc_3m_his_ovd_14d_pls_30d_afn_pk_rto_v2,0.00892545372382372,kept
stg_pln_sum_rep_prc_1m_his_ovd_3d_pls_7d_afn_pk_rto_v2,0.008790084206274857,kept
stg_pln_sum_rep_prc_1m_his_ovd_3d_pls_7d_mrn_pk_rto_v2,0.00867937747084123,kept
stg_pln_sum_rep_prc_12m_his_ovd_3d_pls_7d_mrn_pk_rto_v2,0.007217048412634894,kept
stg_pln_sum_rep_prc_12m_his_ovd_0d_pls_3d_afn_pk_rto_v2,0.007262855544437027,kept
stg_pln_sum_rep_prc_3m_his_d0_mrn_zd_rto_v2,0.010877794560250027,kept
stg_pln_sum_rep_prc_1m_his_ovd_7d_pls_14d_mrn_pk_rto_v2,0.008699771069266296,kept
stg_pln_sum_rep_prc_3m_his_ovd_7d_pls_14d_zd_rto_v2,0.00913727117501431,kept
stg_pln_sum_rep_prc_3m_his_d0_afn_pk_rto_v2,0.010526391870978442,kept
stg_pln_sum_rep_prc_1m_his_ovd_7d_pls_14d_zd_rto_v2,0.008624401151817961,kept
stg_pln_sum_rep_prc_3m_his_ovd_0d_pls_3d_mrn_pk_rto_v2,0.009002786227770593,kept
stg_pln_sum_rep_prc_3m_his_ovd_14d_pls_30d_mrn_pk_rto_v2,0.00900995610715132,kept
stg_pln_sum_rep_prc_3m_his_ovd_m2_pls_mrn_pk_rto_v2,0.009062992708339618,kept
stg_pln_sum_rep_prc_3m_his_ovd_7d_pls_14d_mrn_pk_rto_v2,0.009020292850377927,kept
stg_pln_sum_rep_prc_1m_his_ovd_0d_pls_3d_afn_pk_rto_v2,0.00866516234017606,kept
stg_pln_sum_rep_prc_1m_his_ovd_0d_pls_3d_mrn_pk_rto_v2,0.008609271831732098,kept
stg_pln_sum_rep_prc_1m_his_ovd_14d_pls_30d_afn_pk_rto_v2,0.008606042358549061,kept
stg_pln_sum_rep_prc_3m_his_ovd_m2_pls_afn_pk_rto_v2,0.015202126664979713,kept
stg_pln_sum_rep_prc_his_d0_mrn_zd_rto_v2,0.0013437337100018515,kept
stg_pln_sum_rep_prc_his_d0_mrn_pk_rto_v2,0.027295695837372694,kept
stg_pln_sum_rep_prc_3m_his_ovd_14d_pls_30d_zd_rto_v2,0.009011172311858084,kept
stg_pln_sum_rep_prc_3m_his_d0_evn_zd_rto_v2,0.009049975598906343,kept
stg_pln_sum_rep_prc_12m_his_ovd_3d_pls_7d_zd_rto_v2,0.008816942499047681,kept
stg_pln_pay_off_cnt_d0_rep_bjq_12m_rto,0.009609537501717303,kept
stg_pln_sum_prc_amt_ovd_pls_rep_bjq_12m_rto,0.00944148024932678,kept
stg_pln_cnt_adv_rep_bjq_12m_rto,0.009510629340598214,kept
stg_pln_sum_prc_amt_ovd_14d_pls_rep_bjq_12m_rto,0.008985786099521066,kept
stg_pln_sum_prc_amt_ovd_3d_pls_rep_bjq_12m_rto,0.009165144209217985,kept
stg_pln_sum_prc_amt_ovd_7d_pls_rep_bjq_12m_rto,0.00890917536287068,kept
stg_pln_sum_rep_prc_1m_his_ovd_7d_pls_14d_mrn_pk_rto,0.008606913107759054,kept
stg_pln_sum_rep_prc_3m_his_ovd_7d_pls_14d_mrn_pk_rto,0.008923658292606423,kept
stg_pln_sum_rep_prc_3m_his_ovd_m2_pls_zd_rto,0.009405622479935602,kept
stg_pln_sum_rep_prc_1m_his_ovd_3d_pls_7d_afn_pk_rto,0.008758865194400028,kept
stg_pln_sum_rep_prc_3m_his_ovd_0d_pls_3d_zd_rto,0.010730017436301139,kept
stg_pln_sum_rep_prc_12m_his_ovd_14d_pls_30d_afn_pk_rto,0.00734020463087519,kept
stg_pln_sum_rep_prc_3m_his_ovd_0d_pls_3d_mrn_pk_rto,0.008952968853514846,kept
stg_pln_sum_rep_prc_1m_his_ovd_3d_pls_7d_mrn_pk_rto,0.008647152353749472,kept
stg_pln_sum_rep_prc_1m_his_d0_non_zd_rto,0.009468479430959393,kept
stg_pln_sum_rep_prc_12m_his_ovd_0d_pls_3d_mrn_pk_rto,0.007132120669186009,kept
stg_pln_sum_rep_prc_1m_his_ovd_0d_pls_3d_mrn_pk_rto,0.008617597196401974,kept
stg_pln_sum_rep_prc_1m_his_ovd_0d_pls_3d_afn_pk_rto,0.009028092634430624,kept
stg_pln_sum_rep_prc_3m_his_d0_afn_pk_rto,0.010213172830514258,kept
stg_pln_sum_rep_prc_12m_his_ovd_3d_pls_7d_afn_pk_rto,0.007189425745180446,kept
stg_pln_sum_rep_prc_1m_his_d0_afn_zd_rto,0.010676008635195005,kept
stg_pln_sum_rep_prc_3m_his_ovd_3d_pls_7d_afn_pk_rto,0.008953919003746624,kept
stg_pln_sum_rep_prc_6m_his_ovd_7d_pls_14d_afn_pk_rto,0.008682800953490862,kept
stg_pln_sum_rep_prc_3m_his_ovd_14d_pls_30d_mrn_pk_rto,0.009162023179629568,kept
stg_pln_sum_rep_prc_3m_his_ovd_14d_pls_30d_afn_pk_rto,0.00911906069599075,kept
stg_pln_sum_rep_prc_12m_his_ovd_7d_pls_14d_afn_pk_rto,0.007229679348143463,kept
stg_pln_sum_rep_prc_3m_his_ovd_3d_pls_7d_mrn_pk_rto,0.008923761044495685,kept
stg_pln_sum_rep_prc_3m_his_ovd_14d_pls_30d_zd_rto,0.008997764471221466,kept
stg_pln_sum_rep_prc_12m_his_d0_afn_zd_rto,0.008681359988043551,kept
stg_pln_sum_rep_prc_12m_his_ovd_0d_pls_3d_afn_pk_rto,0.008250638630913354,kept
stg_pln_sum_rep_prc_12m_his_d0_mrn_zd_rto,0.0583870500170527,kept
stg_pln_sum_rep_prc_1m_his_ovd_14d_pls_30d_afn_pk_rto,0.008718390793550326,kept
stg_pln_sum_rep_prc_1m_his_ovd_14d_pls_30d_zd_rto,0.008611967044783665,kept
stg_pln_sum_rep_prc_6m_his_ovd_14d_pls_30d_mrn_pk_rto,0.00861048415158326,kept
stg_pln_sum_rep_prc_3m_his_ovd_7d_pls_14d_afn_pk_rto,0.00913470438906616,kept
stg_pln_sum_rep_prc_12m_his_d0_mrn_pk_rto,0.0861570478193206,kept
stg_pln_sum_rep_prc_6m_his_d0_non_zd_rto,0.016768379195791893,kept
stg_pln_sum_rep_prc_6m_his_adv_rto,0.008702707612202674,kept
stg_pln_sum_rep_prc_12m_his_d0_afn_pk_rto,0.009757658293437204,kept
stg_pln_sum_rep_prc_3m_his_ovd_m2_pls_afn_pk_rto,0.0089609589152425,kept
stg_pln_sum_rep_prc_12m_his_ovd_7d_pls_14d_mrn_pk_rto,0.007231269696028881,kept
stg_pln_sum_rep_prc_1m_his_ovd_14d_pls_30d_mrn_pk_rto,0.008647152353749472,kept
stg_pln_sum_rep_prc_6m_his_ovd_0d_pls_3d_mrn_pk_rto,0.008731296239072359,kept
stg_pln_sum_rep_prc_6m_his_ovd_3d_pls_7d_mrn_pk_rto,0.008621609799671187,kept
stg_pln_sum_rep_prc_1m_his_ovd_7d_pls_14d_afn_pk_rto,0.008770584988605019,kept
stg_pln_sum_rep_prc_1m_his_d0_afn_pk_rto,0.008632664405934768,kept
stg_pln_sum_rep_prc_3m_his_ovd_0d_pls_3d_afn_pk_rto,0.009665732932919856,kept
rsk_lmt_rate_ch_1m_grt_0p2_rate_36m,0.008984941486099535,kept
rsk_lmt_rate_ch_1m_grt_0p95_rate_36m,0.020657719216953894,kept
min_rsk_avl_lmt_36m_bt_ch,0.009538700024172042,kept
rsk_lmt_rate_ch_1m_grt_0p2_cnt_24m,0.009124571562463135,kept
rsk_lmt_rate_ch_1m_grt_0p5_cnt_24m,0.008800289675290576,kept
max_avl_lmt_lft_rep_prc_all_cash_24m,0.012413116528860022,kept
avg_avl_lmt_lft_rep_prc_all_cash_36m,0.01401594007493443,kept
min_avl_lmt_lft_rep_prc_all_cash_36m,0.008496335155141945,kept
min_avl_lmt_lft_rep_prc_2m_cash_36m,0.00833914420118089,kept
avg_avl_lmt_lft_rep_prc_all_cash_24m,0.016898969296907273,kept
stg_pln_sum_prc_amt_12m_36m_rto,0.0014049592414395154,kept
stg_pln_sum_rep_prc_his_ovd_3d_pls_7d_zd,0.0014460574396217558,kept
stg_pln_sum_rep_prc_his_fst_ord,0.0017147684177793254,kept
stg_pln_sum_rep_prc_12m_his_d0_dwn_zd,0.08569348555538027,kept
stg_pln_min_rep_prc_12m_his,0.0063948835054639655,kept
stg_pln_sum_rep_prc_his_d0_afn_pk,0.00045755478465843533,kept
stg_pln_sum_rep_prc_12m_his_d0_afn_pk,0.004322993171022672,kept
stg_pln_sum_rep_prc_his_d0_mrn_pk,0.001762378945598164,kept
stg_pln_min_rep_prc_his,0.0017685930609302603,kept
stg_pln_sum_rep_prc_12m_his_d0_mrn_zd_v2,0.004202635713658295,kept
stg_pln_sum_rep_prc_6m_his_d0_mrn_pk_v2,0.05210202021195649,kept
stg_pln_sum_rep_prc_his_d0_mrn_zd_v2,0.00038476435313707596,kept
stg_pln_sum_rep_prc_his_d0_afn_zd_v2,0.0006813210411676647,kept
stg_pln_sum_rep_prc_6m_his_d0_afn_zd_v2,0.00020886710181395555,kept
stg_pln_sum_rep_prc_his_d0_evn_zd_v2,0.00035414761800771745,kept
stg_pln_sum_rep_prc_his_d0_dwn_zd_v2,0.00013965663934972482,kept
stg_pln_sum_rep_prc_12m_his_ovd_0d_pls_3d_zd_v2,0.00023025566269962826,kept
stg_pln_sum_rep_prc_his_ovd_0d_pls_3d_zd_v2,0.0006487175974644639,kept
stg_pln_sum_rep_prc_12m_his_d0_non_zd_v2,0.0010707120508756294,kept
stg_pln_sum_rep_prc_his_d0_non_zd_v2,0.00016644823083643127,kept
stg_pln_max_prc_amt_adv_rct_24m,0.0010178146550843998,kept
stg_pln_sum_prc_amt_adv_rct_24m,0.0005765627835131318,kept
stg_pln_max_prc_amt_adv_rct_36m,0.00027570228351207396,kept
stg_pln_cnt_adv_rct,0.0013280135526088674,kept
stg_pln_min_prc_amt_d0_rep_24m,0.0035324741636964673,kept
his_light_fail_trade_heavy_ovd_repay_same_date_count,0.0003101255455008348,kept
light_his_sum_faqi_prc_amt_divide_heavy_his_sum_ovd_repay_amt,0.0007685560241836392,kept
his_heavy_suc_trade_light_ovd_repay_same_month_count,0.00042326241185809563,kept
light_his_sum_faqi_prc_amt_divide_heavy_his_sum_faqi_prc_amt,0.0013711961984494462,kept
his_heavy_light_suc_trade_same_month_count,0.000598046291845796,kept
d90_lend_light_to_repay_heavy_inner7d_order_stg_sum,0.010686831655122252,kept
his_heavy_ontime_repay_light_ovd_repay_same_date_count,0.0004741216956242999,kept
his_heavy_ontime_repay_light_ovd_repay_same_month_count,0.0014644598893274266,kept
his_lend_light_to_repay_heavy_inner7d_order_stg_sum,0.0006430126312116263,kept
his_heavy_advance_repay_light_ovd_repay_same_month_count,0.0006347323936782194,kept
light_his_sum_faqi_count_divide_heavy_his_sum_faqi_count,0.0006991530747147748,kept
d360_light_limit_divide_btch_adt_limit,0.005589815520182853,kept
his_heavy_suc_trade_light_ovd_repay_same_date_count,0.00038219869728234334,kept
his_light_suc_trade_heavy_ovd_repay_same_date_count,0.00037339759247932404,kept
his_heavy_suc_trade_light_advance_repay_same_month_count,0.0004895440495980546,kept
his_heavy_fail_trade_light_ovd_repay_same_date_count,0.0008488420292178283,kept
his_light_limit_divide_btch_avl_limit,0.012889213757645408,kept
his_heavy_shouxin_samemonth_light_ovd_repay_count,0.00042733923984617373,kept
his_light_ontime_repay_heavy_ovd_repay_same_month_count,0.0009600862155443935,kept
heavy_unpaid_principal_his_divide_d720_light_limit_max,0.0021750472521227856,kept
his_light_suc_trade_heavy_ovd_repay_same_month_count,0.00022236125350344113,kept
his_light_ontime_repay_heavy_ovd_repay_same_date_count,0.0005572624634273048,kept
light_his_sum_larger_than_1w_faqi_count_divide_heavy_his_sum_larger_than_1w_faqi_count,0.0004464667798360387,kept
heavy_his_sum_fail_prc_amt_divide_light_his_sum_ontim_repay_amt,0.0007162489520185664,kept
his_lend_heavy_to_repay_light_inner14d_order_amt_rate,0.000414628122567339,kept
unpaid_principal_future_light_divide_heavy,0.012908397504075367,kept
his_heavy_light_suc_trade_same_date_count,0.00034915124407665615,kept
light_his_sum_faqi_prc_amt_divide_heavy_his_sum_ontim_repay_amt,0.0016778017404356443,kept
his_light_advance_repay_heavy_ovd_repay_same_date_count,0.0007002636370744118,kept
heavy_unpaid_principal_future_divide_his_light_limit_max,0.0073596415052925275,kept
heavy_d720_sum_faqi_prc_amt_divide_light_d720_sum_ontim_repay_amt,0.003299537396119197,kept
his_light_shouxin_heavy_fail_trade_same_month_count,0.0002445021895775657,kept
his_heavy_ovd_repay_light_ovd_repay_same_month_count,0.0006750061462548597,kept
light_d720_max_ontim_repay_amt_divide_heavy_d720_max_ontim_repay_amt,0.0030644958351499995,kept
d360_lend_light_to_repay_heavy_inner7d_order_num_sum,0.0013388229687529341,kept
his_heavy_ontime_repay_light_ontime_repay_same_month_count,0.0010009372705634917,kept
his_heavy_advance_repay_light_advance_repay_same_date_count,0.0005217765293015274,kept
light_his_sum_ontim_repay_amt_divide_heavy_his_sum_ontim_repay_amt,0.0007954228892869631,kept
light_d360_sum_faqi_count_divide_heavy_d360_sum_faqi_count,0.0028359800638261975,kept
his_light_fail_trade_heavy_ovd_repay_same_month_count,0.00042913957530198204,kept
light_his_sum_faqi_prc_amt_divide_heavy_his_sum_adv_repay_amt,0.0006601883750267546,kept
his_heavy_shouxin_inner30d_light_advance_repay_count,0.00043508939452618434,kept
his_light_suc_trade_heavy_advance_repay_same_date_count,0.00026463135743488104,kept
light_his_sum_fail_prc_amt_divide_heavy_his_sum_fail_prc_amt,0.0008043971860078652,kept
d360_lend_light_to_repay_heavy_inner7d_order_amt_sum,0.0015519543912090308,kept
light_his_max_fail_prc_amt_divide_heavy_his_max_adv_repay_amt,0.0007981673291008356,kept
his_heavy_ontime_repay_light_ontime_repay_same_date_count,0.0006753628528707291,kept
his_light_shouxin_heavy_suc_trade_same_month_count,0.0005354374188811205,kept
his_light_advance_repay_heavy_ovd_repay_same_month_count,0.000557012595597441,kept
his_heavy_shouxin_inner30d_light_trade_fail_count,0.0002721390542217935,kept
his_lend_light_to_repay_heavy_inner3d_order_amt_sum,0.0003868765281000182,kept
light_d720_sum_faqi_prc_amt_divide_heavy_d720_sum_faqi_prc_amt,0.003173534642852674,kept
his_heavy_ovd_repay_light_ovd_repay_same_date_count,0.0006256645209933534,kept
light_his_max_faqi_prc_amt_divide_heavy_his_max_faqi_prc_amt,0.0013517444340620068,kept
his_heavy_advance_repay_light_ovd_repay_same_date_count,0.0003801060552886121,kept
his_lend_heavy_to_repay_light_inner14d_order_num_sum,0.00037561662336539603,kept
heavy_unpaid_principal_his_divide_his_light_limit,0.001745317174753732,kept
his_light_suc_trade_heavy_advance_repay_same_month_count,0.00033565124220655653,kept
d360_lend_heavy_to_repay_light_inner7d_order_stg_rate,0.007963863543536188,kept
his_heavy_shouxin_samemonth_light_advance_repay_count,0.00039408860376022813,kept
his_heavy_fail_trade_light_ovd_repay_same_month_count,0.001355781752851593,kept
his_lend_light_to_repay_heavy_inner3d_order_stg_rate,0.00033286859562458237,kept
light_d720_sum_faqi_stg_num_divide_heavy_d720_sum_faqi_stg_num,0.0019389993912944414,kept
his_heavy_advance_repay_light_advance_repay_same_month_count,0.0008163552512842629,kept
his_heavy_suc_trade_light_advance_repay_same_date_count,0.00038049990306748615,kept
his_heavy_light_fail_trade_same_month_count,0.0010431582494203678,kept
d90_lend_light_to_repay_heavy_inner7d_order_amt_sum,0.00994840396121008,kept
his_heavy_shouxin_samemonth_light_trade_fail_count,0.00023110613630147653,kept
his_heavy_shouxin_inner30d_light_trade_suc_count,0.00022643012997107157,kept
his_lend_light_to_repay_heavy_inner14d_order_amt_rate,0.00035504006346490476,kept
rsk_lmt_rate_ch_1m_grt_0p5_cnt_3m,0.019722742936453735,kept
rsk_lmt_rate_ch_1m_grt_0p2_cnt_3m,0.014092071949196757,kept
rsk_avl_lmt_ch_1m_les_500_cnt_12m,0.011662772024050824,kept
min_rsk_lmt_rate_12m_bt_ch,0.015074679879317267,kept
avg_avl_lmt_lft_rep_prc_all_cash_12m,0.017000970841741812,kept
rsk_avl_lmt_ch_1m_les_5000_rate_3m,0.025670641118297435,kept
rsk_lmt_rate_ch_1m_grt_0p95_rate_3m,0.04151766551977365,kept
rsk_lmt_rate_ch_1m_grt_0p8_rate_3m,0.04188615682818966,kept
avg_avl_lmt_lft_rep_prc_3m_cash_1m,0.039077087360478345,kept
rsk_lmt_rate_ch_1m_grt_0p2_rate_6m,0.013338522886118516,kept
rsk_lmt_rate_ch_1m_grt_0p95_cnt_1m,0.02870694904738492,kept
min_rsk_lmt_rate_3m_bt_ch,0.029317574436259625,kept
min_rsk_avl_lmt_3m_bt_ch,0.04350603479322187,kept
rsk_lmt_rate_ch_1m_grt_0p5_rate_6m,0.014717599094996323,kept
rsk_avl_lmt_ch_1m_les_5000_cnt_3m,0.02451247528290512,kept
max_rsk_lmt_rate_1m_all,0.04439276987058365,kept
rsk_avl_lmt_ch_1m_les_10000_rate_6m,0.014775956745404401,kept
min_avl_lmt_lft_rep_prc_2m_cash_3m,0.04203405214237603,kept
rsk_avl_lmt_ch_1m_les_500_cnt_3m,0.04321455034680442,kept
max_avl_lmt_lft_rep_prc_1m_cash_3m,0.028045190324058267,kept
rsk_lmt_rate_ch_1m_grt_0p95_rate_1m,0.02780543193756687,kept
rsk_lmt_rate_ch_1m_grt_0p2_rate_1m,0.015204618136334037,kept
min_rsk_avl_lmt_12m_bt_ch,0.012276815773527919,kept
rsk_avl_lmt_ch_1m_les_500_rate_3m,0.0426833699249093,kept
rsk_avl_lmt_ch_1m_les_1000_rate_1m,0.03157275325792223,kept
rsk_lmt_rate_ch_1m_grt_0p9_rate_12m,0.022317416929483847,kept
rsk_avl_lmt_ch_1m_les_1000_rate_6m,0.022930043116220076,kept
rsk_lmt_rate_ch_1m_grt_0p8_rate_1m,0.03805960198291343,kept
rsk_lmt_rate_ch_1m_grt_0p8_cnt_1m,0.03877197271144775,kept
pmt_hnd_amt_rat_1m,0.003837886324550222,kept
payment_not_balancenotenough_dis_rate_3m,0.017969462607296524,kept
payment_balancenotenough_day_rate_3m,0.024229643719263467,kept
pmt_crd_amt_1m,0.012850554906345887,kept
mid_1_pmt_blc_not_eng_rat_3m,0.03444608347026783,kept
payment_balancenotenough_dis_rate_1m,0.025027748910706048,kept
payment_day_6m,0.009062764701579983,kept
pmt_crd_amt_3m,0.011788717194684037,kept
pmt_crd_amt_pmonth_his,0.007871040748752686,kept
stg_pln_cnt_ovd_3d_pls_rep_3m_rto,0.008869750641384563,kept
stg_pln_sum_prc_amt_ovd_m2_pls_rep_3m_rto,0.00840117238756252,kept
stg_pln_pay_off_sum_prc_amt_14d_1m_rto,0.009490084174464876,kept
stg_pln_sum_prc_amt_ovd_3d_pls_rep_1m_rto_his,0.0012481152855196346,kept
stg_pln_pay_off_sum_prc_amt_7d_1m_rto,0.009002165607456583,kept
stg_pln_sum_prc_amt_ovd_3d_pls_rep_1m_rto,0.00887536913537257,kept
stg_pln_cnt_ovd_7d_pls_rep_1m_rto,0.008392479112006933,kept
stg_pln_sum_prc_amt_ovd_7d_pls_rep_12m_rto,0.007212814548845245,kept
stg_pln_cnt_ovd_7d_pls_rep_3m_rto,0.00830390623410968,kept
stg_pln_pay_off_sum_prc_amt_6m_12m_rto,0.011664015805610335,kept
stg_pln_pay_off_sum_prc_amt_1m_3m_rto,0.03791943879039267,kept
stg_pln_sum_prc_amt_ovd_3d_pls_rep_3m_rto_his,0.001232434560215458,kept
stg_pln_sum_prc_amt_ovd_m4_pls_rep_6m_rto,0.006643449029473309,kept
stg_pln_avg_prc_amt_adv_3d,0.0006149702751253903,kept
stg_pln_sum_prc_amt_ovd_14d_pls_rep_6m_rto,0.006835478599125515,kept
stg_pln_pay_off_cnt_3m_6m_rto,0.01647383196728961,kept
stg_pln_sum_prc_amt_1m_2m_rto,0.02398596074017302,kept
stg_pln_sum_prc_amt_ovd_pls_rep_6m_rto_his,0.000847290327718451,kept
stg_pln_pay_off_cnt_d0_rep_6m_rto,0.009881233811929744,kept
stg_pln_max_prc_amt_adv_d0_rep_bjq_12m,0.011411633278436256,kept
stg_pln_fst_sum_prc_amt_ovd_pls_rep_bjq_12m,0.01113123223495695,kept
stg_pln_min_prc_amt_adv_3d_bjq_12m,0.011001537957728907,kept
stg_pln_max_prc_amt_adv_3d_bjq_12m,0.011163321327961882,kept
stg_pln_sum_prc_amt_adv_fst_ord_bjq_12m,0.011234853290633971,kept
min_ddf_rep_tim_dte_adv_fst_ord_bjq_12m,0.00037330970727844615,kept
stg_pln_sum_prc_amt_adv_3d_bjq_12m,0.01115019911008614,kept
stg_pln_pay_off_max_prc_amt_pday_bjq_12m,0.011401283630453967,kept
stg_pln_pay_off_cnt_bjq_12m,0.011936751989036445,kept
stg_pln_max_prc_amt_ovd_14d_pls_rep_bjq_12m,0.011076915562285333,kept
stg_pln_max_prc_amt_ovd_1d_3d_rep_bjq_12m,0.011153025057818405,kept
max_ddf_mdl_rep_dte_his_bjq,0.010119984151330195,kept
stg_pln_min_prc_amt_ovd_7d_pls_rep_bjq_12m,0.011003424445420608,kept
stg_pln_sum_prc_amt_adv_d0_rep_bjq_12m,0.011308720208934201,kept
stg_pln_max_prc_amt_ovd_3d_pls_rep_bjq_12m,0.011239742058125233,kept
stg_pln_fst_cnt_ovd_3d_pls_rep_bjq_12m,0.010969287937018908,kept
stg_pln_sum_prc_amt_adv_bjq_12m,0.011161761749803474,kept
stg_pln_min_prc_amt_bjq_12m_his_bjq_12m,0.01126910766708332,kept
stg_pln_cnt_adv_bjq_12m,0.011238962154373585,kept
stg_pln_sum_prc_amt_his_fst_ord_bjq_12m,0.011483416399350639,kept
stg_pln_cnt_adv_2m_bjq_12m,0.011241369085029295,kept
stg_pln_min_prc_amt_adv_bjq_12m,0.010968579315512726,kept
min_fst_ddf_mdl_rep_dte_ovd_pls_bjq,0.0017344782422133648,kept
stg_pln_sum_prc_amt_ovd_m2_pls_rep_bjq_12m,0.01170540108670791,kept
stg_pln_cnt_adv_3d_bjq_12m,0.011080415586878438,kept
stg_pln_fst_cnt_ovd_pls_rep_bjq_12m,0.011446615730780596,kept
min_ddf_rep_tim_dte_adv_bjq_12m,0.0017792894938019907,kept
stg_pln_sum_prc_amt_ovd_pls_rep_bjq_12m,0.011098172648429987,kept
stg_pln_max_prc_amt_ovd_pls_fst_ord_bjq_12m,0.011053491834477099,kept
stg_pln_sum_prc_amt_ovd_3d_pls_rep_bjq_12m,0.011202479814583728,kept
stg_pln_max_prc_amt_ovd_m4_pls_rep_bjq_12m,0.011154031343444466,kept
min_ddf_mdl_rep_dte_ovd_pls_bjq,0.004111755692566428,kept
stg_pln_cnt_adv_fst_ord_bjq_12m,0.011290446462828818,kept
min_ddf_mdl_rep_tim_adv_bjq_12m,0.0014551115029264852,kept
stg_pln_min_prc_amt_adv_d0_rep_bjq_12m,0.011295153303904239,kept
stg_pln_max_prc_amt_adv_d0_rep_his_fst_ord_bjq_12m,0.011558301222578426,kept
stg_pln_sum_prc_amt_ovd_pls_fst_ord_bjq_12m,0.011037952711007881,kept
stg_pln_cnt_his_fst_ord_bjq_12m,0.011729630540381073,kept
stg_pln_cnt_ovd_14d_pls_rep_bjq_12m,0.011076915562285333,kept
stg_pln_max_prc_amt_adv_3m_bjq_12m,0.011145368338053279,kept
min_ddf_mdl_rep_tim_d0_rep_his_bjq_12m,0.008086296249417159,kept
stg_pln_max_prc_amt_ovd_7d_pls_rep_bjq_12m,0.010999430688720559,kept
min_ddf_rep_tim_dte_ovd_pls_fst_ord_bjq_12m,0.0010720196247497745,kept
stg_pln_min_prc_amt_ovd_pls_rep_bjq_12m,0.011029996190289803,kept
stg_pln_min_prc_amt_ovd_pls_fst_ord_bjq_12m,0.011198862796006692,kept
max_ddf_rep_tim_dte_adv_bjq_12m,0.0015750553079301093,kept
stg_pln_cnt_ovd_3d_pls_rep_bjq_12m,0.011338205269615452,kept
stg_pln_fst_sum_prc_amt_ovd_3d_pls_rep_bjq_12m,0.010969287937018908,kept
stg_pln_min_prc_amt_ovd_1d_3d_rep_bjq_12m,0.011076481592100085,kept
max_ddf_rep_tim_dte_ovd_pls_fst_ord_bjq_12m,0.001212139333391489,kept
stg_pln_min_prc_amt_ovd_3d_pls_rep_bjq_12m,0.011007523538434413,kept
stg_pln_cnt_ovd_pls_rep_bjq_12m,0.01132458820229191,kept
min_ddf_mdl_rep_dte_his_bjq,0.009375013310516055,kept
stg_pln_cnt_ovd_pls_fst_ord_bjq_12m,0.011319018989684711,kept
stg_pln_sum_prc_amt_6m_12m_rto_ftr,0.02982216863381166,kept
stg_pln_cnt_ftr_fst_ord,0.007104581347423887,kept
stg_pln_sum_prc_amt_ftr_fst_ord,0.006082367272172317,kept
stg_pln_sum_prc_amt_3m_6m_rto_ftr,0.031447276946476074,kept
max_ddf_mdl_rep_dte_ftr,0.034123105684563663,kept
stg_pln_min_prc_amt_6m_ftr,0.0005741612222436536,kept
min_ddf_mdl_rep_dte_ftr,0.011471686285922732,kept
stg_pln_max_prc_amt_12m_ftr,0.010929855964226555,kept
stg_pln_min_prc_amt_ftr,0.010925763590928662,kept
ddf_bjq_12m_rep_dte_neg_7_crt_dt_ord_cnt,0.011019963407463683,kept
min_ddf_rep_dte_ord_crt_tim_7_bjq_12m,0.0019896258892499784,kept
ddf_bjq_12m_rep_dte_0_crt_dt_min_prc_amt,0.011115610631671364,kept
min_ddf_rep_dte_ord_crt_tim_neg_1_bjq_12m,0.0016870464980958972,kept
ddf_bjq_12m_rep_dte_neg_5_crt_dt_min_prc_amt,0.010994505646509053,kept
ddf_bjq_12m_rep_dte_1_crt_dt_max_prc_amt,0.011011418959104291,kept
ddf_bjq_12m_rep_dte_neg_5_crt_dt_max_prc_amt,0.01106939753860853,kept
ddf_bjq_12m_rep_dte_7_crt_dt_rep_prc_amt,0.01099267095719913,kept
min_ddf_rep_dte_ord_crt_tim_neg_5_bjq_12m,0.0021114665118351756,kept
ddf_bjq_12m_rep_dte_7_crt_dt_max_prc_amt,0.011099764547946638,kept
ddf_bjq_12m_rep_dte_3_crt_dt_min_prc_amt,0.011077788065106333,kept
ddf_bjq_12m_rep_dte_neg_1_crt_dt_min_prc_amt,0.011022419452320962,kept
ddf_bjq_12m_rep_dte_7_crt_dt_min_prc_amt,0.011015573119108252,kept
cnt_avg_ord_span_30d,0.006137116839876397,kept
cnt_avg_ord_span_30d_90d,0.0016379649768979156,kept
mdt_lst_60d_180d_stg_cnt_ever_overdue_rte_rte,0.001257621061722126,kept
cnt_ord_cnt_ever_overdue_rte_30d_90d,0.03553989023189394,kept
mdt_lst_30d_60d_stg_cnt_advance_rte,0.0010858109553397617,kept
abf_1y_inter_1m_count_up,0.013552840101115647,kept
af_1m_trend,0.029773811718033543,kept
af_1y_inter_1m_sum_up,0.013625728571990351,kept
af_3m_inter_1m_sum_up,0.02317798000741659,kept
rsi_bf_1y_inter_1m,0.016742022262955427,kept
af_6m_trend,0.028582276011286475,kept
bf_q2_q1_trend,0.009539631273405706,kept
rsi_abf_1y_inter_3m,0.012233141326758186,kept
af_9m_inter_1m_sum_down,0.011199925292626405,kept
rsi_af_1y_inter_1m,0.020506067835017697,kept
rsi_af_6m_inter_1m,0.029278897041386122,kept
af_q2_q1_trend,0.02422319710325409,kept
bf_q3_q2_trend,0.0027917209066551426,kept
af_6m_inter_1m_sum_up,0.0219256442690146,kept
af_1y_inter_3m_sum_up,0.009993566075774299,kept
bf_1y_inter_3m_sum_down,0.00039444989980231995,kept
rsi_bf_3m_inter_1m,0.017115688978008647,kept
bf_q4_q3_trend,0.014942142398110165,kept
bf_6m_trend,0.004330006655645794,kept
bf_1y_inter_3m_count_down,0.0002849667862950499,kept
rsi_abf_1y_inter_1m,0.016421928015490497,kept
rsi_af_1y_inter_3m,0.01615212687371802,kept
sum_avb_lmt_2m_v2,0.016363949367750003,kept
succloan_stage_num_mean_all,0.0005709218307686715,kept
n_unique_channel_event_result_1,0.0007931237877419695,kept
stddev_amt_event_type_repay_all,0.0026132512772394823,kept
min_amt_channel_hb,0.0005406816511284904,kept
last_amt_channel_hb_microcredit_lv1_all,0.001997893655242863,kept
div_amt_event_type_repay_loan,0.024011576873312894,kept
median_amt_event_result_1_all,0.0004255159336975912,kept
n_unique_event_type_day_diff_shift1_event_type_loan,0.0005656375620187341,kept
stddev_amt_event_type_repay_event_result_1_recent_180,0.010201223849596798,kept
day_diff_shift1_n_unique_all,0.055138930798124444,kept
first_day_diff_event_result_1_all,0.02472297184329756,kept
n_unique_day_diff_shift1_event_type_loan,0.0008986336168681793,kept
cnt_event_type_credit_event_result_1_all,0.0010532130200193392,kept
cnt_event_type_repay_event_result_1_all,0.0022817784309043443,kept
max_amt_event_type_repay_recent_60,0.011915260007074106,kept
sum_day_diff_shift1_event_type_loan_all,0.003973192811342983,kept
n_unique_other_info_event_type_credit,0.0007891126432180434,kept
sum_day_diff_type_heavy_all,0.026919546987624235,kept
median_amt_channel_hb_microcredit_lv1_all,0.003484023718121216,kept
last_day_diff_event_result_0_event_type_loan_all,0.019099520462688514,kept
max_amt_other_info_manual_repay,0.0007531860024760707,kept
last_event_type_day_diff_shift1_event_type_repay_all,0.0005952860469736708,kept
max_amt_type_light,0.0012985182472414925,kept
min_amt_event_type_credit_event_result_1,0.0007997881527409599,kept
day_diff_last_repay_loan,0.0007753208748765625,kept
std_amt_channel_hb,0.0003521709753061287,kept
first_day_diff_event_result_0_event_type_loan_all,0.026840436245207235,kept
cnt_other_info_auto_deduct_uid_recent_days_540,0.004719803760318297,kept
stddev_day_diff_shift1_event_type_repay_all,0.0016738928830465594,kept
median_amt_other_info_auto_deduct_all,0.0004271960119497287,kept
cnt_event_type_limit_type_heavy_all,0.045093472485003096,kept
redu_amt_event_type_repay_loan,0.02337985571616692,kept
first_amt_event_type_credit_all,0.0007396331761502112,kept
last_amt_type_light_all,0.0013041865777322738,kept
succloan_day_diff_reud_stage_num_sum_all,0.013949748797584628,kept
per_event_type_limit_all,0.009301928122646604,kept
cnt_event_type_loan_type_heavy_all,0.0005568510417935331,kept
avg_day_diff_shift1_event_type_repay_all,0.0016748569343759268,kept
min_amt_event_type_repay_recent_180,0.009993103299933092,kept
ddf_36m_rep_dte_neg_3_crt_dt_max_prc_amt,0.003583139142460067,kept
ddf_24m_rep_dte_3_crt_dt_max_prc_amt,0.0039619395266930445,kept
ddf_rep_dte_0_crt_dt_max_prc_amt,0.0001810235327647885,kept
ddf_36m_rep_dte_5_crt_dt_sum_prc_amt,0.003439800178151149,kept
ddf_24m_rep_dte_neg_7_crt_dt_avg_prc_amt,0.0049316897978722435,kept
ddf_24m_rep_dte_neg_7_crt_dt_ord_cnt,0.00435148343549512,kept
ddf_24m_rep_dte_1_crt_dt_rep_prc_amt_rto,0.004208303135552152,kept
ddf_24m_rep_dte_neg_7_crt_dt_rep_prc_amt,0.004496530455036951,kept
ddf_36m_rep_dte_5_crt_dt_rep_prc_amt_rto,0.003616983329223004,kept
ddf_24m_rep_dte_neg_7_crt_dt_rep_prc_amt_rto,0.0056565802298994515,kept
ftr_pending_repay_gurantee_fee_sum_divide_ftr_principal_sum,0.05959815328549824,kept
d360_schedule_pay_penalty_max,0.002161372449295751,kept
d90_repaid_exclude_principal_fee_stddev,0.011200084411465045,kept
d360_repaid_interest_fee_max,0.009224822406248117,kept
d180_repaid_gurantee_fee_sum_divide_d180_principal_sum,0.03688591112174664,kept
d1080_sum_repaid_interest_fee_sum_divide_d1080_principal_sum,0.01464192707603235,kept
tot_pending_repay_tot_fee_stddev,0.013313491757874654,kept
d720_repaid_tot_fee_stddev,0.009817861109170727,kept
ftr_pending_repay_interest_fee_sum,0.015393113347319312,kept
d90_repaid_interest_fee_stddev,0.011187904660582186,kept
d90_repaid_tot_fee_stddev,0.00975711534816468,kept
d360_repaid_gurantee_fee_stddev,0.008627582461540535,kept
d90_repaid_interest_fee_sum,0.009873209405118438,kept
d360_stddev_adv_repay_fee,0.0020907625047492987,kept
d90_repaid_gurantee_fee_sum,0.009878079206466437,kept
d360_repaid_exclude_principal_fee_max,0.008895542515027558,kept
d180_adv_repay_fee_sum,0.0027302654294506603,kept
d90_repaid_interest_fee_sum_divide_d90_principal_sum,0.011625401172789165,kept
d1080_repaid_interest_fee_stddev,0.0073699887630275735,kept
d360_adv_repay_fee_sum_divide_d360_principal_sum,0.002629838815863677,kept
d720_repaid_interest_fee_sum,0.008522324331416543,kept
ddf_mdl_max_con_dau_dt_90d,0.0061355933761963796,kept
dau_90d,0.007513488521193407,kept
ddf_mdl_max_con_dau_dt_30d,0.00533185291487113,kept
ord_apl_suc_min_stg_num_360_day_bjq_12m,0.011608035837615315,kept
ord_apl_suc_sum_prc_amt_360_day_04_06_bjq_12m,0.010966947916948777,kept
ord_apl_cnt_360_day_19_23_bjq_12m,0.01105507994521487,kept
his_360_day_csh_apl_ord_cnt_bjq_12m,0.011708066571205034,kept
ord_apl_suc_cnt_360_day_19_23_bjq_12m,0.010972635231112159,kept
ord_apl_min_prc_amt_360_day_bjq_12m,0.011225223844355911,kept
ord_apl_max_prc_amt_360_day_bjq_12m,0.011278306579909685,kept
ord_apl_cnt_360_day_04_06_bjq_12m,0.011056424662004405,kept
ord_apl_sum_prc_amt_360_day_bjq_12m,0.01166235613728604,kept
his_360_day_bt_suc_ord_cnt_bjq_12m,0.011275932911367303,kept
pst_ord_apl_suc_sum_stg_num_360_day_bjq_12m,0.012102774128465726,kept
his_360_day_bt_apl_ord_cnt_csh_rto_bjq_12m,0.005198487297599966,kept
his_360_day_bt_apl_ord_cnt_his_rto_bjq_12m,0.01152193479020676,kept
his_360_day_prc_amt_3_000_flg_suc_ord_cnt_bjq_12m,0.01100923961544887,kept
ord_apl_suc_cnt_360_day_00_03_bjq_12m,0.010969416134046278,kept
ord_apl_cnt_360_day_07_12_bjq_12m,0.011131663165570259,kept
his_360_day_csh_apl_ord_cnt_his_rto_bjq_12m,0.011426591103714565,kept
ord_apl_suc_sum_prc_amt_360_day_00_03_bjq_12m,0.010969416134046278,kept
ord_apl_suc_sum_prc_amt_360_day_bjq_12m,0.011339191514310358,kept
his_360_day_csh_suc_ord_cnt_bjq_12m,0.011219281007952478,kept
ord_apl_suc_6_cnt_360_day_bjq_12m,0.01100146790875561,kept
ord_apl_suc_sum_prc_amt_360_day_19_23_bjq_12m,0.010992262703562706,kept
ord_apl_suc_cnt_360_day_13_18_bjq_12m,0.011155343782932684,kept
ord_apl_suc_max_stg_num_360_day_bjq_12m,0.011544063231795198,kept
ord_apl_suc_cnt_360_day_07_12_bjq_12m,0.011035275988774093,kept
ord_apl_fal_cnt_360_day_bjq_12m,0.011221573119957405,kept
ord_apl_cnt_360_day_00_03_bjq_12m,0.010966100541691538,kept
pst_ord_apl_suc_max_prc_amt_360_day_bjq_12m,0.011206206648623308,kept
ord_apl_suc_sum_prc_amt_360_day_13_18_bjq_12m,0.011058225557894917,kept
ord_apl_cnt_360_day_13_18_bjq_12m,0.011074469122705984,kept
ord_apl_sum_prc_amt_360_day_04_06_bjq_12m,0.011056424662004405,kept
ord_apl_sum_prc_amt_360_day_19_23_bjq_12m,0.011025363441643206,kept
his_360_day_prc_amt_3_000_flg_apl_ord_cnt_bjq_12m,0.011414640635684642,kept
bsy_typ_suc_cnt_360_day_bjq_12m,0.011076279005833902,kept
ord_apl_sum_prc_amt_360_day_00_03_bjq_12m,0.010966100541691538,kept
ord_apl_suc_cnt_360_day_04_06_bjq_12m,0.010966947916948777,kept
lst_app_str_hr,0.007412596741645985,kept
ddf_lst_app_str_tim_to_mdl_tim_sec,0.008087031914598121,kept
his_30d_app_str_ctn_v2,0.008053976514844487,kept
dvc_cnt_cjj_7,0.007246311002393022,kept
his_1d_app_str_ctn_v2,0.007600783420093085,kept
dvc_num_log_mid_ngt_90,0.006807551082036205,kept
his_7d_app_str_ctn_v2,0.00823988937398477,kept
dvc_cnt_cjj_90,0.0067305671352413995,kept
loan_unique_fund_cnt_3m,0.012924324678864917,kept
credit_pass_unique_scene_cnt_36m,0.005508193881899499,kept
loan_fund_cnt_all,0.0015184668997348446,kept
credit_pass_unique_fund_cnt_3m,0.02157780508734981,kept
credit_fund_level2_min_ir_cnt_36m,0.005806177314178166,kept
credit_unique_fund_cnt_3m,0.04416874026544895,kept
credit_fund_other_ratio_12m,0.002429170735584957,kept
loan_reject_unique_fund_cnt_6m,0.0009473019077939026,kept
loan_fund_level2_max_terms_all,0.0005409239436647308,kept
loan_unique_fund_cnt_12m,0.003644261051185949,kept
loan_reject_cnt_all,0.00038932139176178657,kept
credit_pass_unique_fund_cnt_24m,0.003490915144836605,kept
credit_fund_level2_ratio_36m,0.0025044170207798866,kept
credit_loan_avg_days_36m,0.0021816747088973056,kept
credit_fund_other_reject_cnt_6m,0.0018571411065932105,kept
credit_fund_other_reject_cnt_24m,0.002376473035110035,kept
loan_fund_level2_min_ir_36m,0.00285320849506829,kept
credit_max_ir_cnt_36m,0.0032536164432344673,kept
loan_reject_unique_fund_cnt_1m,0.007922172565541914,kept
credit_loan_usage_rate_24m,0.0013985723083577341,kept
credit_loan_avg_days_24m,0.0013787614992816601,kept
credit_unique_fund_cnt_1m,0.0034115307325494797,kept
credit_ratio_12m,0.007396616911358099,kept
loan_fund_level2_cnt_36m,0.002013446718453204,kept
credit_fund_level2_avg_ir_cnt_24m,0.0033333506534108806,kept
credit_min_ir_cnt_24m,0.00437657867218044,kept
credit_unique_fund_cnt_36m,0.01671362708081056,kept
loan_avg_terms_36m,0.0040913435063683855,kept
credit_fund_level1_ratio_12m,0.00040816978637718727,kept
loan_pass_unique_fund_cnt_1m,0.012093020197173258,kept
credit_fund_level1_reject_cnt_24m,0.0007009631201626922,kept
credit_pass_unique_fund_cnt_6m,0.017378065832291095,kept
credit_unique_scene_cnt_36m,0.011567117650799793,kept
credit_max_limit_cnt_24m,0.002542038383865016,kept
loan_max_ir_36m,0.0030664651680851014,kept
credit_unique_scene_cnt_6m,0.0006473224766411133,kept
credit_limit_cnt_24m,0.0026633237529904786,kept
credit_reject_cnt_6m,0.024342397572074577,kept
credit_fund_level2_max_ir_cnt_24m,0.002604460220158342,kept
loan_fund_level2_principal_avg_36m,0.002551340703774573,kept
credit_unique_scene_cnt_12m,0.0024611353874899222,kept
credit_reject_cnt_12m,0.0054592367800665315,kept
credit_min_limit_cnt_24m,0.003938071054757427,kept
credit_avg_ir_cnt_24m,0.00315992498011068,kept
credit_min_ir_cnt_36m,0.0026893377017309867,kept
loan_reject_fund_cnt_all,0.0006020846018164625,kept
credit_unique_scene_cnt_24m,0.0033708119369284684,kept
credit_avg_limit_cnt_36m,0.0034745016167784764,kept
credit_pass_unique_scene_cnt_12m,0.007344901079545165,kept
loan_max_ir_all,0.0010954482222094552,kept
credit_fund_level1_reject_cnt_36m,0.010134770921507658,kept
credit_fund_level2_reject_cnt_36m,0.0034829877282842227,kept
pge_id_cnt_7d,0.005851994820138259,kept
clk_cnt_14d,0.00673750818800415,kept
dau_00_06_90d,0.0039999437450547425,kept
d360_due_repay_amt_avg_divide_d360_faqi_trade_amt_avg,0.012302766254313629,kept
d360_max_adv_repay_amt_divide_rsk_adt_lmt_cash,0.002271621395200717,kept
d1080_due_repay_amt_larger_than_rsk_adt_lmt_cash_his_t_day_count_sum,0.004756855298717755,kept
d180_ovdrepay_1_4am_trade_in_same_month_count_sum,0.007522438877139697,kept
d90_successamt_thismon_sum_larger_than_rsk_adt_lmt_cash_count_sum,0.032289529151965556,kept
d1080_ovdrepay_ontimrepay_in_same_month_count_sum,0.0006792484583341757,kept
d360_max_adv_repay_amt_divide_d360_max_faqi_prc_amt,0.0030334489220935454,kept
d1080_ovdrepay_fail_trade_in_same_month_count_sum,0.00797085336388638,kept
d1080_advrepay_large_than_ontimrepay_amt_months_count_sum,0.000368874772571346,kept
d360_trade_fail_stgnum_avg_mon_divide_his_trade_success_stgnum_avg_mon,0.0014937877177260694,kept
d360_ovdrepay_thismon_sum_larger_than_rsk_avl_lmt_cash_count_sum,0.003934699246717947,kept
d90_ovdrepay_suc_trade_in_same_month_count_sum,0.010652925739056275,kept
d720_max_ovd_repay_amt_divide_d720_max_suc_prc_amt,0.0020715463112276878,kept
d360_due_repay_amt_sum_divide_d360_faqi_trade_amt_sum,0.01144756501611648,kept
d180_max_adv_repay_amt_divide_d180_max_faqi_prc_amt,0.0028217405121840444,kept
d360_advrepay_amt_sum_divide_ontimrepay_amt_sum,0.0018076995743483754,kept
d180_faqi_trade_amt_larger_than_rsk_adt_lmt_cash_his_t_day_count_sum,0.008580891936703592,kept
d1080_advrepay_ontimrepay_in_same_month_count_sum,0.0007432254330745623,kept
his_advrepay_thismon_sum_larger_than_rsk_avl_lmt_cash_count_sum,0.006047495648113003,kept
d1080_ontimrepay_thismon_sum_larger_than_rsk_adt_lmt_cash_count_sum,0.004666721718015405,kept
d180_due_repay_amt_larger_than_rsk_avl_lmt_cash_his_t_day_count_sum,0.016005934336565435,kept
d720_max_due_prc_amt_divide_d720_max_faqi_prc_amt,0.025489816253479205,kept
d1080_trade_fail_amt_sum_mon_divide_his_trade_success_amt_sum_mon,0.0038652335953126946,kept
d360_max_faqi_prc_amt_divide_rsk_avl_lmt_cash,0.032490525538554235,kept
his_ovd_1d3d_repay_amt_sum_divide_adv_3dminus_repay_amt_sum,0.0006940904473157825,kept
d1080_due_repay_amt_avg_divide_d1080_faqi_trade_amt_avg,0.006771670789789773,kept
his_ontimrepay_thismon_sum_larger_than_rsk_adt_lmt_cash_count_sum,3.990513696031828e-05,kept
d360_unpaid_principal_tot_amt_t_day_divide_rsk_adt_lmt_cash_his_t_day_max,0.013695905350582066,kept
d360_advrepay_thismon_sum_larger_than_rsk_adt_lmt_cash_count_sum,0.0008400355690691499,kept
d720_faqi_trade_amt_larger_than_unpaid_principal_tot_amt_t_day_count_sum,0.011016624358213175,kept
d180_ovdrepay_amt_sum_divide_ontimrepay_amt_sum,0.000647621085899146,kept
d360_trade_fail_count_mon_divide_his_trade_success_count_mon,0.009284043506000421,kept
d1080_trade_fail_stgnum_avg_mon_divide_his_trade_success_stgnum_avg_mon,0.0048287480274695075,kept
d1080_faqi_trade_amt_larger_than_rsk_adt_lmt_cash_his_t_day_count_sum,0.006620760829713745,kept
d720_faqi_trade_amt_larger_than_rsk_adt_lmt_cash_his_t_day_count_sum,0.008235881912924221,kept
d180_faqiamt_thismon_sum_larger_than_rsk_adt_lmt_cash_count_sum,0.010386676126621903,kept
his_advrepay_large_than_ontimrepay_amt_months_count_sum,0.00038643837860043563,kept
d360_faqi_trade_amt_larger_than_rsk_adt_lmt_cash_his_t_day_count_sum,0.007418958811943426,kept
d720_ovdrepay_suc_trade_in_same_month_count_sum,0.006630324584051429,kept
d1080_ovdrepay_1_4am_trade_in_same_month_count_sum,0.005731847466034201,kept
d360_successamt_thismon_sum_larger_than_rsk_adt_lmt_cash_count_sum,0.010028356012781438,kept
d1080_max_due_prc_amt_divide_d1080_max_faqi_prc_amt,0.020324911250465292,kept
d720_due_repay_amt_larger_than_rsk_adt_lmt_cash_his_t_day_count_sum,0.008099101426880941,kept
d720_ontimrepay_thismon_sum_larger_than_rsk_adt_lmt_cash_count_sum,0.005867476290835585,kept
d720_unpaid_principal_tot_amt_t_day_divide_rsk_adt_lmt_cash_his_t_day_max,0.011232982538465651,kept
d180_advrepay_suc_trade_in_same_month_count_sum,0.009937713395295722,kept
d1080_ovdrepay_thismon_sum_larger_than_rsk_adt_lmt_cash_count_sum,0.00048551022690739384,kept
d180_due_repay_amt_sum_divide_d180_faqi_trade_amt_sum,0.011066054698624742,kept
d1080_faqiamt_thismon_sum_larger_than_rsk_adt_lmt_cash_count_sum,0.006651522498568874,kept
his_trade_fail_amt_sum_mon_divide_his_trade_success_amt_sum_mon,0.005834386723660418,kept
d360_ovdrepay_1wplus_trade_in_same_month_count_sum,0.007144494918751877,kept
d360_faqiamt_thismon_sum_larger_than_rsk_avl_lmt_cash_count_sum,0.02020174162394984,kept
d90_faqiamt_thismon_sum_larger_than_rsk_avl_lmt_cash_count_sum,0.017636542344811615,kept
d180_ontimrepay_thismon_sum_larger_than_rsk_adt_lmt_cash_count_sum,0.0077432729316387235,kept
his_max_due_prc_amt_divide_his_max_faqi_prc_amt,0.0072780313720080415,kept
d180_max_faqi_prc_amt_divide_rsk_adt_lmt_cash,0.008139675900368517,kept
d1080_due_repay_amt_larger_than_rsk_avl_lmt_cash_his_t_day_count_sum,0.011116065886660462,kept
d1080_max_ovd_repay_amt_divide_d1080_max_suc_prc_amt,0.00239647513372513,kept
d720_max_adv_repay_amt_divide_d720_max_faqi_prc_amt,0.0059119768288274305,kept
d1080_successamt_thismon_sum_larger_than_rsk_adt_lmt_cash_count_sum,0.011580501851196575,kept
d90_unpaid_principal_tot_amt_t_day_divide_rsk_avl_lmt_cash_his_t_day_max,0.044653159826424475,kept
d360_advrepay_thismon_sum_larger_than_rsk_avl_lmt_cash_count_sum,0.00552610245174089,kept
d720_max_faqi_prc_amt_divide_rsk_adt_lmt_cash,0.008481752162621118,kept
d180_faqi_trade_amt_larger_than_due_repay_amt_by_mon_count_sum,0.008206547385269432,kept
his_max_faqi_prc_amt_divide_max_due_pay_amt_sum_mon,0.0022277129195669727,kept
d90_max_due_prc_amt_divide_rsk_adt_lmt_cash,0.011125982554445607,kept
d90_max_due_prc_amt_divide_d90_max_faqi_prc_amt,0.020260741194540237,kept
d180_faqi_unpaid_principal_tot_larger_than_rsk_adt_lmt_cash_his_t_day_count_sum,0.009600587856012758,kept
d720_ovdrepay_amt_sum_divide_ontimrepay_amt_sum,0.0011158930555681206,kept
d720_max_ovd_repay_amt_divide_d720_max_fail_prc_amt,0.003957689543578601,kept
d720_due_repay_amt_larger_than_rsk_avl_lmt_cash_his_t_day_count_sum,0.012918521283873583,kept
d180_unpaid_principal_tot_amt_t_day_divide_rsk_avl_lmt_cash_his_t_day_max,0.020539492995491827,kept
d360_trade_fail_amt_sum_mon_divide_his_trade_success_amt_sum_mon,0.007665700848359013,kept
d360_advrepay_large_than_ontimrepay_amt_months_count_sum,0.0005533916798245326,kept
d360_max_due_prc_amt_divide_d360_max_faqi_prc_amt,0.015612538636496944,kept
d90_ovdrepay_1_4am_trade_in_same_month_count_sum,0.008311183631832112,kept
d90_avg_due_pay_amt_sum_by_mon_divide_rsk_adt_lmt_cash,0.015249162577349486,kept
d360_ovdrepay_fail_trade_in_same_month_count_sum,0.011954540321543859,kept
d360_faqiamt_thismon_sum_larger_than_rsk_adt_lmt_cash_count_sum,0.01141959429490421,kept
d90_ovdrepay_1wplus_trade_in_same_month_count_sum,0.008951990935700255,kept
d180_max_due_prc_amt_divide_d180_max_faqi_prc_amt,0.01393301301617176,kept
d1080_max_adv_repay_amt_divide_d1080_max_faqi_prc_amt,0.0028945287067541447,kept
d1080_unpaid_principal_tot_amt_t_day_divide_rsk_adt_lmt_cash_his_t_day_max,0.014340496133084473,kept
d90_due_repay_amt_avg_divide_d90_faqi_trade_amt_avg,0.016702830996218738,kept
his_advrepay_suc_trade_in_same_month_count_sum,0.0001762169594991246,kept
d360_max_ovd_repay_amt_divide_d360_max_suc_prc_amt,0.003032551322271359,kept
d360_advrepay_ontimrepay_in_same_month_count_sum,0.000787599640861075,kept
d1080_due_repay_amt_sum_divide_d1080_faqi_trade_amt_sum,0.008346289015745682,kept
d90_faqi_trade_amt_larger_than_unpaid_principal_tot_amt_t_day_count_sum,0.02637806798926483,kept
his_successamt_thismon_sum_larger_than_rsk_adt_lmt_cash_count_sum,0.00016945651861141722,kept
d720_ovdrepay_amt_sum_divide_advrepay_amt_sum,0.0003817675328384194,kept
d360_ovdrepay_thismon_sum_larger_than_rsk_adt_lmt_cash_count_sum,0.003394581805150493,kept
his_max_faqi_prc_amt_divide_max_ontim_amt_sum_mon,0.0015711536325113136,kept
d720_trade_fail_amt_sum_mon_divide_his_trade_success_amt_sum_mon,0.004191295243242998,kept
d180_due_repay_amt_avg_divide_d180_faqi_trade_amt_avg,0.013927658566825355,kept
d720_faqi_trade_amt_larger_than_due_repay_amt_by_mon_count_sum,0.0025407519817371967,kept
his_due_repay_amt_sum_divide_his_faqi_trade_amt_sum,0.002137567964297985,kept
his_max_faqi_prc_amt_divide_unpaid_principal_tot,0.02402519344074641,kept
d720_faqi_unpaid_principal_tot_larger_than_rsk_adt_lmt_cash_his_t_day_count_sum,0.009540948485561848,kept
d360_faqi_trade_amt_larger_than_unpaid_principal_tot_amt_t_day_count_sum,0.016892883586304953,kept
his_due_repay_amt_larger_than_rsk_adt_lmt_cash_his_t_day_count_sum,0.005584431787946244,kept
d720_due_repay_amt_sum_divide_d720_faqi_trade_amt_sum,0.008666983623335733,kept
d180_ontimrepay_thismon_sum_larger_than_rsk_avl_lmt_cash_count_sum,0.019448568887124377,kept
his_trade_fail_count_mon_divide_his_trade_success_count_mon,0.005627977408846058,kept
d1080_faqi_unpaid_principal_tot_larger_than_rsk_adt_lmt_cash_his_t_day_count_sum,0.013541328718335924,kept
d90_due_repay_amt_larger_than_rsk_adt_lmt_cash_his_t_day_count_sum,0.008177479753599717,kept
his_max_faqi_prc_amt_divide_max_ovd_amt_sum_mon,0.0011896234943590928,kept
d720_advrepay_suc_trade_in_same_month_count_sum,0.006778723931227751,kept
d1080_advrepay_thismon_sum_larger_than_rsk_adt_lmt_cash_count_sum,0.000434181054278941,kept
d90_ovdrepay_fail_trade_in_same_month_count_sum,0.01334831300761545,kept
d1080_ovdrepay_large_than_ontimrepay_amt_months_count_sum,0.0007730554842245185,kept
d720_trade_fail_count_mon_divide_his_trade_success_count_mon,0.00386296603119793,kept
d1080_max_faqi_prc_amt_divide_rsk_adt_lmt_cash,0.010854536507395086,kept
d360_ovdrepay_amt_sum_divide_ontimrepay_amt_sum,0.0016656674504211648,kept
his_max_ovd_repay_amt_divide_his_max_suc_prc_amt,0.0017728607388832317,kept
ord_apl_suc_cnt_720_day_07_12,0.004948060002573043,kept
ord_apl_suc_sum_prc_amt_00_03,4.343959907656583e-05,kept
ord_apl_cnt_07_12,0.00022447532599930708,kept
ord_apl_suc_cnt_00_03,8.035107056474952e-05,kept
ord_apl_sum_prc_amt_1080_day_00_03,0.0006555303245368436,kept
ord_apl_sum_prc_amt_07_12,0.000643391464016735,kept
ord_apl_avg_prc_amt_720_day_per_mth,0.007663747967471144,kept
ord_apl_cnt_720_day_19_23,0.001620787699865331,kept
his_1080_day_prc_amt_3_000_flg_apl_ord_cnt,0.0036246871447110423,kept
his_bt_suc_ord_cnt,5.237296068593805e-05,kept
his_720_day_csh_apl_ord_cnt_his_rto,0.008151653281792442,kept
his_csh_suc_ord_cnt,0.0009318150881943131,kept
ord_apl_cnt_13_18,0.00046813515263126993,kept
ord_apl_suc_cnt_04_06,2.6189985899796426e-05,kept
his_720_day_bt_apl_ord_cnt_csh_rto,0.02513144214199636,kept
ord_apl_sum_prc_amt_1080_day_04_06,9.326343755131059e-05,kept
his_720_day_bt_suc_ord_cnt_csh_rto,0.017566321371289405,kept
his_1080_day_bt_suc_ord_cnt_csh_rto,0.006828556338743491,kept
ord_apl_suc_sum_prc_amt_720_day_19_23,0.003176844693199364,kept
ord_apl_suc_cnt_720_day_13_18,0.0056805154942453214,kept
ord_apl_cnt_19_23,0.0001776236571119097,kept
ord_apl_sum_prc_amt_13_18,0.0003017732236726892,kept
his_csh_apl_ord_cnt_his_rto,0.00023568914330072683,kept
his_1080_day_bt_apl_ord_cnt_csh_rto,0.009767088581319392,kept
his_bt_apl_ord_cnt_csh_rto,0.00046365443466157656,kept
his_prc_amt_3_000_flg_suc_ord_cnt,0.0005402417614656693,kept
ddf_6m_rep_dte_neg_7_crt_dt_max_prc_amt,0.011873312560590623,kept
avg_ddf_rep_dte_ord_crt_tim_7,0.00035694726773899616,kept
min_ddf_rep_dte_ord_crt_tim_neg_3,0.0002915909899933253,kept
max_ddf_rep_dte_ord_crt_tim_neg_7,0.00024286655703942235,kept
ddf_12m_rep_dte_neg_1_crt_dt_rep_prc_amt_rto,0.0055666830388651145,kept
ddf_12m_rep_dte_1_crt_dt_rep_prc_amt_rto,0.005319241738270804,kept
min_ddf_rep_dte_ord_crt_tim_neg_1,4.711832180799918e-05,kept
max_ddf_rep_dte_ord_crt_tim_3,0.00014993088166794056,kept
min_ddf_rep_dte_ord_crt_tim_neg_7,0.00037117320239898167,kept
avg_ddf_rep_dte_ord_crt_tim_3,0.00013114711777152755,kept
ddf_3m_rep_dte_7_crt_dt_rep_prc_amt_rto,0.024880081845911707,kept
max_ddf_rep_dte_ord_crt_tim_5,0.0002634067571019823,kept
ddf_6m_rep_dte_1_crt_dt_max_prc_amt,0.008716439575173842,kept
min_ddf_rep_dte_ord_crt_tim_7,0.00023747324300866493,kept
avg_ddf_rep_dte_ord_crt_tim_1,0.00023168909732948194,kept
avg_ddf_rep_dte_ord_crt_tim_neg_7,0.0004849732263478339,kept
min_ddf_rep_dte_ord_crt_tim_neg_5,0.0005123225335939124,kept
ddf_3m_rep_dte_5_crt_dt_max_prc_amt,0.02158775341685378,kept
avg_ddf_rep_dte_ord_crt_tim_neg_1,0.00024401508750061126,kept
ddf_3m_rep_dte_5_crt_dt_sum_prc_amt,0.02155459033188827,kept
avg_ddf_rep_dte_ord_crt_tim_neg_3,0.00020487045390055555,kept
max_ddf_rep_dte_ord_crt_tim_1,5.016004781008278e-05,kept
ddf_12m_rep_dte_neg_7_crt_dt_rep_prc_amt_rto,0.006772358515051245,kept
max_ddf_rep_dte_ord_crt_tim_7,0.0002665341787570327,kept
ddf_12m_rep_dte_7_crt_dt_rep_prc_amt_rto,0.0060550274001495005,kept
ddf_6m_rep_dte_neg_3_crt_dt_rep_prc_amt_rto,0.011122217073720776,kept
max_ddf_rep_tim_dte_ovd_pls_rep_12m,0.002937634114150074,kept
stg_pln_cnt_adv_rep_12m,0.0011367517548569012,kept
stg_pln_max_prc_amt_adv_rep_1m,0.0008238165303730911,kept
stg_pln_max_prc_amt_adv_rct_6m,0.0014657623413167884,kept
stg_pln_max_prc_amt_ovd_1d_3d_rep_12m,0.0005046665992666946,kept
stg_pln_cnt_adv_fst_ord,0.0010142280196495017,kept
min_ddf_rep_tim_dte_adv,0.0011370308341527482,kept
stg_pln_cnt_adv_rct_6m,0.0014650297517616465,kept
stg_pln_cnt_d0_rep_his_fst_ord,0.0015903838094819915,kept
stg_pln_sum_prc_amt_adv_fst_ord,0.0007969552867957402,kept
stg_pln_min_prc_amt_d0_rep_his_fst_ord,0.0005258947269085461,kept
min_ddf_rep_tim_dte_ovd_pls_rep_6m,0.00025910158162739666,kept
stg_pln_min_prc_amt_adv_d0_rep_his_fst_ord,0.0001059711098295832,kept
stg_pln_sum_prc_amt_adv_1m,0.001375838291983126,kept
stg_pln_pay_off_sum_prc_amt_14d,0.005658255192346515,kept
max_ddf_rep_tim_dte_adv,0.0014255346022857647,kept
min_ddf_rep_tim_dte_ovd_pls_rep_12m,0.00033198309159594366,kept
stg_pln_pay_off_max_prc_amt_14d,0.005651569269168572,kept
stg_pln_cnt_adv_3d,0.0003697436803984002,kept
stg_pln_max_prc_amt_adv_rct_12m,0.0007735022308795819,kept
stg_pln_max_prc_amt_d0_rep_his_fst_ord,0.00036208092110661446,kept
stg_pln_pay_off_cnt_14d,0.00625921427102627,kept
stg_pln_pay_off_max_prc_amt_pday_12m,0.007918420996120857,kept
stg_pln_cnt_his_fst_ord,0.0032592995480702045,kept
stg_pln_pay_off_max_prc_amt_7d,0.0030160176112855376,kept
12m_repay_ftr_amt_second_der_max,0.018043088545220312,kept
3m_repay_ftr_amt_second_der_mean_diff,0.0158043393549139,kept
18m_repay_ftr_amt_first_der_mean_diff,0.01401366732481125,kept
12m_repay_ftr_amt_second_der_sum,0.015463499914166264,kept
3m_repay_ftr_amt_first_der_mean_diff,0.012772825669748336,kept
6m_repay_ftr_amt_first_der_mean_rto,0.022153874217698943,kept
12m_repay_ftr_amt_first_der_min,0.011599935476857622,kept
3m_repay_ftr_amt_first_der_small_0_count,0.010736867151370427,kept
3m_repay_ftr_amt_second_der_mean_rto,0.02374246451640738,kept
6m_repay_ftr_amt_second_der_mean_rto,0.01582024474634278,kept
3m_repay_ftr_amt_second_der_small_0_count,0.014659059731593042,kept
12m_repay_ftr_amt_first_der_sum,0.013154772832449398,kept
12m_ftr_con_keep_repay_amt_max,0.011839261644567592,kept
3m_repay_ftr_amt_first_der_mean_rto,0.02184932019662691,kept
3m_repay_ftr_amt_first_der_great_0_count,0.00994943561153821,kept
3m_repay_ftr_amt_first_der_stddev,0.015386624383838433,kept
3m_repay_ftr_amt_second_der_median,0.015676770527840198,kept
3m_repay_ftr_amt_second_der_great_0_count,0.014612094175041241,kept
9m_ftr_con_dsc_repay_amt_max,0.015230265299875433,kept
12m_repay_ftr_amt_second_der_mean_rto,0.03354241006741836,kept
3m_repay_ftr_amt_first_der_min,0.01087272045962195,kept
18m_repay_ftr_amt_second_der_small_0_count,0.02595389999974903,kept
12m_repay_ftr_amt_second_der_min,0.024951320649127973,kept
18m_repay_ftr_amt_second_der_mean_diff,0.015062101591606198,kept
stg_pln_cnt_3d_ftr_all,0.0041351122899431466,kept
stg_pln_avg_prc_amt_2m_ftr_his_rep_rto_all,0.01584336855419848,kept
stg_pln_sum_prc_amt_6m_ftr_his_rto_all,0.02423603033399325,kept
stg_pln_min_prc_amt_3m_6m_ftr_rto_cash,0.06573710856338955,kept
stg_pln_cnt_3m_ftr_his_rep_rto_cash,0.01960956780309557,kept
stg_pln_min_prc_amt_1m_3m_ftr_rto_cash,0.039765293753873936,kept
stg_pln_cnt_7d_ftr_all,0.007630700475710388,kept
stg_pln_sum_prc_amt_3d_ftr_cash,0.0038935086136245196,kept
stg_pln_min_prc_amt_1m_ftr_his_rto_cash,0.031713854027013155,kept
stg_pln_sum_prc_amt_1m_3m_ftr_rto_all,0.03702045683754183,kept
stg_pln_cnt_7d_ftr_his_rto_all,0.003327280691661845,kept
stg_pln_cnt_7d_ftr_his_rto_cash,0.0031128361393664016,kept
stg_pln_max_prc_amt_12m_ftr_his_rep_rto_cash,0.014187941095088514,kept
stg_pln_avg_prc_amt_1m_3m_ftr_rto_all,0.03604337725515916,kept
stg_pln_avg_prc_amt_6m_12m_ftr_rto_all,0.02255985924365187,kept
stg_pln_cnt_7d_ftr_rep_cash,0.008701733110181416,kept
stg_pln_sum_prc_amt_7d_ftr_his_rto_cash,0.003158802872448851,kept
stg_pln_min_prc_amt_12m_ftr_his_rto_cash,0.041879547331929376,kept
stg_pln_avg_prc_amt_3m_6m_ftr_rto_all,0.020961952026988025,kept
stg_pln_min_prc_amt_6m_12m_ftr_rto_cash,0.04715432920023894,kept
stg_pln_min_prc_amt_3m_ftr_his_rto_cash,0.05054961147325101,kept
stg_pln_min_prc_amt_6m_ftr_his_rep_rto_cash,0.0338224326650114,kept
stg_pln_cnt_3m_6m_ftr_rto_all,0.022730955415339694,kept
stg_pln_min_prc_amt_3m_6m_ftr_cash,0.013123777638374887,kept
stg_pln_cnt_1m_ftr_his_rep_rto_all,0.01855706826035739,kept
stg_pln_sum_prc_amt_6m_12m_ftr_cash,0.020593786414472855,kept
stg_pln_cnt_1m_ftr_his_rto_cash,0.01701100215971995,kept
stg_pln_avg_prc_amt_12m_ftr_his_rep_rto_cash,0.013905486705363334,kept
stg_pln_sum_prc_amt_12m_ftr_his_rep_rto_cash,0.023500621506859463,kept
stg_pln_sum_prc_amt_2m_ftr_his_rep_rto_all,0.021550954010871287,kept
stg_pln_cnt_6m_12m_ftr_rto_all,0.039563895151084924,kept
stg_pln_sum_prc_amt_7d_ftr_cash,0.007414820131521116,kept
stg_pln_max_prc_amt_6m_12m_ftr_cash,0.01812478885199123,kept
stg_pln_cnt_1m_3m_ftr_rto_all,0.011351892193470355,kept
6thord_con_dsc_apply_amt_max,0.005934067636571416,kept
6ord_apply_amt_first_der_sum,0.005943136788195445,kept
12ord_apply_amt_second_der_sum,0.005472623703680978,kept
3ord_apply_amt_first_der_mean_rto,0.005332574128347815,kept
3ord_apply_amt_second_der_mean_diff,0.006525807443983781,kept
18ord_apply_amt_first_der_max,0.005891974756887805,kept
6ord_apply_amt_first_der_great_0_count,0.004405780106944156,kept
3ord_apply_amt_second_der_mean_rto,0.004899599964862341,kept
12ord_apply_amt_second_der_stddev,0.006034776493367781,kept
6ord_apply_amt_second_der_mean_rto,0.0033578172539087178,kept
12ord_apply_amt_first_der_stddev,0.006403324055433206,kept
18ord_apply_amt_first_der_median,0.006616632839626855,kept
18ord_apply_amt_first_der_min,0.00692492011630836,kept
3ord_apply_amt_first_der_mean_diff,0.0059774047239483374,kept
6thord_con_keep_apply_amt_max,0.0006094556363442359,kept
3ord_apply_amt_second_der_small_0_count,0.004931189453502533,kept
3ord_apply_amt_second_der_great_0_sum,0.004474331208322919,kept
18thord_con_keep_apply_amt_max,0.0007638897322654965,kept
18ord_apply_amt_second_der_median,0.0062865600419931625,kept
6ord_apply_amt_first_der_mean_rto,0.003517734439746852,kept
recent_1m_lend_amt_over10k_month_cnt,0.0026988980359931142,kept
recent_12m_credit_fundcls_lv2_month_cnt,0.009200871121610183,kept
recent_1m_credit_fundcls_other_month_cnt,0.001088249857139673,kept
recent_24m_repay_progress_rise_month_cnt,0.004910732393900864,kept
recent_24m_lend_amt_rise_month_rto,0.0036455310326685753,kept
recent_6m_repay_progress_rise_month_rto,0.005200519729863188,kept
recent_24m_settle_loan_diff_days_min,0.0033476302044909917,kept
recent_6m_overdue_3d_month_rto,0.0006397308822275135,kept
his_credit_fundcls_lv1_month_cnt,0.00023306048428429354,kept
recent_36m_due_month_rto,0.0018765459818788118,kept
recent_1m_credit_fundcls_lv2_month_cnt,0.007050243030510286,kept
recent_36m_overdue_3d_month_rto,0.00023704220509888395,kept
recent_1m_repay_progress_max,0.011199859121864204,kept
recent_1m_prepay_3d_month_rto,0.00021995935968872324,kept
recent_24m_credit_fundcls_other_month_cnt,0.00024737109652934883,kept
recent_12m_lend_amt_over10k_month_rto,0.0007789521949636458,kept
recent_1m_stg_rise_month_rto,0.008528787874940356,kept
recent_6m_lend_amt_rise_month_cnt,0.009678388761955129,kept
recent_24m_settle_loan_diff_days_max,0.005438785682877888,kept
recent_6m_credit_fundcls_other_month_cnt,0.0062031186726398515,kept
recent_12m_due_month_cnt,0.005716428295598186,kept
recent_24m_prepay_3d_month_cnt,0.000419035294097763,kept
recent_1m_credit_fundcls_lv1_month_cnt,0.009035349148871444,kept
recent_6m_prepay_3d_month_rto,0.0004043102040717162,kept
recent_36m_settle_loan_diff_days_min,0.0021778488810103268,kept
his_settle_loan_diff_days_min,0.0004713241601936382,kept
recent_1m_overdue_3d_month_rto,0.00020909301426996668,kept
recent_24m_credit_fundcls_lv1_month_cnt,0.0003188821705869514,kept
recent_6m_credit_fundcls_lv1_month_cnt,0.0038961951044211587,kept
10d_range_ord_cnt_his,0.00150544035007672,kept
15d_range_sum_prc_amt_1m,0.010945193824836805,kept
15d_range_avg_prc_amt_6m,0.008792299311405192,kept
10d_range_min_prc_amt_his,0.0005805380937010504,kept
10d_range_min_prc_amt_24m,0.0004228464870495922,kept
10d_range_min_prc_amt_36m,0.0035212714423531227,kept
5d_range_ord_cnt_1m,0.008192154567126428,kept
5d_range_avg_prc_amt_1m,0.008192154567126428,kept
15d_range_min_prc_amt_12m,0.0004228557843192419,kept
15d_range_max_prc_amt_12m,0.002971229737395114,kept
10d_range_avg_prc_amt_36m,0.0027390035086466936,kept
5d_range_min_prc_amt_his,0.0004228464870495922,kept
15d_range_min_prc_amt_36m,0.0004516995368965569,kept
5d_range_max_prc_amt_his,0.0015516260514767694,kept
15d_range_min_prc_amt_his,0.0005420732665138038,kept
5d_range_avg_prc_amt_12m,0.0022270545631590958,kept
m1_stg_pln_d0_manual_deduct_rep_apl_fal_cnt,0.008158398172964917,kept
m6_stg_pln_his_ovd_ao_offline_rep_apl_suc_cnt,0.008241325462872777,kept
m6_stg_pln_adv_ao_offline_rep_apl_suc_cnt_rat,0.0013409952662815656,kept
m3_stg_pln_adv_normal_batch_rep_apl_suc_cnt,0.009159814708809071,kept
m6_stg_pln_d0_manual_rep_apl_fal_cnt,0.008481919167805156,kept
m6_stg_pln_adv_manual_rep_apl_fal_cnt,0.008200113160375984,kept
m3_stg_pln_adv_manual_deduct_rep_apl_fal_cnt,0.00857607610103937,kept
m3_stg_pln_adv_manual_rep_apl_fal_cnt,0.008289895639616471,kept
m1_stg_pln_his_ovd_rep_apl_cnt_rat,0.010459473421640471,kept
m6_stg_pln_ovd_1d_3d_rep_apl_cnt_rat,0.01019556171007906,kept
m6_stg_pln_ovd_1d_3d_manual_rep_apl_fal_cnt,0.008815916405799124,kept
m6_stg_pln_d0_manual_deduct_rep_apl_suc_cnt,0.008201575033257896,kept
m3_stg_pln_his_ovd_rep_apl_cnt_rat,0.011495492418494737,kept
m6_stg_pln_adv_manual_deduct_rep_apl_fal_cnt,0.008395872459526898,kept
m1_stg_pln_adv_rep_apl_cnt_rat,0.009516740606758825,kept
m1_stg_pln_his_ovd_normal_batch_rep_apl_suc_cnt,0.008576843408148788,kept
m3_stg_pln_adv_manual_deduct_rep_apl_suc_cnt,0.008280756391820328,kept
m6_stg_pln_ovd_1d_3d_manual_rep_apl_suc_cnt,0.011134560367564755,kept
m3_stg_pln_ovd_1d_3d_normal_batch_rep_apl_suc_cnt,0.009810381780813159,kept
m1_stg_pln_d0_rep_apl_cnt,0.01596522431159877,kept
m1_stg_pln_his_ovd_manual_rep_apl_fal_cnt,0.00816790260453925,kept
m1_stg_pln_d0_manual_deduct_rep_apl_suc_cnt,0.00815188394338331,kept
m1_stg_pln_d0_rep_apl_suc_cnt,0.010291478831490855,kept
m6_stg_pln_ovd_1d_3d_manual_rep_apl_fal_cnt_rat,0.0032850909233515606,kept
m6_stg_pln_ovd_1d_3d_manual_deduct_rep_apl_suc_cnt_rat,0.0003977204836155171,kept
m1_stg_pln_ovd_1d_3d_ao_offline_rep_apl_suc_cnt,0.008194273561762774,kept
m1_stg_pln_ovd_1d_3d_manual_rep_apl_suc_cnt,0.008744259908120944,kept
m6_stg_pln_his_ovd_rep_apl_suc_cnt,0.015617550171216564,kept
m6_stg_pln_ovd_1d_3d_ao_offline_rep_apl_suc_cnt_rat,8.924153158640958e-05,kept
m6_stg_pln_adv_rep_apl_fal_cnt_rat,0.0016046769437312576,kept
m1_stg_pln_adv_manual_deduct_rep_apl_suc_cnt,0.008354683238077767,kept
m6_stg_pln_ovd_1d_3d_manual_rep_apl_suc_cnt_rat,0.00474805623664507,kept
m6_stg_pln_ovd_1d_3d_normal_batch_rep_apl_suc_cnt_rat,0.00197842008833312,kept
m3_stg_pln_d0_manual_deduct_rep_apl_suc_cnt_rat,0.007555321769329632,kept
m6_stg_pln_d0_normal_batch_rep_apl_suc_cnt_rat,0.007078768497666388,kept
m3_stg_pln_ovd_1d_3d_manual_rep_apl_fal_cnt,0.008422911756569281,kept
m6_stg_pln_d0_manual_deduct_rep_apl_fal_cnt_rat,0.0008605058651751928,kept
m6_stg_pln_ovd_1d_3d_manual_deduct_rep_apl_fal_cnt,0.010600342868853063,kept
m6_stg_pln_adv_manual_deduct_rep_apl_suc_cnt,0.00841540062140313,kept
m1_stg_pln_ovd_1d_3d_rep_apl_cnt,0.011525132743280188,kept
m1_stg_pln_d0_rep_apl_suc_cnt_rat,0.009834162436869897,kept
m3_stg_pln_ovd_1d_3d_normal_batch_rep_apl_fal_cnt,0.02749733926065658,kept
m1_stg_pln_adv_manual_rep_apl_suc_cnt,0.00831507095767732,kept
m3_stg_pln_adv_rep_apl_cnt_rat,0.012463313341081906,kept
m1_stg_pln_ovd_1d_3d_rep_apl_suc_cnt,0.014380841498282584,kept
m1_stg_pln_adv_rep_apl_fal_cnt_rat,0.001204803256351883,kept
m1_stg_pln_adv_manual_deduct_rep_apl_fal_cnt,0.009050204773364809,kept
m3_stg_pln_ovd_1d_3d_rep_apl_suc_cnt,0.01378213286251347,kept
m1_stg_pln_ovd_1d_3d_manual_deduct_rep_apl_fal_cnt,0.00830275459317123,kept
m6_stg_pln_adv_manual_rep_apl_suc_cnt,0.008227533985843711,kept
m6_stg_pln_ovd_1d_3d_normal_batch_rep_apl_fal_cnt_rat,0.0012231667555237737,kept
m6_stg_pln_adv_manual_rep_apl_suc_cnt_rat,0.0013110514791373012,kept
m1_stg_pln_d0_manual_rep_apl_fal_cnt,0.00839494494684835,kept
m1_manual_deduct_rep_apl_fal_stg_pln_cnt_max,0.009589188251567952,kept
m6_manual_deduct_rep_apl_stg_pln_cnt_mor_1_cnt,0.008990541806860824,kept
m3_manual_rep_apl_fal_stg_pln_cnt_avg,0.011974234478962118,kept
m1_manual_rep_apl_fal_stg_pln_cnt_max,0.009217556321767666,kept
m3_ao_offline_rep_apl_suc_stg_pln_cnt_mor_1_cnt,0.008168169060432062,kept
m1_ao_offline_rep_apl_stg_pln_cnt_sum,0.00876621110116384,kept
m1_manual_deduct_rep_apl_stg_pln_cnt_max,0.009607206408390344,kept
m3_normal_batch_rep_apl_stg_pln_cnt_max,0.008817043092562772,kept
m1_manual_rep_apl_fal_stg_pln_cnt_min,0.011878314904325145,kept
m3_rep_apl_fal_stg_pln_cnt_max,0.012873981576912781,kept
m3_normal_batch_rep_apl_stg_pln_cnt_avg,0.03398337286224032,kept
m1_rep_apl_fal_stg_pln_cnt_max,0.01112284403024599,kept
m1_rep_apl_stg_pln_cnt_mor_1_cnt,0.008466966160186567,kept
m1_manual_rep_apl_suc_stg_pln_cnt_min,0.009903160026598953,kept
m3_rep_apl_fal_stg_pln_cnt_avg,0.051917382195085994,kept
m1_normal_batch_rep_apl_suc_stg_pln_cnt_min,0.009183055464165087,kept
m1_rep_apl_suc_stg_pln_cnt_avg,0.02569053423946118,kept
m1_manual_deduct_rep_apl_stg_pln_cnt_sum,0.009607206408390344,kept
m6_manual_rep_apl_suc_stg_pln_cnt_min,0.009148117969814858,kept
m3_normal_batch_rep_apl_fal_stg_pln_cnt_max,0.012699477393288527,kept
m1_rep_apl_fal_stg_pln_cnt_mor_1_cnt,0.008479727064968542,kept
m1_manual_rep_apl_fal_stg_pln_cnt_avg,0.009217556321767666,kept
m3_manual_rep_apl_stg_pln_cnt_max,0.00890953407310199,kept
m3_rep_apl_fal_stg_pln_cnt_min,0.008854395551564132,kept
m3_manual_deduct_rep_apl_fal_stg_pln_cnt_mor_1_cnt,0.00858780569452779,kept
m6_manual_rep_apl_fal_stg_pln_cnt_max,0.008758841784728534,kept
m3_ao_offline_rep_apl_stg_pln_cnt_max,0.0088170953268287,kept
m3_rep_apl_amt_rat_mor_1_cnt,0.009162234174355095,kept
m3_manual_rep_apl_fal_stg_pln_cnt_sum,0.00971670651726941,kept
m3_rep_apl_stg_pln_cnt_max,0.0093287883873852,kept
m3_manual_deduct_rep_apl_suc_stg_pln_cnt_max,0.008904478817899603,kept
m1_normal_batch_rep_apl_stg_pln_cnt_max,0.008766202940129749,kept
m6_manual_deduct_rep_apl_suc_stg_pln_cnt_min,0.008489149632739057,kept
m3_manual_rep_apl_suc_stg_pln_cnt_avg,0.03507391248407045,kept
m1_normal_batch_rep_apl_fal_stg_pln_cnt_max,0.010703509554699873,kept
m3_rep_apl_suc_amt_rat_mor_1_cnt,0.00900798202210501,kept
m1_manual_deduct_rep_apl_stg_pln_cnt_avg,0.009607206408390344,kept
m3_manual_deduct_rep_apl_stg_pln_cnt_avg,0.010846519594633197,kept
m3_rep_apl_stg_pln_cnt_min,0.00904192394080693,kept
m3_manual_deduct_rep_apl_fal_stg_pln_cnt_max,0.010845368947247611,kept
m1_manual_deduct_rep_apl_fal_stg_pln_cnt_avg,0.009589188251567952,kept
m1_manual_rep_apl_fal_stg_pln_cnt_sum,0.009217556321767666,kept
m6_rep_apl_suc_stg_pln_cnt_avg,0.032207356914317094,kept
m3_normal_batch_rep_apl_suc_stg_pln_cnt_max,0.008829424712885295,kept
m1_rep_apl_suc_stg_pln_cnt_max,0.009062989935734228,kept
m3_manual_deduct_rep_apl_fal_stg_pln_cnt_avg,0.010845368947247611,kept
6m_used_lmt_first_der_min,0.00728545841425193,kept
3m_used_lmt_second_der_median,0.02270290189775963,kept
12m_used_lmt_second_der_mean_rto,0.002443990387294722,kept
6m_used_lmt_first_der_median,0.021943576540360565,kept
12m_used_lmt_second_der_small_0_sum,0.006251936056278003,kept
12m_used_lmt_first_der_min,0.007670116455078147,kept
12m_used_lmt_first_der_sum,0.014306821826493867,kept
12m_used_lmt_first_der_mean_rto,0.002980858208396297,kept
18m_used_lmt_second_der_min,0.01052705208709014,kept
12m_used_lmt_second_der_max,0.008649932487881914,kept
3m_used_lmt_first_der_mean_diff,0.023083261262810798,kept
18m_used_lmt_second_der_sum,0.011876387391437744,kept
6m_used_lmt_second_der_min,0.012614218277891267,kept
6m_used_lmt_first_der_sum,0.016677886083259114,kept
3m_used_lmt_first_der_mean_rto,0.02634077618996347,kept
12m_used_lmt_second_der_mean_diff,0.011674005826264745,kept
6m_used_lmt_first_der_mean_diff,0.009936300299024975,kept
3m_used_lmt_first_der_sum,0.020999633471088793,kept
6m_used_lmt_second_der_median,0.019068234813719654,kept
3m_used_lmt_second_der_stddev,0.022483245439145115,kept
3m_used_lmt_second_der_mean_diff,0.016087984333946825,kept
3m_used_lmt_first_der_median,0.016180681043463787,kept
12m_used_lmt_second_der_sum,0.012421830823760065,kept
3m_used_lmt_second_der_small_0_count,0.008286637481538526,kept
12m_used_lmt_first_der_small_0_sum,0.010882985680209165,kept
6m_used_lmt_first_der_mean_rto,0.0076661693295878505,kept
18m_used_lmt_second_der_mean_rto,0.00205718865921022,kept
12m_used_lmt_first_der_avg,0.012052063502979356,kept
18m_used_lmt_first_der_sum,0.01845452337461513,kept
6m_used_lmt_first_der_max,0.015062010130955218,kept
6m_used_lmt_second_der_mean_diff,0.01351204431857491,kept
12m_used_lmt_first_der_mean_diff,0.007056444565780171,kept
6m_used_lmt_second_der_sum,0.009105041252270869,kept
3m_used_lmt_first_der_small_0_sum,0.014308722584190196,kept
6m_used_lmt_first_der_small_0_sum,0.016223105153183377,kept
3m_used_lmt_second_der_sum,0.015387650766086903,kept
3m_used_lmt_first_der_great_0_count,0.03028070197279624,kept
18m_used_lmt_first_der_mean_rto,0.002163184760694631,kept
12m_used_lmt_first_der_great_0_sum,0.008446113711749593,kept
3m_used_lmt_first_der_max,0.031786610168399634,kept
stg_pln_cnt_on_1m_rto_his_light,0.006072314799675144,kept
stg_pln_cnt_due_6m_rto_his_light,0.0002254489922651713,kept
stg_pln_sum_prc_amt_36m_his_rto_light,0.0021185846776731214,kept
stg_pln_cnt_due_1m_rto_his_light,0.0003679062918317785,kept
stg_pln_cnt_12m_24m_rto_light,0.004025502640949501,kept
stg_pln_sum_prc_amt_24m_36m_rto_light,0.006585552638253337,kept
stg_pln_avg_prc_amt_6m_per_mth_light,0.004425823250258986,kept
ord_apl_fal_cnt_90_day,0.015221441777614635,kept
ord_apl_suc_max_prc_amt_his,0.0007486800821602903,kept
ord_apl_sum_prc_amt_180_day_13_18,0.0032889694506997025,kept
fst_fal_ord_prc_amt,0.003459360793618788,kept
max_ddf_lag_crt_dte,0.0009200459023045208,kept
ord_apl_sum_prc_amt_360_day_19_23,0.001481788581693252,kept
ord_apl_suc_cnt_180_day_19_23,0.010244129732668725,kept
ord_apl_suc_max_stg_num_his,1.8902221684658733e-06,kept
fst_ord_stg_num,0.00034304869186359467,kept
ord_apl_suc_min_stg_num_his,0.00045696713584505793,kept
min_ddf_suc_lag_crt_tim_mnt,0.0006130135855930933,kept
ord_apl_suc_sum_prc_amt_180_day_07_12,0.013701890609243015,kept
ord_apl_suc_sum_prc_amt_180_day_19_23,0.00947906470054151,kept
ord_apl_suc_6_cnt_his,0.00019945887378293445,kept
his_360_day_csh_apl_ord_cnt_his_rto,0.00927491242984255,kept
his_360_day_bt_apl_ord_cnt_csh_rto,0.00846554289790272,kept
ord_apl_sum_prc_amt_30_90_day_rto,0.0060554463158179125,kept
ord_apl_fal_cnt_360_day,0.002633183557289848,kept
his_360_day_bt_suc_ord_cnt_csh_rto,0.009732467639817187,kept
pst_ord_apl_suc_max_prc_amt_180_day,0.013786458111106922,kept
pst_ord_apl_suc_sum_prc_amt_180_360_day_rto,0.022837181797340622,kept
fst_ord_prc_fst_adt_lmt_rto,0.0003242723503717619,kept
fst_fal_ord_stg_num,0.0036546005106088543,kept
min_ddf_lag_crt_tim_mnt,0.0016578951223461843,kept
ddf_fst_lst_ord_crt_dte,0.0006481351501693133,kept
max_ddf_suc_lag_crt_dte,0.0006361481120266989,kept
ord_apl_fal_cnt_his,0.0032013101424196565,kept
ddf_fst_adt_fst_ord_crt_dte_mnt,0.0007923982998450307,kept
ord_apl_cnt_90_day_07_12,0.0010117737214904738,kept
bsy_typ_suc_cnt_his,1.1421621911323661e-05,kept
his_30_day_csh_apl_ord_cnt_his_rto,0.00584790398606752,kept
ord_apl_min_prc_amt_his,0.00074772420250587,kept
pst_ord_apl_suc_max_prc_amt_his,0.000656225731082113,kept
ord_apl_suc_sum_stg_num_180_day,0.023693430961867528,kept
pst_ord_apl_suc_sum_prc_amt_90_180_day_rto,0.03402593335591127,kept
ddf_ato_fst_ord_crt_dte,0.00047834666629197303,kept
ord_apl_suc_6_cnt_360_day_rto,0.010180550322124463,kept
m1_stg_pln_bnk_cnt_max,0.012548193675995151,kept
m1_pmt_not_eng_mor_3_stg_pln_cnt,0.01926645594222371,kept
m1_pmt_not_eng_mor_3_stg_pln_amt_sum,0.018525362858295473,kept
m3_payment_not_eng_inteday_max,0.0014534763902416558,kept
m3_stg_pln_pmt_not_eng_amt_max,0.013027242699727807,kept
m1_pmt_not_eng_equal_1_stg_pln_d0_cnt,0.021443626708065634,kept
m1_pmt_not_eng_cnt_pday_equal_1_day_cnt,0.01485558965175773,kept
m6_payment_not_eng_mdl_crt_ddf_max,0.004437417747084489,kept
m6_pmt_not_eng_equal_2_stg_pln_d0_amt_sum_rat,0.022502528232698604,kept
pmt_not_eng_stg_pln_cnt_1m_3m_rat_trend,0.009805734458867059,kept
m1_pmt_not_eng_mor_3_stg_pln_d0_cnt,0.02145016430719336,kept
m3_pmt_not_eng_cnt_pday_min,0.04740529834313875,kept
m1_stg_pln_pmt_not_eng_cnt_min,0.019062588731024434,kept
m3_pmt_not_eng_equal_1_stg_pln_amt_rat,0.03488603210037758,kept
m3_pmt_not_eng_equal_3_stg_pln_d0_amt_sum,0.012376793069655645,kept
m6_pmt_not_eng_equal_1_stg_pln_d0_cnt_rat,0.02196251175343445,kept
m6_pmt_not_eng_amt_pday_min,0.0024880755306061616,kept
m3_stg_pln_crd_cnt_min,0.011143833348079387,kept
m1_pmt_not_eng_equal_2_stg_pln_cnt,0.011084873203037955,kept
m6_pmt_not_eng_equal_2_stg_pln_cnt,0.021712528370754505,kept
m3_payment_not_eng_inteday_avg,0.0013751629953659668,kept
m6_payment_not_eng_inteday_max,0.002544896411817522,kept
m6_pmt_not_eng_equal_3_stg_pln_d0_amt_sum_rat,0.020795717491682325,kept
m1_stg_pln_d0_pmt_not_eng_cnt_avg,0.03474057472819469,kept
m3_pmt_not_eng_equal_2_stg_pln_d0_amt_sum,0.01629533323798569,kept
m3_pmt_not_eng_equal_2_stg_pln_cnt_rat,0.024610716060628465,kept
m3_pmt_not_eng_stg_pln_d0_cnt,0.012309499071681577,kept
m6_pmt_not_eng_equal_1_stg_pln_d0_cnt,0.016456905972859204,kept
m1_pmt_not_eng_cnt_pday_min,0.021005198727545235,kept
m3_pmt_not_eng_cnt_pday_equal_1_day_cnt,0.03796189713131326,kept
m3_pmt_not_eng_equal_3_stg_pln_amt_rat,0.01307707569466412,kept
m1_stg_pln_crd_cnt_min,0.013237136144647976,kept
m6_pmt_not_eng_amt_pday_max,0.011813626412389961,kept
m6_stg_pln_pmt_not_eng_cnt_min,0.01083289941382027,kept
m6_payment_not_eng_mdl_crt_ddf_min,0.0009915271665432352,kept
m1_pmt_not_eng_equal_1_stg_pln_amt_rat,0.02173429678914461,kept
m3_stg_pln_pmt_not_eng_cnt_min,0.02748839189431202,kept
m1_pmt_not_eng_equal_3_stg_pln_d0_amt_sum,0.008987390574898335,kept
m1_pmt_not_eng_mor_3_stg_pln_amt_rat,0.026291710525274375,kept
m6_pmt_not_eng_mor_3_stg_pln_cnt_rat,0.037132557825491255,kept
m6_payment_not_eng_mdl_crt_ddf_avg,0.002242590788679555,kept
m6_pmt_not_eng_mor_3_stg_pln_d0_amt_sum_rat,0.050719017287662094,kept
m3_payment_not_eng_mdl_crt_ddf_avg,0.002699918049717133,kept
pmt_not_eng_stg_pln_cnt_3m_6m_rat_trend,0.008598721248098433,kept
m6_payment_not_eng_inteday_avg,0.0033153008817109583,kept
m3_pmt_not_eng_cnt_pday_mor_0_day_cnt,0.0025019443773553157,kept
m3_stg_pln_crd_cnt_max,0.010500814633870956,kept
m3_payment_not_eng_mdl_crt_ddf_max,0.0029914107235037997,kept
m3_pmt_not_eng_mor_3_stg_pln_d0_amt_sum,0.04432355835885121,kept
m3_pmt_not_eng_equal_1_stg_pln_amt_sum,0.030722387502737328,kept
m3_stg_pln_bnk_cnt_avg,0.012036996250835444,kept
m1_stg_pln_pmt_not_eng_amt_max,0.010189963620969886,kept
m1_pmt_not_eng_cnt_pday_mor_1_day_cnt,0.004847979271350755,kept
m6_pmt_not_eng_equal_3_stg_pln_d0_cnt,0.022050706727894758,kept
m1_pmt_not_eng_equal_3_stg_pln_amt_rat,0.01256557817322713,kept
m3_pmt_not_eng_stg_pln_d0_amt_sum,0.012027072756926688,kept
m1_payment_not_eng_mdl_crt_ddf_max,0.0020508079753941005,kept
m6_pmt_not_eng_cnt_pday_max,0.0402661609102667,kept
m1_pmt_not_eng_equal_1_stg_pln_amt_sum,0.02058246089987399,kept
pmt_not_eng_stg_pln_cnt_3m_6m_rat,0.0067837795204632925,kept
m1_pmt_not_eng_equal_2_stg_pln_d0_amt_sum,0.010713866492586632,kept
m6_pmt_not_eng_cnt_pday_min,0.0185181303089469,kept
m6_pmt_not_eng_mor_3_stg_pln_amt_sum,0.03687660806308739,kept
m1_pmt_not_eng_equal_2_stg_pln_amt_rat,0.016871868036786992,kept
m1_pmt_not_eng_equal_3_stg_pln_cnt,0.00869658058679516,kept
m6_ao_offline_rep_apl_suc_cnt,0.008172239971047414,kept
m3_manual_work_day_rep_apl_fal_cnt,0.008700517696898745,kept
m1_manual_tim_0_5_rep_apl_fal_cnt,0.008173264003633171,kept
m1_ao_offline_rep_apl_suc_amt_min,0.008150352337094621,kept
m6_ao_offline_rep_apl_suc_amt_sum,0.008172239971047414,kept
m3_manual_deduct_rep_apl_suc_amt_sum,0.0082057620084601,kept
m1_manual_rep_apl_suc_cnt_in_manual_rep_rat,0.002790657962645192,kept
m3_manual_tim_13_18_rep_apl_fal_cnt,0.008860677838017991,kept
m6_manual_deduct_rep_apl_suc_amt_avg,0.009336787759933457,kept
m1_manual_tim_6_12_rep_apl_fal_cnt,0.00815090937241017,kept
m1_manual_tim_6_12_rep_apl_cnt_rat,0.0033328779833898215,kept
m1_add_bathch_rep_apl_suc_cnt_rat,0.009494620471325684,kept
m3_manual_deduct_rep_apl_cnt_rat,0.010939373304833622,kept
m1_manual_tim_13_18_rep_apl_suc_cnt,0.009268958265160455,kept
m1_ao_offline_rep_apl_cnt,0.008150777573100709,kept
m3_ao_offline_mrn_rep_apl_suc_cnt,0.008150558704992645,kept
m1_mrn_rep_apl_cnt,0.014030344074748862,kept
m1_manual_deduct_rep_apl_suc_amt_sum,0.00818891522067098,kept
m3_submit_fal_rep_apl_cnt,0.009565987080728214,kept
m3_manual_rep_apl_suc_amt_avg,0.01808092522891481,kept
m1_manual_weekend_day_rep_apl_fal_cnt,0.008244818335982016,kept
m3_manual_tim_19_24_rep_apl_fal_cnt,0.008151354371590057,kept
m6_manual_tim_19_24_rep_apl_suc_cnt_rat,0.00596069364722856,kept
m1_manual_deduct_rep_apl_cnt_rat,0.009726927575150545,kept
m6_manual_tim_13_18_rep_apl_suc_cnt,0.009941796205887584,kept
m6_manual_rep_apl_fal_cnt,0.008982845691273604,kept
m6_manual_rep_apl_suc_cnt_in_manual_rep_rat,0.005035104932185519,kept
m6_ao_offline_rep_apl_suc_amt_avg,0.008172239971047414,kept
m6_manual_rep_apl_suc_amt_max,0.008952802288225857,kept
m6_manual_rep_apl_fal_cnt_rat,0.011492283897968154,kept
m1_rep_apl_suc_amt_max,0.011098550985172557,kept
m6_part_suc_rep_apl_cnt,0.008996815917295719,kept
m6_manual_weekend_day_rep_apl_fal_cnt,0.008373104720691093,kept
m1_part_suc_rep_apl_cnt_rat,0.008963645084386199,kept
m6_manual_tim_19_24_rep_apl_suc_cnt,0.009518536821549628,kept
m1_ao_offline_mrn_rep_apl_suc_cnt,0.008157667937598137,kept
m3_add_bathch_rep_apl_suc_cnt_rat,0.010949489708245098,kept
m6_manual_tim_6_12_rep_apl_cnt_rat,0.005842256806252288,kept
m1_normal_batch_rep_apl_suc_amt_avg,0.014557026426340268,kept
m6_manual_tim_13_18_rep_apl_suc_cnt_rat,0.00649303252889917,kept
m6_add_bathch_rep_apl_suc_amt_max,0.010944140748390981,kept
m6_manual_tim_0_5_rep_apl_fal_cnt,0.008378558188589536,kept
m6_normal_batch_rep_apl_fal_cnt_rat,0.0055665670260683,kept
m1_manual_tim_13_18_rep_apl_cnt_rat,0.004449125653901669,kept
m1_rep_apl_suc_amt_avg,0.024825781922153033,kept
m6_manual_tim_0_5_rep_apl_suc_cnt,0.008251435981679552,kept
m3_ao_offline_rep_apl_suc_amt_avg,0.008150918093088405,kept
m1_manual_tim_13_18_rep_apl_fal_cnt,0.008540690481398395,kept
m6_add_bathch_rep_apl_suc_amt_avg,0.010453262803181606,kept
m1_submit_fal_rep_apl_cnt_rat,0.00901766306129895,kept
m3_manual_tim_0_5_rep_apl_fal_cnt,0.008204008513532915,kept
m1_add_bathch_rep_apl_suc_amt_sum,0.00859938168777167,kept
m1_rep_apl_suc_amt_sum,0.010206700334997883,kept
m1_normal_batch_rep_apl_fal_cnt_rat,0.001955809687467497,kept
m1_part_suc_rep_apl_cnt,0.008335457852903292,kept
m6_manual_work_day_rep_apl_suc_cnt_rat,0.005500033493935196,kept
m1_manual_tim_19_24_rep_apl_cnt_rat,0.0025651311411045144,kept
m1_manual_weekend_day_rep_apl_suc_cnt,0.008686486720272288,kept
m3_manual_deduct_rep_apl_suc_amt_avg,0.0082057620084601,kept
m6_manual_deduct_rep_apl_suc_cnt,0.009336787759933457,kept
m1_manual_deduct_rep_apl_suc_amt_min,0.00816893519629973,kept
m1_manual_work_day_rep_apl_cnt_rat,0.003233088782726079,kept
m6_mrn_rep_apl_cnt,0.01959160256040871,kept
m6_manual_tim_13_18_rep_apl_fal_cnt,0.008740314944268471,kept
m1_add_bathch_rep_apl_suc_amt_avg,0.00859938168777167,kept
m6_normal_batch_rep_apl_suc_amt_min,0.009006842526265846,kept
m3_ao_offline_rep_apl_cnt_rat,0.008888279962743597,kept
m6_normal_batch_rep_apl_suc_amt_avg,0.015115299051415296,kept
m6_normal_batch_rep_apl_suc_amt_max,0.009355189083856042,kept
m3_manual_weekend_day_rep_apl_fal_cnt,0.00846955153219889,kept
m3_ao_offline_rep_apl_suc_amt_max,0.008150918093088405,kept
m1_manual_deduct_rep_apl_suc_cnt_rat,0.008922860932902635,kept
m1_normal_batch_rep_apl_suc_amt_max,0.009926367272972705,kept
m3_submit_fal_rep_apl_cnt_rat,0.010446994452724994,kept
m3_rep_apl_suc_amt_avg,0.022320537278491138,kept
m3_part_suc_rep_apl_cnt_rat,0.0089771000834366,kept
m3_manual_deduct_rep_apl_suc_cnt_rat,0.008994275803507876,kept
m1_manual_tim_19_24_rep_apl_fal_cnt,0.008195174991365106,kept
m1_manual_tim_19_24_rep_apl_suc_cnt,0.008154679498722103,kept
m1_manual_rep_apl_suc_amt_sum,0.008411024960955079,kept
m3_add_bathch_rep_apl_suc_amt_sum,0.010686889028155625,kept
m6_manual_tim_19_24_rep_apl_fal_cnt,0.0082187673039356,kept
m3_manual_mrn_rep_apl_fal_cnt,0.008417605356325917,kept
m1_normal_batch_rep_apl_suc_amt_min,0.008695561074986941,kept
m6_add_bathch_rep_apl_cnt_rat,0.010737009895740855,kept
m1_add_bathch_mrn_rep_apl_suc_cnt,0.008659145319837339,kept
m6_manual_tim_0_5_rep_apl_suc_cnt_rat,0.004764094169007069,kept
m3_manual_rep_apl_suc_cnt,0.009332151812890859,kept
m1_submit_fal_rep_apl_cnt,0.008282757510243623,kept
m6_manual_rep_apl_suc_amt_avg,0.017449196580831203,kept
m3_manual_rep_apl_suc_amt_sum,0.008755183368371987,kept
m3_ao_offline_rep_apl_suc_cnt_rat,0.008899436814403068,kept
m3_add_bathch_rep_apl_suc_amt_avg,0.010318673859519996,kept
m6_rep_apl_suc_amt_min,0.013004986543209992,kept
m6_manual_deduct_rep_apl_suc_amt_max,0.009336787759933457,kept
d365_avl_lmt_eql_0_month_cnt,0.011310392023772063,kept
d1095_avl_lmt_con_drp_month_max,0.012003440328332898,kept
d730_avl_lmt_eql_0_month_cnt,0.017435235391044458,kept
d90_avl_lmt_con_drp_month_max,0.014938483566268604,kept
d180_avl_lmt_shift1_rise_month_cnt,0.00951074923817812,kept
d1095_avl_lmt_eql_0_month_cnt,0.0151007069833061,kept
d365_avl_lmt_con_drp_month_max,0.005460404989558331,kept
d730_avl_lmt_con_drp_month_max,0.016814474239529364,kept
ai_refuse_cnt_60d,0.0008748632882648127,kept
ai_alpa_cnt_3d,0.010603254853523739,kept
ai_rtp_cnt_30d,0.00016605731920167773,kept
ai_busy_cnt_3d,0.00021021445007401188,kept
ai_call_cnt_60d,0.0006978821976455038,kept
ai_wcnhk_cnt_90d,0.0014699444914776777,kept
ai_ptp_cnt_60d,0.000752590178121082,kept
ai_call_cnt_10d,0.00019821706417422086,kept
ai_ptp_cnt_7d,0.0003631880642507893,kept
ai_rtp_cnt,0.00016919234657789865,kept
ai_ptp_cnt_21d,0.0004088870691374231,kept
ai_tousu2_cnt_15d,0.00019368717550035487,kept
ai_alpa_cnt_7d,0.0005713963471576522,kept
ai_answer_cnt_60d,0.0014751570347079097,kept
ai_call_cnt_21d,0.0005483534750787868,kept
ai_answer_close_cnt_15d,0.0005862625524161076,kept
ai_alpa_cnt_30d,0.0003372366909060714,kept
ai_tousu2_cnt,0.0004416087719765886,kept
ai_tousu2_cnt_21d,0.0001705763304430965,kept
ai_wcnhk_cnt_7d,0.0001668200094152752,kept
ai_answer_close_cnt_30d,0.0009426795825439335,kept
ai_ptp_cnt_3d,0.000173431511046396,kept
ai_busy_cnt_15d,0.0005333844050597541,kept
ai_busy_cnt,0.0009580136900454348,kept
ai_refuse_cnt,0.0021504760864486747,kept
ai_wcnhk_cnt_15d,0.00035994130415050243,kept
ai_answer_cnt_3d,0.00016770978507788277,kept
ai_wcnhk_cnt_30d,0.001055884700576336,kept
ai_answer_cnt_10d,0.00039861419609707054,kept
ai_answer_cnt_21d,0.0006303187897505529,kept
ai_call_cnt_3d,0.00016596858726089145,kept
ai_answer_close_cnt_7d,0.0005142152776310639,kept
ai_busy_cnt_7d,0.0002385829078495902,kept
ai_answer_close_cnt_3d,0.0003494272861762322,kept
ai_refuse_cnt_7d,0.00020125040534608904,kept
ai_wcnhk_cnt_3d,0.00017890037499915636,kept
ai_rtp_cnt_7d,0.00018460972773462912,kept
ai_refuse_cnt_21d,0.00043524629768771397,kept
ai_refuse_cnt_3d,0.00018569768594320043,kept
ai_answer_close_cnt_90d,0.0010067752774255507,kept
ai_busy_cnt_30d,0.0017391633958493745,kept
ai_tousu2_cnt_90d,0.00018927810033716075,kept
ai_rtp_cnt_3d,0.00017117383503945322,kept
ai_alpa_cnt_15d,0.00031378238671950367,kept
d365_aplord_amt_grt_fst_month_rto,0.000766384921492717,kept
d365_aplord_amt_grt_fst_month_cnt,0.0005000709403748475,kept
d365_aplord_amt10000plus_month_cnt,0.008971570310573298,kept
d1095_aplord_stg_grt_fst_month_cnt,0.0007873246552488663,kept
d365_aplord_amt10000plus_month_rto,0.008595908468219357,kept
d90_aplord_amt_grt_fst_month_rto,0.00024294229740943487,kept
d90_aplord_fal_month_cnt,0.05507198406517414,kept
d730_aplord_amt_grt_fst_month_rto,0.0009275637382562918,kept
d1095_aplord_fal_month_cnt,0.009104741513555226,kept
d90_aplord_suc_month_cnt,0.06132043832077764,kept
d730_aplord_stg_grt_fst_month_rto,0.0007640989632768135,kept
d365_aplord_suc_month_cnt,0.013293140755203606,kept
d365_aplord_fal_month_rto,0.03006014253640226,kept
d90_aplord_suc_month_rto,0.06540673110532463,kept
d365_aplord_fal_month_cnt,0.02490362225237033,kept
6m_repay_amt_second_der_median,0.009749435582554686,kept
18m_repay_amt_second_der_mean_rto,0.0035770140767984464,kept
3stg_pln_repay_amt_first_der_mean_rto,0.006391712505228861,kept
6m_repay_amt_second_der_mean_diff,0.0063042638356193515,kept
12stg_pln_repay_amt_first_der_median,0.004254492034029515,kept
12m_repay_amt_first_der_mean_rto,0.003384869875932509,kept
24thord_con_ontime_repay_max,0.0013546100557607218,kept
3m_repay_amt_first_der_max,0.02580745218114153,kept
36stg_pln_repay_amt_first_der_great_0_count,0.005883274151336845,kept
6stg_pln_repay_amt_second_der_mean_rto,0.0049862789054906575,kept
3m_repay_amt_second_der_sum,0.014615818098155112,kept
12stg_pln_repay_amt_first_der_sum,0.00617156556770335,kept
30stg_pln_repay_amt_second_der_mean_rto,0.0030379720783858485,kept
3stg_pln_repay_amt_second_der_small_0_count,0.00322846807671562,kept
6m_repay_amt_first_der_great_0_count,0.006306056858931959,kept
36stg_pln_repay_amt_first_der_sum,0.006222860544004844,kept
3m_repay_amt_first_der_mean_diff,0.012917209690591472,kept
12m_con_keep_repay_max,0.010980931313952334,kept
6stg_pln_repay_amt_second_der_median,0.005173174572992436,kept
6m_con_keep_repay_max,0.010782583443482388,kept
3stg_pln_repay_amt_second_der_mean_diff,0.010140015786253856,kept
12m_repay_amt_second_der_sum,0.010550108179779982,kept
12m_repay_amt_second_der_median,0.005530774802381428,kept
6stg_pln_repay_amt_first_der_mean_diff,0.0071141253196126,kept
12stg_pln_repay_amt_second_der_mean_rto,0.004874700226399487,kept
3stg_pln_repay_amt_first_der_mean_diff,0.007022426754064095,kept
3m_repay_amt_second_der_mean_rto,0.006785026138033163,kept
18m_repay_amt_first_der_mean_rto,0.001693756249617753,kept
12m_repay_amt_second_der_avg,0.011768895315833422,kept
3m_repay_amt_second_der_median,0.014985771186173573,kept
24stg_pln_repay_amt_second_der_avg,0.005053524494366734,kept
12stg_pln_repay_amt_first_der_mean_diff,0.008167855256146552,kept
3m_repay_amt_first_der_sum,0.023535689003055648,kept
18m_con_keep_repay_max,0.009524186536526565,kept
3m_repay_amt_second_der_mean_diff,0.008868739025500038,kept
3stg_pln_repay_amt_first_der_sum,0.006670001195561433,kept
18m_repay_amt_second_der_avg,0.00763578300763019,kept
3m_repay_amt_first_der_min,0.009561462888053249,kept
3m_repay_amt_second_der_max,0.01719711695966963,kept
12m_repay_amt_second_der_mean_rto,0.002820028429420556,kept
3m_repay_amt_second_der_great_0_count,0.008064261456404308,kept
3m_repay_amt_first_der_small_0_count,0.006617439496010503,kept
3stg_pln_repay_amt_first_der_small_0_count,0.004969976468658441,kept
6stg_pln_repay_amt_first_der_median,0.004916767091211711,kept
24stg_pln_repay_amt_second_der_mean_rto,0.0039739226651332804,kept
6m_repay_amt_second_der_small_0_count,0.006004314165696081,kept
3m_repay_amt_second_der_min,0.012825856841714752,kept
18m_repay_amt_first_der_avg,0.008525281824645074,kept
18m_con_dsc_repay_max,0.007607349831473037,kept
36stg_pln_repay_amt_second_der_mean_diff,0.004914875787606493,kept
18m_repay_amt_second_der_mean_diff,0.006938104387301682,kept
18stg_pln_repay_amt_first_der_mean_rto,0.00275612376730506,kept
6m_repay_amt_first_der_median,0.009724222805022196,kept
24stg_pln_repay_amt_first_der_mean_rto,0.0030100109115151624,kept
18stg_pln_repay_amt_second_der_mean_diff,0.00567396176154358,kept
12thord_con_late_repay_max,0.0015093752977374374,kept
6stg_pln_repay_amt_first_der_mean_rto,0.004110745790050017,kept
3stg_pln_repay_amt_second_der_mean_rto,0.009130272032460486,kept
3m_repay_amt_first_der_mean_rto,0.012563424889038846,kept
6m_repay_amt_first_der_mean_rto,0.007431271703234356,kept
12m_repay_amt_second_der_mean_diff,0.010836327584426424,kept
12m_repay_amt_first_der_stddev,0.011939828215400216,kept
6stg_pln_repay_amt_second_der_sum,0.004874295009041925,kept
6m_repay_amt_first_der_sum,0.013465483086106504,kept
6stg_pln_repay_amt_first_der_great_0_count,0.005637937765491012,kept
6m_repay_amt_second_der_mean_rto,0.007184478300290066,kept
12stg_pln_repay_amt_second_der_median,0.0047046728544046556,kept
12stg_pln_repay_amt_first_der_mean_rto,0.005940163224470198,kept
18m_repay_amt_second_der_sum,0.006915304680116334,kept
6m_repay_amt_second_der_sum,0.01008630895445103,kept
6thord_con_adv_repay_max,0.001850970685035072,kept
12m_repay_amt_second_der_great_0_count,0.006704144657000298,kept
6stg_pln_repay_amt_first_der_min,0.007848003260744633,kept
18m_repay_amt_second_der_median,0.0040479805644196235,kept
6m_repay_amt_first_der_max,0.009925852729675638,kept
12m_repay_amt_first_der_mean_diff,0.012201207336589267,kept
3stg_pln_repay_amt_first_der_median,0.005924691296252177,kept
18m_con_asc_repay_max,0.01267923281171144,kept
18m_repay_amt_first_der_mean_diff,0.00673346941629164,kept
18stg_pln_repay_amt_second_der_mean_rto,0.0054832074421455575,kept
18m_repay_amt_first_der_median,0.007171891983449501,kept
6stg_pln_repay_amt_first_der_max,0.0050557969677400595,kept
30stg_pln_repay_amt_first_der_mean_rto,0.0027919636860084082,kept
24stg_pln_repay_amt_first_der_mean_diff,0.005393937213386896,kept
18stg_pln_repay_amt_first_der_stddev,0.005707631493131638,kept
6thord_con_ontime_repay_max,0.0012825748244964395,kept
6m_repay_amt_first_der_mean_diff,0.012726663766353428,kept
12m_repay_amt_first_der_sum,0.009414690040046187,kept
36stg_pln_repay_amt_second_der_mean_rto,0.0016367029346260142,kept
12m_repay_amt_first_der_median,0.007766228524443116,kept
6m_con_dsc_repay_max,0.0097599208547831,kept
3stg_pln_repay_amt_first_der_stddev,0.007595970991813578,kept
f54__percent_true_call_mode_is_manual_called_phone_social_relations_is_friend_30d,0.0005629043330442663,kept
f54__percent_true_call_mode_is_ai_called_phone_social_relations_is_self_15d,0.0020393368354604956,kept
percent_true_call_mode_is_yuce_called_phone_social_relations_is_self_180d,0.0005388548033394742,kept
f54__percent_true_call_mode_is_ai_called_phone_social_relations_is_self_7d,0.0010371399816353473,kept
percent_true_call_mode_is_yuce_called_phone_social_relations_is_self_60d,0.00039547882252087877,kept
f54__percent_true_call_mode_is_manual_called_phone_social_relations_is_family_is_can_contact_person_is_yes_60d,0.001746064529666047,kept
percent_true_call_mode_is_yuce_called_phone_social_relations_is_friend_is_can_contact_person_is_no_30d,0.00039757186852959275,kept
percent_true_call_mode_is_manual_called_phone_social_relations_is_family_7d,0.00039699148312296326,kept
percent_true_call_mode_is_yuce_called_phone_social_relations_is_friend_is_can_contact_person_is_no_180d,0.000384136830201549,kept
sum_talk_duration_call_mode_ai_180d,0.0029938752554043747,kept
percent_true_call_mode_is_yuce_called_phone_social_relations_is_friend_is_can_contact_person_is_no_60d,0.00038092565523840374,kept
percent_true_call_mode_is_yuce_called_phone_social_relations_is_family_is_can_contact_person_is_no_30d,0.00045638484105395966,kept
f54__percent_true_call_mode_is_manual_called_phone_social_relations_is_friend_180d,0.0013148293313226204,kept
percent_true_call_mode_is_manual_called_phone_social_relations_is_friend_is_can_contact_person_is_yes_30d,0.0011941641807575213,kept
f54__percent_true_call_mode_is_manual_called_phone_social_relations_is_self_is_can_contact_person_is_yes_90d,0.0018579727147559604,kept
f54__percent_true_call_mode_is_manual_called_phone_social_relations_is_self_is_can_contact_person_is_yes_30d,0.001637831295957447,kept
sum_talk_duration_180d,0.003221356513173222,kept
f54__percent_true_call_mode_is_manual_called_phone_social_relations_is_self_is_can_contact_person_is_yes_180d,0.0024203608957372976,kept
f54__percent_true_call_mode_is_manual_called_phone_social_relations_is_self_is_can_contact_person_is_yes_15d,0.0007593610399487795,kept
percent_true_call_mode_is_manual_called_phone_social_relations_is_family_90d,0.0008440817605285714,kept
percent_true_call_mode_is_manual_called_phone_social_relations_is_friend_7d,0.000424487771218204,kept
percent_true_call_mode_is_manual_called_phone_social_relations_is_friend_is_can_contact_person_is_yes_180d,0.0015198083175049506,kept
percent_true_call_mode_is_yuce_called_phone_social_relations_is_family_is_can_contact_person_is_no_180d,0.00042070293293027005,kept
percent_true_call_mode_is_ai_called_phone_social_relations_is_self_is_can_contact_person_is_no_60d,0.0032113291835917483,kept
percent_true_call_mode_is_manual_called_phone_social_relations_is_family_is_can_contact_person_is_yes_180d,0.0015858176126672151,kept
f54__percent_true_call_mode_is_ai_called_phone_social_relations_is_self_180d,0.0013526028841672028,kept
percent_true_call_mode_is_manual_called_phone_social_relations_is_friend_is_can_contact_person_is_yes_90d,0.001623363024877733,kept
percent_true_call_mode_is_manual_called_phone_social_relations_is_family_30d,0.0005479578840993351,kept
f54__percent_true_call_mode_is_manual_called_phone_social_relations_is_self_is_can_contact_person_is_no_30d,0.0003849260066712649,kept
f54__percent_true_call_mode_is_manual_called_phone_social_relations_is_family_15d,0.0003942292235638238,kept
f54__percent_true_call_mode_is_manual_called_phone_social_relations_is_self_7d,0.0004928000322361926,kept
f54__percent_true_call_mode_is_ai_called_phone_social_relations_is_self_30d,0.0026307265746367305,kept
f54__percent_true_call_mode_is_ai_called_phone_social_relations_is_self_90d,0.0031163741689204843,kept
percent_true_call_mode_is_manual_called_phone_social_relations_is_family_is_can_contact_person_is_yes_30d,0.0014581224557698252,kept
f54__percent_true_call_mode_is_manual_called_phone_social_relations_is_family_is_can_contact_person_is_yes_15d,0.0007228328298230112,kept
percent_true_call_mode_is_manual_called_phone_social_relations_is_self_15d,0.00038143696399865344,kept
f54__percent_true_call_mode_is_manual_called_phone_social_relations_is_self_is_can_contact_person_is_no_90d,0.0014519052378996308,kept
used_rate_ch_grt_0p2_rate_3m_suc,0.006965002746608508,kept
rsk_avl_lmt_ch_les_1000_cnt_3m,0.032288472647254936,kept
rsk_avl_lmt_ch_les_500_cnt_12m,0.011630498323286715,kept
used_rate_ch_grt_0p8_rate_1m_suc,0.014460219105087935,kept
rsk_avl_lmt_ch_les_1000_rate_12m,0.013765011668627652,kept
rsk_avl_lmt_ch_les_500_cnt_1m,0.020073698041507212,kept
used_rate_ch_grt_0p2_cnt_3m,0.012503982651824928,kept
used_rate_ch_grt_0p2_rate_12m,0.007541845447927388,kept
rsk_avl_lmt_ch_les_5000_cnt_1m,0.01722602099435511,kept
used_rate_ch_grt_0p95_rate_1m,0.005418807449422392,kept
rsk_avl_lmt_ch_les_5000_rate_1m,0.018117790004508444,kept
used_rate_ch_grt_0p5_rate_3m,0.04539851485911829,kept
rsk_avl_lmt_ch_les_500_rate_3m,0.03783744240450796,kept
rsk_avl_lmt_ch_les_10000_cnt_12m,0.008862692943353054,kept
used_rate_ch_grt_0p2_cnt_12m_suc,0.008194980442993608,kept
used_rate_ch_grt_0p8_cnt_1m_suc,0.015113059548504598,kept
used_rate_ch_grt_0p8_cnt_1m,0.007543438964394896,kept
min_rsk_lmt_rate_bt_ch_3m,0.011223375219315632,kept
used_rate_ch_grt_0p9_cnt_12m_suc,0.08880969709543426,kept
used_rate_ch_grt_0p5_cnt_12m,0.03802105402026001,kept
used_rate_ch_grt_0p5_cnt_3m_suc,0.011996331472077463,kept
rsk_avl_lmt_ch_les_5000_rate_12m,0.0087729922585645,kept
rsk_avl_lmt_ch_les_10000_cnt_3m,0.01069540802323268,kept
used_rate_ch_grt_0p5_rate_3m_suc,0.01319348966233342,kept
used_rate_ch_grt_0p95_cnt_6m,0.007458551121434788,kept
used_rate_ch_grt_0p2_cnt_1m_suc,0.009178358719161023,kept
used_rate_ch_grt_0p95_rate_3m_suc,0.010987732300046123,kept
max_rsk_lmt_rate_bt_ch_3m,0.011072930986575302,kept
percent_true_followup_code_yjt_called_phone_social_relations_friend_30d,0.0003814946418846707,kept
percent_true_followup_code_tskh_called_phone_social_relations_friend_30d,0.0034640532516835,kept
percent_true_followup_code_wfjt_called_phone_social_relations_family_180d,0.0012060901794518984,kept
percent_true_followup_code_yjt_called_phone_social_relations_family_60d,0.0005568436561976017,kept
percent_true_followup_code_yjt_is_can_contact_person_yes_180d,0.0005168309728417495,kept
percent_true_followup_code_other_call_mode_manual_7d,0.0006344507312201114,kept
percent_true_followup_code_other_call_mode_manual_180d,0.0025328528435146188,kept
percent_true_followup_code_jjhk_called_phone_social_relations_friend_30d,0.0004534190708140573,kept
percent_true_followup_code_yjt_90d,0.0014564129229759192,kept
percent_true_followup_code_other_call_mode_manual_90d,0.0011638787894528236,kept
percent_true_followup_code_tskh_is_can_contact_person_yes_60d,0.00037997280787744865,kept
percent_true_followup_code_yyxh_called_phone_social_relations_family_180d,0.0004303942942521318,kept
percent_true_followup_code_jjhk_is_can_contact_person_yes_30d,0.00039764948473967074,kept
percent_true_followup_code_yjt_call_mode_manual_15d,0.0005041069285803539,kept
percent_true_followup_code_yjt_30d,0.0006256032714667263,kept
percent_true_followup_code_tskh_60d,0.0006298844198728596,kept
percent_true_followup_code_jjhk_15d,0.0003806181558825243,kept
percent_true_followup_code_other_called_phone_social_relations_family_180d,0.0010793423803007434,kept
percent_true_followup_code_jjhk_180d,0.00045740458344315383,kept
percent_true_followup_code_other_called_phone_social_relations_friend_30d,0.0006167390585618451,kept
percent_true_followup_code_yjt_called_phone_social_relations_friend_60d,0.00046242920899360924,kept
percent_true_followup_code_yyxh_180d,0.0006243191370247757,kept
percent_true_followup_code_jjhk_call_mode_manual_180d,0.0006315023543405904,kept
percent_true_followup_code_other_called_phone_social_relations_family_90d,0.00038508813847495477,kept
percent_true_followup_code_other_called_phone_social_relations_family_7d,0.0005733464749173107,kept
percent_true_followup_code_yjt_called_phone_social_relations_friend_180d,0.0005008068506927809,kept
percent_true_followup_code_yyxh_call_mode_ai_60d,0.0007628657227860777,kept
percent_true_followup_code_wfjt_is_can_contact_person_yes_15d,0.0004002542251717627,kept
percent_true_followup_code_yjt_15d,0.0003873946516816891,kept
percent_true_followup_code_other_called_phone_social_relations_friend_15d,0.0007494418978533601,kept
percent_true_followup_code_jjhk_called_phone_social_relations_family_60d,0.00039826279541935216,kept
percent_true_followup_code_wfjt_call_mode_manual_60d,0.0005053246949076316,kept
percent_true_followup_code_jjhk_called_phone_social_relations_family_180d,0.00039673393087120637,kept
percent_true_followup_code_other_7d,0.0003993785406652938,kept
percent_true_followup_code_wfjt_180d,0.0021308775481891805,kept
percent_true_followup_code_yyxh_30d,0.00042873886170418567,kept
percent_true_followup_code_yyxh_call_mode_manual_7d,0.0003842498917883503,kept
percent_true_followup_code_tskh_180d,0.0005928403183548621,kept
percent_true_followup_code_other_called_phone_social_relations_friend_180d,0.0010255344606544998,kept
percent_true_followup_code_yyxh_call_mode_manual_30d,0.00038914483873414216,kept
percent_true_followup_code_other_call_mode_manual_15d,0.0009039846886210107,kept
percent_true_followup_code_other_15d,0.0004550412872369185,kept
percent_true_followup_code_yyxh_call_mode_manual_90d,0.00038033908871248874,kept
percent_true_followup_code_wfjt_is_can_contact_person_yes_30d,0.0003815946754746201,kept
percent_true_followup_code_other_call_mode_manual_30d,0.0006854619602785322,kept
percent_true_followup_code_yjt_7d,0.00038223332690043814,kept
percent_true_followup_code_other_180d,0.0015578651846777797,kept
percent_true_followup_code_other_30d,0.0003878989677911485,kept
percent_true_followup_code_yyxh_called_phone_social_relations_family_90d,0.0004095313368366022,kept
percent_true_followup_code_yyxh_call_mode_ai_15d,0.0004787727209023808,kept
percent_true_followup_code_other_90d,0.0007821365277595809,kept
percent_true_followup_code_jjhk_90d,0.00043584014957799176,kept
percent_true_followup_code_jjhk_is_can_contact_person_yes_15d,0.0003881751231620919,kept
percent_true_followup_code_yjt_called_phone_social_relations_family_180d,0.0007020071054513076,kept
percent_true_followup_code_yyxh_7d,0.0004589915048479156,kept
percent_true_followup_code_jjhk_called_phone_social_relations_friend_180d,0.0005282227482042428,kept
percent_true_followup_code_wfjt_90d,0.0024789124143603644,kept
percent_true_followup_code_yyxh_is_can_contact_person_yes_180d,0.0004258999679332817,kept
percent_true_followup_code_other_called_phone_social_relations_family_30d,0.0006542215033608449,kept
percent_true_followup_code_yyxh_call_mode_manual_15d,0.00043291859924930997,kept
percent_true_followup_code_yyxh_called_phone_social_relations_friend_180d,0.0005779084023649795,kept
percent_true_followup_code_other_called_phone_social_relations_family_15d,0.0010884203392629828,kept
percent_true_followup_code_wfjt_is_can_contact_person_yes_180d,0.0020066205005258068,kept
percent_true_followup_code_wfjt_called_phone_social_relations_friend_90d,0.000917731880153412,kept
percent_true_followup_code_yjt_called_phone_social_relations_family_30d,0.0005909069547631533,kept
percent_true_followup_code_jjhk_30d,0.00038138173942447735,kept
percent_true_followup_code_tskh_called_phone_social_relations_family_180d,0.005554038134466234,kept
m6_stg_pln_d0_rep_apl_cnt_mor_4_cnt_rat,0.07633383153602938,kept
m6_stg_pln_d0_normal_batch_rep_apl_cnt_equal_2_cnt_rat,0.008080684571822913,kept
m6_stg_pln_manual_rep_apl_suc_cnt_min,0.013481615272063742,kept
m1_stg_pln_d0_normal_batch_rep_apl_fal_cnt_mor_4_cnt,0.023323291659785424,kept
m6_stg_pln_d0_rep_apl_fal_cnt_equal_2_cnt,0.016271639433829567,kept
m3_stg_pln_ao_offline_rep_apl_cnt_max,0.0088170953268287,kept
m6_stg_pln_manual_deduct_rep_apl_cnt_sum,0.012573692634020786,kept
m1_stg_pln_manual_deduct_rep_apl_cnt_equal_1_cnt_rat,0.009704531445154018,kept
m6_stg_pln_rep_apl_cnt_ovd_1d_3d_max,0.029889530136286833,kept
m3_stg_pln_manual_deduct_rep_apl_cnt_avg,0.010912197661485962,kept
m1_stg_pln_d0_rep_apl_fal_cnt_mor_4_cnt_rat,0.02551600248758753,kept
m1_stg_pln_rep_apl_cnt_avg,0.03316674369389895,kept
m1_stg_pln_rep_apl_cnt_less_4_cnt,0.017100786478078722,kept
m6_stg_pln_rep_apl_cnt_equal_1_manual_rep_apl_amt_sum,0.010144091898674426,kept
m1_stg_pln_manual_rep_apl_cnt_max,0.009357035143814236,kept
m1_stg_pln_rep_apl_cnt_mor_2_cnt_rat,0.02539771573718029,kept
m6_stg_pln_rep_apl_cnt_ovd_1d_3d_min,0.023065091167585896,kept
m3_stg_pln_manual_deduct_rep_apl_suc_cnt_max,0.008903335768078342,kept
m1_stg_pln_manual_deduct_rep_apl_suc_cnt_max,0.008821664339588633,kept
m1_stg_pln_rep_apl_fal_cnt_mor_1_rep_apl_amt_sum,0.0025419635703556715,kept
m6_stg_pln_rep_apl_cnt_d0_avg,0.06253898521829054,kept
m3_stg_pln_normal_batch_rep_apl_cnt_equal_2_cnt_rat,0.009572615852529942,kept
m6_stg_pln_normal_batch_rep_apl_cnt_mor_4_cnt_rat,0.04946379268681276,kept
m6_stg_pln_rep_apl_suc_cnt_min,0.008191253809145841,kept
m3_stg_pln_normal_batch_rep_apl_cnt_mor_0_cnt_rat,0.012467939236306676,kept
m6_stg_pln_rep_apl_cnt_mor_2_cnt,0.03686408089213661,kept
m1_stg_pln_add_bathch_rep_apl_cnt_avg,0.009428754430834957,kept
m6_stg_pln_normal_batch_rep_apl_cnt_min,0.01150932899729776,kept
m6_stg_pln_rep_apl_fal_cnt_mor_1_rep_apl_amt_sum,0.005208815390472622,kept
m3_stg_pln_rep_apl_fal_cnt_max,0.06132778031974366,kept
m6_stg_pln_rep_apl_fal_cnt_mor_1_rep_apl_amt_min,0.0028327697345116665,kept
m3_stg_pln_rep_apl_suc_cnt_sum,0.010681137651349377,kept
m1_stg_pln_rep_apl_fal_cnt_equal_2_cnt_rat,0.009963102836760048,kept
m6_stg_pln_normal_batch_rep_apl_cnt_mor_2_stg_amt_sum,0.00908250331144591,kept
m3_stg_pln_manual_deduct_rep_apl_suc_cnt_sum,0.008903335768078342,kept
m3_stg_pln_manual_rep_apl_cnt_min,0.00887847887456652,kept
m3_stg_pln_rep_apl_fal_cnt_mor_2_cnt_rat,0.04133072279455631,kept
m6_stg_pln_rep_apl_cnt_his_ovd_avg,0.03344161477081066,kept
m1_stg_pln_manual_deduct_rep_apl_suc_cnt_sum,0.008821664339588633,kept
m3_stg_pln_rep_apl_suc_cnt_min,0.008837925609556591,kept
m3_stg_pln_normal_batch_rep_apl_fal_cnt_equal_2_cnt_rat,0.013567524195705567,kept
m1_stg_pln_rep_apl_suc_cnt_min,0.012758504025704751,kept
m1_stg_pln_manual_deduct_rep_apl_suc_cnt_min,0.008812970609268582,kept
m3_stg_pln_rep_apl_suc_cnt_avg,0.016722241610747743,kept
m6_stg_pln_rep_apl_cnt_d0_max,0.0929701948786055,kept
m3_stg_pln_normal_batch_rep_apl_cnt_mor_4_cnt,0.04211832196668059,kept
m1_stg_pln_normal_batch_rep_apl_cnt_mor_2_cnt,0.019777661706871338,kept
m3_stg_pln_normal_batch_rep_apl_suc_cnt_max,0.027352367939921456,kept
m6_stg_pln_rep_apl_cnt_equal_1_manual_rep_apl_amt_min,0.00974139994023193,kept
m3_stg_pln_manual_rep_apl_fal_cnt_min,0.008861881289714218,kept
m6_stg_pln_d0_ao_offline_rep_apl_cnt_mor_0_cnt_rat,0.006796895453908741,kept
m1_stg_pln_rep_apl_cnt_equal_2_cnt_rat,0.03043354120930505,kept
m1_stg_pln_rep_apl_cnt_min,0.029510624108308788,kept
m1_stg_pln_normal_batch_rep_apl_fal_cnt_equal_2_cnt,0.008795024154403442,kept
m1_stg_pln_rep_apl_cnt_mor_4_cnt_rat,0.02825250856138411,kept
m3_stg_pln_d0_manual_deduct_rep_apl_cnt_equal_1_cnt,0.008156826033211596,kept
m6_stg_pln_normal_batch_rep_apl_cnt_equal_2_cnt,0.009219713050983118,kept
m1_stg_pln_manual_rep_apl_cnt_min,0.010448175516260464,kept
m3_stg_pln_d0_normal_batch_rep_apl_cnt_mor_2_cnt_rat,0.06689042510198831,kept
m6_stg_pln_rep_apl_amt_adv_sum,0.0020677622894607135,kept
m6_stg_pln_rep_apl_cnt_equal_1_manual_deduct_cnt,0.00832454948727517,kept
m6_stg_pln_rep_apl_cnt_min,0.008648032990951187,kept
m6_stg_pln_d0_normal_batch_rep_apl_fal_cnt_equal_2_cnt_rat,0.018678279705786227,kept
m3_stg_pln_manual_rep_apl_suc_cnt_max,0.008856219053723233,kept
m1_stg_pln_manual_rep_apl_fal_cnt_avg,0.009303664812935934,kept
m1_stg_pln_manual_rep_apl_cnt_mor_0_cnt,0.008170862763644319,kept
m3_stg_pln_manual_rep_apl_fal_cnt_avg,0.009644371157030688,kept
m3_stg_pln_rep_apl_cnt_min,0.022602090642672743,kept
m6_stg_pln_d0_normal_batch_rep_apl_fal_cnt_mor_4_cnt_rat,0.05765073420832165,kept
m3_stg_pln_normal_batch_rep_apl_cnt_avg,0.05622782042899202,kept
m3_stg_pln_normal_batch_rep_apl_fal_cnt_equal_0_cnt_rat,0.01597571817700305,kept
m3_stg_pln_manual_rep_apl_cnt_max,0.009572982039654902,kept
m6_stg_pln_manual_rep_apl_cnt_avg,0.008634297584001818,kept
m1_stg_pln_normal_batch_rep_apl_cnt_equal_2_cnt,0.008545285817147552,kept
m1_stg_pln_manual_rep_apl_suc_cnt_avg,0.009827839190906445,kept
m3_stg_pln_d0_rep_apl_cnt_mor_4_cnt,0.06085837723964431,kept
m3_stg_pln_d0_normal_batch_rep_apl_cnt_mor_0_cnt_rat,0.026893021338763246,kept
m3_stg_pln_d0_rep_apl_cnt_mor_2_cnt_rat,0.059023245068465874,kept
m3_stg_pln_normal_batch_rep_apl_suc_cnt_avg,0.015475073198172644,kept
m3_stg_pln_manual_deduct_rep_apl_suc_cnt_min,0.009057528553231197,kept
m1_stg_pln_normal_batch_rep_apl_cnt_equal_2_cnt_rat,0.009142264833805626,kept
m1_stg_pln_manual_rep_apl_fal_cnt_max,0.009303664812935934,kept
m3_stg_pln_normal_batch_rep_apl_fal_cnt_equal_1_cnt_rat,0.06478257949567347,kept
m3_stg_pln_d0_manual_deduct_rep_apl_cnt_equal_1_cnt_rat,0.00754299671192519,kept
m1_stg_pln_normal_batch_rep_apl_suc_cnt_min,0.01043160646586043,kept
m6_stg_pln_manual_rep_apl_fal_cnt_sum,0.009025221170518759,kept
m6_stg_pln_d0_rep_apl_cnt_equal_2_cnt,0.02280240984168453,kept
m1_stg_pln_d0_rep_apl_cnt_equal_2_cnt,0.03321130330445136,kept
m6_stg_pln_normal_batch_rep_apl_suc_cnt_min,0.00823748780014447,kept
m6_stg_pln_rep_apl_amt_ovd_1d_3d_min,0.0013428489318674383,kept
m6_stg_pln_rep_apl_amt_ovd_1d_3d_sum,0.0011163550140053267,kept
m3_stg_pln_manual_rep_apl_cnt_mor_0_cnt,0.009513117051664468,kept
m3_stg_pln_manual_deduct_rep_apl_cnt_equal_1_cnt_rat,0.01063116666974311,kept
m3_stg_pln_rep_apl_suc_cnt_max,0.02069290657830877,kept
stg_pln_max_prc_amt_24m_ftr_light,0.008070865674225233,kept
stg_pln_avg_rep_prc_his_due_light,0.0011226104069456256,kept
stg_pln_cnt_his_adv_light,0.00044810673344491595,kept
stg_pln_min_rep_prc_24m_due_light,0.0004525612582908975,kept
stg_pln_max_rep_prc_24m_due_light,0.0014215186745046141,kept
stg_pln_min_prc_amt_24m_adv_light,0.0006067422688137184,kept
stg_pln_avg_prc_amt_his_ftr_light,0.009730437123892129,kept
stg_pln_max_prc_amt_36m_adv_light,0.0004977434069386129,kept
stg_pln_min_rep_prc_6m_due_light,0.0004513116942736338,kept
stg_pln_max_prc_amt_1m_adv_light,0.0006656298484639717,kept
stg_pln_avg_rep_prc_6m_due_light,0.0006478016903760169,kept
stg_pln_min_prc_amt_24m_ftr_light,0.0022026369917089476,kept
stg_pln_max_prc_amt_his_light,0.0016155290601978967,kept
stg_pln_sum_prc_amt_36m_on_light,0.0026729993198813104,kept
stg_pln_cnt_his_ftr_light,0.007888271396585132,kept
stg_pln_max_prc_amt_24m_light,0.004488505339541353,kept
stg_pln_sum_prc_amt_6m_adv_light,0.0005256640001550094,kept
stg_pln_avg_prc_amt_his_light,0.0085964248020983,kept
stg_pln_sum_prc_amt_his_adv_light,0.0004743326699020214,kept
stg_pln_cnt_12m_adv_light,0.00045018125980779807,kept
stg_pln_min_rep_prc_12m_due_light,0.0004493402611983884,kept
stg_pln_min_prc_amt_24m_light,0.0005551707224650838,kept
stg_pln_sum_rep_prc_6m_due_light,0.0006478016903760169,kept
stg_pln_avg_prc_amt_his_due_light,0.0010478515242118844,kept
stg_pln_cnt_his_due_light,0.0018270895369829664,kept
stg_pln_sum_prc_amt_36m_ftr_light,0.008492900735720031,kept
stg_pln_avg_rep_prc_12m_due_light,0.0008823268876937927,kept
stg_pln_sum_prc_amt_24m_adv_light,0.0006961023252440019,kept
stg_pln_avg_prc_amt_6m_light,0.0039436204563727565,kept
stg_pln_cnt_12m_due_light,0.0009404040225352254,kept
stg_pln_min_prc_amt_36m_light,0.000530773345597439,kept
stg_pln_avg_prc_amt_1m_on_light,0.006174073946418414,kept
stg_pln_max_rep_prc_12m_due_light,0.0008823268876937927,kept
stg_pln_min_prc_amt_36m_adv_light,0.00046358818477824237,kept
stg_pln_min_prc_amt_his_due_light,0.0004230142756217081,kept
stg_pln_max_prc_amt_1m_due_light,0.0008819574481609247,kept
stg_pln_avg_prc_amt_24m_adv_light,0.0006125168075430933,kept
stg_pln_min_prc_amt_12m_on_light,0.0004236616548219482,kept
stg_pln_avg_prc_amt_1m_adv_light,0.0006656298484639717,kept
stg_pln_min_prc_amt_12m_adv_light,0.0004287529094069544,kept
stg_pln_min_prc_amt_12m_light,0.0004425682745294264,kept
stg_pln_avg_rep_prc_24m_due_light,0.0015606460042289078,kept
stg_pln_cnt_1m_due_light,0.0008819574481609247,kept
stg_pln_min_rep_prc_his_due_light,0.0004967811982952341,kept
stg_pln_cnt_36m_adv_light,0.0004473292813347251,kept
stg_pln_cnt_1m_adv_light,0.000611263952098333,kept
stg_pln_avg_prc_amt_6m_adv_light,0.0005256640001550094,kept
stg_pln_min_prc_amt_6m_light,0.0004246853340206681,kept
stg_pln_max_prc_amt_6m_adv_light,0.0005256640001550094,kept
stg_pln_min_prc_amt_6m_on_light,0.004547662234947633,kept
stg_pln_max_prc_amt_6m_light,0.004506870021306614,kept
stg_pln_min_prc_amt_24m_on_light,0.00042355733763619713,kept
stg_pln_avg_prc_amt_1m_due_light,0.0008819574481609247,kept
stg_pln_cnt_36m_light,0.0031497629753433586,kept
stg_pln_avg_prc_amt_24m_light,0.0040661662696933635,kept
stg_pln_min_prc_amt_36m_on_light,0.0005575233885372316,kept
stg_pln_avg_prc_amt_his_adv_light,0.0005692222738517382,kept
stg_pln_min_prc_amt_his_on_light,0.00045597359151115113,kept
stg_pln_sum_prc_amt_his_due_light,0.0012796118331980825,kept
stg_pln_cnt_36m_due_light,0.001983457852318412,kept
stg_pln_max_prc_amt_12m_on_light,0.003933104602814425,kept
stg_pln_min_prc_amt_6m_ftr_light,0.0024668540501731904,kept
stg_pln_sum_rep_prc_24m_due_light,0.001491120331507151,kept
stg_pln_avg_prc_amt_12m_adv_light,0.000455107859666525,kept
d15_suc_ord_prc_amt_per_stg_max_all,0.017990166033354633,kept
d180_apl_ord_cnt_all,0.008601713669545586,kept
d15_prc_amt_mor_3_000_suc_ord_cnt,0.01247937861365796,kept
d30_suc_ord_prc_amt_per_stg_min_all,0.00979725911687283,kept
d60_apl_ord_prc_amt_max,0.00993455993149136,kept
d60_prc_amt_mor_20_000_suc_ord_cnt,0.010048350891467233,kept
d30_apl_ord_prc_amt_max_all,0.014261185586406197,kept
d7_prc_amt_mor_3_000_apl_ord_cnt,0.007807737001024145,kept
d60_prc_amt_mor_50_000_apl_ord_cnt,0.007958968511411407,kept
d60_bsy_typ_api_apl_ord_cnt_all,0.010984367441394265,kept
d360_bsy_typ_api_suc_ord_cnt_all,0.009671703233132802,kept
d30_prc_amt_mor_50_000_apl_ord_cnt,0.0074995024224983236,kept
d15_d360_suc_ord_cnt_rat,0.01640747406617849,kept
d90_apl_ord_stg_num_sum,0.004781282256354853,kept
d15_apl_ord_prc_amt_per_stg_sum,0.00923268994341492,kept
d180_apl_ord_prc_amt_avg,0.011418507783835272,kept
d15_apl_ord_prc_amt_max,0.009419724373771724,kept
d60_apl_ord_prc_amt_avg,0.008517459007627006,kept
d15_suc_ord_days_cnt,0.016405429089991815,kept
d30_apl_ord_days_cnt,0.008859142030908658,kept
d60_d360_apl_ord_prc_amt_avg_rat,0.007827319897809803,kept
d90_apl_ord_prc_amt_per_stg_min_all,0.00832140179573283,kept
d90_apl_ord_prc_amt_per_stg_max,0.009211920380680576,kept
d15_apl_ord_prc_amt_per_stg_min,0.0074770183521924785,kept
d60_d90_suc_ord_prc_amt_avg_rat,0.02973810177813311,kept
d30_suc_ord_days_cnt_all,0.023479419975154125,kept
d180_apl_ord_days_cnt,0.009443765703788347,kept
d60_apl_ord_ddf_mdl_ord_crt_dte_max,0.0048486682426551984,kept
d7_bsy_typ_bt_cash_suc_ord_cnt_all,0.012522348180133386,kept
d90_d180_suc_ord_prc_amt_avg_rat,0.04152761357320075,kept
d90_bsy_typ_api_suc_ord_cnt_all,0.016871050276604266,kept
d30_apl_ord_prc_amt_min,0.007497872304359592,kept
d7_apl_ord_days_cnt,0.008764202417832772,kept
d15_prc_amt_mor_20_000_apl_ord_cnt,0.007480872677246357,kept
d180_apl_ord_prc_amt_per_stg_min,0.009854418955808417,kept
d180_prc_amt_mor_3_000_apl_ord_cnt,0.01048225564652406,kept
d90_bsy_typ_ep_suc_ord_cnt_all,0.011501716238248673,kept
d30_d360_apl_ord_prc_amt_avg_rat_all,0.01075544533994367,kept
d15_suc_ord_prc_amt_min_all,0.00964845064316818,kept
d30_bsy_typ_api_apl_ord_cnt_all,0.009312029546479734,kept
d7_apl_ord_prc_amt_per_stg_max_all,0.011535297682411797,kept
d90_apl_ord_prc_amt_avg,0.009888732627698129,kept
d7_prc_amt_mor_10_000_suc_ord_cnt,0.010011281555965496,kept
d30_apl_ord_days_cnt_all,0.01057516338727773,kept
d180_d360_suc_ord_prc_amt_avg_rat,0.022026171250863102,kept
d15_prc_amt_mor_20_000_suc_ord_cnt,0.010128110231372327,kept
d15_prc_amt_mor_10_000_apl_ord_cnt,0.00755432672936524,kept
d60_apl_ord_prc_amt_per_stg_min,0.008129702331910854,kept
d90_d360_suc_ord_prc_amt_avg_rat,0.04193864369052661,kept
d30_prc_amt_mor_50_000_suc_ord_cnt,0.009772706390667471,kept
d30_d360_suc_ord_cnt_rat,0.02137910585620848,kept
d360_apl_ord_bsy_typ_cnt_all,0.007995362769814293,kept
d180_d360_apl_ord_cnt_rat,0.010133904774689863,kept
d90_d360_apl_ord_prc_amt_avg_rat,0.007911424404436367,kept
d180_apl_ord_bsy_typ_cnt_all,0.00930134101910421,kept
d30_prc_amt_mor_3_000_suc_ord_cnt,0.013592467840547412,kept
d90_suc_ord_prc_amt_sum_all,0.04317387670124406,kept
d30_prc_amt_mor_3_000_apl_ord_cnt,0.007468736678331933,kept
d15_d360_apl_ord_prc_amt_avg_rat,0.00921422232438869,kept
d360_suc_ord_stg_num_sum_all,0.011082651074648807,kept
d30_suc_ord_prc_amt_sum_all,0.02526675385289189,kept
d180_prc_amt_mor_3_000_suc_ord_cnt,0.01645046650302491,kept
d7_apl_ord_prc_amt_per_stg_avg_all,0.011713150601644535,kept
d7_apl_ord_prc_amt_min_all,0.007636573964617385,kept
d90_prc_amt_mor_50_000_suc_ord_cnt,0.009771726082299015,kept
d180_apl_ord_days_cnt_all,0.008917195186252332,kept
d15_prc_amt_mor_50_000_suc_ord_cnt,0.009833195101949467,kept
d360_apl_ord_stg_num_min,0.010731571463888255,kept
d360_apl_ord_ddf_mdl_ord_crt_dte_max,0.00848630976613661,kept
d360_apl_ord_prc_amt_min,0.00892066701446595,kept
d30_prc_amt_mor_10_000_apl_ord_cnt,0.008050089978949423,kept
d15_apl_ord_prc_amt_per_stg_avg,0.009205226016168681,kept
d30_apl_ord_ddf_mdl_ord_crt_dte_max,0.006305246459771303,kept
d60_prc_amt_mor_5_000_suc_ord_cnt,0.01372377602932106,kept
d30_apl_ord_prc_amt_avg_all,0.011616675893355917,kept
d30_d90_suc_ord_cnt_rat,0.039846510343245774,kept
d15_d30_apl_ord_prc_amt_avg_rat_all,0.01110203485387641,kept
d360_apl_ord_stg_num_sum_all,0.0084791778578142,kept
d180_apl_ord_ddf_mdl_ord_crt_dte_max,0.00559502375214143,kept
d90_apl_ord_ddf_mdl_ord_crt_dte_max,0.006014805608197954,kept
d15_d30_suc_ord_cnt_rat,0.020952364569596725,kept
d90_apl_ord_prc_amt_per_stg_sum,0.009309252405303163,kept
d90_apl_ord_dis_bsy_typ_cnt_all,0.009301546578213752,kept
d60_d180_suc_ord_cnt_rat,0.031194335767512543,kept
d360_prc_amt_mor_50_000_apl_ord_cnt,0.008564901115616095,kept
d180_bsy_typ_api_apl_ord_cnt_all,0.009871198799929506,kept
d7_prc_amt_mor_20_000_apl_ord_cnt,0.007557497618750976,kept
d180_apl_ord_stg_num_avg,0.004608808411799334,kept
d7_d360_suc_ord_prc_amt_avg_rat_all,0.01334587887539509,kept
d90_suc_ord_stg_num_sum_all,0.042124862788208525,kept
d90_bsy_typ_bt_cash_suc_ord_cnt_all,0.038520773417367565,kept
d15_prc_amt_mor_3_000_apl_ord_cnt,0.007753563037308709,kept
d30_d60_apl_ord_cnt_rat,0.009761589312060498,kept
d7_bsy_typ_api_apl_ord_cnt_all,0.047799034350712456,kept
d7_prc_amt_mor_5_000_suc_ord_cnt,0.010431285771390372,kept
d7_d360_apl_ord_cnt_rat_all,0.010508597794906031,kept
d60_apl_ord_stg_num_sum_all,0.004974812441014268,kept
d180_apl_ord_prc_amt_sum_all,0.012004903275993732,kept
d60_apl_ord_prc_amt_sum,0.009473307877422921,kept
d15_prc_amt_mor_50_000_apl_ord_cnt,0.007470313325773659,kept
d15_suc_ord_prc_amt_avg_all,0.01786299384332482,kept
d360_apl_ord_prc_amt_per_stg_avg,0.009700887285974059,kept
d360_apl_ord_ddf_mdl_ord_crt_dte_min,0.010839095757485453,kept
d15_bsy_typ_api_apl_ord_cnt_all,0.008994434896892839,kept
d360_apl_ord_stg_num_max,0.008001112456827636,kept
d7_d15_apl_ord_prc_amt_avg_rat,0.007015440130145108,kept
d7_prc_amt_mor_50_000_apl_ord_cnt,0.007467230952496399,kept
d180_suc_ord_days_cnt_all,0.02556788352645789,kept
