feature,real_gain_mean,null_gain_percentile,null_percentile,null_importance_score,survives
d180_apl_ord_days_cnt,104651.00257380803,0.0,75.0,1.0465100257380803e+17,True
first_day_diff_event_result_1_all,64723.82101682822,0.0,75.0,6.4723821016828216e+16,True
d360_apl_ord_ddf_mdl_ord_crt_dte_min,53814.31513230006,0.0,75.0,5.3814315132300056e+16,True
his_360_day_csh_apl_ord_cnt_his_rto,24036.731571833294,0.0,75.0,2.4036731571833296e+16,True
d30_d60_apl_ord_cnt_rat,11849.2327114741,0.0,75.0,1.18492327114741e+16,True
d180_apl_ord_days_cnt_all,7878.773179372151,0.0,75.0,7878773179372152.0,True
d60_apl_ord_prc_amt_sum,6162.87492275238,0.0,75.0,6162874922752380.0,True
dau_90d,2964.678486188253,0.0,75.0,2964678486188253.0,True
d30_apl_ord_days_cnt,2774.8966957728067,0.0,75.0,2774896695772806.5,True
cnt_avg_ord_span_30d,2617.125273704529,0.0,75.0,2617125273704529.0,True
d180_apl_ord_cnt_all,2609.191459019979,0.0,75.0,2609191459019979.0,True
ddf_lst_app_str_tim_to_mdl_tim_sec,2157.3792197903,0.0,75.0,2157379219790300.0,True
stg_pln_max_prc_amt_12m_ftr,1936.374416033427,0.0,75.0,1936374416033427.0,True
clk_cnt_14d,1842.3454639116924,0.0,75.0,1842345463911692.5,True
ord_apl_avg_prc_amt_720_day_per_mth,1819.221706231435,0.0,75.0,1819221706231435.0,True
rsk_lmt_rate_ch_1m_grt_0p2_rate_6m,1794.386916955312,0.0,75.0,1794386916955312.0,True
6m_used_lmt_second_der_min,1687.4873785972595,0.0,75.0,1687487378597259.5,True
pmt_crd_amt_3m,1397.4901795387268,0.0,75.0,1397490179538726.8,True
first_day_diff_event_result_0_event_type_loan_all,1275.6081140041351,0.0,75.0,1275608114004135.2,True
d90_bsy_typ_bt_cash_suc_ord_cnt_all,950.4742387135824,0.0,75.0,950474238713582.4,True
rsk_avl_lmt_ch_les_10000_cnt_12m,948.7528594334921,0.0,75.0,948752859433492.1,True
pst_ord_apl_suc_max_prc_amt_180_day,918.1630630493164,0.0,75.0,918163063049316.4,True
d180_apl_ord_ddf_mdl_ord_crt_dte_max,912.4252400398254,0.0,75.0,912425240039825.5,True
pmt_crd_amt_pmonth_his,722.8974692026774,0.0,75.0,722897469202677.4,True
d90_unpaid_principal_tot_amt_t_day_divide_rsk_avl_lmt_cash_his_t_day_max,694.1363525390625,0.0,75.0,694136352539062.5,True
min_rsk_lmt_rate_12m_bt_ch,686.5738048553467,0.0,75.0,686573804855346.8,True
d360_max_faqi_prc_amt_divide_rsk_avl_lmt_cash,611.4633969465891,0.0,75.0,611463396946589.1,True
sum_avb_lmt_2m_v2,585.972808678945,0.0,75.0,585972808678945.0,True
his_30d_app_str_ctn_v2,575.3675282597542,0.0,75.0,575367528259754.2,True
avg_avl_lmt_lft_rep_prc_3m_cash_1m,575.1310035387675,0.0,75.0,575131003538767.5,True
m1_stg_pln_d0_rep_apl_cnt,572.7183322906494,0.0,75.0,572718332290649.4,True
d180_ontimrepay_thismon_sum_larger_than_rsk_avl_lmt_cash_count_sum,559.0032590230306,0.0,75.0,559003259023030.6,True
stg_pln_sum_rep_prc_his_d0_mrn_zd_rto_v2,490.0054780244827,0.0,75.0,490005478024482.75,True
ord_apl_fal_cnt_his,489.6795285542806,0.0,75.0,489679528554280.56,True
rsk_avl_lmt_ch_les_500_cnt_12m,488.1983167330424,0.0,75.0,488198316733042.44,True
payment_day_6m,472.01694107055664,0.0,75.0,472016941070556.6,True
d60_apl_ord_ddf_mdl_ord_crt_dte_max,408.7563107808431,0.0,75.0,408756310780843.06,True
stg_pln_sum_prc_amt_6m_12m_rto_ftr,393.2624979019165,0.0,75.0,393262497901916.5,True
ord_apl_suc_sum_stg_num_180_day,362.3810640970866,0.0,75.0,362381064097086.6,True
his_due_repay_amt_sum_divide_his_faqi_trade_amt_sum,360.91395886739093,0.0,75.0,360913958867390.94,True
max_avl_lmt_lft_rep_prc_1m_cash_3m,346.8267691930135,0.0,75.0,346826769193013.5,True
6m_used_lmt_first_der_min,334.67597007751465,0.0,75.0,334675970077514.6,True
af_6m_trend,331.80884075164795,0.0,75.0,331808840751647.94,True
rsk_lmt_rate_ch_1m_grt_0p5_rate_6m,327.31030972798663,0.0,75.0,327310309727986.6,True
12m_used_lmt_second_der_sum,323.54089371363324,0.0,75.0,323540893713633.25,True
ftr_pending_repay_gurantee_fee_sum_divide_ftr_principal_sum,303.70523977279663,0.0,75.0,303705239772796.6,True
ord_apl_min_prc_amt_his,299.91429058710736,0.0,75.0,299914290587107.4,True
ord_apl_suc_sum_prc_amt_360_day_bjq_12m,297.5246663292249,0.0,75.0,297524666329224.9,True
credit_unique_scene_cnt_12m,279.93763399124146,0.0,75.0,279937633991241.47,True
d180_max_faqi_prc_amt_divide_rsk_adt_lmt_cash,270.41534837086994,0.0,75.0,270415348370869.94,True
6m_repay_amt_first_der_max,258.63670508066815,0.0,75.0,258636705080668.16,True
d7_d360_suc_ord_prc_amt_avg_rat_all,254.1018352508545,0.0,75.0,254101835250854.5,True
min_rsk_avl_lmt_12m_bt_ch,251.1229683558146,0.0,75.0,251122968355814.62,True
d180_suc_ord_days_cnt_all,250.89067888259888,0.0,75.0,250890678882598.88,True
d30_apl_ord_days_cnt_all,249.09083684285483,0.0,75.0,249090836842854.84,True
first_amt_event_type_credit_all,240.34386398394903,0.0,75.0,240343863983949.03,True
12m_used_lmt_second_der_max,238.43993933995566,0.0,75.0,238439939339955.66,True
ai_call_cnt_21d,237.22483142217,0.0,75.0,237224831422170.03,True
d360_apl_ord_stg_num_sum_all,233.5967276096344,0.0,75.0,233596727609634.4,True
stg_pln_pay_off_cnt_bjq_12m,233.29710245132446,0.0,75.0,233297102451324.47,True
d90_faqiamt_thismon_sum_larger_than_rsk_avl_lmt_cash_count_sum,232.55475028355917,0.0,75.0,232554750283559.2,True
sum_talk_duration_180d,229.14403279622397,0.0,75.0,229144032796223.97,True
d180_unpaid_principal_tot_amt_t_day_divide_rsk_avl_lmt_cash_his_t_day_max,226.43035411834717,0.0,75.0,226430354118347.2,True
rsk_lmt_rate_ch_1m_grt_0p2_rate_36m,225.87494659423828,0.0,75.0,225874946594238.28,True
rsk_lmt_rate_ch_1m_grt_0p5_cnt_3m,224.75956598917642,0.0,75.0,224759565989176.44,True
m6_stg_pln_manual_deduct_rep_apl_cnt_sum,217.50516859690347,0.0,75.0,217505168596903.47,True
rsk_lmt_rate_ch_1m_grt_0p8_rate_3m,208.58239968617758,0.0,75.0,208582399686177.6,True
min_rsk_lmt_rate_3m_bt_ch,203.1740353902181,0.0,75.0,203174035390218.12,True
d720_faqi_trade_amt_larger_than_unpaid_principal_tot_amt_t_day_count_sum,198.508247534434,0.0,75.0,198508247534434.0,True
d15_suc_ord_prc_amt_avg_all,197.58696381251016,0.0,75.0,197586963812510.16,True
d90_apl_ord_prc_amt_avg,188.14908123016357,0.0,75.0,188149081230163.56,True
credit_unique_fund_cnt_3m,184.39146518707275,0.0,75.0,184391465187072.75,True
stg_pln_sum_rep_prc_his_fst_ord,183.04619669914246,0.0,75.0,183046196699142.47,True
18m_used_lmt_second_der_min,181.61232217152914,0.0,75.0,181612322171529.16,True
lst_app_str_hr,180.13851102193198,0.0,75.0,180138511021931.97,True
m3_manual_rep_apl_suc_amt_avg,180.0944380760193,0.0,75.0,180094438076019.28,True
rsk_lmt_rate_ch_1m_grt_0p95_rate_36m,179.90103360017142,0.0,75.0,179901033600171.4,True
d90_apl_ord_prc_amt_per_stg_sum,175.9500257174174,0.0,75.0,175950025717417.4,True
d90_aplord_suc_month_cnt,171.23080444335938,0.0,75.0,171230804443359.38,True
ord_apl_min_prc_amt_360_day_bjq_12m,168.69384034474692,0.0,75.0,168693840344746.9,True
stg_pln_cnt_3m_ftr_his_rep_rto_cash,168.64966456095377,0.0,75.0,168649664560953.78,True
18m_repay_amt_second_der_mean_diff,166.2486633459727,0.0,75.0,166248663345972.7,True
stg_pln_sum_rep_prc_12m_his_d0_mrn_pk_rto,163.1002572377523,0.0,75.0,163100257237752.28,True
af_1y_inter_3m_sum_up,161.54336738586426,0.0,75.0,161543367385864.25,True
his_360_day_prc_amt_3_000_flg_suc_ord_cnt_bjq_12m,161.3331200281779,0.0,75.0,161333120028177.9,True
rsk_lmt_rate_ch_1m_grt_0p9_rate_12m,160.75084193547568,0.0,75.0,160750841935475.7,True
d7_d15_apl_ord_prc_amt_avg_rat,160.72145303090414,0.0,75.0,160721453030904.16,True
rsk_avl_lmt_ch_les_1000_rate_12m,158.65415477752686,0.0,75.0,158654154777526.84,True
3m_used_lmt_first_der_median,146.7994958559672,0.0,75.0,146799495855967.2,True
his_360_day_csh_apl_ord_cnt_bjq_12m,145.51627095540366,0.0,75.0,145516270955403.66,True
d360_apl_ord_ddf_mdl_ord_crt_dte_max,145.23441330591837,0.0,75.0,145234413305918.38,True
d180_apl_ord_prc_amt_sum_all,144.65803949038187,0.0,75.0,144658039490381.88,True
d30_d360_apl_ord_prc_amt_avg_rat_all,144.6385850906372,0.0,75.0,144638585090637.22,True
d180_due_repay_amt_sum_divide_d180_faqi_trade_amt_sum,143.5612408320109,0.0,75.0,143561240832010.9,True
his_720_day_csh_apl_ord_cnt_his_rto,140.80512793858847,0.0,75.0,140805127938588.47,True
d720_faqi_trade_amt_larger_than_due_repay_amt_by_mon_count_sum,139.93996620178223,0.0,75.0,139939966201782.23,True
fst_fal_ord_prc_amt,139.6912899017334,0.0,75.0,139691289901733.4,True
d180_apl_ord_prc_amt_avg,138.3341236114502,0.0,75.0,138334123611450.2,True
d180_faqi_trade_amt_larger_than_due_repay_amt_by_mon_count_sum,138.21930956840515,0.0,75.0,138219309568405.16,True
d360_faqi_trade_amt_larger_than_unpaid_principal_tot_amt_t_day_count_sum,137.42916822433472,0.0,75.0,137429168224334.72,True
stg_pln_sum_prc_amt_3m_6m_rto_ftr,136.93371470769247,0.0,75.0,136933714707692.47,True
3m_repay_amt_first_der_sum,136.00381708145142,0.0,75.0,136003817081451.42,True
3m_used_lmt_first_der_small_0_sum,135.97878901163736,0.0,75.0,135978789011637.36,True
m1_rep_apl_suc_amt_max,135.8727560043335,0.0,75.0,135872756004333.5,True
median_amt_other_info_auto_deduct_all,132.52935791015625,0.0,75.0,132529357910156.25,True
af_q2_q1_trend,132.2416132291158,0.0,75.0,132241613229115.81,True
d60_apl_ord_stg_num_sum_all,130.2501017252604,0.0,75.0,130250101725260.4,True
stg_pln_max_prc_amt_6m_12m_ftr_cash,129.8145662943522,0.0,75.0,129814566294352.2,True
pge_id_cnt_7d,128.9594006538391,0.0,75.0,128959400653839.11,True
12m_repay_amt_first_der_median,128.34823846817017,0.0,75.0,128348238468170.17,True
d90_apl_ord_dis_bsy_typ_cnt_all,127.75603612263997,0.0,75.0,127756036122639.97,True
ddf_24m_rep_dte_neg_7_crt_dt_ord_cnt,119.16469955444336,0.0,75.0,119164699554443.36,True
m1_rep_apl_suc_stg_pln_cnt_max,118.2015323638916,0.0,75.0,118201532363891.61,True
rsk_avl_lmt_ch_1m_les_10000_rate_bjq_12m,117.46519025166829,0.0,75.0,117465190251668.3,True
3m_repay_amt_first_der_mean_rto,116.48664331436157,0.0,75.0,116486643314361.58,True
stg_pln_cnt_1m_ftr_his_rep_rto_all,116.08360783259074,0.0,75.0,116083607832590.75,True
max_rsk_lmt_rate_bt_ch_3m,114.0872589747111,0.0,75.0,114087258974711.11,True
d180_d360_apl_ord_cnt_rat,113.85812918345134,0.0,75.0,113858129183451.34,True
percent_true_call_mode_is_manual_called_phone_social_relations_is_family_90d,113.19433371225993,0.0,75.0,113194333712259.94,True
ord_apl_fal_cnt_360_day,112.220778465271,0.0,75.0,112220778465271.0,True
d1080_max_faqi_prc_amt_divide_rsk_adt_lmt_cash,109.01253294944763,0.0,75.0,109012532949447.64,True
d90_d360_apl_ord_prc_amt_avg_rat,106.89345010121663,0.0,75.0,106893450101216.62,True
stg_pln_min_rep_prc_his,105.15956354141235,0.0,75.0,105159563541412.36,True
m3_rep_apl_stg_pln_cnt_max,104.4439746538798,0.0,75.0,104443974653879.81,True
ord_apl_fal_cnt_90_day,104.41049512227376,0.0,75.0,104410495122273.77,True
12m_used_lmt_first_der_mean_diff,104.16135374704997,0.0,75.0,104161353747049.97,True
rsk_lmt_rate_ch_1m_grt_0p95_rate_3m,101.86079088846843,0.0,75.0,101860790888468.44,True
percent_true_followup_code_wfjt_is_can_contact_person_yes_30d,101.1109504699707,0.0,75.0,101110950469970.7,True
his_7d_app_str_ctn_v2,99.30952803293864,0.0,75.0,99309528032938.64,True
18m_used_lmt_second_der_mean_rto,98.69107683499654,0.0,75.0,98691076834996.53,True
12m_used_lmt_second_der_mean_diff,97.08640996615092,0.0,75.0,97086409966150.92,True
percent_true_followup_code_other_call_mode_manual_30d,97.07853253682454,0.0,75.0,97078532536824.55,True
ord_apl_cnt_13_18,96.69941361745198,0.0,75.0,96699413617451.98,True
credit_loan_usage_rate_24m,96.4304100672404,0.0,75.0,96430410067240.4,True
min_avl_lmt_lft_rep_prc_2m_cash_3m,92.10883696873982,0.0,75.0,92108836968739.83,True
d15_d360_suc_ord_cnt_rat,91.78073374430339,0.0,75.0,91780733744303.39,True
min_amt_event_type_credit_event_result_1,89.67174430688222,0.0,75.0,89671744306882.22,True
ord_apl_suc_sum_prc_amt_360_day_13_18_bjq_12m,89.33060423533122,0.0,75.0,89330604235331.22,True
ddf_mdl_max_con_dau_dt_90d,88.79601955413818,0.0,75.0,88796019554138.19,True
min_ddf_rep_tim_dte_adv,87.9573671023051,0.0,75.0,87957367102305.1,True
d30_apl_ord_ddf_mdl_ord_crt_dte_max,87.8833835919698,0.0,75.0,87883383591969.81,True
cnt_other_info_auto_deduct_uid_recent_days_540,87.1019474665324,0.0,75.0,87101947466532.39,True
tot_pending_repay_tot_fee_stddev,87.03054364522298,0.0,75.0,87030543645222.98,True
ddf_bjq_12m_rep_dte_1_crt_dt_max_prc_amt,87.01069895426433,0.0,75.0,87010698954264.33,True
credit_unique_scene_cnt_24m,85.70566097895305,0.0,75.0,85705660978953.05,True
d720_unpaid_principal_tot_amt_t_day_divide_rsk_adt_lmt_cash_his_t_day_max,84.97027325630188,0.0,75.0,84970273256301.88,True
m1_stg_pln_manual_deduct_rep_apl_cnt_equal_1_cnt_rat,84.36463324228923,0.0,75.0,84364633242289.23,True
stg_pln_sum_rep_prc_his_ovd_0d_pls_3d_zd_rto_v2,83.62619002660115,0.0,75.0,83626190026601.16,True
redu_amt_event_type_repay_loan,83.61515438059966,0.0,75.0,83615154380599.67,True
stg_pln_max_prc_amt_12m_ftr_his_rep_rto_cash,83.43157271544139,0.0,75.0,83431572715441.39,True
stg_pln_avg_prc_amt_3m_6m_ftr_rto_all,83.1363566716512,0.0,75.0,83136356671651.2,True
ddf_12m_rep_dte_1_crt_dt_rep_prc_amt_rto,82.86100912094116,0.0,75.0,82861009120941.16,True
stg_pln_sum_rep_prc_his_ovd_0d_pls_3d_zd_v2,82.63887627919515,0.0,75.0,82638876279195.14,True
rsk_avl_lmt_ch_1m_les_500_cnt_12m,82.56549866994222,0.0,75.0,82565498669942.22,True
stg_pln_sum_rep_prc_his_d0_mrn_zd_v2,82.51063044865926,0.0,75.0,82510630448659.27,True
his_30_day_csh_apl_ord_cnt_his_rto,82.3250462214152,0.0,75.0,82325046221415.2,True
max_ddf_mdl_rep_dte_ftr,82.2041031519572,0.0,75.0,82204103151957.2,True
rsk_lmt_rate_ch_1m_grt_0p5_rate_bjq_12m,81.29516522089641,0.0,75.0,81295165220896.4,True
recent_1m_repay_progress_max,80.77103392283122,0.0,75.0,80771033922831.22,True
d1095_aplord_fal_month_cnt,80.35941298802693,0.0,75.0,80359412988026.94,True
ddf_36m_rep_dte_5_crt_dt_rep_prc_amt_rto,79.91951704025269,0.0,75.0,79919517040252.69,True
his_max_faqi_prc_amt_divide_max_ontim_amt_sum_mon,78.58020035425822,0.0,75.0,78580200354258.22,True
div_amt_event_type_repay_loan,78.27216704686482,0.0,75.0,78272167046864.83,True
3m_repay_amt_first_der_max,77.29157702128093,0.0,75.0,77291577021280.94,True
6thord_con_dsc_apply_amt_max,77.28520202636719,0.0,75.0,77285202026367.19,True
d1080_unpaid_principal_tot_amt_t_day_divide_rsk_adt_lmt_cash_his_t_day_max,77.18186593055725,0.0,75.0,77181865930557.25,True
d180_max_due_prc_amt_divide_d180_max_faqi_prc_amt,76.34302059809367,0.0,75.0,76343020598093.67,True
m3_manual_rep_apl_suc_amt_sum,75.99056434631348,0.0,75.0,75990564346313.48,True
d360_due_repay_amt_sum_divide_d360_faqi_trade_amt_sum,74.77258427937825,0.0,75.0,74772584279378.25,True
d180_max_adv_repay_amt_divide_d180_max_faqi_prc_amt,73.73851029078166,0.0,75.0,73738510290781.66,True
6m_used_lmt_first_der_small_0_sum,73.6582899093628,0.0,75.0,73658289909362.8,True
min_ddf_mdl_rep_tim_adv_bjq_12m,73.63998047510783,0.0,75.0,73639980475107.83,True
stg_pln_sum_rep_prc_his_d0_mrn_pk,73.462349096934,0.0,75.0,73462349096934.0,True
min_amt_event_type_repay_recent_180,73.13024083773296,0.0,75.0,73130240837732.95,True
ord_apl_suc_cnt_720_day_13_18,72.9597601890564,0.0,75.0,72959760189056.39,True
stg_pln_pay_off_max_prc_amt_pday_12m,72.5099007288615,0.0,75.0,72509900728861.5,True
cnt_event_type_limit_type_heavy_all,72.44619250297546,0.0,75.0,72446192502975.47,True
3m_repay_ftr_amt_second_der_mean_rto,71.86805280049641,0.0,75.0,71868052800496.42,True
rsk_avl_lmt_ch_les_1000_cnt_3m,71.55977328618367,0.0,75.0,71559773286183.67,True
max_ddf_lag_crt_dte,71.52390313148499,0.0,75.0,71523903131484.98,True
m1_rep_apl_suc_amt_sum,70.26690944035848,0.0,75.0,70266909440358.48,True
f54__percent_true_call_mode_is_manual_called_phone_social_relations_is_friend_30d,69.90427366892497,0.0,75.0,69904273668924.98,True
rsk_avl_lmt_ch_1m_les_500_cnt_3m,69.46753533681233,0.0,75.0,69467535336812.336,True
avg_ddf_rep_dte_ord_crt_tim_7,68.36684036254883,0.0,75.0,68366840362548.83,True
3m_used_lmt_first_der_sum,68.27434913317363,0.0,75.0,68274349133173.63,True
ddf_3m_rep_dte_7_crt_dt_rep_prc_amt_rto,68.2506103515625,0.0,75.0,68250610351562.5,True
3m_used_lmt_second_der_sum,67.78682724634807,0.0,75.0,67786827246348.07,True
stg_pln_pay_off_cnt_d0_rep_6m_rto,67.37069956461589,0.0,75.0,67370699564615.89,True
ord_apl_sum_prc_amt_360_day_bjq_12m,67.31036043167114,0.0,75.0,67310360431671.14,True
avg_avl_lmt_lft_rep_prc_all_cash_24m,66.90464051564534,0.0,75.0,66904640515645.34,True
rsk_lmt_rate_ch_1m_grt_0p2_rate_bjq_12m,66.89001667499542,0.0,75.0,66890016674995.42,True
cnt_avg_ord_span_30d_90d,66.3515461285909,0.0,75.0,66351546128590.9,True
18ord_apply_amt_first_der_min,65.45311737060547,0.0,75.0,65453117370605.47,True
d15_apl_ord_prc_amt_max,65.14720439910889,0.0,75.0,65147204399108.89,True
3m_used_lmt_first_der_mean_diff,64.90706666310628,0.0,75.0,64907066663106.28,True
6stg_pln_repay_amt_second_der_median,64.35622374216716,0.0,75.0,64356223742167.164,True
af_6m_inter_1m_sum_up,64.3243595759074,0.0,75.0,64324359575907.4,True
3stg_pln_repay_amt_second_der_mean_diff,64.30674028396606,0.0,75.0,64306740283966.06,True
m1_manual_rep_apl_suc_amt_sum,64.29066117604573,0.0,75.0,64290661176045.734,True
rsi_abf_1y_inter_1m,63.509132385253906,0.0,75.0,63509132385253.91,True
d1095_aplord_stg_grt_fst_month_cnt,62.24529004096985,0.0,75.0,62245290040969.85,True
max_ddf_mdl_rep_dte_his_bjq,61.543239752451576,0.0,75.0,61543239752451.58,True
credit_unique_fund_cnt_36m,61.271820068359375,0.0,75.0,61271820068359.375,True
rsk_avl_lmt_ch_1m_les_500_cnt_bjq_12m,61.14651314417521,0.0,75.0,61146513144175.21,True
d1080_due_repay_amt_sum_divide_d1080_faqi_trade_amt_sum,61.06407308578491,0.0,75.0,61064073085784.914,True
last_day_diff_event_result_0_event_type_loan_all,60.732670307159424,0.0,75.0,60732670307159.42,True
6m_used_lmt_first_der_median,60.56494744618734,0.0,75.0,60564947446187.34,True
stg_pln_pay_off_sum_prc_amt_1m_3m_rto,60.42969989776611,0.0,75.0,60429699897766.12,True
d60_apl_ord_prc_amt_per_stg_min,60.19401717185974,0.0,75.0,60194017171859.74,True
12m_used_lmt_second_der_small_0_sum,59.325522899627686,0.0,75.0,59325522899627.69,True
6m_used_lmt_second_der_median,59.07761001586914,0.0,75.0,59077610015869.14,True
ai_call_cnt_60d,58.959049224853516,0.0,75.0,58959049224853.516,True
m6_stg_pln_rep_apl_cnt_equal_1_manual_rep_apl_amt_min,58.71467685699463,0.0,75.0,58714676856994.63,True
36stg_pln_repay_amt_second_der_mean_diff,58.685296058654785,0.0,75.0,58685296058654.79,True
m3_manual_rep_apl_stg_pln_cnt_max,58.233670234680176,0.0,75.0,58233670234680.18,True
d1095_avl_lmt_eql_0_month_cnt,57.99610265096029,0.0,75.0,57996102650960.29,True
succloan_stage_num_mean_all,57.28703292210897,0.0,75.0,57287032922108.97,True
3m_used_lmt_second_der_stddev,57.19522007306417,0.0,75.0,57195220073064.17,True
rsk_avl_lmt_ch_1m_les_10000_cnt_bjq_12m,57.05578947067261,0.0,75.0,57055789470672.61,True
m1_rep_apl_stg_pln_cnt_mor_1_cnt,56.35919984181722,0.0,75.0,56359199841817.23,True
avg_day_diff_shift1_event_type_repay_all,56.270656744639076,0.0,75.0,56270656744639.08,True
used_rate_ch_grt_0p5_rate_3m,56.04893716176351,0.0,75.0,56048937161763.516,True
18m_used_lmt_second_der_sum,55.78644641240438,0.0,75.0,55786446412404.38,True
min_ddf_suc_lag_crt_tim_mnt,55.603513638178505,0.0,75.0,55603513638178.51,True
d360_light_limit_divide_btch_adt_limit,55.43240658442179,0.0,75.0,55432406584421.79,True
m1_stg_pln_manual_rep_apl_suc_cnt_avg,55.10406812032064,0.0,75.0,55104068120320.64,True
ddf_24m_rep_dte_neg_7_crt_dt_avg_prc_amt,55.04011011123657,0.0,75.0,55040110111236.57,True
d720_max_due_prc_amt_divide_d720_max_faqi_prc_amt,54.97011375427246,0.0,75.0,54970113754272.46,True
payment_balancenotenough_day_rate_3m,54.86899948120117,0.0,75.0,54868999481201.17,True
d90_apl_ord_prc_amt_per_stg_min_all,54.65380311012268,0.0,75.0,54653803110122.68,True
3m_used_lmt_first_der_mean_rto,54.39185380935669,0.0,75.0,54391853809356.69,True
d720_repaid_interest_fee_sum,53.999226570129395,0.0,75.0,53999226570129.4,True
6m_used_lmt_first_der_mean_diff,53.86379313468933,0.0,75.0,53863793134689.336,True
stg_pln_cnt_6m_12m_ftr_rto_all,53.862107157707214,0.0,75.0,53862107157707.22,True
ddf_bjq_12m_rep_dte_7_crt_dt_rep_prc_amt,53.80189355214437,0.0,75.0,53801893552144.375,True
m1_stg_pln_d0_rep_apl_suc_cnt,53.73413372039795,0.0,75.0,53734133720397.95,True
d365_aplord_suc_month_cnt,53.71826012929281,0.0,75.0,53718260129292.81,True
min_ddf_mdl_rep_tim_d0_rep_his_bjq_12m,53.67025343577067,0.0,75.0,53670253435770.67,True
his_trade_fail_count_mon_divide_his_trade_success_count_mon,53.24404342969259,0.0,75.0,53244043429692.586,True
12m_used_lmt_first_der_sum,52.91239309310913,0.0,75.0,52912393093109.13,True
stg_pln_sum_rep_prc_3m_his_ovd_0d_pls_3d_afn_pk_rto_v2,52.52539348602295,0.0,75.0,52525393486022.95,True
stddev_amt_event_type_repay_all,52.420273224512734,0.0,75.0,52420273224512.734,True
m6_manual_rep_apl_suc_cnt_in_manual_rep_rat,51.08027331034342,0.0,75.0,51080273310343.42,True
avg_ddf_rep_dte_ord_crt_tim_3,50.92643960316976,0.0,75.0,50926439603169.766,True
d360_apl_ord_prc_amt_min,50.81333351135254,0.0,75.0,50813333511352.54,True
d360_repaid_exclude_principal_fee_max,50.54550298055013,0.0,75.0,50545502980550.13,True
9m_ftr_con_dsc_repay_amt_max,50.4546012878418,0.0,75.0,50454601287841.8,True
3stg_pln_repay_amt_second_der_mean_rto,50.43085296948751,0.0,75.0,50430852969487.51,True
stg_pln_cnt_3m_6m_ftr_rto_all,50.38746372858683,0.0,75.0,50387463728586.83,True
6stg_pln_repay_amt_second_der_mean_rto,50.34894975026449,0.0,75.0,50348949750264.49,True
rsk_avl_lmt_ch_1m_les_1000_rate_6m,50.32490030924479,0.0,75.0,50324900309244.79,True
18ord_apply_amt_second_der_median,50.17801602681478,0.0,75.0,50178016026814.78,True
m6_manual_tim_13_18_rep_apl_suc_cnt_rat,49.735480149587,0.0,75.0,49735480149587.0,True
percent_true_followup_code_wfjt_called_phone_social_relations_family_180d,49.38697290420532,0.0,75.0,49386972904205.32,True
6m_used_lmt_second_der_sum,49.09234015146891,0.0,75.0,49092340151468.914,True
his_trade_fail_amt_sum_mon_divide_his_trade_success_amt_sum_mon,48.96658372879028,0.0,75.0,48966583728790.28,True
m3_stg_pln_bnk_cnt_avg,48.940670013427734,0.0,75.0,48940670013427.734,True
d90_repaid_interest_fee_sum_divide_d90_principal_sum,48.532420794169106,0.0,75.0,48532420794169.11,True
stg_pln_cnt_d0_rep_his_fst_ord,48.45931990941366,0.0,75.0,48459319909413.66,True
stg_pln_sum_prc_amt_6m_12m_ftr_cash,48.15239715576172,0.0,75.0,48152397155761.72,True
6m_used_lmt_first_der_max,48.076926390329994,0.0,75.0,48076926390329.99,True
his_max_faqi_prc_amt_divide_unpaid_principal_tot,47.97448968887329,0.0,75.0,47974489688873.29,True
d60_d360_apl_ord_prc_amt_avg_rat,47.62599674860636,0.0,75.0,47625996748606.36,True
d180_apl_ord_stg_num_avg,47.46502637863159,0.0,75.0,47465026378631.59,True
stg_pln_min_prc_amt_1m_3m_ftr_rto_cash,47.37825663884481,0.0,75.0,47378256638844.81,True
3stg_pln_repay_amt_first_der_median,47.012540340423584,0.0,75.0,47012540340423.586,True
m6_normal_batch_rep_apl_suc_amt_avg,46.97312021255493,0.0,75.0,46973120212554.93,True
stg_pln_sum_rep_prc_his_d0_afn_zd_v2,46.769577185312905,0.0,75.0,46769577185312.91,True
stg_pln_sum_rep_prc_his_d0_afn_zd_rto_v2,46.67172066370646,0.0,75.0,46671720663706.46,True
6ord_apply_amt_first_der_sum,46.03724344571432,0.0,75.0,46037243445714.32,True
6stg_pln_repay_amt_first_der_median,45.94179360071818,0.0,75.0,45941793600718.18,True
stg_pln_min_prc_amt_6m_ftr,45.52713362375895,0.0,75.0,45527133623758.95,True
ddf_fst_lst_ord_crt_dte,45.499659856160484,0.0,75.0,45499659856160.484,True
m1_stg_pln_d0_rep_apl_suc_cnt_rat,45.40772310892741,0.0,75.0,45407723108927.41,True
d60_apl_ord_prc_amt_max,44.90914567311605,0.0,75.0,44909145673116.055,True
d90_d180_suc_ord_prc_amt_avg_rat,44.61400032043457,0.0,75.0,44614000320434.57,True
m3_manual_deduct_rep_apl_cnt_rat,44.56319999694824,0.0,75.0,44563199996948.24,True
stg_pln_sum_prc_amt_1m_2m_rto,44.467933336893715,0.0,75.0,44467933336893.72,True
stddev_day_diff_shift1_event_type_repay_all,44.34216992060343,0.0,75.0,44342169920603.43,True
stg_pln_sum_rep_prc_12m_his_d0_mrn_zd_rto,44.07290061314901,0.0,75.0,44072900613149.01,True
12m_used_lmt_first_der_mean_rto,44.005276679992676,0.0,75.0,44005276679992.68,True
credit_reject_cnt_12m,43.7385900815328,0.0,75.0,43738590081532.8,True
ai_busy_cnt_15d,43.52804978688558,0.0,75.0,43528049786885.586,True
6stg_pln_repay_amt_first_der_mean_diff,43.51726229985555,0.0,75.0,43517262299855.555,True
min_ddf_lag_crt_tim_mnt,43.278566122055054,0.0,75.0,43278566122055.055,True
ord_apl_sum_prc_amt_13_18,43.119333267211914,0.0,75.0,43119333267211.914,True
6ord_apply_amt_second_der_mean_rto,43.102816899617515,0.0,75.0,43102816899617.516,True
12m_used_lmt_first_der_great_0_sum,42.80622013409933,0.0,75.0,42806220134099.33,True
d180_due_repay_amt_avg_divide_d180_faqi_trade_amt_avg,42.36998271942139,0.0,75.0,42369982719421.39,True
stg_pln_sum_rep_prc_his_d0_mrn_pk_rto_v2,42.12196350097656,0.0,75.0,42121963500976.56,True
sum_talk_duration_call_mode_ai_180d,42.11840947469076,0.0,75.0,42118409474690.76,True
6stg_pln_repay_amt_first_der_max,41.61503314971924,0.0,75.0,41615033149719.24,True
max_ddf_rep_tim_dte_adv,41.54907385508219,0.0,75.0,41549073855082.195,True
30stg_pln_repay_amt_second_der_mean_rto,41.46186637878418,0.0,75.0,41461866378784.18,True
12m_used_lmt_first_der_avg,41.41564973195394,0.0,75.0,41415649731953.945,True
15d_range_sum_prc_amt_1m,41.10594336191813,0.0,75.0,41105943361918.13,True
stg_pln_cnt_7d_ftr_his_rto_cash,41.09065000216166,0.0,75.0,41090650002161.664,True
f54__percent_true_call_mode_is_manual_called_phone_social_relations_is_self_is_can_contact_person_is_yes_30d,40.923699696858726,0.0,75.0,40923699696858.73,True
d30_d60_his_rep_amt_sum_rat_btch,40.70989012718201,0.0,75.0,40709890127182.01,True
avg_avl_lmt_lft_rep_prc_all_cash_12m,40.67297983169556,0.0,75.0,40672979831695.555,True
stg_pln_max_prc_amt_d0_rep_his_fst_ord,40.60521320501963,0.0,75.0,40605213205019.63,True
m3_manual_deduct_rep_apl_suc_amt_sum,40.403733571370445,0.0,75.0,40403733571370.445,True
max_amt_type_light,40.17339317003886,0.0,75.0,40173393170038.86,True
stg_pln_sum_prc_amt_12m_ftr_his_rep_rto_cash,40.095152378082275,0.0,75.0,40095152378082.27,True
percent_true_call_mode_is_manual_called_phone_social_relations_is_family_30d,39.736233393351235,0.0,75.0,39736233393351.234,True
min_avl_lmt_lft_rep_prc_all_cash_36m,39.71672280629476,0.0,75.0,39716722806294.766,True
f54__percent_true_call_mode_is_ai_called_phone_social_relations_is_self_180d,39.56383021672567,0.0,75.0,39563830216725.67,True
d90_avg_due_pay_amt_sum_by_mon_divide_rsk_adt_lmt_cash,39.48308348655701,0.0,75.0,39483083486557.01,True
d90_apl_ord_prc_amt_per_stg_max,39.198302825291954,0.0,75.0,39198302825291.95,True
n_unique_event_type_day_diff_shift1_event_type_loan,38.99595959981283,0.0,75.0,38995959599812.83,True
cnt_event_type_repay_event_result_1_all,38.66506020228068,0.0,75.0,38665060202280.68,True
ord_apl_max_prc_amt_360_day_bjq_12m,38.58415699005127,0.0,75.0,38584156990051.27,True
stg_pln_avg_prc_amt_12m_ftr_his_rep_rto_cash,38.51760292053223,0.0,75.0,38517602920532.23,True
credit_ratio_12m,38.38725026448568,0.0,75.0,38387250264485.68,True
stg_pln_sum_prc_amt_ovd_pls_rep_bjq_12m,38.254489739735924,0.0,75.0,38254489739735.92,True
stg_pln_min_prc_amt_3m_6m_ftr_rto_cash,38.02817312876383,0.0,75.0,38028173128763.836,True
d90_max_due_prc_amt_divide_rsk_adt_lmt_cash,37.883293310801186,0.0,75.0,37883293310801.19,True
pst_ord_apl_suc_max_prc_amt_his,37.73928968111674,0.0,75.0,37739289681116.74,True
d1080_faqiamt_thismon_sum_larger_than_rsk_adt_lmt_cash_count_sum,37.46333376566569,0.0,75.0,37463333765665.69,True
3ord_apply_amt_second_der_mean_diff,37.35457674662272,0.0,75.0,37354576746622.72,True
m6_normal_batch_rep_apl_suc_amt_max,37.349993546803795,0.0,75.0,37349993546803.8,True
18ord_apply_amt_first_der_median,37.213406562805176,0.0,75.0,37213406562805.18,True
m6_mrn_rep_apl_cnt,37.18509976069132,0.0,75.0,37185099760691.32,True
m6_stg_pln_normal_batch_rep_apl_cnt_min,36.7103328704834,0.0,75.0,36710332870483.4,True
m1_mrn_rep_apl_cnt,36.6728401184082,0.0,75.0,36672840118408.2,True
stg_pln_avg_prc_amt_adv_3d,36.67108980814616,0.0,75.0,36671089808146.16,True
stg_pln_sum_rep_prc_12m_his_d0_non_zd_rto_v2,36.647559801737465,0.0,75.0,36647559801737.47,True
ord_apl_sum_prc_amt_360_day_04_06_bjq_12m,36.642876625061035,0.0,75.0,36642876625061.04,True
stg_pln_avg_prc_amt_his_light,36.619699796040855,0.0,75.0,36619699796040.86,True
3ord_apply_amt_first_der_mean_rto,36.44831625620524,0.0,75.0,36448316256205.24,True
rsk_avl_lmt_ch_1m_les_500_rate_bjq_12m,36.10983339945475,0.0,75.0,36109833399454.75,True
d90_apl_ord_ddf_mdl_ord_crt_dte_max,36.036253452301025,0.0,75.0,36036253452301.02,True
stg_pln_max_prc_amt_adv_rct_6m,35.97564681371053,0.0,75.0,35975646813710.53,True
percent_true_followup_code_wfjt_call_mode_manual_60d,35.95481332143148,0.0,75.0,35954813321431.484,True
12stg_pln_repay_amt_first_der_mean_rto,35.583700021107994,0.0,75.0,35583700021107.99,True
ftr_pending_repay_interest_fee_sum,35.34048048655192,0.0,75.0,35340480486551.92,True
m3_manual_rep_apl_suc_stg_pln_cnt_avg,35.106006463368736,0.0,75.0,35106006463368.74,True
m3_manual_deduct_rep_apl_stg_pln_cnt_avg,35.07639948527018,0.0,75.0,35076399485270.18,True
3stg_pln_repay_amt_first_der_mean_rto,35.01410619417826,0.0,75.0,35014106194178.26,True
ord_apl_suc_6_cnt_360_day_rto,34.98823324839274,0.0,75.0,34988233248392.74,True
credit_fund_level2_reject_cnt_36m,34.84468285242716,0.0,75.0,34844682852427.164,True
ord_apl_suc_cnt_720_day_07_12,34.769333044687905,0.0,75.0,34769333044687.906,True
d1080_max_due_prc_amt_divide_d1080_max_faqi_prc_amt,34.58887688318888,0.0,75.0,34588876883188.883,True
rsk_lmt_rate_ch_1m_grt_0p95_rate_1m,34.50979995727539,0.0,75.0,34509799957275.39,True
18stg_pln_repay_amt_second_der_mean_diff,34.290316899617515,0.0,75.0,34290316899617.516,True
m1_normal_batch_rep_apl_suc_amt_max,34.24698289235433,0.0,75.0,34246982892354.332,True
ddf_6m_rep_dte_neg_3_crt_dt_rep_prc_amt_rto,34.24378681182861,0.0,75.0,34243786811828.613,True
stg_pln_sum_prc_amt_ovd_pls_fst_ord_bjq_12m,34.209869702657066,0.0,75.0,34209869702657.066,True
d90_suc_ord_prc_amt_sum_all,34.19053332010905,0.0,75.0,34190533320109.047,True
12m_used_lmt_first_der_small_0_sum,34.06255626678467,0.0,75.0,34062556266784.668,True
12m_used_lmt_first_der_min,33.89521925648054,0.0,75.0,33895219256480.54,True
light_d720_sum_faqi_prc_amt_divide_heavy_d720_sum_faqi_prc_amt,33.622233072916664,0.0,75.0,33622233072916.664,True
ord_apl_sum_prc_amt_360_day_19_23_bjq_12m,33.601893266042076,0.0,75.0,33601893266042.08,True
stg_pln_sum_prc_amt_ftr_fst_ord,33.50820302963257,0.0,75.0,33508203029632.57,True
24stg_pln_repay_amt_second_der_mean_rto,33.48894945780436,0.0,75.0,33488949457804.36,True
18m_used_lmt_first_der_sum,33.471069971720375,0.0,75.0,33471069971720.375,True
3m_repay_amt_first_der_min,33.25738366444906,0.0,75.0,33257383664449.06,True
stg_pln_cnt_on_1m_rto_his_light,33.156267166137695,0.0,75.0,33156267166137.695,True
d360_adv_repay_fee_sum_divide_d360_principal_sum,33.022449811299644,0.0,75.0,33022449811299.645,True
std_amt_channel_hb,32.88331317901611,0.0,75.0,32883313179016.113,True
12ord_apply_amt_second_der_sum,32.76576328277588,0.0,75.0,32765763282775.88,True
his_light_limit_divide_btch_avl_limit,32.612163066864014,0.0,75.0,32612163066864.016,True
his_csh_suc_ord_cnt,32.342960039774574,0.0,75.0,32342960039774.574,True
d15_d30_apl_ord_prc_amt_avg_rat_all,31.780856768290203,0.0,75.0,31780856768290.203,True
m3_stg_pln_manual_deduct_rep_apl_cnt_avg,31.740065892537434,0.0,75.0,31740065892537.434,True
d180_adv_repay_fee_sum,31.537556966145832,0.0,75.0,31537556966145.832,True
stg_pln_pay_off_max_prc_amt_14d,31.520436604817707,0.0,75.0,31520436604817.707,True
3m_used_lmt_first_der_max,31.51271629333496,0.0,75.0,31512716293334.96,True
sum_day_diff_shift1_event_type_loan_all,31.41342306137085,0.0,75.0,31413423061370.85,True
m3_stg_pln_rep_apl_suc_cnt_sum,30.971556345621746,0.0,75.0,30971556345621.746,True
pmt_crd_amt_1m,30.96355613072713,0.0,75.0,30963556130727.133,True
d1080_trade_fail_amt_sum_mon_divide_his_trade_success_amt_sum_mon,30.947243213653564,0.0,75.0,30947243213653.566,True
d360_apl_ord_prc_amt_per_stg_avg,30.891726811726887,0.0,75.0,30891726811726.887,True
18m_repay_amt_second_der_median,30.697059631347656,0.0,75.0,30697059631347.656,True
3m_repay_ftr_amt_first_der_mean_diff,30.68850048383077,0.0,75.0,30688500483830.77,True
m6_manual_work_day_rep_apl_suc_cnt_rat,30.682613134384155,0.0,75.0,30682613134384.156,True
d360_max_due_prc_amt_divide_d360_max_faqi_prc_amt,30.674089908599854,0.0,75.0,30674089908599.855,True
d1080_repaid_interest_fee_stddev,30.59956645965576,0.0,75.0,30599566459655.76,True
d360_unpaid_principal_tot_amt_t_day_divide_rsk_adt_lmt_cash_his_t_day_max,30.461233139038086,0.0,75.0,30461233139038.086,True
stg_pln_sum_prc_amt_adv_d0_rep_bjq_12m,30.36559009552002,0.0,75.0,30365590095520.02,True
his_advrepay_suc_trade_in_same_month_count_sum,30.178873538970947,0.0,75.0,30178873538970.95,True
his_360_day_csh_suc_ord_cnt_bjq_12m,30.059200286865234,0.0,75.0,30059200286865.234,True
pst_ord_apl_suc_sum_prc_amt_90_180_day_rto,29.913012822469074,0.0,75.0,29913012822469.074,True
12m_repay_amt_second_der_mean_rto,29.83947690327962,0.0,75.0,29839476903279.62,True
d90_aplord_fal_month_cnt,29.796367009480793,0.0,75.0,29796367009480.793,True
18m_used_lmt_first_der_mean_rto,29.6484432220459,0.0,75.0,29648443222045.9,True
stg_pln_sum_prc_amt_1m_3m_ftr_rto_all,29.60146991411845,0.0,75.0,29601469914118.45,True
m3_payment_not_eng_mdl_crt_ddf_avg,29.51804033915202,0.0,75.0,29518040339152.02,True
n_unique_other_info_event_type_credit,29.50225369135539,0.0,75.0,29502253691355.39,True
ddf_bjq_12m_rep_dte_neg_5_crt_dt_max_prc_amt,29.382129828135174,0.0,75.0,29382129828135.176,True
d180_avl_lmt_shift1_rise_month_cnt,29.25809955596924,0.0,75.0,29258099555969.24,True
last_amt_channel_hb_microcredit_lv1_all,29.136836806933086,0.0,75.0,29136836806933.086,True
succloan_day_diff_reud_stage_num_sum_all,28.678626855214436,0.0,75.0,28678626855214.438,True
stg_pln_sum_rep_prc_his_d0_non_zd_v2,28.572686831156414,0.0,75.0,28572686831156.414,True
af_9m_inter_1m_sum_down,28.560683409372967,0.0,75.0,28560683409372.97,True
credit_unique_fund_cnt_1m,28.532466570536297,0.0,75.0,28532466570536.297,True
his_max_faqi_prc_amt_divide_max_ovd_amt_sum_mon,28.50774351755778,0.0,75.0,28507743517557.78,True
24stg_pln_repay_amt_first_der_mean_diff,28.427233695983887,0.0,75.0,28427233695983.887,True
6stg_pln_repay_amt_second_der_sum,28.12930856148402,0.0,75.0,28129308561484.02,True
d30_d90_suc_ord_cnt_rat,27.937303225199383,0.0,75.0,27937303225199.383,True
his_max_due_prc_amt_divide_his_max_faqi_prc_amt,27.857383251190186,0.0,75.0,27857383251190.188,True
median_amt_channel_hb_microcredit_lv1_all,27.775739749272663,0.0,75.0,27775739749272.664,True
m6_stg_pln_rep_apl_cnt_his_ovd_avg,27.774793306986492,0.0,75.0,27774793306986.492,True
cnt_event_type_loan_type_heavy_all,27.570850372314453,0.0,75.0,27570850372314.453,True
m6_pmt_not_eng_amt_pday_min,27.50677712758382,0.0,75.0,27506777127583.82,True
pst_ord_apl_suc_sum_stg_num_360_day_bjq_12m,27.42644691467285,0.0,75.0,27426446914672.85,True
recent_24m_settle_loan_diff_days_min,27.221267064412434,0.0,75.0,27221267064412.434,True
day_diff_shift1_n_unique_all,27.206193288167317,0.0,75.0,27206193288167.316,True
3m_repay_ftr_amt_first_der_small_0_count,27.192567189534504,0.0,75.0,27192567189534.504,True
12ord_apply_amt_second_der_stddev,27.18125645319621,0.0,75.0,27181256453196.21,True
12m_used_lmt_second_der_mean_rto,27.146196921666462,0.0,75.0,27146196921666.46,True
stg_pln_sum_rep_prc_6m_his_d0_afn_zd_v2,27.03937021891276,0.0,75.0,27039370218912.76,True
m6_manual_deduct_rep_apl_suc_amt_avg,26.959999720255535,0.0,75.0,26959999720255.535,True
stg_pln_max_prc_amt_adv_d0_rep_his_fst_ord_bjq_12m,26.92199961344401,0.0,75.0,26921999613444.01,True
n_unique_day_diff_shift1_event_type_loan,26.826397101084392,0.0,75.0,26826397101084.395,True
18m_repay_amt_first_der_mean_diff,26.819449822107952,0.0,75.0,26819449822107.953,True
d720_max_faqi_prc_amt_divide_rsk_adt_lmt_cash,26.80832640329997,0.0,75.0,26808326403299.97,True
12m_repay_amt_first_der_mean_rto,26.77688694000244,0.0,75.0,26776886940002.44,True
d360_max_adv_repay_amt_divide_rsk_adt_lmt_cash,26.600966453552246,0.0,75.0,26600966453552.246,True
12m_repay_ftr_amt_second_der_mean_rto,26.537566979726154,0.0,75.0,26537566979726.156,True
min_rsk_avl_lmt_36m_bt_ch,26.473033746083576,0.0,75.0,26473033746083.58,True
m6_rep_apl_suc_amt_min,26.47009015083313,0.0,75.0,26470090150833.13,True
ddf_bjq_12m_rep_dte_neg_7_crt_dt_ord_cnt,26.444733301798504,0.0,75.0,26444733301798.504,True
stg_pln_sum_prc_amt_36m_ftr_light,26.37077267964681,0.0,75.0,26370772679646.81,True
d60_d180_suc_ord_cnt_rat,26.27871290842692,0.0,75.0,26278712908426.92,True
stg_pln_sum_prc_amt_adv_rct_24m,26.199843565622967,0.0,75.0,26199843565622.97,True
m6_pmt_not_eng_amt_pday_max,26.09282684326172,0.0,75.0,26092826843261.72,True
m6_payment_not_eng_mdl_crt_ddf_avg,25.99185339609782,0.0,75.0,25991853396097.82,True
his_1080_day_prc_amt_3_000_flg_apl_ord_cnt,25.988073190053303,0.0,75.0,25988073190053.305,True
credit_loan_avg_days_36m,25.971446990966797,0.0,75.0,25971446990966.797,True
d180_d360_suc_ord_prc_amt_avg_rat,25.8303066889445,0.0,75.0,25830306688944.5,True
ddf_36m_rep_dte_5_crt_dt_sum_prc_amt,25.797199885050457,0.0,75.0,25797199885050.457,True
6stg_pln_repay_amt_first_der_min,25.793131828308105,0.0,75.0,25793131828308.105,True
36stg_pln_repay_amt_second_der_mean_rto,25.690546830495197,0.0,75.0,25690546830495.2,True
f54__percent_true_call_mode_is_manual_called_phone_social_relations_is_self_is_can_contact_person_is_yes_180d,25.607866923014324,0.0,75.0,25607866923014.324,True
stg_pln_min_prc_amt_bjq_12m_his_bjq_12m,25.592233339945476,0.0,75.0,25592233339945.477,True
rsi_af_6m_inter_1m,25.51646025975545,0.0,75.0,25516460259755.453,True
percent_true_followup_code_wfjt_90d,25.503013134002686,0.0,75.0,25503013134002.688,True
d720_max_ovd_repay_amt_divide_d720_max_fail_prc_amt,25.457436720530193,0.0,75.0,25457436720530.195,True
12stg_pln_repay_amt_first_der_sum,25.44818353652954,0.0,75.0,25448183536529.543,True
m3_stg_pln_d0_normal_batch_rep_apl_cnt_mor_0_cnt_rat,25.2949431737264,0.0,75.0,25294943173726.4,True
18m_repay_ftr_amt_second_der_mean_diff,25.281352996826172,0.0,75.0,25281352996826.17,True
m6_payment_not_eng_mdl_crt_ddf_max,25.185083389282227,0.0,75.0,25185083389282.227,True
percent_true_followup_code_wfjt_180d,25.024839878082275,0.0,75.0,25024839878082.277,True
6m_used_lmt_first_der_mean_rto,24.97262692451477,0.0,75.0,24972626924514.77,True
rsk_lmt_rate_ch_1m_grt_0p2_cnt_24m,24.926796515782673,0.0,75.0,24926796515782.67,True
abf_1y_inter_1m_count_up,24.867160002390545,0.0,75.0,24867160002390.547,True
m3_normal_batch_rep_apl_stg_pln_cnt_avg,24.64353370666504,0.0,75.0,24643533706665.04,True
d90_repaid_tot_fee_stddev,24.62664031982422,0.0,75.0,24626640319824.22,True
credit_unique_scene_cnt_36m,24.598776976267498,0.0,75.0,24598776976267.5,True
rsk_lmt_rate_ch_1m_grt_0p9_cnt_bjq_12m,24.521036942799885,0.0,75.0,24521036942799.887,True
m3_rep_apl_fal_stg_pln_cnt_avg,24.45462640126546,0.0,75.0,24454626401265.46,True
heavy_unpaid_principal_future_divide_his_light_limit_max,24.434967358907063,0.0,75.0,24434967358907.062,True
m3_stg_pln_normal_batch_rep_apl_suc_cnt_avg,24.43030373255412,0.0,75.0,24430303732554.12,True
m3_rep_apl_suc_amt_avg,24.2492831548055,0.0,75.0,24249283154805.5,True
6m_repay_ftr_amt_first_der_mean_rto,24.166864077250164,0.0,75.0,24166864077250.164,True
percent_true_followup_code_other_30d,24.11323356628418,0.0,75.0,24113233566284.18,True
18m_repay_amt_first_der_avg,24.018876552581787,0.0,75.0,24018876552581.79,True
12thord_con_late_repay_max,23.842363357543945,0.0,75.0,23842363357543.945,True
24stg_pln_repay_amt_first_der_mean_rto,23.824179967244465,0.0,75.0,23824179967244.465,True
max_ddf_suc_lag_crt_dte,23.628220240275066,0.0,75.0,23628220240275.066,True
6m_repay_amt_second_der_median,23.60948657989502,0.0,75.0,23609486579895.02,True
m3_stg_pln_rep_apl_fal_cnt_max,23.554976145426433,0.0,75.0,23554976145426.434,True
3m_repay_amt_second_der_sum,23.42840337753296,0.0,75.0,23428403377532.96,True
d360_trade_fail_amt_sum_mon_divide_his_trade_success_amt_sum_mon,23.415779908498127,0.0,75.0,23415779908498.13,True
stg_pln_sum_prc_amt_6m_ftr_his_rto_all,23.234233220418293,0.0,75.0,23234233220418.293,True
12m_repay_amt_second_der_mean_diff,23.196976979573567,0.0,75.0,23196976979573.566,True
ddf_24m_rep_dte_neg_7_crt_dt_rep_prc_amt,22.84663995107015,0.0,75.0,22846639951070.15,True
f54__percent_true_call_mode_is_ai_called_phone_social_relations_is_self_15d,22.750329971313477,0.0,75.0,22750329971313.477,True
stg_pln_avg_prc_amt_1m_adv_light,22.667563279469807,0.0,75.0,22667563279469.81,True
18stg_pln_repay_amt_second_der_mean_rto,22.55973982810974,0.0,75.0,22559739828109.742,True
credit_loan_avg_days_24m,22.52919356028239,0.0,75.0,22529193560282.39,True
12stg_pln_repay_amt_first_der_mean_diff,22.523093382517498,0.0,75.0,22523093382517.5,True
his_max_faqi_prc_amt_divide_max_due_pay_amt_sum_mon,22.505453030268352,0.0,75.0,22505453030268.35,True
d720_repaid_tot_fee_stddev,22.308770020802815,0.0,75.0,22308770020802.816,True
12stg_pln_repay_amt_first_der_median,22.28330659866333,0.0,75.0,22283306598663.332,True
stg_pln_pay_off_cnt_d0_rep_bjq_12m_rto,22.251180171966553,0.0,75.0,22251180171966.555,True
bf_6m_trend,22.075810114542644,0.0,75.0,22075810114542.645,True
3m_repay_amt_second_der_min,22.01621659596761,0.0,75.0,22016216595967.61,True
stg_pln_avg_prc_amt_12m_adv_light,21.891433080037434,0.0,75.0,21891433080037.434,True
max_avl_lmt_lft_rep_prc_all_cash_24m,21.84049701690674,0.0,75.0,21840497016906.74,True
12m_repay_ftr_amt_second_der_max,21.814290046691895,0.0,75.0,21814290046691.895,True
bf_q2_q1_trend,21.627409776051838,0.0,75.0,21627409776051.84,True
d1080_sum_repaid_interest_fee_sum_divide_d1080_principal_sum,21.511496543884277,0.0,75.0,21511496543884.277,True
stg_pln_avg_prc_amt_1m_on_light,21.479999860127766,0.0,75.0,21479999860127.766,True
pmt_hnd_amt_rat_1m,21.472813606262207,0.0,75.0,21472813606262.207,True
stg_pln_sum_prc_amt_adv_fst_ord,21.41222318013509,0.0,75.0,21412223180135.09,True
d365_aplord_fal_month_cnt,21.339930534362793,0.0,75.0,21339930534362.793,True
stg_pln_min_prc_amt_1m_ftr_his_rto_cash,21.309386412302654,0.0,75.0,21309386412302.656,True
dau_00_06_90d,21.211793581644695,0.0,75.0,21211793581644.695,True
stg_pln_sum_prc_amt_12m_36m_rto,21.09248693784078,0.0,75.0,21092486937840.777,True
rsi_bf_3m_inter_1m,21.08368945121765,0.0,75.0,21083689451217.652,True
12stg_pln_repay_amt_second_der_median,21.077366828918457,0.0,75.0,21077366828918.457,True
18m_repay_amt_first_der_median,21.04032325744629,0.0,75.0,21040323257446.29,True
ddf_6m_rep_dte_neg_7_crt_dt_max_prc_amt,20.910133361816406,0.0,75.0,20910133361816.406,True
ddf_bjq_12m_rep_dte_7_crt_dt_max_prc_amt,20.89773988723755,0.0,75.0,20897739887237.55,True
3m_repay_ftr_amt_first_der_min,20.849886735280354,0.0,75.0,20849886735280.355,True
his_360_day_csh_apl_ord_cnt_his_rto_bjq_12m,20.645756880442303,0.0,75.0,20645756880442.305,True
ord_apl_suc_sum_prc_amt_180_day_07_12,20.577699661254883,0.0,75.0,20577699661254.883,True
his_lend_light_to_repay_heavy_inner7d_order_stg_sum,20.546200116475422,0.0,75.0,20546200116475.42,True
d90_max_due_prc_amt_divide_d90_max_faqi_prc_amt,20.545732895533245,0.0,75.0,20545732895533.246,True
12m_repay_amt_second_der_avg,20.478569984436035,0.0,75.0,20478569984436.035,True
12m_repay_amt_second_der_median,20.324926535288494,0.0,75.0,20324926535288.496,True
ord_apl_cnt_360_day_04_06_bjq_12m,20.284253120422363,0.0,75.0,20284253120422.363,True
m3_stg_pln_adv_rep_apl_cnt_rat,20.151713530222576,0.0,75.0,20151713530222.58,True
d1080_max_adv_repay_amt_divide_d1080_max_faqi_prc_amt,20.147469997406006,0.0,75.0,20147469997406.008,True
stg_pln_max_prc_amt_12m_on_light,20.13547658920288,0.0,75.0,20135476589202.883,True
min_rsk_avl_lmt_3m_bt_ch,20.133740266164143,0.0,75.0,20133740266164.145,True
rsk_avl_lmt_ch_1m_les_10000_rate_6m,20.00219980875651,0.0,75.0,20002199808756.51,True
recent_36m_overdue_3d_month_rto,19.992133458455402,0.0,75.0,19992133458455.402,True
m3_add_bathch_rep_apl_suc_amt_avg,19.912166913350422,0.0,75.0,19912166913350.42,True
3m_used_lmt_second_der_median,19.906603813171387,0.0,75.0,19906603813171.387,True
m1_rep_apl_suc_amt_avg,19.83827002843221,0.0,75.0,19838270028432.21,True
d7_d360_apl_ord_cnt_rat_all,19.58714993794759,0.0,75.0,19587149937947.59,True
12m_repay_amt_first_der_sum,19.571680068969727,0.0,75.0,19571680068969.727,True
ddf_3m_rep_dte_5_crt_dt_sum_prc_amt,19.4997402826945,0.0,75.0,19499740282694.5,True
max_amt_event_type_repay_recent_60,19.41573667526245,0.0,75.0,19415736675262.453,True
credit_fund_other_reject_cnt_24m,19.40633711218834,0.0,75.0,19406337112188.34,True
stg_pln_pay_off_sum_prc_amt_7d_1m_rto,19.403279940287273,0.0,75.0,19403279940287.273,True
rsk_avl_lmt_ch_1m_les_500_rate_3m,19.203133900960285,0.0,75.0,19203133900960.285,True
d730_aplord_amt_grt_fst_month_rto,19.199946761131287,0.0,75.0,19199946761131.285,True
pst_ord_apl_suc_max_prc_amt_360_day_bjq_12m,18.895857016245525,0.0,75.0,18895857016245.527,True
stg_pln_sum_prc_amt_adv_1m,18.8846534093221,0.0,75.0,18884653409322.1,True
af_1m_trend,18.78209336598714,0.0,75.0,18782093365987.14,True
stg_pln_pay_off_max_prc_amt_7d,18.766112963358562,0.0,75.0,18766112963358.562,True
stg_pln_sum_rep_prc_12m_his_d0_dwn_zd,18.633796374003094,0.0,75.0,18633796374003.094,True
percent_true_call_mode_is_ai_called_phone_social_relations_is_self_is_can_contact_person_is_no_60d,18.552116870880127,0.0,75.0,18552116870880.13,True
stg_pln_sum_rep_prc_his_d0_dwn_zd_v2,18.511680126190186,0.0,75.0,18511680126190.188,True
d90_due_repay_amt_avg_divide_d90_faqi_trade_amt_avg,18.505640029907227,0.0,75.0,18505640029907.227,True
heavy_his_sum_fail_prc_amt_divide_light_his_sum_ontim_repay_amt,18.493756612141926,0.0,75.0,18493756612141.926,True
ord_apl_suc_6_cnt_his,18.431203206380207,0.0,75.0,18431203206380.207,True
stg_pln_sum_rep_prc_3m_his_d0_evn_zd_rto_v2,18.42829990386963,0.0,75.0,18428299903869.63,True
m6_pmt_not_eng_equal_3_stg_pln_d0_amt_sum_rat,18.424156824747723,0.0,75.0,18424156824747.723,True
ddf_24m_rep_dte_1_crt_dt_rep_prc_amt_rto,18.21790345509847,0.0,75.0,18217903455098.47,True
min_ddf_mdl_rep_dte_ftr,18.21013355255127,0.0,75.0,18210133552551.27,True
m3_stg_pln_normal_batch_rep_apl_fal_cnt_equal_2_cnt_rat,18.159859975179035,0.0,75.0,18159859975179.035,True
stg_pln_sum_prc_amt_2m_ftr_his_rep_rto_all,17.88569990793864,0.0,75.0,17885699907938.64,True
d360_due_repay_amt_avg_divide_d360_faqi_trade_amt_avg,17.861066500345867,0.0,75.0,17861066500345.867,True
d360_advrepay_amt_sum_divide_ontimrepay_amt_sum,17.82766342163086,0.0,75.0,17827663421630.86,True
d180_repaid_gurantee_fee_sum_divide_d180_principal_sum,17.78531010945638,0.0,75.0,17785310109456.38,True
d90_repaid_interest_fee_stddev,17.659533500671387,0.0,75.0,17659533500671.387,True
rsk_avl_lmt_ch_les_500_cnt_1m,17.636800448099773,0.0,75.0,17636800448099.773,True
stg_pln_cnt_adv_rep_bjq_12m_rto,17.6367769241333,0.0,75.0,17636776924133.3,True
18stg_pln_repay_amt_first_der_stddev,17.605106671651203,0.0,75.0,17605106671651.203,True
stg_pln_min_prc_amt_ftr,17.49537976582845,0.0,75.0,17495379765828.45,True
percent_true_followup_code_wfjt_called_phone_social_relations_friend_90d,17.465806643168133,0.0,75.0,17465806643168.133,True
12m_repay_ftr_amt_first_der_sum,17.387333552042644,0.0,75.0,17387333552042.645,True
6m_repay_ftr_amt_second_der_mean_rto,17.351636568705242,0.0,75.0,17351636568705.242,True
min_ddf_rep_tim_dte_ovd_pls_rep_12m,17.311530113220215,0.0,75.0,17311530113220.215,True
m1_pmt_not_eng_equal_3_stg_pln_d0_amt_sum,17.30419985453288,0.0,75.0,17304199854532.879,True
12m_repay_amt_second_der_sum,17.194810152053833,0.0,75.0,17194810152053.834,True
d720_trade_fail_amt_sum_mon_divide_his_trade_success_amt_sum_mon,17.192339817682903,0.0,75.0,17192339817682.904,True
d360_advrepay_ontimrepay_in_same_month_count_sum,17.16083335876465,0.0,75.0,17160833358764.648,True
6thord_con_adv_repay_max,17.142533620198567,0.0,75.0,17142533620198.566,True
18m_repay_amt_second_der_sum,17.109217007954914,0.0,75.0,17109217007954.914,True
stg_pln_sum_rep_prc_6m_his_d0_non_zd_rto,17.101710160573322,0.0,75.0,17101710160573.322,True
m6_manual_deduct_rep_apl_suc_amt_max,17.077486038208008,0.0,75.0,17077486038208.008,True
6m_repay_amt_first_der_mean_diff,17.000243186950684,0.0,75.0,17000243186950.684,True
m3_pmt_not_eng_equal_3_stg_pln_amt_rat,16.986430168151855,0.0,75.0,16986430168151.855,True
3m_used_lmt_second_der_mean_diff,16.949596881866455,0.0,75.0,16949596881866.455,True
d60_apl_ord_prc_amt_avg,16.896039962768555,0.0,75.0,16896039962768.555,True
12stg_pln_repay_amt_second_der_mean_rto,16.794102986653645,0.0,75.0,16794102986653.645,True
last_event_type_day_diff_shift1_event_type_repay_all,16.65265695254008,0.0,75.0,16652656952540.082,True
12m_repay_amt_first_der_mean_diff,16.56131535768509,0.0,75.0,16561315357685.09,True
3m_repay_amt_second_der_mean_diff,16.554033279418945,0.0,75.0,16554033279418.945,True
d15_d360_apl_ord_prc_amt_avg_rat,16.55336634318034,0.0,75.0,16553366343180.34,True
stg_pln_cnt_his_fst_ord,16.52515697479248,0.0,75.0,16525156974792.48,True
stg_pln_sum_rep_prc_12m_his_d0_mrn_zd_v2,16.462546189626057,0.0,75.0,16462546189626.057,True
m6_stg_pln_d0_normal_batch_rep_apl_suc_cnt_rat,16.44664986928304,0.0,75.0,16446649869283.04,True
30stg_pln_repay_amt_first_der_mean_rto,16.33492358525594,0.0,75.0,16334923585255.94,True
f54__percent_true_call_mode_is_ai_called_phone_social_relations_is_self_90d,16.216323216756184,0.0,75.0,16216323216756.184,True
6m_repay_amt_second_der_mean_rto,16.18479013442993,0.0,75.0,16184790134429.932,True
6m_used_lmt_first_der_sum,16.13086998462677,0.0,75.0,16130869984626.77,True
stg_pln_sum_rep_prc_12m_his_ovd_3d_pls_7d_zd_rto_v2,16.026409943898518,0.0,75.0,16026409943898.518,True
m6_manual_rep_apl_suc_amt_avg,16.020809809366863,0.0,75.0,16020809809366.863,True
avg_ddf_rep_dte_ord_crt_tim_1,15.927259604136148,0.0,75.0,15927259604136.148,True
used_rate_ch_grt_0p95_rate_1m,15.822399775187174,0.0,75.0,15822399775187.174,True
d30_apl_ord_prc_amt_avg_all,15.803716897964478,0.0,75.0,15803716897964.479,True
m3_payment_not_eng_mdl_crt_ddf_max,15.77401320139567,0.0,75.0,15774013201395.67,True
ddf_24m_rep_dte_neg_7_crt_dt_rep_prc_amt_rto,15.727906545003256,0.0,75.0,15727906545003.256,True
d730_avl_lmt_con_drp_month_max,15.590109825134277,0.0,75.0,15590109825134.277,True
percent_true_followup_code_other_90d,15.48086675008138,0.0,75.0,15480866750081.38,True
stg_pln_sum_prc_amt_adv_3d_bjq_12m,15.473763664563497,0.0,75.0,15473763664563.498,True
m6_pmt_not_eng_equal_2_stg_pln_d0_amt_sum_rat,15.363329728444418,0.0,75.0,15363329728444.418,True
ddf_mdl_max_con_dau_dt_30d,15.343220074971518,0.0,75.0,15343220074971.518,True
m1_stg_pln_manual_rep_apl_cnt_mor_0_cnt,15.250666300455729,0.0,75.0,15250666300455.729,True
rsk_avl_lmt_ch_les_5000_rate_12m,15.22304662068685,0.0,75.0,15223046620686.85,True
m6_stg_pln_rep_apl_amt_ovd_1d_3d_min,15.222467104593912,0.0,75.0,15222467104593.912,True
m3_manual_deduct_rep_apl_suc_amt_avg,15.19473393758138,0.0,75.0,15194733937581.38,True
d1080_trade_fail_stgnum_avg_mon_divide_his_trade_success_stgnum_avg_mon,15.172113259633383,0.0,75.0,15172113259633.383,True
d720_advrepay_suc_trade_in_same_month_count_sum,15.152033487955729,0.0,75.0,15152033487955.729,True
36stg_pln_repay_amt_first_der_sum,15.100293159484863,0.0,75.0,15100293159484.863,True
stddev_amt_event_type_repay_event_result_1_recent_180,15.062916994094849,0.0,75.0,15062916994094.85,True
percent_true_call_mode_is_manual_called_phone_social_relations_is_self_15d,14.764266967773438,0.0,75.0,14764266967773.438,True
stg_pln_pay_off_sum_prc_amt_6m_12m_rto,14.76190980275472,0.0,75.0,14761909802754.72,True
used_rate_ch_grt_0p8_rate_1m_suc,14.73253345489502,0.0,75.0,14732533454895.02,True
sum_day_diff_type_heavy_all,14.659316857655844,0.0,75.0,14659316857655.844,True
stg_pln_sum_rep_prc_6m_his_adv_rto,14.5512801806132,0.0,75.0,14551280180613.2,True
m1_manual_deduct_rep_apl_stg_pln_cnt_sum,14.487466812133789,0.0,75.0,14487466812133.79,True
stg_pln_sum_rep_prc_his_d0_afn_pk,14.39762012163798,0.0,75.0,14397620121637.98,True
stg_pln_pay_off_sum_prc_amt_14d,14.390203475952148,0.0,75.0,14390203475952.148,True
stg_pln_avg_prc_amt_1m_3m_ftr_rto_all,14.359169960021973,0.0,75.0,14359169960021.973,True
3m_repay_amt_second_der_median,14.274056593577066,0.0,75.0,14274056593577.066,True
ddf_12m_rep_dte_neg_7_crt_dt_rep_prc_amt_rto,14.26188294092814,0.0,75.0,14261882940928.14,True
credit_max_limit_cnt_24m,14.216983000437418,0.0,75.0,14216983000437.418,True
credit_avg_limit_cnt_36m,14.139839887619019,0.0,75.0,14139839887619.02,True
ai_busy_cnt,14.08142360051473,0.0,75.0,14081423600514.73,True
light_his_sum_fail_prc_amt_divide_heavy_his_sum_fail_prc_amt,14.065783182779947,0.0,75.0,14065783182779.947,True
m6_manual_deduct_rep_apl_suc_cnt,13.990432739257812,0.0,75.0,13990432739257.812,True
d180_apl_ord_prc_amt_per_stg_min,13.967713356018066,0.0,75.0,13967713356018.066,True
pmt_not_eng_stg_pln_cnt_3m_6m_rat,13.967713117599487,0.0,75.0,13967713117599.488,True
stg_pln_pay_off_max_prc_amt_pday_bjq_12m,13.965226173400879,0.0,75.0,13965226173400.879,True
3ord_apply_amt_first_der_mean_diff,13.939112981160482,0.0,75.0,13939112981160.482,True
m1_manual_work_day_rep_apl_cnt_rat,13.900670051574707,0.0,75.0,13900670051574.707,True
24thord_con_ontime_repay_max,13.846163352330526,0.0,75.0,13846163352330.527,True
3ord_apply_amt_second_der_mean_rto,13.834863344828287,0.0,75.0,13834863344828.287,True
rsk_avl_lmt_ch_les_5000_rate_1m,13.826600074768066,0.0,75.0,13826600074768.066,True
f54__percent_true_call_mode_is_manual_called_phone_social_relations_is_friend_180d,13.577333450317383,0.0,75.0,13577333450317.383,True
m3_stg_pln_ovd_1d_3d_normal_batch_rep_apl_fal_cnt,13.57024351755778,0.0,75.0,13570243517557.78,True
m3_add_bathch_rep_apl_suc_amt_sum,13.55270004272461,0.0,75.0,13552700042724.61,True
payment_balancenotenough_dis_rate_1m,13.54843028386434,0.0,75.0,13548430283864.34,True
min_rsk_lmt_rate_bt_ch_3m,13.540886600812277,0.0,75.0,13540886600812.277,True
stg_pln_sum_rep_prc_3m_his_d0_afn_zd_rto_v2,13.526300112406412,0.0,75.0,13526300112406.412,True
avg_ddf_rep_dte_ord_crt_tim_neg_7,13.448213418324789,0.0,75.0,13448213418324.79,True
f54__percent_true_call_mode_is_ai_called_phone_social_relations_is_self_30d,13.446033477783203,0.0,75.0,13446033477783.203,True
d90_repaid_gurantee_fee_sum,13.428400357564291,0.0,75.0,13428400357564.291,True
af_1y_inter_1m_sum_up,13.410133361816406,0.0,75.0,13410133361816.406,True
d90_apl_ord_stg_num_sum,13.292699813842773,0.0,75.0,13292699813842.773,True
credit_unique_scene_cnt_6m,13.276713371276855,0.0,75.0,13276713371276.855,True
d1080_max_ovd_repay_amt_divide_d1080_max_suc_prc_amt,13.269870440165201,0.0,75.0,13269870440165.201,True
ord_apl_cnt_07_12,13.210936546325684,0.0,75.0,13210936546325.684,True
max_ddf_rep_tim_dte_adv_bjq_12m,13.18180020650228,0.0,75.0,13181800206502.28,True
his_lend_light_to_repay_heavy_inner3d_order_amt_sum,13.08653974533081,0.0,75.0,13086539745330.81,True
bf_1y_inter_3m_sum_down,13.00493319829305,0.0,75.0,13004933198293.05,True
d90_repaid_interest_fee_sum,12.95443344116211,0.0,75.0,12954433441162.11,True
m6_rep_apl_suc_stg_pln_cnt_avg,12.947726726531982,0.0,75.0,12947726726531.982,True
ai_call_cnt_10d,12.902099609375,0.0,75.0,12902099609375.0,True
stg_pln_sum_prc_amt_24m_adv_light,12.819733301798502,0.0,75.0,12819733301798.502,True
bf_q4_q3_trend,12.783113479614258,0.0,75.0,12783113479614.258,True
used_rate_ch_grt_0p95_cnt_6m,12.776309967041016,0.0,75.0,12776309967041.016,True
mid_1_pmt_blc_not_eng_rat_3m,12.734230041503906,0.0,75.0,12734230041503.906,True
m6_normal_batch_rep_apl_suc_amt_min,12.725220600763956,0.0,75.0,12725220600763.957,True
n_unique_channel_event_result_1,12.68981647491455,0.0,75.0,12689816474914.55,True
min_ddf_rep_tim_dte_ovd_pls_rep_6m,12.679266929626465,0.0,75.0,12679266929626.465,True
f54__percent_true_call_mode_is_manual_called_phone_social_relations_is_self_is_can_contact_person_is_no_90d,12.637600104014078,0.0,75.0,12637600104014.078,True
m6_stg_pln_rep_apl_cnt_equal_1_manual_rep_apl_amt_sum,12.626553535461426,0.0,75.0,12626553535461.426,True
stg_pln_avg_prc_amt_6m_12m_ftr_rto_all,12.61825974782308,0.0,75.0,12618259747823.08,True
d90_suc_ord_stg_num_sum_all,12.585073471069336,0.0,75.0,12585073471069.336,True
m3_stg_pln_normal_batch_rep_apl_cnt_mor_0_cnt_rat,12.574600060780844,0.0,75.0,12574600060780.844,True
d90_aplord_suc_month_rto,12.560499827067057,0.0,75.0,12560499827067.057,True
percent_true_followup_code_other_called_phone_social_relations_family_90d,12.424783070882162,0.0,75.0,12424783070882.162,True
3stg_pln_repay_amt_first_der_mean_diff,12.389723300933838,0.0,75.0,12389723300933.838,True
his_lend_light_to_repay_heavy_inner14d_order_amt_rate,12.366666793823242,0.0,75.0,12366666793823.242,True
m6_payment_not_eng_inteday_avg,12.350067138671875,0.0,75.0,12350067138671.875,True
stg_pln_min_prc_amt_d0_rep_24m,12.322243372599283,0.0,75.0,12322243372599.283,True
6m_used_lmt_second_der_mean_diff,12.281556606292725,0.0,75.0,12281556606292.725,True
6thord_con_ontime_repay_max,12.183576742808023,0.0,75.0,12183576742808.023,True
percent_true_followup_code_wfjt_is_can_contact_person_yes_180d,12.168399810791016,0.0,75.0,12168399810791.016,True
ddf_rep_dte_0_crt_dt_max_prc_amt,12.019800186157227,0.0,75.0,12019800186157.227,True
6ord_apply_amt_first_der_mean_rto,11.967443625132242,0.0,75.0,11967443625132.242,True
d15_prc_amt_mor_3_000_suc_ord_cnt,11.928600311279297,0.0,75.0,11928600311279.297,True
m3_stg_pln_rep_apl_suc_cnt_avg,11.89799976348877,0.0,75.0,11897999763488.77,True
3m_repay_amt_first_der_mean_diff,11.846023400624594,0.0,75.0,11846023400624.594,True
stg_pln_sum_rep_prc_his_d0_evn_zd_rto_v2,11.829769929250082,0.0,75.0,11829769929250.082,True
d15_apl_ord_prc_amt_per_stg_sum,11.8137100537618,0.0,75.0,11813710053761.8,True
avg_ddf_rep_dte_ord_crt_tim_neg_3,11.775426864624023,0.0,75.0,11775426864624.023,True
d360_faqiamt_thismon_sum_larger_than_rsk_avl_lmt_cash_count_sum,11.704766591389975,0.0,75.0,11704766591389.975,True
m3_stg_pln_rep_apl_fal_cnt_mor_2_cnt_rat,11.69935973485311,0.0,75.0,11699359734853.11,True
stg_pln_sum_rep_prc_6m_his_d0_mrn_pk_v2,11.663826942443848,0.0,75.0,11663826942443.848,True
m6_manual_rep_apl_suc_amt_max,11.552756786346436,0.0,75.0,11552756786346.436,True
ddf_mdl_max_not_ovd_tqhk_rep_tim_12m,11.51749324798584,0.0,75.0,11517493247985.84,True
stg_pln_min_prc_amt_3m_ftr_his_rto_cash,11.495929718017578,0.0,75.0,11495929718017.578,True
m6_pmt_not_eng_mor_3_stg_pln_amt_sum,11.479596773783365,0.0,75.0,11479596773783.365,True
rsk_lmt_rate_ch_1m_grt_0p5_cnt_24m,11.450303554534912,0.0,75.0,11450303554534.912,True
m6_payment_not_eng_inteday_max,11.424839973449707,0.0,75.0,11424839973449.707,True
max_rsk_lmt_rate_bjq_12m_all,11.415176550547281,0.0,75.0,11415176550547.281,True
12ord_apply_amt_first_der_stddev,11.361803332964579,0.0,75.0,11361803332964.578,True
ord_apl_sum_prc_amt_360_day_19_23,11.321933428446451,0.0,75.0,11321933428446.451,True
stg_pln_sum_prc_amt_6m_adv_light,11.29032309850057,0.0,75.0,11290323098500.57,True
ddf_12m_rep_dte_neg_1_crt_dt_rep_prc_amt_rto,11.286996523539225,0.0,75.0,11286996523539.225,True
stg_pln_sum_rep_prc_12m_his_d0_afn_zd_rto,11.278966267903646,0.0,75.0,11278966267903.646,True
m3_rep_apl_amt_rat_mor_1_cnt,11.267367045084635,0.0,75.0,11267367045084.635,True
rsi_af_1y_inter_3m,11.260330041249594,0.0,75.0,11260330041249.594,True
3m_repay_ftr_amt_second_der_mean_diff,11.252607027689615,0.0,75.0,11252607027689.615,True
d365_aplord_amt_grt_fst_month_cnt,11.245323340098063,0.0,75.0,11245323340098.062,True
m1_stg_pln_pmt_not_eng_amt_max,11.231460253397623,0.0,75.0,11231460253397.623,True
stg_pln_min_prc_amt_3m_6m_ftr_cash,11.18414338429769,0.0,75.0,11184143384297.69,True
18m_repay_amt_second_der_avg,11.1825532913208,0.0,75.0,11182553291320.8,True
rsk_avl_lmt_ch_1m_les_5000_rate_3m,11.159133593241373,0.0,75.0,11159133593241.373,True
m6_stg_pln_rep_apl_cnt_d0_avg,11.138543128967285,0.0,75.0,11138543128967.285,True
min_avl_lmt_lft_rep_prc_all_cash_bjq_12m,11.104163328806559,0.0,75.0,11104163328806.559,True
rsi_abf_1y_inter_3m,11.076756636301676,0.0,75.0,11076756636301.676,True
pst_ord_apl_suc_sum_prc_amt_180_360_day_rto,11.074913183848063,0.0,75.0,11074913183848.062,True
stg_pln_cnt_adv_3d,11.00778325398763,0.0,75.0,11007783253987.63,True
light_his_max_faqi_prc_amt_divide_heavy_his_max_faqi_prc_amt,10.826543490091959,0.0,75.0,10826543490091.959,True
f54__percent_true_call_mode_is_ai_called_phone_social_relations_is_self_7d,10.791566848754883,0.0,75.0,10791566848754.883,True
m3_pmt_not_eng_stg_pln_d0_amt_sum,10.778429667154947,0.0,75.0,10778429667154.947,True
18stg_pln_repay_amt_first_der_mean_rto,10.765903155008951,0.0,75.0,10765903155008.951,True
d720_max_adv_repay_amt_divide_d720_max_faqi_prc_amt,10.704735179742178,0.0,75.0,10704735179742.178,True
min_avl_lmt_lft_rep_prc_2m_cash_36m,10.670283635457357,0.0,75.0,10670283635457.357,True
m6_pmt_not_eng_cnt_pday_max,10.63180669148763,0.0,75.0,10631806691487.63,True
ord_apl_cnt_360_day_19_23_bjq_12m,10.540116628011068,0.0,75.0,10540116628011.068,True
d360_trade_fail_stgnum_avg_mon_divide_his_trade_success_stgnum_avg_mon,10.53820006052653,0.0,75.0,10538200060526.53,True
m6_stg_pln_manual_rep_apl_fal_cnt_sum,10.467486699422201,0.0,75.0,10467486699422.201,True
15d_range_max_prc_amt_12m,10.39163335164388,0.0,75.0,10391633351643.88,True
stg_pln_max_prc_amt_adv_rct_24m,10.370866457621256,0.0,75.0,10370866457621.256,True
3stg_pln_repay_amt_second_der_small_0_count,10.35533332824707,0.0,75.0,10355333328247.07,True
d30_d360_suc_ord_cnt_rat,10.331233024597168,0.0,75.0,10331233024597.168,True
3m_repay_ftr_amt_first_der_mean_rto,10.330866813659668,0.0,75.0,10330866813659.668,True
d360_max_ovd_repay_amt_divide_d360_max_suc_prc_amt,10.203133583068848,0.0,75.0,10203133583068.848,True
m1_manual_tim_6_12_rep_apl_cnt_rat,10.121620019276937,0.0,75.0,10121620019276.938,True
heavy_d720_sum_faqi_prc_amt_divide_light_d720_sum_ontim_repay_amt,10.01373322804769,0.0,75.0,10013733228047.69,True
max_rsk_lmt_rate_1m_all,9.955100059509277,0.0,75.0,9955100059509.277,True
rsk_lmt_rate_ch_1m_grt_0p8_cnt_1m,9.90986696879069,0.0,75.0,9909866968790.69,True
stg_pln_max_prc_amt_adv_rct_36m,9.708483378092447,0.0,75.0,9708483378092.447,True
his_lend_heavy_to_repay_light_inner14d_order_amt_rate,9.674433390299479,0.0,75.0,9674433390299.479,True
d30_apl_ord_prc_amt_max_all,9.650899887084961,0.0,75.0,9650899887084.96,True
m6_manual_tim_19_24_rep_apl_suc_cnt,9.643333435058594,0.0,75.0,9643333435058.594,True
d90_lend_light_to_repay_heavy_inner7d_order_amt_sum,9.630833307902018,0.0,75.0,9630833307902.018,True
loan_fund_level2_min_ir_36m,9.600280284881592,0.0,75.0,9600280284881.592,True
stg_pln_cnt_7d_ftr_rep_cash,9.560816764831543,0.0,75.0,9560816764831.543,True
used_rate_ch_grt_0p2_rate_12m,9.51784642537435,0.0,75.0,9517846425374.35,True
d720_max_ovd_repay_amt_divide_d720_max_suc_prc_amt,9.479576667149862,0.0,75.0,9479576667149.863,True
stg_pln_avg_prc_amt_2m_ftr_his_rep_rto_all,9.401423454284668,0.0,75.0,9401423454284.668,True
used_rate_ch_grt_0p95_rate_3m_suc,9.281486829121908,0.0,75.0,9281486829121.908,True
18m_repay_amt_second_der_mean_rto,9.27556324005127,0.0,75.0,9275563240051.27,True
d730_aplord_stg_grt_fst_month_rto,9.218100229899088,0.0,75.0,9218100229899.088,True
stg_pln_sum_prc_amt_7d_ftr_his_rto_cash,9.212200164794922,0.0,75.0,9212200164794.922,True
loan_unique_fund_cnt_3m,9.186233520507812,0.0,75.0,9186233520507.812,True
percent_true_followup_code_other_call_mode_manual_180d,9.165266672770182,0.0,75.0,9165266672770.182,True
rsk_avl_lmt_ch_1m_les_1000_rate_1m,9.117066383361816,0.0,75.0,9117066383361.816,True
m1_payment_not_eng_mdl_crt_ddf_max,9.076866467793783,0.0,75.0,9076866467793.783,True
12m_repay_ftr_amt_first_der_min,9.073700269063314,0.0,75.0,9073700269063.314,True
stg_pln_avg_prc_amt_6m_per_mth_light,9.051166534423828,0.0,75.0,9051166534423.828,True
m6_stg_pln_d0_normal_batch_rep_apl_fal_cnt_equal_2_cnt_rat,8.980273246765137,0.0,75.0,8980273246765.137,True
rsi_bf_1y_inter_1m,8.943063418070475,0.0,75.0,8943063418070.475,True
ord_apl_suc_sum_prc_amt_180_day_19_23,8.851933479309082,0.0,75.0,8851933479309.082,True
ddf_12m_rep_dte_7_crt_dt_rep_prc_amt_rto,8.833639939626059,0.0,75.0,8833639939626.059,True
d720_due_repay_amt_larger_than_rsk_avl_lmt_cash_his_t_day_count_sum,8.829866727193197,0.0,75.0,8829866727193.197,True
3ord_apply_amt_second_der_great_0_sum,8.745536724726358,0.0,75.0,8745536724726.358,True
d360_ovdrepay_thismon_sum_larger_than_rsk_avl_lmt_cash_count_sum,8.72426668802897,0.0,75.0,8724266688028.971,True
used_rate_ch_grt_0p8_cnt_1m_suc,8.587966601053873,0.0,75.0,8587966601053.873,True
light_d720_sum_faqi_stg_num_divide_heavy_d720_sum_faqi_stg_num,8.54336675008138,0.0,75.0,8543366750081.381,True
stg_pln_min_prc_amt_12m_ftr_his_rto_cash,8.455013434092203,0.0,75.0,8455013434092.203,True
min_ddf_mdl_rep_dte_his_bjq,8.432076454162598,0.0,75.0,8432076454162.598,True
m6_manual_weekend_day_rep_apl_fal_cnt,8.426043510437012,0.0,75.0,8426043510437.012,True
d360_stddev_adv_repay_fee,8.423333168029785,0.0,75.0,8423333168029.785,True
avg_ddf_rep_dte_ord_crt_tim_neg_1,8.354170163472494,0.0,75.0,8354170163472.494,True
stg_pln_cnt_adv_rct,8.249886671702066,0.0,75.0,8249886671702.066,True
loan_pass_unique_fund_cnt_1m,8.189599990844727,0.0,75.0,8189599990844.727,True
stg_pln_sum_prc_amt_24m_36m_rto_light,8.065633455912272,0.0,75.0,8065633455912.271,True
ord_apl_suc_cnt_00_03,8.022813399632772,0.0,75.0,8022813399632.772,True
3m_repay_amt_second_der_max,8.022113482157389,0.0,75.0,8022113482157.389,True
6m_repay_amt_first_der_median,7.984366734822591,0.0,75.0,7984366734822.591,True
fst_ord_prc_fst_adt_lmt_rto,7.967703262964885,0.0,75.0,7967703262964.885,True
his_bt_apl_ord_cnt_csh_rto,7.955833435058594,0.0,75.0,7955833435058.594,True
3m_repay_ftr_amt_first_der_stddev,7.953210115432739,0.0,75.0,7953210115432.739,True
stg_pln_fst_sum_prc_amt_ovd_pls_rep_bjq_12m,7.923266728719075,0.0,75.0,7923266728719.075,True
m1_manual_deduct_rep_apl_cnt_rat,7.910966873168945,0.0,75.0,7910966873168.945,True
stg_pln_sum_prc_amt_36m_on_light,7.888780117034912,0.0,75.0,7888780117034.912,True
ord_apl_suc_sum_prc_amt_00_03,7.8658366203308105,0.0,75.0,7865836620330.811,True
stg_pln_cnt_adv_fst_ord,7.830300013224284,0.0,75.0,7830300013224.284,True
stg_pln_cnt_his_fst_ord_bjq_12m,7.82390022277832,0.0,75.0,7823900222778.32,True
m3_stg_pln_normal_batch_rep_apl_cnt_avg,7.817669868469238,0.0,75.0,7817669868469.238,True
loan_fund_level2_principal_avg_36m,7.803799947102864,0.0,75.0,7803799947102.864,True
12m_repay_amt_second_der_great_0_count,7.790913422902425,0.0,75.0,7790913422902.425,True
rsk_lmt_rate_ch_1m_grt_0p95_cnt_1m,7.734333356221517,0.0,75.0,7734333356221.517,True
m1_rep_apl_suc_stg_pln_cnt_avg,7.667723496754964,0.0,75.0,7667723496754.964,True
credit_fund_level1_reject_cnt_24m,7.65696652730306,0.0,75.0,7656966527303.06,True
credit_limit_cnt_24m,7.633473475774129,0.0,75.0,7633473475774.129,True
lag_his_rep_amt_sum_per_mth_btch_rat_max,7.617946624755859,0.0,75.0,7617946624755.859,True
stg_pln_max_prc_amt_adv_d0_rep_bjq_12m,7.571280161539714,0.0,75.0,7571280161539.714,True
m6_add_bathch_rep_apl_cnt_rat,7.5388336181640625,0.0,75.0,7538833618164.0625,True
m1_stg_pln_rep_apl_cnt_equal_2_cnt_rat,7.53630002339681,0.0,75.0,7536300023396.81,True
3m_repay_ftr_amt_second_der_great_0_count,7.534900029500325,0.0,75.0,7534900029500.325,True
min_ddf_rep_tim_dte_adv_bjq_12m,7.5193665822347,0.0,75.0,7519366582234.7,True
cnt_event_type_credit_event_result_1_all,7.5189134279886884,0.0,75.0,7518913427988.688,True
stg_pln_pay_off_sum_prc_amt_14d_1m_rto,7.426180124282837,0.0,75.0,7426180124282.837,True
ord_apl_sum_prc_amt_1080_day_04_06,7.3831400871276855,0.0,75.0,7383140087127.686,True
d360_lend_heavy_to_repay_light_inner7d_order_stg_rate,7.367800076802571,0.0,75.0,7367800076802.571,True
stg_pln_cnt_1m_3m_ftr_rto_all,7.352296511332194,0.0,75.0,7352296511332.194,True
m1_normal_batch_rep_apl_suc_amt_avg,7.012816508611043,0.0,75.0,7012816508611.043,True
6m_repay_amt_second_der_mean_diff,6.943563143412272,0.0,75.0,6943563143412.272,True
rsk_lmt_rate_ch_1m_grt_0p2_cnt_3m,6.929400126139323,0.0,75.0,6929400126139.323,True
m3_stg_pln_manual_deduct_rep_apl_cnt_equal_1_cnt_rat,6.80884329477946,0.0,75.0,6808843294779.46,True
stg_pln_cnt_his_ftr_light,6.784989833831787,0.0,75.0,6784989833831.787,True
m6_normal_batch_rep_apl_fal_cnt_rat,6.730776786804199,0.0,75.0,6730776786804.199,True
d180_prc_amt_mor_3_000_apl_ord_cnt,6.725200017293294,0.0,75.0,6725200017293.294,True
credit_pass_unique_fund_cnt_24m,6.702673276265462,0.0,75.0,6702673276265.462,True
6m_repay_amt_first_der_sum,6.6947635014851885,0.0,75.0,6694763501485.188,True
d360_repaid_interest_fee_max,6.516039848327637,0.0,75.0,6516039848327.637,True
f54__percent_true_call_mode_is_manual_called_phone_social_relations_is_self_is_can_contact_person_is_no_30d,6.500566482543945,0.0,75.0,6500566482543.945,True
stg_pln_min_prc_amt_6m_ftr_his_rep_rto_cash,6.373833338419597,0.0,75.0,6373833338419.597,True
ord_apl_cnt_720_day_19_23,6.329253276189168,0.0,75.0,6329253276189.168,True
dvc_num_log_mid_ngt_90,6.322220166524251,0.0,75.0,6322220166524.251,True
ddf_6m_rep_dte_1_crt_dt_max_prc_amt,6.314849853515625,0.0,75.0,6314849853515.625,True
credit_reject_cnt_6m,6.3080464998881025,0.0,75.0,6308046499888.103,True
ord_apl_suc_max_stg_num_360_day_bjq_12m,6.277050018310547,0.0,75.0,6277050018310.547,True
m3_manual_deduct_rep_apl_suc_cnt_rat,6.197933197021484,0.0,75.0,6197933197021.484,True
m6_stg_pln_rep_apl_cnt_d0_max,6.165046691894531,0.0,75.0,6165046691894.531,True
ai_answer_close_cnt_90d,6.164266586303711,0.0,75.0,6164266586303.711,True
ddf_24m_rep_dte_3_crt_dt_max_prc_amt,6.127766927083333,0.0,75.0,6127766927083.333,True
last_amt_type_light_all,6.101846694946289,0.0,75.0,6101846694946.289,True
5d_range_avg_prc_amt_12m,6.083199818929036,0.0,75.0,6083199818929.036,True
m3_add_bathch_rep_apl_suc_cnt_rat,6.06519349416097,0.0,75.0,6065193494160.97,True
his_bt_suc_ord_cnt,5.984366734822591,0.0,75.0,5984366734822.591,True
m6_stg_pln_ovd_1d_3d_manual_deduct_rep_apl_fal_cnt,5.965199788411458,0.0,75.0,5965199788411.458,True
m6_add_bathch_rep_apl_suc_amt_avg,5.93643315633138,0.0,75.0,5936433156331.38,True
lag_his_rep_amt_sum_per_mth_all_rat_max,5.924530029296875,0.0,75.0,5924530029296.875,True
recent_1m_prepay_3d_month_rto,5.913530031840007,0.0,75.0,5913530031840.007,True
light_his_sum_faqi_count_divide_heavy_his_sum_faqi_count,5.899140040079753,0.0,75.0,5899140040079.753,True
light_his_sum_faqi_prc_amt_divide_heavy_his_sum_adv_repay_amt,5.861196517944336,0.0,75.0,5861196517944.336,True
6m_repay_amt_first_der_mean_rto,5.821699778238933,0.0,75.0,5821699778238.933,True
m3_payment_not_eng_inteday_max,5.818283398946126,0.0,75.0,5818283398946.126,True
credit_fund_level2_min_ir_cnt_36m,5.803030014038086,0.0,75.0,5803030014038.086,True
m6_stg_pln_ovd_1d_3d_normal_batch_rep_apl_fal_cnt_rat,5.788219928741455,0.0,75.0,5788219928741.455,True
stg_pln_pay_off_cnt_3m_6m_rto,5.779066562652588,0.0,75.0,5779066562652.588,True
d365_aplord_fal_month_rto,5.746890068054199,0.0,75.0,5746890068054.199,True
m6_stg_pln_d0_rep_apl_cnt_equal_2_cnt,5.726863384246826,0.0,75.0,5726863384246.826,True
credit_avg_ir_cnt_24m,5.681533177693685,0.0,75.0,5681533177693.685,True
ord_apl_cnt_19_23,5.651253382364909,0.0,75.0,5651253382364.909,True
ord_apl_sum_prc_amt_180_day_13_18,5.635313193003337,0.0,75.0,5635313193003.337,True
stg_pln_max_prc_amt_1m_adv_light,5.6314999262491865,0.0,75.0,5631499926249.187,True
ord_apl_sum_prc_amt_1080_day_00_03,5.616186777750651,0.0,75.0,5616186777750.651,True
max_ddf_rep_dte_ord_crt_tim_neg_7,5.5907332102457685,0.0,75.0,5590733210245.769,True
m3_stg_pln_manual_rep_apl_fal_cnt_avg,5.565943241119385,0.0,75.0,5565943241119.385,True
stg_pln_sum_rep_prc_his_ovd_3d_pls_7d_zd,5.5541330973307295,0.0,75.0,5554133097330.7295,True
min_ddf_rep_dte_ord_crt_tim_7_bjq_12m,5.404253164927165,0.0,75.0,5404253164927.165,True
m3_stg_pln_normal_batch_rep_apl_fal_cnt_equal_0_cnt_rat,5.387166976928711,0.0,75.0,5387166976928.711,True
m6_manual_tim_0_5_rep_apl_suc_cnt_rat,5.303999900817871,0.0,75.0,5303999900817.871,True
light_d720_max_ontim_repay_amt_divide_heavy_d720_max_ontim_repay_amt,5.256666819254558,0.0,75.0,5256666819254.558,True
stg_pln_avg_prc_amt_24m_adv_light,5.2503000895182295,0.0,75.0,5250300089518.2295,True
m3_manual_rep_apl_suc_cnt,5.246266682942708,0.0,75.0,5246266682942.708,True
m1_stg_pln_rep_apl_cnt_avg,5.195333480834961,0.0,75.0,5195333480834.961,True
stg_pln_min_prc_amt_adv_d0_rep_bjq_12m,5.1655699412028,0.0,75.0,5165569941202.8,True
stg_pln_sum_prc_amt_adv_bjq_12m,5.14983336130778,0.0,75.0,5149833361307.78,True
stg_pln_sum_rep_prc_3m_his_ovd_7d_pls_14d_zd_rto_v2,5.149476846059163,0.0,75.0,5149476846059.163,True
d360_apl_ord_stg_num_max,5.127133369445801,0.0,75.0,5127133369445.801,True
m1_stg_pln_ovd_1d_3d_rep_apl_cnt,5.022266705830892,0.0,75.0,5022266705830.892,True
18m_repay_amt_first_der_mean_rto,5.015666643778483,0.0,75.0,5015666643778.483,True
m1_stg_pln_add_bathch_rep_apl_cnt_avg,4.977126757303874,0.0,75.0,4977126757303.874,True
d720_ovdrepay_amt_sum_divide_ontimrepay_amt_sum,4.965390046437581,0.0,75.0,4965390046437.581,True
rsk_avl_lmt_ch_les_10000_cnt_3m,4.9422599871953325,0.0,75.0,4942259987195.333,True
18m_repay_ftr_amt_second_der_small_0_count,4.915366808573405,0.0,75.0,4915366808573.405,True
m1_stg_pln_d0_pmt_not_eng_cnt_avg,4.905566533406575,0.0,75.0,4905566533406.575,True
m3_stg_pln_normal_batch_rep_apl_cnt_equal_2_cnt_rat,4.90446662902832,0.0,75.0,4904466629028.32,True
6m_repay_amt_second_der_sum,4.902928054332733,0.0,75.0,4902928054332.733,True
stg_pln_avg_prc_amt_his_ftr_light,4.867533365885417,0.0,75.0,4867533365885.417,True
m3_stg_pln_manual_rep_apl_cnt_mor_0_cnt,4.865833282470703,0.0,75.0,4865833282470.703,True
ord_apl_suc_sum_prc_amt_360_day_19_23_bjq_12m,4.821983218193054,0.0,75.0,4821983218193.055,True
stg_pln_sum_prc_amt_ovd_3d_pls_rep_1m_rto_his,4.786966641743978,0.0,75.0,4786966641743.978,True
m6_add_bathch_rep_apl_suc_amt_max,4.783533255259196,0.0,75.0,4783533255259.196,True
ord_apl_cnt_90_day_07_12,4.776766777038574,0.0,75.0,4776766777038.574,True
m3_pmt_not_eng_mor_3_stg_pln_d0_amt_sum,4.763400077819824,0.0,75.0,4763400077819.824,True
m3_stg_pln_d0_normal_batch_rep_apl_cnt_mor_2_cnt_rat,4.761766751607259,0.0,75.0,4761766751607.259,True
stg_pln_sum_prc_amt_7d_ftr_cash,4.743433316548665,0.0,75.0,4743433316548.665,True
loan_unique_fund_cnt_12m,4.683433214823405,0.0,75.0,4683433214823.405,True
rsk_avl_lmt_ch_1m_les_5000_cnt_3m,4.63711675008138,0.0,75.0,4637116750081.38,True
stg_pln_sum_rep_prc_12m_his_ovd_0d_pls_3d_zd_v2,4.614000002543132,0.0,75.0,4614000002543.132,True
light_his_sum_faqi_prc_amt_divide_heavy_his_sum_faqi_prc_amt,4.589313348134358,0.0,75.0,4589313348134.358,True
mdt_lst_60d_180d_stg_cnt_ever_overdue_rte_rte,4.575433413187663,0.0,75.0,4575433413187.663,True
3m_repay_ftr_amt_second_der_median,4.5705766677856445,0.0,75.0,4570576667785.645,True
3m_repay_amt_first_der_small_0_count,4.541899998982747,0.0,75.0,4541899998982.747,True
ddf_bjq_12m_rep_dte_7_crt_dt_min_prc_amt,4.533886591593425,0.0,75.0,4533886591593.425,True
stg_pln_min_prc_amt_d0_rep_his_fst_ord,4.524748434623082,0.0,75.0,4524748434623.082,True
stg_pln_avg_prc_amt_6m_light,4.514233271280925,0.0,75.0,4514233271280.925,True
stg_pln_sum_rep_prc_12m_his_ovd_0d_pls_3d_afn_pk_rto,4.505200068155925,0.0,75.0,4505200068155.925,True
m6_stg_pln_rep_apl_cnt_mor_2_cnt,4.467333475748698,0.0,75.0,4467333475748.698,True
light_his_sum_ontim_repay_amt_divide_heavy_his_sum_ontim_repay_amt,4.4595333735148115,0.0,75.0,4459533373514.812,True
m6_stg_pln_d0_normal_batch_rep_apl_cnt_equal_2_cnt_rat,4.450400034586589,0.0,75.0,4450400034586.589,True
rsk_lmt_rate_ch_1m_grt_0p2_rate_1m,4.445199966430664,0.0,75.0,4445199966430.664,True
stg_pln_avg_rep_prc_24m_due_light,4.404166539510091,0.0,75.0,4404166539510.091,True
his_prc_amt_3_000_flg_suc_ord_cnt,4.398066520690918,0.0,75.0,4398066520690.918,True
24stg_pln_repay_amt_second_der_avg,4.3812233209609985,0.0,75.0,4381223320960.9985,True
stg_pln_cnt_7d_ftr_his_rto_all,4.375360091527303,0.0,75.0,4375360091527.3027,True
ord_apl_fal_cnt_360_day_bjq_12m,4.343099912007649,0.0,75.0,4343099912007.6494,True
stg_pln_max_prc_amt_36m_adv_light,4.309100151062012,0.0,75.0,4309100151062.0117,True
18m_repay_ftr_amt_first_der_mean_diff,4.308310031890869,0.0,75.0,4308310031890.869,True
stg_pln_max_prc_amt_adv_rct_12m,4.285066604614258,0.0,75.0,4285066604614.258,True
used_rate_ch_grt_0p9_cnt_12m_suc,4.262733459472656,0.0,75.0,4262733459472.6562,True
loan_fund_cnt_all,4.2459001541137695,0.0,75.0,4245900154113.7695,True
m3_pmt_not_eng_cnt_pday_min,4.244533220926921,0.0,75.0,4244533220926.921,True
m1_normal_batch_rep_apl_fal_cnt_rat,4.230566660563151,0.0,75.0,4230566660563.1514,True
stg_pln_cnt_12m_adv_light,4.164133389790853,0.0,75.0,4164133389790.8525,True
3m_repay_ftr_amt_second_der_small_0_count,4.143766721089681,0.0,75.0,4143766721089.6807,True
d180_advrepay_suc_trade_in_same_month_count_sum,4.142800013224284,0.0,75.0,4142800013224.284,True
d180_ovdrepay_amt_sum_divide_ontimrepay_amt_sum,4.0593001047770185,0.0,75.0,4059300104777.0186,True
m6_manual_tim_19_24_rep_apl_suc_cnt_rat,3.9860334396362305,0.0,75.0,3986033439636.2305,True
credit_min_limit_cnt_24m,3.9811665217081704,0.0,75.0,3981166521708.1704,True
his_lend_light_to_repay_heavy_inner3d_order_stg_rate,3.9719667434692383,0.0,75.0,3971966743469.2383,True
credit_pass_unique_scene_cnt_12m,3.967199961344401,0.0,75.0,3967199961344.401,True
stg_pln_sum_rep_prc_3m_his_d0_mrn_zd_rto_v2,3.9668334325154624,0.0,75.0,3966833432515.4624,True
m1_pmt_not_eng_equal_1_stg_pln_amt_rat,3.959199905395508,0.0,75.0,3959199905395.508,True
m6_stg_pln_rep_apl_amt_adv_sum,3.9540332158406577,0.0,75.0,3954033215840.6577,True
stg_pln_cnt_due_1m_rto_his_light,3.9297332763671875,0.0,75.0,3929733276367.1875,True
m6_pmt_not_eng_mor_3_stg_pln_d0_amt_sum_rat,3.924799919128418,0.0,75.0,3924799919128.418,True
stg_pln_sum_prc_amt_his_due_light,3.9096333185831704,0.0,75.0,3909633318583.1704,True
d15_d30_suc_ord_cnt_rat,3.9038333892822266,0.0,75.0,3903833389282.2266,True
m6_manual_tim_6_12_rep_apl_cnt_rat,3.8797998428344727,0.0,75.0,3879799842834.4727,True
payment_not_balancenotenough_dis_rate_3m,3.878533363342285,0.0,75.0,3878533363342.285,True
m3_pmt_not_eng_equal_3_stg_pln_d0_amt_sum,3.823733329772949,0.0,75.0,3823733329772.949,True
m6_stg_pln_rep_apl_amt_ovd_1d_3d_sum,3.816723346710205,0.0,75.0,3816723346710.205,True
d365_aplord_amt10000plus_month_rto,3.792666753133138,0.0,75.0,3792666753133.138,True
m6_stg_pln_normal_batch_rep_apl_cnt_equal_2_cnt,3.7734667460123696,0.0,75.0,3773466746012.3696,True
d60_d90_suc_ord_prc_amt_avg_rat,3.7369667689005532,0.0,75.0,3736966768900.553,True
recent_36m_settle_loan_diff_days_min,3.7168334325154624,0.0,75.0,3716833432515.4624,True
m6_stg_pln_manual_rep_apl_cnt_avg,3.7146666844685874,0.0,75.0,3714666684468.5874,True
d1095_avl_lmt_con_drp_month_max,3.71233336130778,0.0,75.0,3712333361307.78,True
unpaid_principal_future_light_divide_heavy,3.670999844868978,0.0,75.0,3670999844868.978,True
d720_due_repay_amt_sum_divide_d720_faqi_trade_amt_sum,3.665583292643229,0.0,75.0,3665583292643.229,True
m6_stg_pln_rep_apl_cnt_min,3.6473000844319663,0.0,75.0,3647300084431.9663,True
ddf_3m_rep_dte_5_crt_dt_max_prc_amt,3.640899976094564,0.0,75.0,3640899976094.564,True
m6_pmt_not_eng_mor_3_stg_pln_cnt_rat,3.574866612752279,0.0,75.0,3574866612752.279,True
stg_pln_sum_rep_prc_12m_his_d0_non_zd_v2,3.5118001302083335,0.0,75.0,3511800130208.3335,True
d1080_faqi_unpaid_principal_tot_larger_than_rsk_adt_lmt_cash_his_t_day_count_sum,3.507966677347819,0.0,75.0,3507966677347.819,True
his_advrepay_large_than_ontimrepay_amt_months_count_sum,3.4930667877197266,0.0,75.0,3493066787719.7266,True
loan_avg_terms_36m,3.483499844868978,0.0,75.0,3483499844868.978,True
bf_q3_q2_trend,3.4701334635416665,0.0,75.0,3470133463541.6665,True
m1_pmt_not_eng_mor_3_stg_pln_amt_rat,3.4572998682657876,0.0,75.0,3457299868265.7876,True
stg_pln_sum_rep_prc_3m_his_d0_non_zd_rto_v2,3.421299934387207,0.0,75.0,3421299934387.207,True
light_d360_sum_faqi_count_divide_heavy_d360_sum_faqi_count,3.371333440144857,0.0,75.0,3371333440144.857,True
m6_payment_not_eng_mdl_crt_ddf_min,3.3658666610717773,0.0,75.0,3365866661071.7773,True
stg_pln_max_prc_amt_ovd_1d_3d_rep_12m,3.36163330078125,0.0,75.0,3361633300781.25,True
max_ddf_rep_dte_ord_crt_tim_5,3.3214232126871743,0.0,75.0,3321423212687.1743,True
d90_aplord_amt_grt_fst_month_rto,3.30687681833903,0.0,75.0,3306876818339.03,True
stg_pln_sum_prc_amt_ovd_3d_pls_rep_1m_rto,3.2817866007486978,0.0,75.0,3281786600748.6978,True
d730_avl_lmt_eql_0_month_cnt,3.2712701161702475,0.0,75.0,3271270116170.2476,True
recent_24m_prepay_3d_month_cnt,3.2675301233927407,0.0,75.0,3267530123392.7407,True
dvc_cnt_cjj_7,3.2229865392049155,0.0,75.0,3222986539204.9155,True
m6_stg_pln_ovd_1d_3d_manual_deduct_rep_apl_suc_cnt_rat,3.2137632369995117,0.0,75.0,3213763236999.5117,True
ord_apl_suc_cnt_04_06,3.2079432805379233,0.0,75.0,3207943280537.9233,True
m3_stg_pln_rep_apl_suc_cnt_max,3.1882031758626304,0.0,75.0,3188203175862.6304,True
d90_prc_amt_mor_50_000_suc_ord_cnt,3.1740268071492515,0.0,75.0,3174026807149.2515,True
m3_stg_pln_ovd_1d_3d_rep_apl_suc_cnt,3.092596689860026,0.0,75.0,3092596689860.026,True
min_ddf_rep_dte_ord_crt_tim_neg_5,3.051703453063965,0.0,75.0,3051703453063.965,True
min_ddf_rep_dte_ord_crt_tim_neg_7,3.045863469441732,0.0,75.0,3045863469441.732,True
stg_pln_max_prc_amt_ovd_14d_pls_rep_bjq_12m,3.027440071105957,0.0,75.0,3027440071105.957,True
d15_suc_ord_prc_amt_per_stg_max_all,3.0186166763305664,0.0,75.0,3018616676330.5664,True
m3_pmt_not_eng_stg_pln_d0_cnt,3.0130799611409507,0.0,75.0,3013079961140.9507,True
d360_max_adv_repay_amt_divide_d360_max_faqi_prc_amt,2.969993273417155,0.0,75.0,2969993273417.155,True
pmt_not_eng_stg_pln_cnt_3m_6m_rat_trend,2.943380037943522,0.0,75.0,2943380037943.522,True
stg_pln_min_prc_amt_6m_12m_ftr_rto_cash,2.938693364461263,0.0,75.0,2938693364461.263,True
mdt_lst_30d_60d_stg_cnt_advance_rte,2.9061365127563477,0.0,75.0,2906136512756.3477,True
d90_d360_suc_ord_prc_amt_avg_rat,2.899613380432129,0.0,75.0,2899613380432.129,True
light_his_max_fail_prc_amt_divide_heavy_his_max_adv_repay_amt,2.898496627807617,0.0,75.0,2898496627807.617,True
stg_pln_cnt_adv_fst_ord_bjq_12m,2.8947134017944336,0.0,75.0,2894713401794.4336,True
stg_pln_cnt_ovd_pls_rep_bjq_12m,2.875356674194336,0.0,75.0,2875356674194.336,True
m3_pmt_not_eng_equal_1_stg_pln_amt_rat,2.8467365900675454,0.0,75.0,2846736590067.5454,True
m3_payment_not_eng_inteday_avg,2.8380867640177407,0.0,75.0,2838086764017.7407,True
stg_pln_sum_rep_prc_his_d0_evn_zd_v2,2.8360366821289062,0.0,75.0,2836036682128.9062,True
m6_pmt_not_eng_equal_3_stg_pln_d0_cnt,2.8358901341756186,0.0,75.0,2835890134175.6187,True
d360_trade_fail_count_mon_divide_his_trade_success_count_mon,2.766559918721517,0.0,75.0,2766559918721.517,True
stg_pln_cnt_ftr_fst_ord,2.7664267222086587,0.0,75.0,2766426722208.6587,True
stg_pln_max_prc_amt_24m_light,2.7621167500813804,0.0,75.0,2762116750081.3804,True
credit_min_ir_cnt_24m,2.762096722920736,0.0,75.0,2762096722920.736,True
stg_pln_sum_rep_prc_3m_his_d0_afn_pk_rto_v2,2.751413345336914,0.0,75.0,2751413345336.914,True
stg_pln_sum_prc_amt_3d_ftr_cash,2.7489932775497437,0.0,75.0,2748993277549.7437,True
recent_24m_credit_fundcls_other_month_cnt,2.7395766576131186,0.0,75.0,2739576657613.1187,True
m6_stg_pln_normal_batch_rep_apl_cnt_mor_2_stg_amt_sum,2.739063262939453,0.0,75.0,2739063262939.453,True
m6_stg_pln_ovd_1d_3d_manual_rep_apl_suc_cnt,2.702249844868978,0.0,75.0,2702249844868.978,True
m6_stg_pln_d0_rep_apl_cnt_mor_4_cnt_rat,2.647106647491455,0.0,75.0,2647106647491.455,True
m3_pmt_not_eng_equal_1_stg_pln_amt_sum,2.639389991760254,0.0,75.0,2639389991760.254,True
18m_con_asc_repay_max,2.5567633310953775,0.0,75.0,2556763331095.3774,True
stg_pln_sum_prc_amt_his_fst_ord_bjq_12m,2.548679987589518,0.0,75.0,2548679987589.518,True
rsk_lmt_rate_ch_1m_grt_0p8_rate_1m,2.4729199409484863,0.0,75.0,2472919940948.4863,True
36stg_pln_repay_amt_first_der_great_0_count,2.460733334223429,0.0,75.0,2460733334223.429,True
stg_pln_avg_prc_amt_6m_adv_light,2.4490966796875,0.0,75.0,2449096679687.5,True
min_ddf_mdl_rep_dte_ovd_pls_bjq,2.4445366859436035,0.0,75.0,2444536685943.6035,True
stg_pln_max_prc_amt_ovd_pls_fst_ord_bjq_12m,2.4411166508992515,0.0,75.0,2441116650899.2515,True
12m_repay_amt_first_der_stddev,2.4205300013224282,0.0,75.0,2420530001322.428,True
d365_aplord_amt_grt_fst_month_rto,2.4052000045776367,0.0,75.0,2405200004577.6367,True
credit_fund_level1_reject_cnt_36m,2.3870633443196616,0.0,75.0,2387063344319.6616,True
m6_pmt_not_eng_equal_2_stg_pln_cnt,2.3844432830810547,0.0,75.0,2384443283081.0547,True
stg_pln_sum_prc_amt_ovd_pls_rep_bjq_12m_rto,2.2961634000142417,0.0,75.0,2296163400014.2417,True
max_ddf_rep_dte_ord_crt_tim_3,2.225336710611979,0.0,75.0,2225336710611.979,True
ord_apl_cnt_360_day_07_12_bjq_12m,2.1425065994262695,0.0,75.0,2142506599426.2695,True
d90_repaid_exclude_principal_fee_stddev,2.1291866302490234,0.0,75.0,2129186630249.0234,True
light_his_sum_faqi_prc_amt_divide_heavy_his_sum_ontim_repay_amt,2.124350070953369,0.0,75.0,2124350070953.3691,True
stg_pln_max_prc_amt_adv_3m_bjq_12m,2.0243833859761557,0.0,75.0,2024383385976.1558,True
m6_stg_pln_ovd_1d_3d_normal_batch_rep_apl_suc_cnt_rat,2.0218067169189453,0.0,75.0,2021806716918.9453,True
m1_stg_pln_adv_rep_apl_cnt_rat,1.961026668548584,0.0,75.0,1961026668548.584,True
stg_pln_cnt_36m_light,1.9314899444580078,0.0,75.0,1931489944458.0078,True
af_3m_inter_1m_sum_up,1.8634033203125,0.0,75.0,1863403320312.5,True
m1_add_bathch_rep_apl_suc_cnt_rat,1.8164265950520833,0.0,75.0,1816426595052.0833,True
m6_stg_pln_manual_rep_apl_suc_cnt_min,1.791450023651123,0.0,75.0,1791450023651.123,True
ord_apl_suc_max_stg_num_his,1.7686200141906738,0.0,75.0,1768620014190.6738,True
stg_pln_cnt_adv_2m_bjq_12m,1.7407399813334148,0.0,75.0,1740739981333.4148,True
d1080_due_repay_amt_larger_than_rsk_avl_lmt_cash_his_t_day_count_sum,1.7086933453877766,0.0,75.0,1708693345387.7766,True
m6_manual_rep_apl_fal_cnt_rat,1.6384800275166829,0.0,75.0,1638480027516.6829,True
m6_pmt_not_eng_equal_1_stg_pln_d0_cnt_rat,1.6217166582743328,0.0,75.0,1621716658274.3328,True
stg_pln_max_prc_amt_adv_rep_1m,1.5142933527628581,0.0,75.0,1514293352762.8582,True
stg_pln_max_prc_amt_adv_3d_bjq_12m,1.430573304494222,0.0,75.0,1430573304494.222,True
max_ddf_rep_tim_dte_ovd_pls_fst_ord_bjq_12m,1.353866736094157,0.0,75.0,1353866736094.157,True
stg_pln_cnt_adv_3d_bjq_12m,1.3150633176167805,0.0,75.0,1315063317616.7805,True
m6_stg_pln_normal_batch_rep_apl_cnt_mor_4_cnt_rat,1.2499066988627117,0.0,75.0,1249906698862.7117,True
stg_pln_max_prc_amt_ovd_1d_3d_rep_bjq_12m,1.2337940136591594,0.0,75.0,1233794013659.1594,True
3m_repay_amt_second_der_mean_rto,1.2035199801127117,0.0,75.0,1203519980112.7117,True
m3_stg_pln_his_ovd_rep_apl_cnt_rat,1.0457033316294353,0.0,75.0,1045703331629.4353,True
d365_avl_lmt_con_drp_month_max,1.015506664911906,0.0,75.0,1015506664911.906,True
credit_fund_level2_ratio_36m,0.9447100162506104,0.0,75.0,944710016250.6104,True
his_heavy_ontime_repay_light_ovd_repay_same_month_count,0.8939366340637207,0.0,75.0,893936634063.7207,True
m1_rep_apl_fal_stg_pln_cnt_max,0.8864533106486002,0.0,75.0,886453310648.6002,True
m1_manual_tim_13_18_rep_apl_cnt_rat,0.8120099703470866,0.0,75.0,812009970347.0865,True
stg_pln_min_prc_amt_adv_d0_rep_his_fst_ord,0.6172166665395101,0.0,75.0,617216666539.5101,True
stg_pln_avg_prc_amt_24m_light,0.25545734167099,0.0,75.0,255457341670.99,True
ord_apl_sum_prc_amt_30_90_day_rto,0.1606676677862803,0.0,75.0,160667667786.2803,True
max_amt_other_info_manual_repay,197.8216024239858,1.1058125495910645,75.0,178.89252793971494,True
per_event_type_limit_all,166.4815169175466,1.4630299806594849,75.0,113.79227980166785,True
ddf_ato_fst_ord_crt_dte,262.2996067206065,2.493809938430786,75.0,105.1802716311058,True
d1080_due_repay_amt_avg_divide_d1080_faqi_trade_amt_avg,109.38226286570232,1.4354724884033203,75.0,76.19948396732582,True
ord_apl_sum_prc_amt_07_12,57.97851975758871,1.5250799655914307,75.0,38.01670801902275,True
rsi_af_1y_inter_1m,62.05662329991659,2.5409750938415527,75.0,24.422365827314096,True
median_amt_event_result_1_all,71.89379056294759,3.0092724561691284,75.0,23.890754861873194,True
avg_avl_lmt_lft_rep_prc_all_cash_36m,43.87391980489095,1.9812874794006348,75.0,22.144146299325143,True
ord_apl_suc_max_prc_amt_his,28.836093584696453,1.337934970855713,75.0,21.552686948777477,True
3stg_pln_repay_amt_first_der_stddev,30.8066569964091,1.6535325050354004,75.0,18.630814273427863,True
d30_d180_his_rep_amt_sum_rat_all,27.34066677093506,2.593899965286255,75.0,10.540370537345408,True
12m_repay_ftr_amt_second_der_sum,11.219313303629557,1.1133400201797485,75.0,10.077166993249845,True
ddf_fst_adt_fst_ord_crt_dte_mnt,57.95424064000448,8.218647480010986,75.0,7.051554502240307,True
6stg_pln_repay_amt_first_der_mean_rto,14.248149951299032,2.197162389755249,75.0,6.484796034069975,True
his_max_ovd_repay_amt_divide_his_max_suc_prc_amt,63.83570353190104,11.069849967956543,75.0,5.766627706489063,True
min_amt_channel_hb,7.968316872914632,1.7864525318145752,75.0,4.460413434448446,True
3stg_pln_repay_amt_first_der_sum,13.675710042317709,14.346175193786621,75.0,0.9532652332476571,False
3m_used_lmt_second_der_small_0_count,0.0,0.0,75.0,0.0,False
stg_pln_pay_off_cnt_14d,0.0,0.0,75.0,0.0,False
6ord_apply_amt_first_der_great_0_count,0.0,0.0,75.0,0.0,False
3stg_pln_repay_amt_first_der_small_0_count,0.0,0.0,75.0,0.0,False
3m_used_lmt_first_der_great_0_count,0.0,0.0,75.0,0.0,False
3ord_apply_amt_second_der_small_0_count,0.0,0.0,75.0,0.0,False
ddf_36m_rep_dte_neg_3_crt_dt_max_prc_amt,0.0,0.0,75.0,0.0,False
d90_avl_lmt_con_drp_month_max,0.0,0.0,75.0,0.0,False
m1_stg_pln_rep_apl_cnt_less_4_cnt,0.0,0.0,75.0,0.0,False
stg_pln_cnt_7d_ftr_all,0.0,0.0,75.0,0.0,False
3m_repay_ftr_amt_first_der_great_0_count,0.0,0.0,75.0,0.0,False
6m_repay_amt_second_der_small_0_count,0.0,0.0,75.0,0.0,False
ord_apl_suc_sum_prc_amt_720_day_19_23,0.0,0.0,75.0,0.0,False
m6_manual_tim_13_18_rep_apl_suc_cnt,0.0,0.0,75.0,0.0,False
6m_con_dsc_repay_max,0.0,0.0,75.0,0.0,False
m6_pmt_not_eng_equal_1_stg_pln_d0_cnt,0.0,0.0,75.0,0.0,False
m3_stg_pln_d0_rep_apl_cnt_mor_2_cnt_rat,0.0,0.0,75.0,0.0,False
d360_suc_ord_stg_num_sum_all,0.0,0.0,75.0,0.0,False
6stg_pln_repay_amt_first_der_great_0_count,0.0,0.0,75.0,0.0,False
used_rate_ch_grt_0p5_cnt_3m_suc,0.0,0.0,75.0,0.0,False
m6_stg_pln_d0_rep_apl_fal_cnt_equal_2_cnt,0.0,0.0,75.0,0.0,False
used_rate_ch_grt_0p5_rate_3m_suc,0.0,0.0,75.0,0.0,False
d360_apl_ord_stg_num_min,0.0,0.0,75.0,0.0,False
rsk_avl_lmt_ch_les_500_rate_3m,0.0,0.0,75.0,0.0,False
6m_repay_amt_first_der_great_0_count,0.0,0.0,75.0,0.0,False
d30_suc_ord_days_cnt_all,0.0,0.0,75.0,0.0,False
m1_stg_pln_rep_apl_cnt_mor_2_cnt_rat,0.0,0.0,75.0,0.0,False
d30_suc_ord_prc_amt_sum_all,0.0,0.0,75.0,0.0,False
ord_apl_suc_cnt_180_day_19_23,0.0,0.0,75.0,0.0,False
d15_apl_ord_prc_amt_per_stg_avg,0.0,0.0,75.0,0.0,False
12m_repay_ftr_amt_second_der_min,0.0,0.0,75.0,0.0,False
d365_aplord_amt10000plus_month_cnt,0.0,0.0,75.0,0.0,False
max_con_not_ovd_tqhk_rep_tim_cnt_12m,0.0,0.0,75.0,0.0,False
d30_prc_amt_mor_3_000_apl_ord_cnt,0.0,0.0,75.0,0.0,False
stg_pln_cnt_3d_ftr_all,0.0,0.0,75.0,0.0,False
m3_stg_pln_normal_batch_rep_apl_fal_cnt_equal_1_cnt_rat,0.0,0.0,75.0,0.0,False
credit_pass_unique_scene_cnt_36m,0.0,0.0,75.0,0.0,False
stg_pln_cnt_adv_bjq_12m,0.0,0.0,75.0,0.0,False
d180_due_repay_amt_larger_than_rsk_avl_lmt_cash_his_t_day_count_sum,0.0,0.0,75.0,0.0,False
m1_stg_pln_normal_batch_rep_apl_cnt_mor_2_cnt,0.0,0.0,75.0,0.0,False
used_rate_ch_grt_0p5_cnt_12m,0.0,0.0,75.0,0.0,False
stg_pln_sum_rep_prc_12m_his_d0_afn_pk,0.0,0.0,75.0,0.0,False
m1_pmt_not_eng_cnt_pday_mor_1_day_cnt,0.0,0.0,75.0,0.0,False
3m_repay_amt_second_der_great_0_count,0.0,0.0,75.0,0.0,False
stg_pln_cnt_adv_rep_12m,0.0,0.0,75.0,0.0,False
stg_pln_sum_rep_prc_12m_his_d0_afn_pk_rto,0.0,0.0,75.0,0.0,False
m6_stg_pln_adv_manual_rep_apl_suc_cnt,0.0,0.0,75.0,0.0,False
ord_apl_suc_cnt_360_day_13_18_bjq_12m,0.0,0.0,75.0,0.0,False
ord_apl_suc_min_stg_num_360_day_bjq_12m,0.0,0.0,75.0,0.0,False
stg_pln_cnt_adv_rct_6m,0.0,0.0,75.0,0.0,False
lag_his_rep_amt_sum_per_mth_btch_rat_mor_50_per_cnt,0.0,0.0,75.0,0.0,False
max_con_not_ovd_tqhk_rep_tim_cnt_5m,0.0,0.0,75.0,0.0,False
ord_apl_suc_cnt_360_day_07_12_bjq_12m,0.0,0.0,75.0,0.0,False
m3_pmt_not_eng_equal_2_stg_pln_cnt_rat,0.0,0.0,75.0,0.0,False
his_light_shouxin_heavy_fail_trade_same_month_count,0.0,0.0,75.0,0.0,False
m3_pmt_not_eng_equal_2_stg_pln_d0_amt_sum,0.0,0.0,75.0,0.0,False
m1_normal_batch_rep_apl_fal_stg_pln_cnt_max,0.0,0.0,75.0,0.0,False
m6_manual_tim_0_5_rep_apl_suc_cnt,0.0,0.0,75.0,0.0,False
m1_manual_weekend_day_rep_apl_suc_cnt,0.0,0.0,75.0,0.0,False
m3_stg_pln_normal_batch_rep_apl_cnt_mor_4_cnt,0.0,0.0,75.0,0.0,False
recent_24m_repay_progress_rise_month_cnt,0.0,0.0,75.0,0.0,False
d60_prc_amt_mor_5_000_suc_ord_cnt,0.0,0.0,75.0,0.0,False
d360_repaid_gurantee_fee_stddev,0.0,0.0,75.0,0.0,False
recent_12m_credit_fundcls_lv2_month_cnt,0.0,0.0,75.0,0.0,False
his_lend_heavy_to_repay_light_inner14d_order_num_sum,0.0,0.0,75.0,0.0,False
m6_manual_rep_apl_fal_cnt,0.0,0.0,75.0,0.0,False
m6_stg_pln_his_ovd_rep_apl_suc_cnt,0.0,0.0,75.0,0.0,False
stg_pln_sum_rep_prc_1m_his_d0_mrn_zd_rto_v2,0.0,0.0,75.0,0.0,False
pmt_not_eng_stg_pln_cnt_1m_3m_rat_trend,0.0,0.0,75.0,0.0,False
m6_manual_rep_apl_fal_stg_pln_cnt_max,0.0,0.0,75.0,0.0,False
bf_1y_inter_3m_count_down,0.0,0.0,75.0,0.0,False
stg_pln_sum_prc_amt_ovd_pls_rep_6m_rto_his,0.0,0.0,75.0,0.0,False
m6_stg_pln_ovd_1d_3d_rep_apl_cnt_rat,0.0,0.0,75.0,0.0,False
recent_24m_lend_amt_rise_month_rto,0.0,0.0,75.0,0.0,False
d15_suc_ord_days_cnt,0.0,0.0,75.0,0.0,False
min_rsk_avl_lmt_bjq_12m_all,0.0,0.0,75.0,0.0,False
m1_stg_pln_normal_batch_rep_apl_suc_cnt_min,0.0,0.0,75.0,0.0,False
m1_stg_pln_rep_apl_cnt_mor_4_cnt_rat,0.0,0.0,75.0,0.0,False
m1_stg_pln_normal_batch_rep_apl_cnt_equal_2_cnt,0.0,0.0,75.0,0.0,False
12m_con_keep_repay_max,0.0,0.0,75.0,0.0,False
m3_stg_pln_d0_rep_apl_cnt_mor_4_cnt,0.0,0.0,75.0,0.0,False
d360_lend_light_to_repay_heavy_inner7d_order_num_sum,0.0,0.0,75.0,0.0,False
m3_stg_pln_pmt_not_eng_amt_max,0.0,0.0,75.0,0.0,False
d360_lend_light_to_repay_heavy_inner7d_order_amt_sum,0.0,0.0,75.0,0.0,False
m1_stg_pln_normal_batch_rep_apl_cnt_equal_2_cnt_rat,0.0,0.0,75.0,0.0,False
stg_pln_max_prc_amt_6m_light,0.0,0.0,75.0,0.0,False
d365_avl_lmt_eql_0_month_cnt,0.0,0.0,75.0,0.0,False
m1_manual_tim_13_18_rep_apl_suc_cnt,0.0,0.0,75.0,0.0,False
recent_6m_repay_progress_rise_month_rto,0.0,0.0,75.0,0.0,False
d30_prc_amt_mor_3_000_suc_ord_cnt,0.0,0.0,75.0,0.0,False
d7_apl_ord_prc_amt_per_stg_max_all,0.0,0.0,75.0,0.0,False
d7_apl_ord_prc_amt_per_stg_avg_all,0.0,0.0,75.0,0.0,False
credit_pass_unique_fund_cnt_6m,0.0,0.0,75.0,0.0,False
d15_prc_amt_mor_3_000_apl_ord_cnt,0.0,0.0,75.0,0.0,False
d7_apl_ord_days_cnt,0.0,0.0,75.0,0.0,False
d720_ovdrepay_suc_trade_in_same_month_count_sum,0.0,0.0,75.0,0.0,False
ord_apl_cnt_360_day_13_18_bjq_12m,0.0,0.0,75.0,0.0,False
his_light_shouxin_heavy_suc_trade_same_month_count,0.0,0.0,75.0,0.0,False
his_1d_app_str_ctn_v2,0.0,0.0,75.0,0.0,False
max_ddf_rep_dte_ord_crt_tim_7,0.0,0.0,75.0,0.0,False
stg_pln_max_prc_amt_24m_ftr_light,0.0,0.0,75.0,0.0,False
m1_stg_pln_d0_rep_apl_cnt_equal_2_cnt,0.0,0.0,75.0,0.0,False
m1_pmt_not_eng_equal_1_stg_pln_amt_sum,0.0,0.0,75.0,0.0,False
m1_stg_pln_normal_batch_rep_apl_fal_cnt_equal_2_cnt,0.0,0.0,75.0,0.0,False
stg_pln_min_rep_prc_12m_his,0.0,0.0,75.0,0.0,False
m1_stg_pln_rep_apl_fal_cnt_equal_2_cnt_rat,0.0,0.0,75.0,0.0,False
stg_pln_max_prc_amt_his_light,0.0,0.0,75.0,0.0,False
m1_pmt_not_eng_equal_1_stg_pln_d0_cnt,0.0,0.0,75.0,0.0,False
ord_apl_suc_6_cnt_360_day_bjq_12m,0.0,0.0,75.0,0.0,False
m6_stg_pln_d0_manual_rep_apl_fal_cnt,0.0,0.0,75.0,0.0,False
bsy_typ_suc_cnt_360_day_bjq_12m,0.0,0.0,75.0,0.0,False
m3_stg_pln_crd_cnt_max,0.0,0.0,75.0,0.0,False
his_csh_apl_ord_cnt_his_rto,0.0,0.0,75.0,0.0,False
m1_pmt_not_eng_cnt_pday_equal_1_day_cnt,0.0,0.0,75.0,0.0,False
stg_pln_cnt_ovd_pls_fst_ord_bjq_12m,0.0,0.0,75.0,0.0,False
stg_pln_sum_rep_prc_3m_his_ovd_0d_pls_3d_zd_rto,0.0,0.0,75.0,0.0,False
d1080_ovdrepay_fail_trade_in_same_month_count_sum,0.0,0.0,75.0,0.0,False
ord_apl_suc_cnt_360_day_19_23_bjq_12m,0.0,0.0,75.0,0.0,False
stg_pln_cnt_1m_ftr_his_rto_cash,0.0,0.0,75.0,0.0,False
stg_pln_sum_rep_prc_3m_his_d0_dwn_zd_rto_v2,0.0,0.0,75.0,0.0,False
18ord_apply_amt_first_der_max,0.0,0.0,75.0,0.0,False
m3_manual_rep_apl_fal_stg_pln_cnt_sum,0.0,0.0,75.0,0.0,False
m1_pmt_not_eng_equal_2_stg_pln_cnt,0.0,0.0,75.0,0.0,False
m1_normal_batch_rep_apl_suc_stg_pln_cnt_min,0.0,0.0,75.0,0.0,False
m3_manual_rep_apl_fal_stg_pln_cnt_avg,0.0,0.0,75.0,0.0,False
stg_pln_sum_prc_amt_adv_fst_ord_bjq_12m,0.0,0.0,75.0,0.0,False
m1_pmt_not_eng_equal_2_stg_pln_amt_rat,0.0,0.0,75.0,0.0,False
credit_fund_other_reject_cnt_6m,0.0,0.0,75.0,0.0,False
stg_pln_sum_rep_prc_3m_his_d0_afn_pk_rto,0.0,0.0,75.0,0.0,False
m3_pmt_not_eng_cnt_pday_mor_0_day_cnt,0.0,0.0,75.0,0.0,False
m3_normal_batch_rep_apl_fal_stg_pln_cnt_max,0.0,0.0,75.0,0.0,False
m1_pmt_not_eng_mor_3_stg_pln_cnt,0.0,0.0,75.0,0.0,False
m1_stg_pln_manual_rep_apl_cnt_max,0.0,0.0,75.0,0.0,False
m1_pmt_not_eng_mor_3_stg_pln_amt_sum,0.0,0.0,75.0,0.0,False
d180_prc_amt_mor_3_000_suc_ord_cnt,0.0,0.0,75.0,0.0,False
stg_pln_sum_rep_prc_1m_his_d0_non_zd_rto,0.0,0.0,75.0,0.0,False
d720_trade_fail_count_mon_divide_his_trade_success_count_mon,0.0,0.0,75.0,0.0,False
m1_pmt_not_eng_equal_2_stg_pln_d0_amt_sum,0.0,0.0,75.0,0.0,False
his_360_day_bt_apl_ord_cnt_his_rto_bjq_12m,0.0,0.0,75.0,0.0,False
recent_6m_lend_amt_rise_month_cnt,0.0,0.0,75.0,0.0,False
loan_reject_fund_cnt_all,0.0,0.0,75.0,0.0,False
d360_ovdrepay_fail_trade_in_same_month_count_sum,0.0,0.0,75.0,0.0,False
d1080_advrepay_ontimrepay_in_same_month_count_sum,0.0,0.0,75.0,0.0,False
m1_stg_pln_manual_rep_apl_cnt_min,0.0,0.0,75.0,0.0,False
d90_lend_light_to_repay_heavy_inner7d_order_stg_sum,0.0,0.0,75.0,0.0,False
m6_part_suc_rep_apl_cnt,0.0,0.0,75.0,0.0,False
m1_stg_pln_adv_manual_rep_apl_suc_cnt,0.0,0.0,75.0,0.0,False
loan_reject_unique_fund_cnt_6m,0.0,0.0,75.0,0.0,False
his_heavy_light_suc_trade_same_month_count,0.0,0.0,75.0,0.0,False
m6_stg_pln_d0_normal_batch_rep_apl_fal_cnt_mor_4_cnt_rat,0.0,0.0,75.0,0.0,False
ai_answer_cnt_60d,0.0,0.0,75.0,0.0,False
his_heavy_light_fail_trade_same_month_count,0.0,0.0,75.0,0.0,False
m3_rep_apl_fal_stg_pln_cnt_max,0.0,0.0,75.0,0.0,False
d30_prc_amt_mor_10_000_apl_ord_cnt,0.0,0.0,75.0,0.0,False
day_diff_last_repay_loan,0.0,0.0,75.0,0.0,False
m1_manual_tim_19_24_rep_apl_cnt_rat,0.0,0.0,75.0,0.0,False
d7_bsy_typ_bt_cash_suc_ord_cnt_all,0.0,0.0,75.0,0.0,False
m1_manual_tim_19_24_rep_apl_suc_cnt,0.0,0.0,75.0,0.0,False
m3_manual_work_day_rep_apl_fal_cnt,0.0,0.0,75.0,0.0,False
credit_fund_other_ratio_12m,0.0,0.0,75.0,0.0,False
m1_stg_pln_rep_apl_cnt_min,0.0,0.0,75.0,0.0,False
recent_12m_due_month_cnt,0.0,0.0,75.0,0.0,False
his_360_day_bt_suc_ord_cnt_bjq_12m,0.0,0.0,75.0,0.0,False
credit_pass_unique_fund_cnt_3m,0.0,0.0,75.0,0.0,False
his_heavy_ontime_repay_light_ontime_repay_same_date_count,0.0,0.0,75.0,0.0,False
loan_fund_level2_cnt_36m,0.0,0.0,75.0,0.0,False
10d_range_avg_prc_amt_36m,0.0,0.0,75.0,0.0,False
18thord_con_keep_apply_amt_max,0.0,0.0,75.0,0.0,False
m1_stg_pln_bnk_cnt_max,0.0,0.0,75.0,0.0,False
stg_pln_sum_rep_prc_1m_his_d0_afn_zd_rto,0.0,0.0,75.0,0.0,False
d360_faqiamt_thismon_sum_larger_than_rsk_adt_lmt_cash_count_sum,0.0,0.0,75.0,0.0,False
d180_apl_ord_bsy_typ_cnt_all,0.0,0.0,75.0,0.0,False
6m_con_keep_repay_max,0.0,0.0,75.0,0.0,False
his_advrepay_thismon_sum_larger_than_rsk_avl_lmt_cash_count_sum,0.0,0.0,75.0,0.0,False
credit_fund_level2_avg_ir_cnt_24m,0.0,0.0,75.0,0.0,False
6thord_con_keep_apply_amt_max,0.0,0.0,75.0,0.0,False
d360_ovdrepay_amt_sum_divide_ontimrepay_amt_sum,0.0,0.0,75.0,0.0,False
percent_true_followup_code_yjt_90d,0.0,0.0,75.0,0.0,False
m3_manual_mrn_rep_apl_fal_cnt,0.0,0.0,75.0,0.0,False
stg_pln_fst_cnt_ovd_pls_rep_bjq_12m,0.0,0.0,75.0,0.0,False
10d_range_ord_cnt_his,0.0,0.0,75.0,0.0,False
d7_prc_amt_mor_3_000_apl_ord_cnt,0.0,0.0,75.0,0.0,False
his_heavy_ontime_repay_light_ontime_repay_same_month_count,0.0,0.0,75.0,0.0,False
d360_advrepay_large_than_ontimrepay_amt_months_count_sum,0.0,0.0,75.0,0.0,False
ai_wcnhk_cnt_90d,0.0,0.0,75.0,0.0,False
m1_stg_pln_his_ovd_rep_apl_cnt_rat,0.0,0.0,75.0,0.0,False
his_360_day_prc_amt_3_000_flg_apl_ord_cnt_bjq_12m,0.0,0.0,75.0,0.0,False
stg_pln_sum_rep_prc_12m_his_ovd_0d_pls_3d_mrn_pk_rto_v2,0.0,0.0,75.0,0.0,False
m3_stg_pln_crd_cnt_min,0.0,0.0,75.0,0.0,False
stg_pln_max_prc_amt_ovd_3d_pls_rep_bjq_12m,0.0,0.0,75.0,0.0,False
m1_stg_pln_ovd_1d_3d_rep_apl_suc_cnt,0.0,0.0,75.0,0.0,False
stg_pln_sum_prc_amt_ovd_3d_pls_rep_bjq_12m,0.0,0.0,75.0,0.0,False
stg_pln_sum_prc_amt_ovd_3d_pls_rep_bjq_12m_rto,0.0,0.0,75.0,0.0,False
stg_pln_cnt_ovd_3d_pls_rep_bjq_12m,0.0,0.0,75.0,0.0,False
stg_pln_cnt_36m_due_light,0.0,0.0,75.0,0.0,False
m3_rep_apl_stg_pln_cnt_min,0.0,0.0,75.0,0.0,False
credit_max_ir_cnt_36m,0.0,0.0,75.0,0.0,False
m6_pmt_not_eng_cnt_pday_min,0.0,0.0,75.0,0.0,False
15d_range_avg_prc_amt_6m,0.0,0.0,75.0,0.0,False
stg_pln_max_rep_prc_24m_due_light,0.0,0.0,75.0,0.0,False
stg_pln_sum_rep_prc_24m_due_light,0.0,0.0,75.0,0.0,False
credit_min_ir_cnt_36m,0.0,0.0,75.0,0.0,False
m3_part_suc_rep_apl_cnt_rat,0.0,0.0,75.0,0.0,False
m1_stg_pln_d0_rep_apl_fal_cnt_mor_4_cnt_rat,0.0,0.0,75.0,0.0,False
light_his_sum_larger_than_1w_faqi_count_divide_heavy_his_sum_larger_than_1w_faqi_count,0.0,0.0,75.0,0.0,False
m6_stg_pln_rep_apl_fal_cnt_mor_1_rep_apl_amt_sum,0.0,0.0,75.0,0.0,False
m1_pmt_not_eng_mor_3_stg_pln_d0_cnt,0.0,0.0,75.0,0.0,False
5d_range_max_prc_amt_his,0.0,0.0,75.0,0.0,False
d360_advrepay_thismon_sum_larger_than_rsk_avl_lmt_cash_count_sum,0.0,0.0,75.0,0.0,False
stg_pln_cnt_12m_24m_rto_light,0.0,0.0,75.0,0.0,False
his_credit_fundcls_lv1_month_cnt,0.0,0.0,75.0,0.0,False
ord_apl_suc_min_stg_num_his,0.0,0.0,75.0,0.0,False
stg_pln_sum_rep_prc_1m_his_d0_dwn_zd_rto_v2,0.0,0.0,75.0,0.0,False
m6_manual_tim_13_18_rep_apl_fal_cnt,0.0,0.0,75.0,0.0,False
d90_faqi_trade_amt_larger_than_unpaid_principal_tot_amt_t_day_count_sum,0.0,0.0,75.0,0.0,False
m1_stg_pln_pmt_not_eng_cnt_min,0.0,0.0,75.0,0.0,False
m1_stg_pln_d0_normal_batch_rep_apl_fal_cnt_mor_4_cnt,0.0,0.0,75.0,0.0,False
ai_busy_cnt_30d,0.0,0.0,75.0,0.0,False
stg_pln_sum_rep_prc_1m_his_d0_non_zd_rto_v2,0.0,0.0,75.0,0.0,False
d180_faqiamt_thismon_sum_larger_than_rsk_adt_lmt_cash_count_sum,0.0,0.0,75.0,0.0,False
m1_stg_pln_ovd_1d_3d_manual_rep_apl_suc_cnt,0.0,0.0,75.0,0.0,False
recent_24m_credit_fundcls_lv1_month_cnt,0.0,0.0,75.0,0.0,False
stg_pln_sum_rep_prc_1m_his_ovd_0d_pls_3d_zd_rto_v2,0.0,0.0,75.0,0.0,False
recent_6m_credit_fundcls_other_month_cnt,0.0,0.0,75.0,0.0,False
stg_pln_avg_rep_prc_his_due_light,0.0,0.0,75.0,0.0,False
stg_pln_cnt_12m_due_light,0.0,0.0,75.0,0.0,False
m1_pmt_not_eng_equal_3_stg_pln_cnt,0.0,0.0,75.0,0.0,False
m1_pmt_not_eng_equal_3_stg_pln_amt_rat,0.0,0.0,75.0,0.0,False
stg_pln_max_rep_prc_12m_due_light,0.0,0.0,75.0,0.0,False
stg_pln_avg_rep_prc_12m_due_light,0.0,0.0,75.0,0.0,False
stg_pln_cnt_36m_adv_light,0.0,0.0,75.0,0.0,False
credit_fund_level1_ratio_12m,0.0,0.0,75.0,0.0,False
m3_normal_batch_rep_apl_suc_stg_pln_cnt_max,0.0,0.0,75.0,0.0,False
his_successamt_thismon_sum_larger_than_rsk_adt_lmt_cash_count_sum,0.0,0.0,75.0,0.0,False
d90_ovdrepay_fail_trade_in_same_month_count_sum,0.0,0.0,75.0,0.0,False
d90_ovdrepay_suc_trade_in_same_month_count_sum,0.0,0.0,75.0,0.0,False
d15_prc_amt_mor_10_000_apl_ord_cnt,0.0,0.0,75.0,0.0,False
his_light_ontime_repay_heavy_ovd_repay_same_month_count,0.0,0.0,75.0,0.0,False
m1_stg_pln_manual_rep_apl_fal_cnt_max,0.0,0.0,75.0,0.0,False
min_ddf_rep_tim_dte_adv_fst_ord_bjq_12m,0.0,0.0,75.0,0.0,False
m3_stg_pln_manual_rep_apl_suc_cnt_max,0.0,0.0,75.0,0.0,False
m1_stg_pln_manual_rep_apl_fal_cnt_avg,0.0,0.0,75.0,0.0,False
m1_pmt_not_eng_cnt_pday_min,0.0,0.0,75.0,0.0,False
ai_refuse_cnt,0.0,0.0,75.0,0.0,False
m6_up_flg_btch_cnt_rat,0.0,0.0,75.0,0.0,False
stg_pln_sum_rep_prc_1m_his_d0_afn_pk_rto,0.0,0.0,75.0,0.0,False
d360_apl_ord_bsy_typ_cnt_all,0.0,0.0,75.0,0.0,False
m1_manual_rep_apl_suc_cnt_in_manual_rep_rat,0.0,0.0,75.0,0.0,False
ai_answer_cnt_21d,0.0,0.0,75.0,0.0,False
max_ddf_rep_tim_dte_ovd_pls_rep_12m,0.0,0.0,75.0,0.0,False
m1_manual_rep_apl_fal_stg_pln_cnt_sum,0.0,0.0,75.0,0.0,False
m1_manual_rep_apl_fal_stg_pln_cnt_max,0.0,0.0,75.0,0.0,False
m1_manual_rep_apl_fal_stg_pln_cnt_avg,0.0,0.0,75.0,0.0,False
stg_pln_cnt_his_due_light,0.0,0.0,75.0,0.0,False
recent_12m_lend_amt_over10k_month_rto,0.0,0.0,75.0,0.0,False
stg_pln_avg_prc_amt_his_due_light,0.0,0.0,75.0,0.0,False
m3_stg_pln_manual_rep_apl_cnt_min,0.0,0.0,75.0,0.0,False
stg_pln_sum_rep_prc_1m_his_d0_evn_zd_rto_v2,0.0,0.0,75.0,0.0,False
m6_stg_pln_rep_apl_fal_cnt_mor_1_rep_apl_amt_min,0.0,0.0,75.0,0.0,False
dvc_cnt_cjj_90,0.0,0.0,75.0,0.0,False
percent_true_followup_code_yyxh_180d,0.0,0.0,75.0,0.0,False
d60_prc_amt_mor_20_000_suc_ord_cnt,0.0,0.0,75.0,0.0,False
18m_con_dsc_repay_max,0.0,0.0,75.0,0.0,False
percent_true_followup_code_other_180d,0.0,0.0,75.0,0.0,False
used_rate_ch_grt_0p2_cnt_12m_suc,0.0,0.0,75.0,0.0,False
min_ddf_rep_dte_ord_crt_tim_neg_1_bjq_12m,0.0,0.0,75.0,0.0,False
m3_stg_pln_ovd_1d_3d_normal_batch_rep_apl_suc_cnt,0.0,0.0,75.0,0.0,False
d360_ovdrepay_1wplus_trade_in_same_month_count_sum,0.0,0.0,75.0,0.0,False
stg_pln_cnt_due_6m_rto_his_light,0.0,0.0,75.0,0.0,False
m6_stg_pln_ovd_1d_3d_manual_rep_apl_fal_cnt,0.0,0.0,75.0,0.0,False
stg_pln_sum_rep_prc_6m_due_light,0.0,0.0,75.0,0.0,False
stg_pln_avg_rep_prc_6m_due_light,0.0,0.0,75.0,0.0,False
m6_stg_pln_ovd_1d_3d_manual_rep_apl_fal_cnt_rat,0.0,0.0,75.0,0.0,False
m3_manual_weekend_day_rep_apl_fal_cnt,0.0,0.0,75.0,0.0,False
m6_stg_pln_normal_batch_rep_apl_suc_cnt_min,0.0,0.0,75.0,0.0,False
stg_pln_cnt_his_adv_light,0.0,0.0,75.0,0.0,False
stg_pln_sum_prc_amt_his_adv_light,0.0,0.0,75.0,0.0,False
recent_6m_credit_fundcls_lv1_month_cnt,0.0,0.0,75.0,0.0,False
credit_fund_level2_max_ir_cnt_24m,0.0,0.0,75.0,0.0,False
loan_reject_unique_fund_cnt_1m,0.0,0.0,75.0,0.0,False
stg_pln_avg_prc_amt_his_adv_light,0.0,0.0,75.0,0.0,False
heavy_unpaid_principal_his_divide_his_light_limit,0.0,0.0,75.0,0.0,False
percent_true_followup_code_yjt_30d,0.0,0.0,75.0,0.0,False
m6_manual_tim_19_24_rep_apl_fal_cnt,0.0,0.0,75.0,0.0,False
ai_wcnhk_cnt_30d,0.0,0.0,75.0,0.0,False
m3_rep_apl_suc_amt_rat_mor_1_cnt,0.0,0.0,75.0,0.0,False
his_light_suc_trade_heavy_advance_repay_same_month_count,0.0,0.0,75.0,0.0,False
cnt_ord_cnt_ever_overdue_rte_30d_90d,0.0,0.0,75.0,0.0,False
m3_manual_tim_13_18_rep_apl_fal_cnt,0.0,0.0,75.0,0.0,False
his_heavy_fail_trade_light_ovd_repay_same_month_count,0.0,0.0,75.0,0.0,False
ai_refuse_cnt_60d,0.0,0.0,75.0,0.0,False
loan_max_ir_all,0.0,0.0,75.0,0.0,False
his_heavy_suc_trade_light_ovd_repay_same_month_count,0.0,0.0,75.0,0.0,False
his_360_day_bt_apl_ord_cnt_csh_rto_bjq_12m,0.0,0.0,75.0,0.0,False
m6_stg_pln_adv_rep_apl_fal_cnt_rat,0.0,0.0,75.0,0.0,False
stg_pln_sum_rep_prc_1m_his_d0_afn_pk_rto_v2,0.0,0.0,75.0,0.0,False
ord_apl_sum_prc_amt_360_day_00_03_bjq_12m,0.0,0.0,75.0,0.0,False
m1_add_bathch_rep_apl_suc_amt_sum,0.0,0.0,75.0,0.0,False
ord_apl_cnt_360_day_00_03_bjq_12m,0.0,0.0,75.0,0.0,False
m1_add_bathch_rep_apl_suc_amt_avg,0.0,0.0,75.0,0.0,False
d1080_ovdrepay_large_than_ontimrepay_amt_months_count_sum,0.0,0.0,75.0,0.0,False
m6_stg_pln_adv_manual_rep_apl_fal_cnt,0.0,0.0,75.0,0.0,False
stg_pln_max_prc_amt_ovd_7d_pls_rep_bjq_12m,0.0,0.0,75.0,0.0,False
stg_pln_sum_prc_amt_ovd_7d_pls_rep_bjq_12m_rto,0.0,0.0,75.0,0.0,False
stg_pln_sum_rep_prc_3m_his_ovd_0d_pls_3d_mrn_pk_rto_v2,0.0,0.0,75.0,0.0,False
his_heavy_suc_trade_light_advance_repay_same_month_count,0.0,0.0,75.0,0.0,False
d1080_advrepay_large_than_ontimrepay_amt_months_count_sum,0.0,0.0,75.0,0.0,False
m1_add_bathch_mrn_rep_apl_suc_cnt,0.0,0.0,75.0,0.0,False
stg_pln_max_prc_amt_6m_adv_light,0.0,0.0,75.0,0.0,False
heavy_unpaid_principal_his_divide_d720_light_limit_max,0.0,0.0,75.0,0.0,False
min_ddf_rep_dte_ord_crt_tim_neg_3,0.0,0.0,75.0,0.0,False
m3_stg_pln_rep_apl_cnt_min,0.0,0.0,75.0,0.0,False
d360_prc_amt_mor_50_000_apl_ord_cnt,0.0,0.0,75.0,0.0,False
max_ddf_rep_dte_ord_crt_tim_1,0.0,0.0,75.0,0.0,False
m3_stg_pln_manual_rep_apl_cnt_max,0.0,0.0,75.0,0.0,False
used_rate_ch_grt_0p2_cnt_3m,0.0,0.0,75.0,0.0,False
m1_stg_pln_d0_manual_rep_apl_fal_cnt,0.0,0.0,75.0,0.0,False
d7_prc_amt_mor_5_000_suc_ord_cnt,0.0,0.0,75.0,0.0,False
his_1080_day_bt_apl_ord_cnt_csh_rto,0.0,0.0,75.0,0.0,False
ddf_bjq_12m_rep_dte_neg_5_crt_dt_min_prc_amt,0.0,0.0,75.0,0.0,False
m6_manual_tim_0_5_rep_apl_fal_cnt,0.0,0.0,75.0,0.0,False
m1_stg_pln_rep_apl_fal_cnt_mor_1_rep_apl_amt_sum,0.0,0.0,75.0,0.0,False
stg_pln_sum_rep_prc_12m_his_ovd_0d_pls_3d_mrn_pk_rto,0.0,0.0,75.0,0.0,False
m3_stg_pln_normal_batch_rep_apl_suc_cnt_max,0.0,0.0,75.0,0.0,False
m1_stg_pln_crd_cnt_min,0.0,0.0,75.0,0.0,False
fst_fal_ord_stg_num,0.0,0.0,75.0,0.0,False
m3_manual_deduct_rep_apl_fal_stg_pln_cnt_max,0.0,0.0,75.0,0.0,False
loan_max_ir_36m,0.0,0.0,75.0,0.0,False
m3_manual_deduct_rep_apl_fal_stg_pln_cnt_avg,0.0,0.0,75.0,0.0,False
rsk_avl_lmt_ch_les_5000_cnt_1m,0.0,0.0,75.0,0.0,False
ai_answer_cnt_10d,0.0,0.0,75.0,0.0,False
d1080_ovdrepay_ontimrepay_in_same_month_count_sum,0.0,0.0,75.0,0.0,False
stg_pln_min_prc_amt_36m_light,0.0,0.0,75.0,0.0,False
his_light_suc_trade_heavy_ovd_repay_same_month_count,0.0,0.0,75.0,0.0,False
fst_ord_stg_num,0.0,0.0,75.0,0.0,False
used_rate_ch_grt_0p2_rate_3m_suc,0.0,0.0,75.0,0.0,False
m1_part_suc_rep_apl_cnt,0.0,0.0,75.0,0.0,False
m1_part_suc_rep_apl_cnt_rat,0.0,0.0,75.0,0.0,False
m3_stg_pln_ovd_1d_3d_manual_rep_apl_fal_cnt,0.0,0.0,75.0,0.0,False
ord_apl_suc_sum_prc_amt_360_day_00_03_bjq_12m,0.0,0.0,75.0,0.0,False
ord_apl_suc_cnt_360_day_00_03_bjq_12m,0.0,0.0,75.0,0.0,False
his_light_fail_trade_heavy_ovd_repay_same_month_count,0.0,0.0,75.0,0.0,False
his_heavy_light_suc_trade_same_date_count,0.0,0.0,75.0,0.0,False
ai_call_cnt_3d,0.0,0.0,75.0,0.0,False
m3_submit_fal_rep_apl_cnt,0.0,0.0,75.0,0.0,False
m3_submit_fal_rep_apl_cnt_rat,0.0,0.0,75.0,0.0,False
m1_normal_batch_rep_apl_stg_pln_cnt_max,0.0,0.0,75.0,0.0,False
m3_manual_tim_19_24_rep_apl_fal_cnt,0.0,0.0,75.0,0.0,False
m1_manual_tim_6_12_rep_apl_fal_cnt,0.0,0.0,75.0,0.0,False
stg_pln_sum_rep_prc_12m_his_ovd_0d_pls_3d_afn_pk_rto_v2,0.0,0.0,75.0,0.0,False
ai_answer_close_cnt_30d,0.0,0.0,75.0,0.0,False
recent_6m_prepay_3d_month_rto,0.0,0.0,75.0,0.0,False
min_ddf_rep_dte_ord_crt_tim_neg_1,0.0,0.0,75.0,0.0,False
percent_true_followup_code_yjt_15d,0.0,0.0,75.0,0.0,False
ai_wcnhk_cnt_15d,0.0,0.0,75.0,0.0,False
m3_stg_pln_pmt_not_eng_cnt_min,0.0,0.0,75.0,0.0,False
his_heavy_ovd_repay_light_ovd_repay_same_month_count,0.0,0.0,75.0,0.0,False
m1_manual_rep_apl_suc_stg_pln_cnt_min,0.0,0.0,75.0,0.0,False
bsy_typ_suc_cnt_his,0.0,0.0,75.0,0.0,False
his_heavy_advance_repay_light_advance_repay_same_month_count,0.0,0.0,75.0,0.0,False
min_ddf_rep_tim_dte_ovd_pls_fst_ord_bjq_12m,0.0,0.0,75.0,0.0,False
stg_pln_sum_prc_amt_36m_his_rto_light,0.0,0.0,75.0,0.0,False
his_ovd_1d3d_repay_amt_sum_divide_adv_3dminus_repay_amt_sum,0.0,0.0,75.0,0.0,False
m3_stg_pln_adv_manual_rep_apl_fal_cnt,0.0,0.0,75.0,0.0,False
recent_1m_credit_fundcls_lv2_month_cnt,0.0,0.0,75.0,0.0,False
ai_busy_cnt_7d,0.0,0.0,75.0,0.0,False
m1_stg_pln_his_ovd_normal_batch_rep_apl_suc_cnt,0.0,0.0,75.0,0.0,False
d1080_ovdrepay_1_4am_trade_in_same_month_count_sum,0.0,0.0,75.0,0.0,False
ddf_bjq_12m_rep_dte_3_crt_dt_min_prc_amt,0.0,0.0,75.0,0.0,False
d15_prc_amt_mor_20_000_apl_ord_cnt,0.0,0.0,75.0,0.0,False
d90_ovdrepay_1wplus_trade_in_same_month_count_sum,0.0,0.0,75.0,0.0,False
m6_stg_pln_rep_apl_cnt_ovd_1d_3d_max,0.0,0.0,75.0,0.0,False
percent_true_followup_code_yyxh_call_mode_ai_60d,0.0,0.0,75.0,0.0,False
m3_manual_tim_0_5_rep_apl_fal_cnt,0.0,0.0,75.0,0.0,False
recent_1m_stg_rise_month_rto,0.0,0.0,75.0,0.0,False
ai_ptp_cnt_60d,0.0,0.0,75.0,0.0,False
ai_refuse_cnt_21d,0.0,0.0,75.0,0.0,False
stg_pln_sum_rep_prc_6m_his_ovd_0d_pls_3d_mrn_pk_rto,0.0,0.0,75.0,0.0,False
stg_pln_cnt_1m_adv_light,0.0,0.0,75.0,0.0,False
stg_pln_min_prc_amt_24m_light,0.0,0.0,75.0,0.0,False
percent_true_followup_code_other_call_mode_manual_90d,0.0,0.0,75.0,0.0,False
d7_prc_amt_mor_10_000_suc_ord_cnt,0.0,0.0,75.0,0.0,False
his_heavy_ontime_repay_light_ovd_repay_same_date_count,0.0,0.0,75.0,0.0,False
used_rate_ch_grt_0p2_cnt_1m_suc,0.0,0.0,75.0,0.0,False
5d_range_ord_cnt_1m,0.0,0.0,75.0,0.0,False
d360_bsy_typ_api_suc_ord_cnt_all,0.0,0.0,75.0,0.0,False
5d_range_avg_prc_amt_1m,0.0,0.0,75.0,0.0,False
stg_pln_max_prc_amt_1m_due_light,0.0,0.0,75.0,0.0,False
stg_pln_cnt_1m_due_light,0.0,0.0,75.0,0.0,False
stg_pln_avg_prc_amt_1m_due_light,0.0,0.0,75.0,0.0,False
stg_pln_cnt_ovd_14d_pls_rep_bjq_12m,0.0,0.0,75.0,0.0,False
stg_pln_sum_prc_amt_ovd_14d_pls_rep_bjq_12m_rto,0.0,0.0,75.0,0.0,False
m3_stg_pln_manual_deduct_rep_apl_suc_cnt_max,0.0,0.0,75.0,0.0,False
stg_pln_sum_rep_prc_1m_his_ovd_0d_pls_3d_mrn_pk_rto_v2,0.0,0.0,75.0,0.0,False
m3_stg_pln_manual_deduct_rep_apl_suc_cnt_sum,0.0,0.0,75.0,0.0,False
m3_manual_deduct_rep_apl_suc_stg_pln_cnt_max,0.0,0.0,75.0,0.0,False
ddf_bjq_12m_rep_dte_neg_1_crt_dt_min_prc_amt,0.0,0.0,75.0,0.0,False
d180_bsy_typ_api_apl_ord_cnt_all,0.0,0.0,75.0,0.0,False
m3_pmt_not_eng_cnt_pday_equal_1_day_cnt,0.0,0.0,75.0,0.0,False
his_light_suc_trade_heavy_advance_repay_same_date_count,0.0,0.0,75.0,0.0,False
m1_manual_deduct_rep_apl_stg_pln_cnt_max,0.0,0.0,75.0,0.0,False
m1_manual_weekend_day_rep_apl_fal_cnt,0.0,0.0,75.0,0.0,False
m1_manual_deduct_rep_apl_stg_pln_cnt_avg,0.0,0.0,75.0,0.0,False
ord_apl_suc_sum_prc_amt_360_day_04_06_bjq_12m,0.0,0.0,75.0,0.0,False
his_1080_day_bt_suc_ord_cnt_csh_rto,0.0,0.0,75.0,0.0,False
ord_apl_suc_cnt_360_day_04_06_bjq_12m,0.0,0.0,75.0,0.0,False
m1_manual_tim_13_18_rep_apl_fal_cnt,0.0,0.0,75.0,0.0,False
his_heavy_advance_repay_light_advance_repay_same_date_count,0.0,0.0,75.0,0.0,False
used_rate_ch_grt_0p8_cnt_1m,0.0,0.0,75.0,0.0,False
m1_manual_deduct_rep_apl_fal_stg_pln_cnt_max,0.0,0.0,75.0,0.0,False
m1_manual_deduct_rep_apl_fal_stg_pln_cnt_avg,0.0,0.0,75.0,0.0,False
ai_answer_close_cnt_15d,0.0,0.0,75.0,0.0,False
d60_prc_amt_mor_50_000_apl_ord_cnt,0.0,0.0,75.0,0.0,False
d360_schedule_pay_penalty_max,0.0,0.0,75.0,0.0,False
recent_36m_due_month_rto,0.0,0.0,75.0,0.0,False
recent_24m_settle_loan_diff_days_max,0.0,0.0,75.0,0.0,False
ai_wcnhk_cnt_7d,0.0,0.0,75.0,0.0,False
m6_stg_pln_pmt_not_eng_cnt_min,0.0,0.0,75.0,0.0,False
percent_true_followup_code_yjt_7d,0.0,0.0,75.0,0.0,False
m6_stg_pln_ovd_1d_3d_manual_rep_apl_suc_cnt_rat,0.0,0.0,75.0,0.0,False
f54__percent_true_call_mode_is_manual_called_phone_social_relations_is_self_is_can_contact_person_is_yes_90d,0.0,0.0,75.0,0.0,False
m1_stg_pln_his_ovd_manual_rep_apl_fal_cnt,0.0,0.0,75.0,0.0,False
percent_true_followup_code_jjhk_180d,0.0,0.0,75.0,0.0,False
percent_true_followup_code_yyxh_30d,0.0,0.0,75.0,0.0,False
d15_prc_amt_mor_20_000_suc_ord_cnt,0.0,0.0,75.0,0.0,False
m1_submit_fal_rep_apl_cnt,0.0,0.0,75.0,0.0,False
m1_submit_fal_rep_apl_cnt_rat,0.0,0.0,75.0,0.0,False
stg_pln_fst_sum_prc_amt_ovd_3d_pls_rep_bjq_12m,0.0,0.0,75.0,0.0,False
stg_pln_fst_cnt_ovd_3d_pls_rep_bjq_12m,0.0,0.0,75.0,0.0,False
stg_pln_min_prc_amt_adv_bjq_12m,0.0,0.0,75.0,0.0,False
percent_true_followup_code_other_called_phone_social_relations_family_180d,0.0,0.0,75.0,0.0,False
his_heavy_advance_repay_light_ovd_repay_same_month_count,0.0,0.0,75.0,0.0,False
stg_pln_min_prc_amt_36m_on_light,0.0,0.0,75.0,0.0,False
his_720_day_bt_apl_ord_cnt_csh_rto,0.0,0.0,75.0,0.0,False
m1_stg_pln_ovd_1d_3d_manual_deduct_rep_apl_fal_cnt,0.0,0.0,75.0,0.0,False
percent_true_call_mode_is_manual_called_phone_social_relations_is_friend_is_can_contact_person_is_yes_180d,0.0,0.0,75.0,0.0,False
percent_true_call_mode_is_manual_called_phone_social_relations_is_family_is_can_contact_person_is_yes_180d,0.0,0.0,75.0,0.0,False
light_his_sum_faqi_prc_amt_divide_heavy_his_sum_ovd_repay_amt,0.0,0.0,75.0,0.0,False
d180_ovdrepay_1_4am_trade_in_same_month_count_sum,0.0,0.0,75.0,0.0,False
ai_answer_cnt_3d,0.0,0.0,75.0,0.0,False
percent_true_followup_code_other_called_phone_social_relations_friend_180d,0.0,0.0,75.0,0.0,False
stg_pln_sum_rep_prc_3m_his_ovd_0d_pls_3d_mrn_pk_rto,0.0,0.0,75.0,0.0,False
his_heavy_ovd_repay_light_ovd_repay_same_date_count,0.0,0.0,75.0,0.0,False
stg_pln_sum_rep_prc_3m_his_ovd_0d_pls_3d_afn_pk_rto,0.0,0.0,75.0,0.0,False
m3_normal_batch_rep_apl_stg_pln_cnt_max,0.0,0.0,75.0,0.0,False
recent_1m_credit_fundcls_other_month_cnt,0.0,0.0,75.0,0.0,False
ai_busy_cnt_3d,0.0,0.0,75.0,0.0,False
m1_manual_tim_19_24_rep_apl_fal_cnt,0.0,0.0,75.0,0.0,False
his_settle_loan_diff_days_min,0.0,0.0,75.0,0.0,False
d7_prc_amt_mor_20_000_apl_ord_cnt,0.0,0.0,75.0,0.0,False
stg_pln_sum_prc_amt_ovd_3d_pls_rep_3m_rto_his,0.0,0.0,75.0,0.0,False
stg_pln_cnt_ovd_3d_pls_rep_3m_rto,0.0,0.0,75.0,0.0,False
ddf_bjq_12m_rep_dte_0_crt_dt_min_prc_amt,0.0,0.0,75.0,0.0,False
percent_true_followup_code_other_15d,0.0,0.0,75.0,0.0,False
his_heavy_shouxin_inner30d_light_trade_suc_count,0.0,0.0,75.0,0.0,False
percent_true_followup_code_jjhk_90d,0.0,0.0,75.0,0.0,False
his_light_ontime_repay_heavy_ovd_repay_same_date_count,0.0,0.0,75.0,0.0,False
stg_pln_sum_rep_prc_3m_his_ovd_3d_pls_7d_zd_rto_v2,0.0,0.0,75.0,0.0,False
m1_stg_pln_manual_deduct_rep_apl_suc_cnt_sum,0.0,0.0,75.0,0.0,False
m1_stg_pln_manual_deduct_rep_apl_suc_cnt_max,0.0,0.0,75.0,0.0,False
m1_manual_deduct_rep_apl_suc_amt_sum,0.0,0.0,75.0,0.0,False
m1_manual_deduct_rep_apl_suc_cnt_rat,0.0,0.0,75.0,0.0,False
percent_true_call_mode_is_manual_called_phone_social_relations_is_friend_is_can_contact_person_is_yes_90d,0.0,0.0,75.0,0.0,False
percent_true_followup_code_yyxh_is_can_contact_person_yes_180d,0.0,0.0,75.0,0.0,False
m1_stg_pln_adv_rep_apl_fal_cnt_rat,0.0,0.0,75.0,0.0,False
d30_prc_amt_mor_50_000_apl_ord_cnt,0.0,0.0,75.0,0.0,False
ai_ptp_cnt_21d,0.0,0.0,75.0,0.0,False
ai_refuse_cnt_7d,0.0,0.0,75.0,0.0,False
ai_answer_close_cnt_7d,0.0,0.0,75.0,0.0,False
stg_pln_min_prc_amt_his_on_light,0.0,0.0,75.0,0.0,False
d90_bsy_typ_ep_suc_ord_cnt_all,0.0,0.0,75.0,0.0,False
his_heavy_suc_trade_light_advance_repay_same_date_count,0.0,0.0,75.0,0.0,False
m1_manual_tim_0_5_rep_apl_fal_cnt,0.0,0.0,75.0,0.0,False
loan_fund_level2_max_terms_all,0.0,0.0,75.0,0.0,False
his_ontimrepay_thismon_sum_larger_than_rsk_adt_lmt_cash_count_sum,0.0,0.0,75.0,0.0,False
d720_ovdrepay_amt_sum_divide_advrepay_amt_sum,0.0,0.0,75.0,0.0,False
stg_pln_min_prc_amt_24m_on_light,0.0,0.0,75.0,0.0,False
his_heavy_fail_trade_light_ovd_repay_same_date_count,0.0,0.0,75.0,0.0,False
recent_1m_lend_amt_over10k_month_cnt,0.0,0.0,75.0,0.0,False
percent_true_followup_code_yyxh_call_mode_ai_15d,0.0,0.0,75.0,0.0,False
percent_true_followup_code_yjt_is_can_contact_person_yes_180d,0.0,0.0,75.0,0.0,False
recent_1m_credit_fundcls_lv1_month_cnt,0.0,0.0,75.0,0.0,False
f54__percent_true_call_mode_is_manual_called_phone_social_relations_is_family_is_can_contact_person_is_yes_60d,0.0,0.0,75.0,0.0,False
percent_true_followup_code_yyxh_call_mode_manual_90d,0.0,0.0,75.0,0.0,False
ai_wcnhk_cnt_3d,0.0,0.0,75.0,0.0,False
m6_stg_pln_rep_apl_cnt_ovd_1d_3d_min,0.0,0.0,75.0,0.0,False
d90_ovdrepay_1_4am_trade_in_same_month_count_sum,0.0,0.0,75.0,0.0,False
his_light_advance_repay_heavy_ovd_repay_same_month_count,0.0,0.0,75.0,0.0,False
his_720_day_bt_suc_ord_cnt_csh_rto,0.0,0.0,75.0,0.0,False
percent_true_followup_code_yjt_called_phone_social_relations_family_180d,0.0,0.0,75.0,0.0,False
d30_prc_amt_mor_50_000_suc_ord_cnt,0.0,0.0,75.0,0.0,False
m6_stg_pln_rep_apl_suc_cnt_min,0.0,0.0,75.0,0.0,False
percent_true_followup_code_jjhk_call_mode_manual_180d,0.0,0.0,75.0,0.0,False
min_fst_ddf_mdl_rep_dte_ovd_pls_bjq,0.0,0.0,75.0,0.0,False
d360_successamt_thismon_sum_larger_than_rsk_adt_lmt_cash_count_sum,0.0,0.0,75.0,0.0,False
his_heavy_suc_trade_light_ovd_repay_same_date_count,0.0,0.0,75.0,0.0,False
f54__percent_true_call_mode_is_manual_called_phone_social_relations_is_self_7d,0.0,0.0,75.0,0.0,False
percent_true_followup_code_other_call_mode_manual_15d,0.0,0.0,75.0,0.0,False
d15_prc_amt_mor_50_000_apl_ord_cnt,0.0,0.0,75.0,0.0,False
stg_pln_min_prc_amt_ovd_pls_rep_bjq_12m,0.0,0.0,75.0,0.0,False
percent_true_followup_code_yjt_called_phone_social_relations_friend_180d,0.0,0.0,75.0,0.0,False
percent_true_followup_code_wfjt_is_can_contact_person_yes_15d,0.0,0.0,75.0,0.0,False
percent_true_followup_code_other_7d,0.0,0.0,75.0,0.0,False
his_light_fail_trade_heavy_ovd_repay_same_date_count,0.0,0.0,75.0,0.0,False
d90_bsy_typ_api_suc_ord_cnt_all,0.0,0.0,75.0,0.0,False
stg_pln_sum_rep_prc_1m_his_ovd_0d_pls_3d_afn_pk_rto,0.0,0.0,75.0,0.0,False
stg_pln_min_prc_amt_24m_ftr_light,0.0,0.0,75.0,0.0,False
f54__percent_true_call_mode_is_manual_called_phone_social_relations_is_family_15d,0.0,0.0,75.0,0.0,False
recent_6m_overdue_3d_month_rto,0.0,0.0,75.0,0.0,False
stg_pln_sum_rep_prc_1m_his_ovd_0d_pls_3d_afn_pk_rto_v2,0.0,0.0,75.0,0.0,False
f54__percent_true_call_mode_is_manual_called_phone_social_relations_is_self_is_can_contact_person_is_yes_15d,0.0,0.0,75.0,0.0,False
percent_true_followup_code_other_called_phone_social_relations_family_30d,0.0,0.0,75.0,0.0,False
d60_bsy_typ_api_apl_ord_cnt_all,0.0,0.0,75.0,0.0,False
percent_true_followup_code_jjhk_30d,0.0,0.0,75.0,0.0,False
ai_answer_close_cnt_3d,0.0,0.0,75.0,0.0,False
percent_true_call_mode_is_manual_called_phone_social_relations_is_friend_is_can_contact_person_is_yes_30d,0.0,0.0,75.0,0.0,False
stg_pln_sum_rep_prc_1m_his_ovd_3d_pls_7d_zd_rto_v2,0.0,0.0,75.0,0.0,False
percent_true_call_mode_is_manual_called_phone_social_relations_is_family_is_can_contact_person_is_yes_30d,0.0,0.0,75.0,0.0,False
ai_refuse_cnt_3d,0.0,0.0,75.0,0.0,False
stg_pln_sum_rep_prc_1m_his_ovd_0d_pls_3d_mrn_pk_rto,0.0,0.0,75.0,0.0,False
m6_manual_rep_apl_suc_stg_pln_cnt_min,0.0,0.0,75.0,0.0,False
m6_manual_deduct_rep_apl_stg_pln_cnt_mor_1_cnt,0.0,0.0,75.0,0.0,False
m3_stg_pln_rep_apl_suc_cnt_min,0.0,0.0,75.0,0.0,False
m1_rep_apl_fal_stg_pln_cnt_mor_1_cnt,0.0,0.0,75.0,0.0,False
percent_true_followup_code_yyxh_7d,0.0,0.0,75.0,0.0,False
percent_true_followup_code_other_called_phone_social_relations_friend_30d,0.0,0.0,75.0,0.0,False
ai_rtp_cnt,0.0,0.0,75.0,0.0,False
stg_pln_min_prc_amt_his_due_light,0.0,0.0,75.0,0.0,False
ai_ptp_cnt_7d,0.0,0.0,75.0,0.0,False
stg_pln_min_prc_amt_12m_light,0.0,0.0,75.0,0.0,False
stg_pln_cnt_ovd_7d_pls_rep_3m_rto,0.0,0.0,75.0,0.0,False
his_heavy_shouxin_inner30d_light_trade_fail_count,0.0,0.0,75.0,0.0,False
his_due_repay_amt_larger_than_rsk_adt_lmt_cash_his_t_day_count_sum,0.0,0.0,75.0,0.0,False
ai_tousu2_cnt,0.0,0.0,75.0,0.0,False
percent_true_followup_code_yjt_called_phone_social_relations_family_60d,0.0,0.0,75.0,0.0,False
d720_faqi_unpaid_principal_tot_larger_than_rsk_adt_lmt_cash_his_t_day_count_sum,0.0,0.0,75.0,0.0,False
min_ddf_rep_dte_ord_crt_tim_7,0.0,0.0,75.0,0.0,False
d15_prc_amt_mor_50_000_suc_ord_cnt,0.0,0.0,75.0,0.0,False
percent_true_followup_code_tskh_180d,0.0,0.0,75.0,0.0,False
percent_true_call_mode_is_manual_called_phone_social_relations_is_friend_7d,0.0,0.0,75.0,0.0,False
percent_true_followup_code_jjhk_15d,0.0,0.0,75.0,0.0,False
percent_true_followup_code_other_called_phone_social_relations_family_15d,0.0,0.0,75.0,0.0,False
d30_suc_ord_prc_amt_per_stg_min_all,0.0,0.0,75.0,0.0,False
stg_pln_min_prc_amt_adv_3d_bjq_12m,0.0,0.0,75.0,0.0,False
percent_true_followup_code_yyxh_call_mode_manual_30d,0.0,0.0,75.0,0.0,False
f54__percent_true_call_mode_is_manual_called_phone_social_relations_is_family_is_can_contact_person_is_yes_15d,0.0,0.0,75.0,0.0,False
percent_true_call_mode_is_manual_called_phone_social_relations_is_family_7d,0.0,0.0,75.0,0.0,False
stg_pln_min_prc_amt_ovd_1d_3d_rep_bjq_12m,0.0,0.0,75.0,0.0,False
m1_normal_batch_rep_apl_suc_amt_min,0.0,0.0,75.0,0.0,False
percent_true_followup_code_yjt_called_phone_social_relations_friend_60d,0.0,0.0,75.0,0.0,False
percent_true_call_mode_is_yuce_called_phone_social_relations_is_self_180d,0.0,0.0,75.0,0.0,False
percent_true_followup_code_other_call_mode_manual_7d,0.0,0.0,75.0,0.0,False
d7_prc_amt_mor_50_000_apl_ord_cnt,0.0,0.0,75.0,0.0,False
percent_true_followup_code_jjhk_is_can_contact_person_yes_30d,0.0,0.0,75.0,0.0,False
stg_pln_sum_rep_prc_12m_his_ovd_7d_pls_14d_zd_rto_v2,0.0,0.0,75.0,0.0,False
stg_pln_min_prc_amt_ovd_pls_fst_ord_bjq_12m,0.0,0.0,75.0,0.0,False
m3_manual_deduct_rep_apl_fal_stg_pln_cnt_mor_1_cnt,0.0,0.0,75.0,0.0,False
percent_true_followup_code_other_called_phone_social_relations_friend_15d,0.0,0.0,75.0,0.0,False
d90_successamt_thismon_sum_larger_than_rsk_adt_lmt_cash_count_sum,0.0,0.0,75.0,0.0,False
his_heavy_shouxin_inner30d_light_advance_repay_count,0.0,0.0,75.0,0.0,False
his_heavy_shouxin_samemonth_light_trade_fail_count,0.0,0.0,75.0,0.0,False
d30_apl_ord_prc_amt_min,0.0,0.0,75.0,0.0,False
his_light_suc_trade_heavy_ovd_repay_same_date_count,0.0,0.0,75.0,0.0,False
d1080_successamt_thismon_sum_larger_than_rsk_adt_lmt_cash_count_sum,0.0,0.0,75.0,0.0,False
d360_advrepay_thismon_sum_larger_than_rsk_adt_lmt_cash_count_sum,0.0,0.0,75.0,0.0,False
recent_1m_overdue_3d_month_rto,0.0,0.0,75.0,0.0,False
percent_true_followup_code_jjhk_is_can_contact_person_yes_15d,0.0,0.0,75.0,0.0,False
stg_pln_sum_rep_prc_1m_his_ovd_7d_pls_14d_zd_rto_v2,0.0,0.0,75.0,0.0,False
percent_true_followup_code_jjhk_called_phone_social_relations_family_180d,0.0,0.0,75.0,0.0,False
m6_stg_pln_adv_manual_rep_apl_suc_cnt_rat,0.0,0.0,75.0,0.0,False
stg_pln_min_prc_amt_12m_on_light,0.0,0.0,75.0,0.0,False
percent_true_followup_code_jjhk_called_phone_social_relations_friend_180d,0.0,0.0,75.0,0.0,False
stg_pln_sum_prc_amt_ovd_7d_pls_rep_12m_rto,0.0,0.0,75.0,0.0,False
d30_bsy_typ_api_apl_ord_cnt_all,0.0,0.0,75.0,0.0,False
stg_pln_cnt_ovd_7d_pls_rep_1m_rto,0.0,0.0,75.0,0.0,False
ai_alpa_cnt_30d,0.0,0.0,75.0,0.0,False
m6_manual_deduct_rep_apl_suc_stg_pln_cnt_min,0.0,0.0,75.0,0.0,False
d1080_advrepay_thismon_sum_larger_than_rsk_adt_lmt_cash_count_sum,0.0,0.0,75.0,0.0,False
percent_true_followup_code_yjt_called_phone_social_relations_family_30d,0.0,0.0,75.0,0.0,False
percent_true_call_mode_is_yuce_called_phone_social_relations_is_self_60d,0.0,0.0,75.0,0.0,False
stg_pln_sum_rep_prc_3m_his_ovd_14d_pls_30d_zd_rto_v2,0.0,0.0,75.0,0.0,False
percent_true_followup_code_yyxh_call_mode_manual_15d,0.0,0.0,75.0,0.0,False
ai_ptp_cnt_3d,0.0,0.0,75.0,0.0,False
ai_rtp_cnt_30d,0.0,0.0,75.0,0.0,False
d15_suc_ord_prc_amt_min_all,0.0,0.0,75.0,0.0,False
percent_true_followup_code_yjt_call_mode_manual_15d,0.0,0.0,75.0,0.0,False
stg_pln_sum_rep_prc_3m_his_ovd_14d_pls_30d_zd_rto,0.0,0.0,75.0,0.0,False
percent_true_followup_code_yjt_called_phone_social_relations_friend_30d,0.0,0.0,75.0,0.0,False
min_ddf_rep_dte_ord_crt_tim_neg_5_bjq_12m,0.0,0.0,75.0,0.0,False
percent_true_followup_code_other_called_phone_social_relations_family_7d,0.0,0.0,75.0,0.0,False
m6_ao_offline_rep_apl_suc_amt_sum,0.0,0.0,75.0,0.0,False
m6_ao_offline_rep_apl_suc_amt_avg,0.0,0.0,75.0,0.0,False
m6_ao_offline_rep_apl_suc_cnt,0.0,0.0,75.0,0.0,False
d1080_ontimrepay_thismon_sum_larger_than_rsk_adt_lmt_cash_count_sum,0.0,0.0,75.0,0.0,False
ai_alpa_cnt_15d,0.0,0.0,75.0,0.0,False
m6_stg_pln_adv_ao_offline_rep_apl_suc_cnt_rat,0.0,0.0,75.0,0.0,False
d1080_faqi_trade_amt_larger_than_rsk_adt_lmt_cash_his_t_day_count_sum,0.0,0.0,75.0,0.0,False
his_heavy_shouxin_samemonth_light_advance_repay_count,0.0,0.0,75.0,0.0,False
m3_stg_pln_manual_deduct_rep_apl_suc_cnt_min,0.0,0.0,75.0,0.0,False
m1_stg_pln_adv_manual_deduct_rep_apl_suc_cnt,0.0,0.0,75.0,0.0,False
m6_stg_pln_adv_manual_deduct_rep_apl_fal_cnt,0.0,0.0,75.0,0.0,False
d15_bsy_typ_api_apl_ord_cnt_all,0.0,0.0,75.0,0.0,False
stg_pln_sum_rep_prc_12m_his_ovd_3d_pls_7d_afn_pk_rto,0.0,0.0,75.0,0.0,False
percent_true_followup_code_tskh_60d,0.0,0.0,75.0,0.0,False
15d_range_min_prc_amt_his,0.0,0.0,75.0,0.0,False
m3_ao_offline_rep_apl_suc_stg_pln_cnt_mor_1_cnt,0.0,0.0,75.0,0.0,False
ai_alpa_cnt_7d,0.0,0.0,75.0,0.0,False
m6_stg_pln_adv_manual_deduct_rep_apl_suc_cnt,0.0,0.0,75.0,0.0,False
percent_true_followup_code_jjhk_called_phone_social_relations_friend_30d,0.0,0.0,75.0,0.0,False
m6_stg_pln_rep_apl_cnt_equal_1_manual_deduct_cnt,0.0,0.0,75.0,0.0,False
m3_ao_offline_rep_apl_suc_amt_max,0.0,0.0,75.0,0.0,False
m3_ao_offline_rep_apl_stg_pln_cnt_max,0.0,0.0,75.0,0.0,False
m3_ao_offline_rep_apl_suc_amt_avg,0.0,0.0,75.0,0.0,False
m3_ao_offline_rep_apl_cnt_rat,0.0,0.0,75.0,0.0,False
m3_stg_pln_ao_offline_rep_apl_cnt_max,0.0,0.0,75.0,0.0,False
m3_ao_offline_rep_apl_suc_cnt_rat,0.0,0.0,75.0,0.0,False
stg_pln_sum_prc_amt_ovd_14d_pls_rep_6m_rto,0.0,0.0,75.0,0.0,False
stg_pln_sum_prc_amt_ovd_m2_pls_rep_bjq_12m,0.0,0.0,75.0,0.0,False
d15_apl_ord_prc_amt_per_stg_min,0.0,0.0,75.0,0.0,False
stg_pln_sum_rep_prc_3m_his_ovd_3d_pls_7d_afn_pk_rto,0.0,0.0,75.0,0.0,False
m3_stg_pln_adv_manual_deduct_rep_apl_fal_cnt,0.0,0.0,75.0,0.0,False
stg_pln_sum_rep_prc_12m_his_ovd_3d_pls_7d_afn_pk_rto_v2,0.0,0.0,75.0,0.0,False
percent_true_followup_code_jjhk_called_phone_social_relations_family_60d,0.0,0.0,75.0,0.0,False
stg_pln_sum_rep_prc_1m_his_ovd_14d_pls_30d_zd_rto_v2,0.0,0.0,75.0,0.0,False
ai_rtp_cnt_7d,0.0,0.0,75.0,0.0,False
stg_pln_min_prc_amt_ovd_3d_pls_rep_bjq_12m,0.0,0.0,75.0,0.0,False
percent_true_followup_code_yyxh_call_mode_manual_7d,0.0,0.0,75.0,0.0,False
m3_stg_pln_adv_manual_deduct_rep_apl_suc_cnt,0.0,0.0,75.0,0.0,False
stg_pln_sum_rep_prc_1m_his_ovd_14d_pls_30d_zd_rto,0.0,0.0,75.0,0.0,False
m6_stg_pln_d0_manual_deduct_rep_apl_suc_cnt,0.0,0.0,75.0,0.0,False
percent_true_call_mode_is_yuce_called_phone_social_relations_is_friend_is_can_contact_person_is_no_180d,0.0,0.0,75.0,0.0,False
stg_pln_sum_rep_prc_6m_his_ovd_3d_pls_7d_mrn_pk_rto,0.0,0.0,75.0,0.0,False
d1080_ovdrepay_thismon_sum_larger_than_rsk_adt_lmt_cash_count_sum,0.0,0.0,75.0,0.0,False
stg_pln_sum_rep_prc_1m_his_ovd_3d_pls_7d_afn_pk_rto,0.0,0.0,75.0,0.0,False
stg_pln_sum_rep_prc_12m_his_ovd_7d_pls_14d_afn_pk_rto_v2,0.0,0.0,75.0,0.0,False
percent_true_call_mode_is_yuce_called_phone_social_relations_is_family_is_can_contact_person_is_no_180d,0.0,0.0,75.0,0.0,False
m3_ao_offline_mrn_rep_apl_suc_cnt,0.0,0.0,75.0,0.0,False
stg_pln_min_prc_amt_36m_adv_light,0.0,0.0,75.0,0.0,False
stg_pln_sum_rep_prc_3m_his_ovd_3d_pls_7d_afn_pk_rto_v2,0.0,0.0,75.0,0.0,False
m1_stg_pln_rep_apl_suc_cnt_min,0.0,0.0,75.0,0.0,False
stg_pln_sum_rep_prc_3m_his_ovd_3d_pls_7d_mrn_pk_rto_v2,0.0,0.0,75.0,0.0,False
ai_alpa_cnt_3d,0.0,0.0,75.0,0.0,False
ai_tousu2_cnt_90d,0.0,0.0,75.0,0.0,False
stg_pln_min_rep_prc_his_due_light,0.0,0.0,75.0,0.0,False
stg_pln_sum_rep_prc_1m_his_ovd_3d_pls_7d_afn_pk_rto_v2,0.0,0.0,75.0,0.0,False
m3_stg_pln_d0_manual_deduct_rep_apl_cnt_equal_1_cnt,0.0,0.0,75.0,0.0,False
m3_stg_pln_d0_manual_deduct_rep_apl_cnt_equal_1_cnt_rat,0.0,0.0,75.0,0.0,False
m1_stg_pln_manual_deduct_rep_apl_suc_cnt_min,0.0,0.0,75.0,0.0,False
ai_rtp_cnt_3d,0.0,0.0,75.0,0.0,False
m3_stg_pln_manual_rep_apl_fal_cnt_min,0.0,0.0,75.0,0.0,False
loan_reject_cnt_all,0.0,0.0,75.0,0.0,False
m6_stg_pln_d0_ao_offline_rep_apl_cnt_mor_0_cnt_rat,0.0,0.0,75.0,0.0,False
stg_pln_min_prc_amt_6m_light,0.0,0.0,75.0,0.0,False
15d_range_min_prc_amt_36m,0.0,0.0,75.0,0.0,False
d720_due_repay_amt_larger_than_rsk_adt_lmt_cash_his_t_day_count_sum,0.0,0.0,75.0,0.0,False
stg_pln_sum_rep_prc_12m_his_ovd_3d_pls_7d_mrn_pk_rto_v2,0.0,0.0,75.0,0.0,False
his_heavy_shouxin_samemonth_light_ovd_repay_count,0.0,0.0,75.0,0.0,False
d7_bsy_typ_api_apl_ord_cnt_all,0.0,0.0,75.0,0.0,False
m6_stg_pln_d0_manual_deduct_rep_apl_fal_cnt_rat,0.0,0.0,75.0,0.0,False
percent_true_followup_code_yyxh_called_phone_social_relations_family_90d,0.0,0.0,75.0,0.0,False
percent_true_followup_code_yyxh_called_phone_social_relations_family_180d,0.0,0.0,75.0,0.0,False
stg_pln_sum_rep_prc_12m_his_ovd_7d_pls_14d_mrn_pk_rto_v2,0.0,0.0,75.0,0.0,False
stg_pln_sum_rep_prc_12m_his_ovd_m2_pls_zd_rto_v2,0.0,0.0,75.0,0.0,False
stg_pln_min_prc_amt_ovd_7d_pls_rep_bjq_12m,0.0,0.0,75.0,0.0,False
m3_stg_pln_d0_manual_deduct_rep_apl_suc_cnt_rat,0.0,0.0,75.0,0.0,False
stg_pln_sum_rep_prc_3m_his_ovd_7d_pls_14d_mrn_pk_rto_v2,0.0,0.0,75.0,0.0,False
m1_stg_pln_adv_manual_deduct_rep_apl_fal_cnt,0.0,0.0,75.0,0.0,False
stg_pln_sum_rep_prc_12m_his_ovd_7d_pls_14d_mrn_pk_rto,0.0,0.0,75.0,0.0,False
m1_stg_pln_d0_manual_deduct_rep_apl_suc_cnt,0.0,0.0,75.0,0.0,False
stg_pln_min_prc_amt_6m_on_light,0.0,0.0,75.0,0.0,False
stg_pln_sum_rep_prc_3m_his_ovd_m2_pls_zd_rto,0.0,0.0,75.0,0.0,False
m6_stg_pln_ovd_1d_3d_ao_offline_rep_apl_suc_cnt_rat,0.0,0.0,75.0,0.0,False
stg_pln_max_prc_amt_ovd_m4_pls_rep_bjq_12m,0.0,0.0,75.0,0.0,False
percent_true_followup_code_tskh_is_can_contact_person_yes_60d,0.0,0.0,75.0,0.0,False
his_light_advance_repay_heavy_ovd_repay_same_date_count,0.0,0.0,75.0,0.0,False
stg_pln_sum_rep_prc_12m_his_ovd_7d_pls_14d_afn_pk_rto,0.0,0.0,75.0,0.0,False
d1080_due_repay_amt_larger_than_rsk_adt_lmt_cash_his_t_day_count_sum,0.0,0.0,75.0,0.0,False
stg_pln_sum_rep_prc_12m_his_ovd_14d_pls_30d_afn_pk_rto,0.0,0.0,75.0,0.0,False
stg_pln_min_prc_amt_6m_ftr_light,0.0,0.0,75.0,0.0,False
d720_faqi_trade_amt_larger_than_rsk_adt_lmt_cash_his_t_day_count_sum,0.0,0.0,75.0,0.0,False
percent_true_call_mode_is_yuce_called_phone_social_relations_is_family_is_can_contact_person_is_no_30d,0.0,0.0,75.0,0.0,False
m1_stg_pln_ovd_1d_3d_ao_offline_rep_apl_suc_cnt,0.0,0.0,75.0,0.0,False
stg_pln_sum_rep_prc_6m_his_ovd_14d_pls_30d_afn_pk_rto_v2,0.0,0.0,75.0,0.0,False
stg_pln_sum_rep_prc_3m_his_ovd_7d_pls_14d_afn_pk_rto,0.0,0.0,75.0,0.0,False
stg_pln_sum_rep_prc_1m_his_ovd_3d_pls_7d_mrn_pk_rto_v2,0.0,0.0,75.0,0.0,False
stg_pln_sum_rep_prc_1m_his_ovd_14d_pls_30d_mrn_pk_rto,0.0,0.0,75.0,0.0,False
15d_range_min_prc_amt_12m,0.0,0.0,75.0,0.0,False
10d_range_min_prc_amt_his,0.0,0.0,75.0,0.0,False
stg_pln_sum_rep_prc_3m_his_ovd_7d_pls_14d_mrn_pk_rto,0.0,0.0,75.0,0.0,False
his_heavy_advance_repay_light_ovd_repay_same_date_count,0.0,0.0,75.0,0.0,False
stg_pln_sum_rep_prc_1m_his_ovd_7d_pls_14d_mrn_pk_rto,0.0,0.0,75.0,0.0,False
stg_pln_sum_rep_prc_3m_his_ovd_14d_pls_30d_mrn_pk_rto,0.0,0.0,75.0,0.0,False
d7_apl_ord_prc_amt_min_all,0.0,0.0,75.0,0.0,False
stg_pln_sum_rep_prc_3m_his_ovd_m2_pls_zd_rto_v2,0.0,0.0,75.0,0.0,False
stg_pln_sum_rep_prc_3m_his_ovd_3d_pls_7d_mrn_pk_rto,0.0,0.0,75.0,0.0,False
percent_true_call_mode_is_yuce_called_phone_social_relations_is_friend_is_can_contact_person_is_no_60d,0.0,0.0,75.0,0.0,False
d180_faqi_unpaid_principal_tot_larger_than_rsk_adt_lmt_cash_his_t_day_count_sum,0.0,0.0,75.0,0.0,False
stg_pln_sum_prc_amt_ovd_m2_pls_rep_3m_rto,0.0,0.0,75.0,0.0,False
stg_pln_sum_rep_prc_1m_his_ovd_14d_pls_30d_afn_pk_rto_v2,0.0,0.0,75.0,0.0,False
m6_stg_pln_his_ovd_ao_offline_rep_apl_suc_cnt,0.0,0.0,75.0,0.0,False
stg_pln_sum_rep_prc_3m_his_ovd_14d_pls_30d_mrn_pk_rto_v2,0.0,0.0,75.0,0.0,False
stg_pln_sum_rep_prc_12m_his_ovd_14d_pls_30d_zd_rto_v2,0.0,0.0,75.0,0.0,False
d360_faqi_trade_amt_larger_than_rsk_adt_lmt_cash_his_t_day_count_sum,0.0,0.0,75.0,0.0,False
m1_manual_deduct_rep_apl_suc_amt_min,0.0,0.0,75.0,0.0,False
stg_pln_sum_rep_prc_3m_his_ovd_14d_pls_30d_afn_pk_rto_v2,0.0,0.0,75.0,0.0,False
stg_pln_sum_rep_prc_6m_his_ovd_7d_pls_14d_afn_pk_rto,0.0,0.0,75.0,0.0,False
stg_pln_min_prc_amt_24m_adv_light,0.0,0.0,75.0,0.0,False
m1_ao_offline_mrn_rep_apl_suc_cnt,0.0,0.0,75.0,0.0,False
m3_stg_pln_adv_normal_batch_rep_apl_suc_cnt,0.0,0.0,75.0,0.0,False
his_360_day_bt_apl_ord_cnt_csh_rto,0.0,0.0,75.0,0.0,False
stg_pln_sum_rep_prc_1m_his_ovd_7d_pls_14d_afn_pk_rto,0.0,0.0,75.0,0.0,False
stg_pln_sum_rep_prc_6m_his_ovd_14d_pls_30d_mrn_pk_rto,0.0,0.0,75.0,0.0,False
percent_true_followup_code_tskh_called_phone_social_relations_family_180d,0.0,0.0,75.0,0.0,False
ai_tousu2_cnt_21d,0.0,0.0,75.0,0.0,False
stg_pln_sum_rep_prc_1m_his_ovd_7d_pls_14d_afn_pk_rto_v2,0.0,0.0,75.0,0.0,False
m1_ao_offline_rep_apl_stg_pln_cnt_sum,0.0,0.0,75.0,0.0,False
m1_ao_offline_rep_apl_cnt,0.0,0.0,75.0,0.0,False
percent_true_followup_code_tskh_called_phone_social_relations_friend_30d,0.0,0.0,75.0,0.0,False
18m_con_keep_repay_max,0.0,0.0,75.0,0.0,False
stg_pln_min_rep_prc_12m_due_light,0.0,0.0,75.0,0.0,False
stg_pln_sum_prc_amt_ovd_m4_pls_rep_6m_rto,0.0,0.0,75.0,0.0,False
stg_pln_sum_rep_prc_1m_his_ovd_3d_pls_7d_mrn_pk_rto,0.0,0.0,75.0,0.0,False
stg_pln_sum_rep_prc_1m_his_ovd_7d_pls_14d_mrn_pk_rto_v2,0.0,0.0,75.0,0.0,False
d720_ontimrepay_thismon_sum_larger_than_rsk_adt_lmt_cash_count_sum,0.0,0.0,75.0,0.0,False
stg_pln_sum_rep_prc_1m_his_ovd_14d_pls_30d_mrn_pk_rto_v2,0.0,0.0,75.0,0.0,False
stg_pln_sum_rep_prc_3m_his_ovd_7d_pls_14d_afn_pk_rto_v2,0.0,0.0,75.0,0.0,False
stg_pln_sum_rep_prc_1m_his_ovd_14d_pls_30d_afn_pk_rto,0.0,0.0,75.0,0.0,False
d180_faqi_trade_amt_larger_than_rsk_adt_lmt_cash_his_t_day_count_sum,0.0,0.0,75.0,0.0,False
stg_pln_min_rep_prc_24m_due_light,0.0,0.0,75.0,0.0,False
m1_stg_pln_d0_manual_deduct_rep_apl_fal_cnt,0.0,0.0,75.0,0.0,False
percent_true_call_mode_is_yuce_called_phone_social_relations_is_friend_is_can_contact_person_is_no_30d,0.0,0.0,75.0,0.0,False
12m_ftr_con_keep_repay_amt_max,0.0,0.0,75.0,0.0,False
stg_pln_sum_rep_prc_3m_his_ovd_m2_pls_mrn_pk_rto_v2,0.0,0.0,75.0,0.0,False
m3_rep_apl_fal_stg_pln_cnt_min,0.0,0.0,75.0,0.0,False
stg_pln_min_rep_prc_6m_due_light,0.0,0.0,75.0,0.0,False
ai_tousu2_cnt_15d,0.0,0.0,75.0,0.0,False
stg_pln_sum_rep_prc_3m_his_ovd_m2_pls_afn_pk_rto,0.0,0.0,75.0,0.0,False
percent_true_followup_code_yyxh_called_phone_social_relations_friend_180d,0.0,0.0,75.0,0.0,False
stg_pln_min_prc_amt_12m_adv_light,0.0,0.0,75.0,0.0,False
stg_pln_sum_rep_prc_3m_his_ovd_14d_pls_30d_afn_pk_rto,0.0,0.0,75.0,0.0,False
10d_range_min_prc_amt_36m,0.0,0.0,75.0,0.0,False
d90_due_repay_amt_larger_than_rsk_adt_lmt_cash_his_t_day_count_sum,0.0,0.0,75.0,0.0,False
10d_range_min_prc_amt_24m,0.0,0.0,75.0,0.0,False
his_360_day_bt_suc_ord_cnt_csh_rto,0.0,0.0,75.0,0.0,False
stg_pln_sum_rep_prc_3m_his_ovd_m2_pls_afn_pk_rto_v2,0.0,0.0,75.0,0.0,False
5d_range_min_prc_amt_his,0.0,0.0,75.0,0.0,False
d360_ovdrepay_thismon_sum_larger_than_rsk_adt_lmt_cash_count_sum,0.0,0.0,75.0,0.0,False
d180_ontimrepay_thismon_sum_larger_than_rsk_adt_lmt_cash_count_sum,0.0,0.0,75.0,0.0,False
m1_manual_rep_apl_fal_stg_pln_cnt_min,0.0,0.0,75.0,0.0,False
m1_ao_offline_rep_apl_suc_amt_min,0.0,0.0,75.0,0.0,False
