feature,rank,gain,split_importance,bin_order,bin_label,lower_bound,upper_bound,is_missing_bin,split_value,good,bad,total,bad_rate,pop_pct,woe,iv_component,status,skip_reason
d180_apl_ord_days_cnt,1,676358.0841460228,128,0,Missing,,,True,DEV,103153,989,104142,0.009496648806437365,0.5667931141456087,-2.937121059107543,1.843967368952268,ok,
d180_apl_ord_days_cnt,1,676358.0841460228,128,1,"(-inf, 1]",-inf,1.0,False,DEV,35231,5445,40676,0.13386272003146818,0.22137923902927523,-0.15749836432021616,0.005196817131957504,ok,
d180_apl_ord_days_cnt,1,676358.0841460228,128,2,"(1, 2]",1.0,2.0,False,DEV,6656,3486,10142,0.34371918753697495,0.05519786218494713,1.0629571717308806,0.0861704058899413,ok,
d180_apl_ord_days_cnt,1,676358.0841460228,128,3,"(2, 3]",2.0,3.0,False,DEV,3583,3019,6602,0.4572856710087852,0.03593140269621583,1.5384039032557688,0.12957655860022463,ok,
d180_apl_ord_days_cnt,1,676358.0841460228,128,4,"(3, 5]",3.0,5.0,False,DEV,3617,4675,8292,0.5637964302942595,0.04512923222614687,1.9662055543116495,0.28084095689370514,ok,
d180_apl_ord_days_cnt,1,676358.0841460228,128,5,"(5, 8]",5.0,8.0,False,DEV,2008,4412,6420,0.6872274143302181,0.0349408672083771,2.4967058723840023,0.3591078215906881,ok,
d180_apl_ord_days_cnt,1,676358.0841460228,128,6,"(8, inf]",8.0,inf,False,DEV,1343,6122,7465,0.8200937709310114,0.04062828250942913,3.2263449857125637,0.6738200424441046,ok,
d180_apl_ord_days_cnt,1,676358.0841460228,128,0,Missing,,,True,OOT,36982,328,37310,0.008791208791208791,0.6099096006408056,-2.814746957879746,1.8366400515335786,ok,
d180_apl_ord_days_cnt,1,676358.0841460228,128,1,"(-inf, 1]",-inf,1.0,False,OOT,10170,1475,11645,0.1266638042078145,0.19036176090758994,-0.02157814669756825,8.792592270212386e-05,ok,
d180_apl_ord_days_cnt,1,676358.0841460228,128,2,"(1, 2]",1.0,2.0,False,OOT,2090,875,2965,0.2951096121416526,0.048469095842937245,1.0385529118912664,0.07436955329007942,ok,
d180_apl_ord_days_cnt,1,676358.0841460228,128,3,"(2, 3]",2.0,3.0,False,OOT,1229,759,1988,0.3817907444668008,0.032497997482549494,1.4272137713415598,0.10430356077739233,ok,
d180_apl_ord_days_cnt,1,676358.0841460228,128,4,"(3, 5]",3.0,5.0,False,OOT,1305,1239,2544,0.48702830188679247,0.04158697464567702,1.8570382742980414,0.24592125157407424,ok,
d180_apl_ord_days_cnt,1,676358.0841460228,128,5,"(5, 8]",5.0,8.0,False,OOT,813,1172,1985,0.5904282115869017,0.03244895623886355,2.2744638846233216,0.30290842362599446,ok,
d180_apl_ord_days_cnt,1,676358.0841460228,128,6,"(8, inf]",8.0,inf,False,OOT,689,2047,2736,0.748172514619883,0.044725614241577165,2.9973244294558476,0.7381982461094442,ok,
d180_apl_ord_days_cnt,1,676358.0841460228,128,0,Missing,,,True,DEV-OOS,97636,1018,98654,0.010318892290226448,0.537682581207761,-3.001727296785559,1.8364648238587544,ok,
d180_apl_ord_days_cnt,1,676358.0841460228,128,1,"(-inf, 1]",-inf,1.0,False,DEV-OOS,35788,5988,41776,0.14333588663347377,0.22768694135600612,-0.22659250389862154,0.01084172316372809,ok,
d180_apl_ord_days_cnt,1,676358.0841460228,128,2,"(1, 2]",1.0,2.0,False,DEV-OOS,6893,3916,10809,0.362290683689518,0.058911052975801174,0.9958126046428358,0.07726277946458548,ok,
d180_apl_ord_days_cnt,1,676358.0841460228,128,3,"(2, 3]",2.0,3.0,False,DEV-OOS,3845,3360,7205,0.46634281748785567,0.03926858513189448,1.4263792843601384,0.11442157436356717,ok,
d180_apl_ord_days_cnt,1,676358.0841460228,128,4,"(3, 5]",3.0,5.0,False,DEV-OOS,3852,5334,9186,0.5806662312214239,0.05006540222367561,1.8866660168844716,0.26826132603060016,ok,
d180_apl_ord_days_cnt,1,676358.0841460228,128,5,"(5, 8]",5.0,8.0,False,DEV-OOS,2182,5003,7185,0.6963117606123869,0.039159581425768475,2.3908598042639797,0.34141699593550284,ok,
d180_apl_ord_days_cnt,1,676358.0841460228,128,6,"(8, inf]",8.0,inf,False,DEV-OOS,1457,7208,8665,0.8318522792844778,0.04722585567909309,3.159731391474537,0.6852024400391455,ok,
d180_apl_ord_days_cnt,1,676358.0841460228,128,0,Missing,,,True,OOT-OOS,35004,305,35309,0.008638024299753603,0.5755244413293997,-2.9663345391369194,1.8772033652991678,ok,
d180_apl_ord_days_cnt,1,676358.0841460228,128,1,"(-inf, 1]",-inf,1.0,False,OOT-OOS,10673,1667,12340,0.13508914100486225,0.20113771576665418,-0.08149094932442005,0.0012974075472346686,ok,
d180_apl_ord_days_cnt,1,676358.0841460228,128,2,"(1, 2]",1.0,2.0,False,OOT-OOS,2393,1109,3502,0.31667618503712164,0.05708138416651725,1.00610031942704,0.07963043331598386,ok,
d180_apl_ord_days_cnt,1,676358.0841460228,128,3,"(2, 3]",2.0,3.0,False,OOT-OOS,1354,861,2215,0.3887133182844244,0.0361037309905299,1.3224349803297897,0.09397543966488667,ok,
d180_apl_ord_days_cnt,1,676358.0841460228,128,4,"(3, 5]",3.0,5.0,False,OOT-OOS,1448,1402,2850,0.4919298245614035,0.04645401052957572,1.7426754060744014,0.22673698484249344,ok,
d180_apl_ord_days_cnt,1,676358.0841460228,128,5,"(5, 8]",5.0,8.0,False,OOT-OOS,851,1347,2198,0.6128298453139217,0.035826636892634184,2.2339543885673643,0.3022595627001045,ok,
d180_apl_ord_days_cnt,1,676358.0841460228,128,6,"(8, inf]",8.0,inf,False,OOT-OOS,739,2198,2937,0.7483827034388832,0.047872080324689086,2.8645038923569657,0.6678185090496024,ok,
first_day_diff_event_result_1_all,2,290729.337198019,240,0,"(-inf, 4]",-inf,4.0,False,DEV,9152,11411,20563,0.5549287555317803,0.11191418261773493,1.9302035364791579,0.6688473328590748,ok,
first_day_diff_event_result_1_all,2,290729.337198019,240,1,"(4, 11]",4.0,11.0,False,DEV,10536,7702,18238,0.42230507731110867,0.09926036388572922,1.396308515463173,0.28746816000339326,ok,
first_day_diff_event_result_1_all,2,290729.337198019,240,2,"(11, 23]",11.0,23.0,False,DEV,11717,5176,16893,0.3063991002190256,0.0919401977805474,0.892654685038924,0.09690933699749142,ok,
first_day_diff_event_result_1_all,2,290729.337198019,240,3,"(23, 136]",23.0,136.0,False,DEV,15463,2415,17878,0.1350822239624119,0.09730106292077349,-0.1469671195804705,0.0019963055476819747,ok,
first_day_diff_event_result_1_all,2,290729.337198019,240,4,"(136, 375]",136.0,375.0,False,DEV,17738,593,18331,0.032349571763679016,0.09976651663500945,-1.68784649993059,0.1568386440974993,ok,
first_day_diff_event_result_1_all,2,290729.337198019,240,5,"(375, 682]",375.0,682.0,False,DEV,18020,350,18370,0.01905280348394121,0.09997877423954632,-2.2302955876209634,0.23053702711008778,ok,
first_day_diff_event_result_1_all,2,290729.337198019,240,6,"(682, 1042]",682.0,1042.0,False,DEV,18204,171,18375,0.009306122448979591,0.10000598675294847,-2.9552318450146045,0.32775529483632776,ok,
first_day_diff_event_result_1_all,2,290729.337198019,240,7,"(1042, 1496]",1042.0,1496.0,False,DEV,18246,126,18372,0.006858262573481384,0.09998965924490717,-3.261877267999234,0.36785864707888527,ok,
first_day_diff_event_result_1_all,2,290729.337198019,240,8,"(1496, 1888]",1496.0,1888.0,False,DEV,18242,105,18347,0.005723006486074018,0.09985359667789637,-3.4431893790940364,0.3907859864161956,ok,
first_day_diff_event_result_1_all,2,290729.337198019,240,9,"(1888, inf]",1888.0,inf,False,DEV,18273,99,18372,0.005388634879163945,0.09998965924490717,-3.5034405741117562,0.39906887842339406,ok,
first_day_diff_event_result_1_all,2,290729.337198019,240,0,"(-inf, 4]",-inf,4.0,False,OOT,2658,2964,5622,0.5272145144076841,0.09190329066745133,2.017700901683353,0.6564775555085188,ok,
first_day_diff_event_result_1_all,2,290729.337198019,240,1,"(4, 11]",4.0,11.0,False,OOT,3045,2122,5167,0.41068318173021096,0.08446536870841712,1.5476841193892865,0.32735657884313923,ok,
first_day_diff_event_result_1_all,2,290729.337198019,240,2,"(11, 23]",11.0,23.0,False,OOT,3510,1512,5022,0.3010752688172043,0.08209504193026335,1.0667600049280166,0.13395480664144918,ok,
first_day_diff_event_result_1_all,2,290729.337198019,240,3,"(23, 136]",23.0,136.0,False,OOT,4897,774,5671,0.13648386527949216,0.09270429764765502,0.06449208151855111,0.00039489178843857785,ok,
first_day_diff_event_result_1_all,2,290729.337198019,240,4,"(136, 375]",136.0,375.0,False,OOT,6313,250,6563,0.03809233582203261,0.1072858941036078,-1.318231984873492,0.11439760737426616,ok,
first_day_diff_event_result_1_all,2,290729.337198019,240,5,"(375, 682]",375.0,682.0,False,OOT,6353,120,6473,0.01853854472423915,0.10581465679302961,-2.0563567967335556,0.2138353896804805,ok,
first_day_diff_event_result_1_all,2,290729.337198019,240,6,"(682, 1042]",682.0,1042.0,False,OOT,6260,55,6315,0.00870942201108472,0.10323181795890343,-2.81687774087629,0.311180328252861,ok,
first_day_diff_event_result_1_all,2,290729.337198019,240,7,"(1042, 1496]",1042.0,1496.0,False,OOT,6389,44,6433,0.006839732628633608,0.10516077354388374,-3.05816753639624,0.34949773676974816,ok,
first_day_diff_event_result_1_all,2,290729.337198019,240,8,"(1496, 1888]",1496.0,1888.0,False,OOT,5276,19,5295,0.0035882908404154864,0.08655779510568389,-3.69184924106112,0.3564830358911174,ok,
first_day_diff_event_result_1_all,2,290729.337198019,240,9,"(1888, inf]",1888.0,inf,False,OOT,8577,35,8612,0.004064096609382257,0.14078106354110473,-3.578610506770911,0.5600038001849009,ok,
first_day_diff_event_result_1_all,2,290729.337198019,240,0,"(-inf, 4]",-inf,4.0,False,DEV-OOS,9645,12815,22460,0.5705699020480854,0.1224111619795073,1.8453198031546623,0.6255591265450583,ok,
first_day_diff_event_result_1_all,2,290729.337198019,240,1,"(4, 11]",4.0,11.0,False,DEV-OOS,11083,8766,19849,0.44163433926142376,0.10818072814475692,1.3266360356817262,0.2684007196770698,ok,
first_day_diff_event_result_1_all,2,290729.337198019,240,2,"(11, 23]",11.0,23.0,False,DEV-OOS,12436,5967,18403,0.32424061294354184,0.10029976019184653,0.8268482946569571,0.08720355378650828,ok,
first_day_diff_event_result_1_all,2,290729.337198019,240,3,"(23, 136]",23.0,136.0,False,DEV-OOS,15560,2711,18271,0.14837720978599966,0.09958033573141487,-0.18607775194272919,0.003241658286357602,ok,
first_day_diff_event_result_1_all,2,290729.337198019,240,4,"(136, 375]",136.0,375.0,False,DEV-OOS,16768,720,17488,0.04117108874656908,0.09531284063658164,-1.5861560772705583,0.13947609796507215,ok,
first_day_diff_event_result_1_all,2,290729.337198019,240,5,"(375, 682]",375.0,682.0,False,DEV-OOS,17214,343,17557,0.01953636726092157,0.09568890342271637,-2.353164306582077,0.24171152202854676,ok,
first_day_diff_event_result_1_all,2,290729.337198019,240,6,"(682, 1042]",682.0,1042.0,False,DEV-OOS,16994,189,17183,0.010999243438282022,0.09365053411816002,-2.9351001040888214,0.31142856978444083,ok,
first_day_diff_event_result_1_all,2,290729.337198019,240,7,"(1042, 1496]",1042.0,1496.0,False,DEV-OOS,17261,120,17381,0.006904090673724181,0.0947296708088075,-3.4034282014036017,0.37448973167643596,ok,
first_day_diff_event_result_1_all,2,290729.337198019,240,8,"(1496, 1888]",1496.0,1888.0,False,DEV-OOS,17173,104,17277,0.006019563581640331,0.09416285153695225,-3.540779792958756,0.3893281377399072,ok,
first_day_diff_event_result_1_all,2,290729.337198019,240,9,"(1888, inf]",1888.0,inf,False,DEV-OOS,17519,92,17611,0.0052240077224461985,0.0959832134292566,-3.6827052680836228,0.414723828823719,ok,
first_day_diff_event_result_1_all,2,290729.337198019,240,0,"(-inf, 4]",-inf,4.0,False,OOT-OOS,2919,3268,6187,0.5282042993373202,0.1008459519812228,1.8877263037758512,0.5886882785390353,ok,
first_day_diff_event_result_1_all,2,290729.337198019,240,1,"(4, 11]",4.0,11.0,False,OOT-OOS,3351,2357,5708,0.4129292221443588,0.0930384182816906,1.4230012371562595,0.2862909003692685,ok,
first_day_diff_event_result_1_all,2,290729.337198019,240,2,"(11, 23]",11.0,23.0,False,OOT-OOS,3768,1768,5536,0.319364161849711,0.09023487799709866,1.01826219380867,0.12933540312575395,ok,
first_day_diff_event_result_1_all,2,290729.337198019,240,3,"(23, 136]",23.0,136.0,False,OOT-OOS,5295,926,6221,0.1488506670953223,0.10140014017701424,0.03160887188834982,0.00010245203549775461,ok,
first_day_diff_event_result_1_all,2,290729.337198019,240,4,"(136, 375]",136.0,375.0,False,OOT-OOS,6068,292,6360,0.04591194968553459,0.10366579191863214,-1.257594561427846,0.1040984449193225,ok,
first_day_diff_event_result_1_all,2,290729.337198019,240,5,"(375, 682]",375.0,682.0,False,OOT-OOS,5991,126,6117,0.020598332515939184,0.09970497628400515,-2.083047260508337,0.20824747948554231,ok,
first_day_diff_event_result_1_all,2,290729.337198019,240,6,"(682, 1042]",682.0,1042.0,False,OOT-OOS,5821,56,5877,0.00952867109069253,0.09579305960783036,-2.860265092878016,0.2991919103880738,ok,
first_day_diff_event_result_1_all,2,290729.337198019,240,7,"(1042, 1496]",1042.0,1496.0,False,OOT-OOS,5893,36,5929,0.0060718502276943835,0.0966406415543349,-3.3094855586315193,0.35816529716129786,ok,
first_day_diff_event_result_1_all,2,290729.337198019,240,8,"(1496, 1888]",1496.0,1888.0,False,OOT-OOS,4966,23,4989,0.004610142313088796,0.0813189679059836,-3.578662716058638,0.3292987717361983,ok,
first_day_diff_event_result_1_all,2,290729.337198019,240,9,"(1888, inf]",1888.0,inf,False,OOT-OOS,8390,37,8427,0.004390649104070251,0.13735717429218758,-3.635706951018192,0.5660913624272463,ok,
his_360_day_csh_apl_ord_cnt_his_rto,3,92684.05786895752,104,0,Missing,,,True,DEV,345,4,349,0.011461318051575931,0.0018994334354709669,-2.631233525755928,0.00542211639097982,ok,
his_360_day_csh_apl_ord_cnt_his_rto,3,92684.05786895752,104,1,"(-inf, 0.118644]",-inf,0.11864406615495682,False,DEV,108111,1925,110036,0.01749427460103966,0.5988712249440783,-2.318295707017269,1.4522564810384846,ok,
his_360_day_csh_apl_ord_cnt_his_rto,3,92684.05786895752,104,2,"(0.118644, 0.384615]",0.11864406615495682,0.38461539149284363,False,DEV,12211,6225,18436,0.3376545888479063,0.10033797941645486,1.0359573503858475,0.147797181702871,ok,
his_360_day_csh_apl_ord_cnt_his_rto,3,92684.05786895752,104,3,"(0.384615, 0.75]",0.38461539149284363,0.75,False,DEV,10557,8007,18564,0.43131868131868134,0.10103461975955023,1.4332238153507373,0.31043644368543116,ok,
his_360_day_csh_apl_ord_cnt_his_rto,3,92684.05786895752,104,4,"(0.75, inf]",0.75,inf,False,DEV,24367,11987,36354,0.32972987841778073,0.19785674244444565,1.0002958836558509,0.2693057777759981,ok,
his_360_day_csh_apl_ord_cnt_his_rto,3,92684.05786895752,104,0,Missing,,,True,OOT,105,1,106,0.009433962264150943,0.0017327906102365422,-2.344221687929575,0.00419651548718373,ok,
his_360_day_csh_apl_ord_cnt_his_rto,3,92684.05786895752,104,1,"(-inf, 0.118644]",-inf,0.11864406615495682,False,OOT,38628,654,39282,0.016648846800061096,0.6421460448236967,-2.1688498827531606,1.3926797870182182,ok,
his_360_day_csh_apl_ord_cnt_his_rto,3,92684.05786895752,104,2,"(0.118644, 0.384615]",0.11864406615495682,0.38461539149284363,False,OOT,3806,1687,5493,0.3071181503732023,0.08979451718895591,1.0955621688787993,0.1558246182754158,ok,
his_360_day_csh_apl_ord_cnt_his_rto,3,92684.05786895752,104,3,"(0.384615, 0.75]",0.38461539149284363,0.75,False,OOT,3620,2205,5825,0.3785407725321888,0.0952217481568666,1.413366259594501,0.2986639374809483,ok,
his_360_day_csh_apl_ord_cnt_his_rto,3,92684.05786895752,104,4,"(0.75, inf]",0.75,inf,False,OOT,7119,3348,10467,0.31986242476354254,0.17110489922024422,1.1546991430074376,0.33529223007089043,ok,
his_360_day_csh_apl_ord_cnt_his_rto,3,92684.05786895752,104,0,Missing,,,True,DEV-OOS,311,4,315,0.012698412698412698,0.0017168083714846304,-2.6761039729720495,0.005118367575157183,ok,
his_360_day_csh_apl_ord_cnt_his_rto,3,92684.05786895752,104,1,"(-inf, 0.118644]",-inf,0.11864406615495682,False,DEV-OOS,102373,2002,104375,0.019180838323353294,0.5688630913451057,-2.373013521611678,1.452584403321177,ok,
his_360_day_csh_apl_ord_cnt_his_rto,3,92684.05786895752,104,2,"(0.118644, 0.384615]",0.11864406615495682,0.38461539149284363,False,DEV-OOS,12276,6992,19268,0.3628814614905543,0.10501417048179638,0.9983692487656716,0.13850997985437938,ok,
his_360_day_csh_apl_ord_cnt_his_rto,3,92684.05786895752,104,3,"(0.384615, 0.75]",0.38461539149284363,0.75,False,DEV-OOS,10819,9189,20008,0.45926629348260695,0.10904730760845868,1.397929434772876,0.3038644871942954,ok,
his_360_day_csh_apl_ord_cnt_his_rto,3,92684.05786895752,104,4,"(0.75, inf]",0.75,inf,False,DEV-OOS,25874,13640,39514,0.34519410841726983,0.21535862219315458,0.9210033493868173,0.23755930009973844,ok,
his_360_day_csh_apl_ord_cnt_his_rto,3,92684.05786895752,104,0,Missing,,,True,OOT-OOS,97,1,98,0.01020408163265306,0.001597365976104709,-2.3993462836957193,0.004054173124026344,ok,
his_360_day_csh_apl_ord_cnt_his_rto,3,92684.05786895752,104,1,"(-inf, 0.118644]",-inf,0.11864406615495682,False,OOT-OOS,36607,647,37254,0.017367262575830784,0.6072272660592329,-2.2598486366558013,1.4122588983652453,ok,
his_360_day_csh_apl_ord_cnt_his_rto,3,92684.05786895752,104,2,"(0.118644, 0.384615]",0.11864406615495682,0.38461539149284363,False,OOT-OOS,3866,1859,5725,0.32471615720524016,0.09331551237958631,1.0429989155159525,0.1412584171288571,ok,
his_360_day_csh_apl_ord_cnt_his_rto,3,92684.05786895752,104,3,"(0.384615, 0.75]",0.38461539149284363,0.75,False,OOT-OOS,3533,2401,5934,0.4046174587125042,0.09672213981842187,1.3888456471738881,0.28157332723671097,ok,
his_360_day_csh_apl_ord_cnt_his_rto,3,92684.05786895752,104,4,"(0.75, inf]",0.75,inf,False,OOT-OOS,8359,3981,12340,0.3226094003241491,0.20113771576665418,1.0333010022197167,0.2980566034208506,ok,
d360_apl_ord_ddf_mdl_ord_crt_dte_min,4,60931.79118692875,278,0,Missing,,,True,DEV,103153,989,104142,0.009496648806437365,0.5667931141456087,-2.937179246913565,1.8439862047330526,ok,
d360_apl_ord_ddf_mdl_ord_crt_dte_min,4,60931.79118692875,278,1,"(-inf, 8]",-inf,8.0,False,DEV,2380,6106,8486,0.7195380626914919,0.04618507774615079,2.651637665112335,0.5345728591990616,ok,
d360_apl_ord_ddf_mdl_ord_crt_dte_min,4,60931.79118692875,278,2,"(8, 18]",8.0,18.0,False,DEV,2760,5197,7957,0.6531356038708056,0.04330599382820196,2.3423603551438337,0.3908732420573449,ok,
d360_apl_ord_ddf_mdl_ord_crt_dte_min,4,60931.79118692875,278,3,"(18, 31]",18.0,31.0,False,DEV,3239,4446,7685,0.5785296031229669,0.0418256330991243,2.026292710085448,0.27784091437231984,ok,
d360_apl_ord_ddf_mdl_ord_crt_dte_min,4,60931.79118692875,278,4,"(31, 47]",31.0,47.0,False,DEV,4589,3338,7927,0.42109246877759554,0.04314271874778898,1.391344955774543,0.12394920967824558,ok,
d360_apl_ord_ddf_mdl_ord_crt_dte_min,4,60931.79118692875,278,5,"(47, 70]",47.0,70.0,False,DEV,5373,2637,8010,0.3292134831460674,0.043594446470264885,0.9979464706388791,0.05902654514908026,ok,
d360_apl_ord_ddf_mdl_ord_crt_dte_min,4,60931.79118692875,278,6,"(70, 102]",70.0,102.0,False,DEV,5860,1890,7750,0.24387096774193548,0.04217939577335242,0.5782008573035178,0.017048254447512977,ok,
d360_apl_ord_ddf_mdl_ord_crt_dte_min,4,60931.79118692875,278,7,"(102, 148]",102.0,148.0,False,DEV,6523,1444,7967,0.1812476465419857,0.043360418855006286,0.20194663633625218,0.0018947153691065612,ok,
d360_apl_ord_ddf_mdl_ord_crt_dte_min,4,60931.79118692875,278,8,"(148, 207]",148.0,207.0,False,DEV,6986,1005,7991,0.1257664872982105,0.043491038919336665,-0.2289003481720308,0.0021027874644031943,ok,
d360_apl_ord_ddf_mdl_ord_crt_dte_min,4,60931.79118692875,278,9,"(207, 278]",207.0,278.0,False,DEV,7294,672,7966,0.0843585237258348,0.04335497635232585,-0.6742793699001909,0.015504358832051356,ok,
d360_apl_ord_ddf_mdl_ord_crt_dte_min,4,60931.79118692875,278,10,"(278, inf]",278.0,inf,False,DEV,7434,424,7858,0.05395775006362942,0.042767186062839135,-1.153380164250111,0.03771851112968137,ok,
d360_apl_ord_ddf_mdl_ord_crt_dte_min,4,60931.79118692875,278,0,Missing,,,True,OOT,36982,328,37310,0.008791208791208791,0.6099096006408056,-2.8149626026858567,1.8367370603253814,ok,
d360_apl_ord_ddf_mdl_ord_crt_dte_min,4,60931.79118692875,278,1,"(-inf, 8]",-inf,8.0,False,OOT,597,1539,2136,0.7205056179775281,0.03491736550438919,2.855159349714758,0.5243428253736386,ok,
d360_apl_ord_ddf_mdl_ord_crt_dte_min,4,60931.79118692875,278,2,"(8, 18]",8.0,18.0,False,OOT,782,1394,2176,0.640625,0.035571248753535054,2.4864979508091043,0.4023706162035801,ok,
d360_apl_ord_ddf_mdl_ord_crt_dte_min,4,60931.79118692875,278,3,"(18, 31]",18.0,31.0,False,OOT,1058,1249,2307,0.5413957520589511,0.03771271639448776,2.074591325855956,0.28689338892330934,ok,
d360_apl_ord_ddf_mdl_ord_crt_dte_min,4,60931.79118692875,278,4,"(31, 47]",31.0,47.0,False,OOT,1615,1043,2658,0.3924003009781791,0.04345054190574273,1.4716366074085712,0.14975564519197782,ok,
d360_apl_ord_ddf_mdl_ord_crt_dte_min,4,60931.79118692875,278,5,"(47, 70]",47.0,70.0,False,OOT,1762,757,2519,0.30051607780865425,0.04117829761496085,1.064235668852969,0.06683636850498643,ok,
d360_apl_ord_ddf_mdl_ord_crt_dte_min,4,60931.79118692875,278,6,"(70, 102]",70.0,102.0,False,OOT,2010,574,2584,0.22213622291021673,0.04224085789482288,0.6560620371073504,0.022952189768187938,ok,
d360_apl_ord_ddf_mdl_ord_crt_dte_min,4,60931.79118692875,278,7,"(102, 148]",102.0,148.0,False,OOT,2148,393,2541,0.15466351829988192,0.04153793340199107,0.211256530798277,0.0020037519966986214,ok,
d360_apl_ord_ddf_mdl_ord_crt_dte_min,4,60931.79118692875,278,8,"(148, 207]",148.0,207.0,False,OOT,2019,285,2304,0.12369791666666667,0.03766367515080182,-0.04766253975153384,8.408079172898268e-05,ok,
d360_apl_ord_ddf_mdl_ord_crt_dte_min,4,60931.79118692875,278,9,"(207, 278]",207.0,278.0,False,OOT,2102,197,2299,0.08568943018703784,0.03758193974465859,-0.4564431413500578,0.006600316826368843,ok,
d360_apl_ord_ddf_mdl_ord_crt_dte_min,4,60931.79118692875,278,10,"(278, inf]",278.0,inf,False,OOT,2203,136,2339,0.05814450619923044,0.03823582299380446,-0.8727770035011585,0.021013745333789382,ok,
d360_apl_ord_ddf_mdl_ord_crt_dte_min,4,60931.79118692875,278,0,Missing,,,True,DEV-OOS,97636,1018,98654,0.010318892290226448,0.537682581207761,-3.0017769400190004,1.8364757449353717,ok,
d360_apl_ord_ddf_mdl_ord_crt_dte_min,4,60931.79118692875,278,1,"(-inf, 8]",-inf,8.0,False,DEV-OOS,2515,6885,9400,0.7324468085106383,0.05123174187922389,2.568089662449592,0.5128924068911443,ok,
d360_apl_ord_ddf_mdl_ord_crt_dte_min,4,60931.79118692875,278,2,"(8, 18]",8.0,18.0,False,DEV-OOS,2873,5957,8830,0.6746319365798414,0.048125136254632654,2.2902636332388857,0.38523224170775044,ok,
d360_apl_ord_ddf_mdl_ord_crt_dte_min,4,60931.79118692875,278,3,"(18, 31]",18.0,31.0,False,DEV-OOS,3645,5187,8832,0.587296195652174,0.04813603662524526,1.9139018575062536,0.26588847707640645,ok,
d360_apl_ord_ddf_mdl_ord_crt_dte_min,4,60931.79118692875,278,4,"(31, 47]",31.0,47.0,False,DEV-OOS,5274,3877,9151,0.423669544312097,0.04987464573795509,1.2534502301426151,0.10908862044905783,ok,
d360_apl_ord_ddf_mdl_ord_crt_dte_min,4,60931.79118692875,278,5,"(47, 70]",47.0,70.0,False,DEV-OOS,5802,3008,8810,0.34143019296254257,0.048016132548506646,0.9042962587255992,0.05086668767358272,ok,
d360_apl_ord_ddf_mdl_ord_crt_dte_min,4,60931.79118692875,278,6,"(70, 102]",70.0,102.0,False,DEV-OOS,5997,2130,8127,0.26208933185677374,0.044293655984303466,0.526157480439902,0.014407437847900518,ok,
d360_apl_ord_ddf_mdl_ord_crt_dte_min,4,60931.79118692875,278,7,"(102, 148]",102.0,148.0,False,DEV-OOS,6774,1593,8367,0.19039082108282537,0.045601700457815565,0.11391079378468995,0.000613918101926506,ok,
d360_apl_ord_ddf_mdl_ord_crt_dte_min,4,60931.79118692875,278,8,"(148, 207]",148.0,207.0,False,DEV-OOS,6864,1017,7881,0.12904453749524172,0.04295291039895356,-0.34787106280712465,0.004626229162674849,ok,
d360_apl_ord_ddf_mdl_ord_crt_dte_min,4,60931.79118692875,278,9,"(207, 278]",207.0,278.0,False,DEV-OOS,7146,653,7799,0.08372868316450827,0.04250599520383693,-0.8308919700711085,0.022095897153919172,ok,
d360_apl_ord_ddf_mdl_ord_crt_dte_min,4,60931.79118692875,278,10,"(278, inf]",278.0,inf,False,DEV-OOS,7127,502,7629,0.06580154672958448,0.04157946370176586,-1.0909766786398114,0.034050781372906555,ok,
d360_apl_ord_ddf_mdl_ord_crt_dte_min,4,60931.79118692875,278,0,Missing,,,True,OOT-OOS,35004,305,35309,0.008638024299753603,0.5755244413293997,-2.9665213029176227,1.8772690262200977,ok,
d360_apl_ord_ddf_mdl_ord_crt_dte_min,4,60931.79118692875,278,1,"(-inf, 8]",-inf,8.0,False,OOT-OOS,692,1627,2319,0.7015955153083225,0.03779889488353898,2.6292529581274824,0.44639351080102535,ok,
d360_apl_ord_ddf_mdl_ord_crt_dte_min,4,60931.79118692875,278,2,"(8, 18]",8.0,18.0,False,OOT-OOS,864,1539,2403,0.6404494382022472,0.03916806572020016,2.3518224843474616,0.36831333083473594,ok,
d360_apl_ord_ddf_mdl_ord_crt_dte_min,4,60931.79118692875,278,3,"(18, 31]",18.0,31.0,False,OOT-OOS,1172,1445,2617,0.5521589606419565,0.042656191423122686,1.9840778832422181,0.27810620166348776,ok,
d360_apl_ord_ddf_mdl_ord_crt_dte_min,4,60931.79118692875,278,4,"(31, 47]",31.0,47.0,False,OOT-OOS,1840,1237,3077,0.40201494962625933,0.05015403171912438,1.3778167637300214,0.1433646798209142,ok,
d360_apl_ord_ddf_mdl_ord_crt_dte_min,4,60931.79118692875,278,5,"(47, 70]",47.0,70.0,False,OOT-OOS,2104,982,3086,0.31821127673363575,0.05030072859448094,1.0130279776390427,0.07126750749117569,ok,
d360_apl_ord_ddf_mdl_ord_crt_dte_min,4,60931.79118692875,278,6,"(70, 102]",70.0,102.0,False,OOT-OOS,2167,686,2853,0.24044865054328776,0.046502909488027905,0.6250373386595807,0.022420864751986534,ok,
d360_apl_ord_ddf_mdl_ord_crt_dte_min,4,60931.79118692875,278,7,"(102, 148]",102.0,148.0,False,OOT-OOS,2371,502,2873,0.17473024712843718,0.04682890254437581,0.22307851672184625,0.0025199346334358387,ok,
d360_apl_ord_ddf_mdl_ord_crt_dte_min,4,60931.79118692875,278,8,"(148, 207]",148.0,207.0,False,OOT-OOS,2064,256,2320,0.1103448275862069,0.03781519453635637,-0.3107538586090688,0.003266060944198457,ok,
d360_apl_ord_ddf_mdl_ord_crt_dte_min,4,60931.79118692875,278,9,"(207, 278]",207.0,278.0,False,OOT-OOS,2116,172,2288,0.07517482517482517,0.03729360564619973,-0.7323610013833121,0.015339484339608866,ok,
d360_apl_ord_ddf_mdl_ord_crt_dte_min,4,60931.79118692875,278,10,"(278, inf]",278.0,inf,False,OOT-OOS,2068,138,2206,0.06255666364460562,0.03595703411517335,-0.9289478381678211,0.02215817889012553,ok,
dau_90d,5,21174.223275780678,251,0,"(-inf, 1]",-inf,1.0,False,DEV,126331,6848,133179,0.05141951809219171,0.7248270644773293,-1.2051834852428185,0.6853271777900249,ok,
dau_90d,5,21174.223275780678,251,1,"(1, 6]",1.0,6.0,False,DEV,12130,3276,15406,0.2126444242502921,0.08384719629474417,0.4007491062756752,0.015401308030573622,ok,
dau_90d,5,21174.223275780678,251,2,"(6, 16]",6.0,16.0,False,DEV,10513,6597,17110,0.38556399766218585,0.09312122086220127,1.2437269127691002,0.2074523168363157,ok,
dau_90d,5,21174.223275780678,251,3,"(16, inf]",16.0,inf,False,DEV,6617,11427,18044,0.6332853025936599,0.0982045183657253,2.256001345104753,0.8198747291900403,ok,
dau_90d,5,21174.223275780678,251,0,"(-inf, 1]",-inf,1.0,False,OOT,44458,2079,46537,0.04467413026194211,0.760744119137528,-1.153350603857753,0.658682520789376,ok,
dau_90d,5,21174.223275780678,251,1,"(1, 6]",1.0,6.0,False,OOT,3640,967,4607,0.2098979813327545,0.075311003220375,0.5839171967858607,0.03164082412496574,ok,
dau_90d,5,21174.223275780678,251,2,"(6, 16]",6.0,16.0,False,OOT,3181,1750,4931,0.35489758669641047,0.08060745753845651,1.3116267634385632,0.21242269951361137,ok,
dau_90d,5,21174.223275780678,251,3,"(16, inf]",16.0,inf,False,OOT,1999,3099,5098,0.607885445272656,0.0833374201036405,2.347421744571791,0.8332470810206887,ok,
dau_90d,5,21174.223275780678,251,0,"(-inf, 1]",-inf,1.0,False,DEV-OOS,121053,7521,128574,0.05849549675673153,0.7007521255722694,-1.217236630133371,0.6839734077264377,ok,
dau_90d,5,21174.223275780678,251,1,"(1, 6]",1.0,6.0,False,DEV-OOS,12259,3610,15869,0.22748755435125087,0.08648899062568127,0.3387755006159416,0.011042795002452633,ok,
dau_90d,5,21174.223275780678,251,2,"(6, 16]",6.0,16.0,False,DEV-OOS,11164,7380,18544,0.39797238999137186,0.10106823632003488,1.1473326658579757,0.1815791411424749,ok,
dau_90d,5,21174.223275780678,251,3,"(16, inf]",16.0,inf,False,DEV-OOS,7177,13316,20493,0.6497828526814035,0.11169064748201439,2.1792831151572143,0.808619746325221,ok,
dau_90d,5,21174.223275780678,251,0,"(-inf, 1]",-inf,1.0,False,OOT-OOS,42869,2353,45222,0.052032196718411396,0.7371028997082362,-1.1271693445518036,0.6226667580009307,ok,
dau_90d,5,21174.223275780678,251,1,"(1, 6]",1.0,6.0,False,OOT-OOS,3968,1082,5050,0.21425742574257425,0.0823132467278447,0.4759726823090051,0.02194709495209256,ok,
dau_90d,5,21174.223275780678,251,2,"(6, 16]",6.0,16.0,False,OOT-OOS,3423,2066,5489,0.37638914192020406,0.08946879431468109,1.2702806263539599,0.21235507241504042,ok,
dau_90d,5,21174.223275780678,251,3,"(16, inf]",16.0,inf,False,OOT-OOS,2202,3388,5590,0.60608228980322,0.09111505924923799,2.2058819577291238,0.7480908225300011,ok,
pmt_crd_amt_3m,6,17895.356784403324,64,0,"(-inf, 140.14]",-inf,140.1400024414058,False,DEV,123820,4797,128617,0.03729678036340452,0.6999983672491958,-1.541041718302956,0.9637229252905352,ok,
pmt_crd_amt_3m,6,17895.356784403324,64,1,"(140.14, 880.182]",140.1400024414058,880.1819824218719,False,DEV,12092,6282,18374,0.3418961576140198,0.10000054425026804,1.0548788337207191,0.15344331242204914,ok,
pmt_crd_amt_3m,6,17895.356784403324,64,2,"(880.182, 3150.42]",880.1819824218719,3150.417919921876,False,DEV,10339,8035,18374,0.43730271035158375,0.10000054425026804,1.4575939819954187,0.3192141205063996,ok,
pmt_crd_amt_3m,6,17895.356784403324,64,3,"(3150.42, inf]",3150.417919921876,inf,False,DEV,9340,9034,18374,0.49167301621856974,0.10000054425026804,1.6763870671713794,0.437385754865219,ok,
pmt_crd_amt_3m,6,17895.356784403324,64,0,"(-inf, 140.14]",-inf,140.1400024414058,False,OOT,43582,1461,45043,0.03243567257953511,0.7363215797819299,-1.48611430234938,0.940590847523005,ok,
pmt_crd_amt_3m,6,17895.356784403324,64,1,"(140.14, 880.182]",140.1400024414058,880.1819824218719,False,OOT,3539,1815,5354,0.33899887934254763,0.08752227289817403,1.2414535233568362,0.20293466244641686,ok,
pmt_crd_amt_3m,6,17895.356784403324,64,2,"(880.182, 3150.42]",880.1819824218719,3150.417919921876,False,OOT,3214,2190,5404,0.4052553663952628,0.08833962695960636,1.5255360893889014,0.3311200634484953,ok,
pmt_crd_amt_3m,6,17895.356784403324,64,3,"(3150.42, inf]",3150.417919921876,inf,False,OOT,2943,2429,5372,0.45215934475055847,0.08781652036028967,1.7171642110943315,0.43341671705912665,ok,
pmt_crd_amt_3m,6,17895.356784403324,64,0,"(-inf, 140.14]",-inf,140.1400024414058,False,DEV-OOS,118498,5434,123932,0.04384662556886034,0.675452365380423,-1.5209024018971178,0.9287061650277911,ok,
pmt_crd_amt_3m,6,17895.356784403324,64,1,"(140.14, 880.182]",140.1400024414058,880.1819824218719,False,DEV-OOS,12953,7409,20362,0.363864060504862,0.11097667320688903,1.0026273190977084,0.14776379380049062,ok,
pmt_crd_amt_3m,6,17895.356784403324,64,2,"(880.182, 3150.42]",880.1819824218719,3150.417919921876,False,DEV-OOS,10755,8978,19733,0.45497390158617546,0.10754850664922608,1.3806459592050992,0.2915436613821181,ok,
pmt_crd_amt_3m,6,17895.356784403324,64,3,"(3150.42, inf]",3150.417919921876,inf,False,DEV-OOS,9447,10006,19453,0.5143679638102092,0.10602245476346196,1.618715105943035,0.40805721127316763,ok,
pmt_crd_amt_3m,6,17895.356784403324,64,0,"(-inf, 140.14]",-inf,140.1400024414058,False,OOT-OOS,41860,1730,43590,0.03968800183528332,0.7105018663102476,-1.4108445864671273,0.8510989910765228,ok,
pmt_crd_amt_3m,6,17895.356784403324,64,1,"(140.14, 880.182]",140.1400024414058,880.1819824218719,False,OOT-OOS,3960,2067,6027,0.3429566948730712,0.0982380075304396,1.1250575589568024,0.17668878474330726,ok,
pmt_crd_amt_3m,6,17895.356784403324,64,2,"(880.182, 3150.42]",880.1819824218719,3150.417919921876,False,OOT-OOS,3456,2546,6002,0.4241919360213262,0.09783051621000473,1.46955104190263,0.324080024434861,ok,
pmt_crd_amt_3m,6,17895.356784403324,64,3,"(3150.42, inf]",3150.417919921876,inf,False,OOT-OOS,3186,2546,5732,0.4441730635031403,0.09342960994930807,1.5508844225336011,0.34999792119080103,ok,
cnt_avg_ord_span_30d,7,10471.805251955986,56,0,Missing,,,True,DEV,147604,12755,160359,0.07954028149339919,0.8727542873314865,-0.7389794112316763,0.36621351326093227,ok,
cnt_avg_ord_span_30d,7,10471.805251955986,56,1,"(-inf, 7.5]",-inf,7.5,False,DEV,327,2024,2351,0.8609102509570395,0.012795323801696972,3.5311844175326743,0.2464927425809825,ok,
cnt_avg_ord_span_30d,7,10471.805251955986,56,2,"(7.5, 11.5]",7.5,11.5,False,DEV,391,1954,2345,0.8332622601279318,0.012762668785614377,3.317498606937917,0.22196341907166503,ok,
cnt_avg_ord_span_30d,7,10471.805251955986,56,3,"(11.5, 16]",11.5,16.0,False,DEV,527,2136,2663,0.8021028914757792,0.014493384637991933,3.108369826869623,0.22534862494112295,ok,
cnt_avg_ord_span_30d,7,10471.805251955986,56,4,"(16, 22]",16.0,22.0,False,DEV,563,1675,2238,0.7484361036639857,0.012180320998808091,2.7992940108332993,0.1564566853391668,ok,
cnt_avg_ord_span_30d,7,10471.805251955986,56,5,"(22, 29]",22.0,29.0,False,DEV,620,1560,2180,0.7155963302752294,0.011864655843343003,2.631830394201937,0.13538240352233824,ok,
cnt_avg_ord_span_30d,7,10471.805251955986,56,6,"(29, 34]",29.0,34.0,False,DEV,746,1626,2372,0.6854974704890388,0.012909616357986056,2.4883845660699264,0.13182192973197715,ok,
cnt_avg_ord_span_30d,7,10471.805251955986,56,7,"(34, 47]",34.0,47.0,False,DEV,840,1452,2292,0.6335078534031413,0.01247421614355145,2.2566389730131613,0.10423499347016436,ok,
cnt_avg_ord_span_30d,7,10471.805251955986,56,8,"(47, 69]",47.0,69.0,False,DEV,1059,1219,2278,0.5351185250219491,0.012398021106025395,1.8502382770833863,0.06754632909091289,ok,
cnt_avg_ord_span_30d,7,10471.805251955986,56,9,"(69, 123]",69.0,123.0,False,DEV,1282,1050,2332,0.4502572898799314,0.012691916250768754,1.5100493803758954,0.04389838426774859,ok,
cnt_avg_ord_span_30d,7,10471.805251955986,56,10,"(123, inf]",123.0,inf,False,DEV,1632,697,2329,0.29927007299270075,0.012675588742727456,0.8592290896806998,0.012272380712575316,ok,
cnt_avg_ord_span_30d,7,10471.805251955986,56,0,Missing,,,True,OOT,50964,3818,54782,0.06969442517615275,0.8955258038677194,-0.68257097041571,0.32296135144698274,ok,
cnt_avg_ord_span_30d,7,10471.805251955986,56,1,"(-inf, 7.5]",-inf,7.5,False,OOT,112,611,723,0.8450899031811895,0.01181893972831151,3.601662399638621,0.2711649004232084,ok,
cnt_avg_ord_span_30d,7,10471.805251955986,56,2,"(7.5, 11.5]",7.5,11.5,False,OOT,153,563,716,0.7863128491620112,0.011704510159710984,3.2091674326084476,0.21964755919391357,ok,
cnt_avg_ord_span_30d,7,10471.805251955986,56,3,"(11.5, 16]",11.5,16.0,False,OOT,164,562,726,0.7741046831955923,0.01186798097199745,3.138181230029017,0.21374392674369247,ok,
cnt_avg_ord_span_30d,7,10471.805251955986,56,4,"(16, 22]",16.0,22.0,False,OOT,197,455,652,0.6978527607361963,0.010658296961077599,2.7443577985147054,0.14805258838974591,ok,
cnt_avg_ord_span_30d,7,10471.805251955986,56,5,"(22, 29]",22.0,29.0,False,OOT,224,444,668,0.6646706586826348,0.010919850260735945,2.5917750139275193,0.13489916828982385,ok,
cnt_avg_ord_span_30d,7,10471.805251955986,56,6,"(29, 34]",29.0,34.0,False,OOT,210,388,598,0.6488294314381271,0.009775554574730682,2.521508182841135,0.11403151758000482,ok,
cnt_avg_ord_span_30d,7,10471.805251955986,56,7,"(34, 47]",34.0,47.0,False,OOT,263,340,603,0.5638474295190713,0.009857289980873915,2.165062423764019,0.08260425961689805,ok,
cnt_avg_ord_span_30d,7,10471.805251955986,56,8,"(47, 69]",47.0,69.0,False,OOT,298,290,588,0.4931972789115646,0.009612083762444216,1.881534309615178,0.058643125545523554,ok,
cnt_avg_ord_span_30d,7,10471.805251955986,56,9,"(69, 123]",69.0,123.0,False,OOT,294,253,547,0.4625228519195612,0.008941853432069704,1.7587854860954653,0.046712529022397635,ok,
cnt_avg_ord_span_30d,7,10471.805251955986,56,10,"(123, inf]",123.0,inf,False,OOT,399,171,570,0.3,0.009317836300328576,1.063070167555534,0.015106074285175844,ok,
cnt_avg_ord_span_30d,7,10471.805251955986,56,0,Missing,,,True,DEV-OOS,143108,14207,157315,0.09030925213743127,0.8573959014606497,-0.7486895874170921,0.37232539345270016,ok,
cnt_avg_ord_span_30d,7,10471.805251955986,56,1,"(-inf, 7.5]",-inf,7.5,False,DEV-OOS,369,2444,2813,0.8688233202986135,0.015331371266623066,3.4505886438442284,0.25657262918402574,ok,
cnt_avg_ord_span_30d,7,10471.805251955986,56,2,"(7.5, 11.5]",7.5,11.5,False,DEV-OOS,440,2332,2772,0.8412698412698413,0.015107913669064749,3.2279289895590497,0.22714812823989003,ok,
cnt_avg_ord_span_30d,7,10471.805251955986,56,3,"(11.5, 16]",11.5,16.0,False,DEV-OOS,582,2390,2972,0.8041722745625841,0.01619795073032483,2.973072144840087,0.21184726816164484,ok,
cnt_avg_ord_span_30d,7,10471.805251955986,56,4,"(16, 22]",16.0,22.0,False,DEV-OOS,574,1941,2515,0.7717693836978131,0.013707216045345541,2.7788595540966963,0.15895912907961474,ok,
cnt_avg_ord_span_30d,7,10471.805251955986,56,5,"(22, 29]",22.0,29.0,False,DEV-OOS,681,1826,2507,0.7283605903470283,0.013663614562895138,2.5470040973125347,0.1346978451917617,ok,
cnt_avg_ord_span_30d,7,10471.805251955986,56,6,"(29, 34]",29.0,34.0,False,DEV-OOS,882,1907,2789,0.6837576192183579,0.015200566819271856,2.331933476564945,0.1261670220590177,ok,
cnt_avg_ord_span_30d,7,10471.805251955986,56,7,"(34, 47]",34.0,47.0,False,DEV-OOS,908,1595,2503,0.6372353176188573,0.013641813821669936,2.124291060095857,0.09374772283893684,ok,
cnt_avg_ord_span_30d,7,10471.805251955986,56,8,"(47, 69]",47.0,69.0,False,DEV-OOS,1154,1373,2527,0.5433320142461416,0.013772618269021146,1.7348383789545634,0.06164787831853949,ok,
cnt_avg_ord_span_30d,7,10471.805251955986,56,9,"(69, 123]",69.0,123.0,False,DEV-OOS,1300,1064,2364,0.4500846023688663,0.012884238064094179,1.360899901658613,0.033839427885587886,ok,
cnt_avg_ord_span_30d,7,10471.805251955986,56,10,"(123, inf]",123.0,inf,False,DEV-OOS,1655,748,2403,0.311277569704536,0.013096795291039895,0.7673563490861668,0.009666949748411575,ok,
cnt_avg_ord_span_30d,7,10471.805251955986,56,0,Missing,,,True,OOT-OOS,49885,4407,54292,0.08117218006336109,0.8849407507620087,-0.6516619219721218,0.29667406692745846,ok,
cnt_avg_ord_span_30d,7,10471.805251955986,56,1,"(-inf, 7.5]",-inf,7.5,False,OOT-OOS,122,643,765,0.8405228758169935,0.012469234405307167,3.4335718191576516,0.24039569934617822,ok,
cnt_avg_ord_span_30d,7,10471.805251955986,56,2,"(7.5, 11.5]",7.5,11.5,False,OOT-OOS,148,581,729,0.7969821673525377,0.011882446903880947,3.1397868358222163,0.19638473995269792,ok,
cnt_avg_ord_span_30d,7,10471.805251955986,56,3,"(11.5, 16]",11.5,16.0,False,OOT-OOS,207,614,821,0.7478684531059683,0.013382014963081286,2.860438411441588,0.1863083894188598,ok,
cnt_avg_ord_span_30d,7,10471.805251955986,56,4,"(16, 22]",16.0,22.0,False,OOT-OOS,180,523,703,0.7439544807965861,0.011458655930628678,2.8395670746439077,0.15735850496440146,ok,
cnt_avg_ord_span_30d,7,10471.805251955986,56,5,"(22, 29]",22.0,29.0,False,OOT-OOS,233,487,720,0.6763888888888889,0.011735750028524393,2.510869035435202,0.12644429554385261,ok,
cnt_avg_ord_span_30d,7,10471.805251955986,56,6,"(29, 34]",29.0,34.0,False,OOT-OOS,257,411,668,0.6152694610778443,0.010888168082019853,2.2435501221195855,0.09278593128000603,ok,
cnt_avg_ord_span_30d,7,10471.805251955986,56,7,"(34, 47]",34.0,47.0,False,OOT-OOS,281,425,706,0.6019830028328612,0.011507554889080862,2.1878933225399355,0.09292710595149467,ok,
cnt_avg_ord_span_30d,7,10471.805251955986,56,8,"(47, 69]",47.0,69.0,False,OOT-OOS,329,333,662,0.5030211480362538,0.010790370165115483,1.7868273335193683,0.05577582073060104,ok,
cnt_avg_ord_span_30d,7,10471.805251955986,56,9,"(69, 123]",69.0,123.0,False,OOT-OOS,393,265,658,0.4027355623100304,0.010725171553845904,1.3812945949307875,0.030871970617866465,ok,
cnt_avg_ord_span_30d,7,10471.805251955986,56,10,"(123, inf]",123.0,inf,False,OOT-OOS,427,200,627,0.3189792663476874,0.010219882316506659,1.0176207804760609,0.01464775488380056,ok,
d180_apl_ord_days_cnt_all,8,10305.059737682343,27,0,Missing,,,True,DEV,101146,923,102069,0.009042902350370828,0.555510806089072,-2.98650181534002,1.843448425186476,ok,
d180_apl_ord_days_cnt_all,8,10305.059737682343,27,1,"(-inf, 1]",-inf,1.0,False,DEV,35430,5218,40648,0.12837039952765203,0.22122684895422312,-0.20571040189222642,0.008709466972198742,ok,
d180_apl_ord_days_cnt_all,8,10305.059737682343,27,2,"(1, 2]",1.0,2.0,False,DEV,6934,3376,10310,0.3274490785645005,0.056112202635259796,0.9899833418602937,0.07461757109572575,ok,
d180_apl_ord_days_cnt_all,8,10305.059737682343,27,3,"(2, 3]",2.0,3.0,False,DEV,3838,2989,6827,0.4378204189248572,0.037155965799313156,1.4596771089947929,0.11899781240027095,ok,
d180_apl_ord_days_cnt_all,8,10305.059737682343,27,4,"(3, 5]",3.0,5.0,False,DEV,3867,4688,8555,0.5479836353009936,0.04656061043110064,1.9021570233542455,0.2695147692548825,ok,
d180_apl_ord_days_cnt_all,8,10305.059737682343,27,5,"(5, 9]",5.0,9.0,False,DEV,2605,5410,8015,0.6749844042420462,0.04362165898366705,2.440369539604221,0.42815501437496467,ok,
d180_apl_ord_days_cnt_all,8,10305.059737682343,27,6,"(9, inf]",9.0,inf,False,DEV,1771,5544,7315,0.7578947368421053,0.03981190710736425,2.8506324250295307,0.5289828544065658,ok,
d180_apl_ord_days_cnt_all,8,10305.059737682343,27,0,Missing,,,True,OOT,36326,305,36631,0.008326281018809206,0.5988099324865546,-2.8694366918870275,1.845352682732704,ok,
d180_apl_ord_days_cnt_all,8,10305.059737682343,27,1,"(-inf, 1]",-inf,1.0,False,OOT,10403,1430,11833,0.12084847460491845,0.1934350121785755,-0.07520194352249211,0.0010637353583994038,ok,
d180_apl_ord_days_cnt_all,8,10305.059737682343,27,2,"(1, 2]",1.0,2.0,False,OOT,2147,862,3009,0.28647391159853774,0.0491883674169977,0.9966918060090839,0.0686652408398685,ok,
d180_apl_ord_days_cnt_all,8,10305.059737682343,27,3,"(2, 3]",2.0,3.0,False,OOT,1284,756,2040,0.37058823529411766,0.033348045706439115,1.3794940276404517,0.0988681638806125,ok,
d180_apl_ord_days_cnt_all,8,10305.059737682343,27,4,"(3, 5]",3.0,5.0,False,OOT,1371,1230,2601,0.4728950403690888,0.042518758275709875,1.800431870415432,0.23414334201000137,ok,
d180_apl_ord_days_cnt_all,8,10305.059737682343,27,5,"(5, 9]",5.0,9.0,False,OOT,1024,1443,2467,0.5849209566274828,0.04032824939107123,2.2517823423860146,0.36822981700624524,ok,
d180_apl_ord_days_cnt_all,8,10305.059737682343,27,6,"(9, inf]",9.0,inf,False,OOT,723,1869,2592,0.7210648148148148,0.04237163454465205,2.858242059307609,0.6377072132484364,ok,
d180_apl_ord_days_cnt_all,8,10305.059737682343,27,0,Missing,,,True,DEV-OOS,95756,938,96694,0.00970070531780669,0.5270002180074123,-3.0640877883825057,1.8443343846793714,ok,
d180_apl_ord_days_cnt_all,8,10305.059737682343,27,1,"(-inf, 1]",-inf,1.0,False,DEV-OOS,35777,5720,41497,0.13784128973178783,0.22616633965554828,-0.272069844596806,0.015288652513721256,ok,
d180_apl_ord_days_cnt_all,8,10305.059737682343,27,2,"(1, 2]",1.0,2.0,False,DEV-OOS,7253,3835,11088,0.3458694083694084,0.060431654676258995,0.9240088388676203,0.0671469416300495,ok,
d180_apl_ord_days_cnt_all,8,10305.059737682343,27,3,"(2, 3]",2.0,3.0,False,DEV-OOS,4046,3320,7366,0.4507195221286994,0.04014606496620885,1.3634562094922382,0.10585352765800343,ok,
d180_apl_ord_days_cnt_all,8,10305.059737682343,27,4,"(3, 5]",3.0,5.0,False,DEV-OOS,4132,5318,9450,0.5627513227513228,0.051504251144538916,1.8135019034437665,0.2535984573731654,ok,
d180_apl_ord_days_cnt_all,8,10305.059737682343,27,5,"(5, 9]",5.0,9.0,False,DEV-OOS,2768,6079,8847,0.6871255792924155,0.04821778940483976,2.3478099439206774,0.4055630079294921,ok,
d180_apl_ord_days_cnt_all,8,10305.059737682343,27,6,"(9, inf]",9.0,inf,False,DEV-OOS,1921,6617,8538,0.7750058561724057,0.046533682145192934,2.797804669543584,0.5462098242597463,ok,
d180_apl_ord_days_cnt_all,8,10305.059737682343,27,0,Missing,,,True,OOT-OOS,34414,277,34691,0.007984779914098758,0.5654512558882496,-3.045464747104882,1.9026214015170342,ok,
d180_apl_ord_days_cnt_all,8,10305.059737682343,27,1,"(-inf, 1]",-inf,1.0,False,OOT-OOS,10800,1618,12418,0.13029473345144146,0.20240908868641097,-0.12314504908371265,0.002937228473867022,ok,
d180_apl_ord_days_cnt_all,8,10305.059737682343,27,2,"(1, 2]",1.0,2.0,False,OOT-OOS,2431,1095,3526,0.3105501985252411,0.05747257583413473,0.977650115078636,0.07513139627768602,ok,
d180_apl_ord_days_cnt_all,8,10305.059737682343,27,3,"(2, 3]",2.0,3.0,False,OOT-OOS,1405,844,2249,0.375277901289462,0.03665791918632133,1.2655439317882236,0.08628305981575776,ok,
d180_apl_ord_days_cnt_all,8,10305.059737682343,27,4,"(3, 5]",3.0,5.0,False,OOT-OOS,1529,1397,2926,0.4774436090225564,0.047692784143697736,1.6846916273252512,0.21564459705560896,ok,
d180_apl_ord_days_cnt_all,8,10305.059737682343,27,5,"(5, 9]",5.0,9.0,False,OOT-OOS,1085,1681,2766,0.6077368040491685,0.04508483969291454,2.212593127748933,0.37260542824102605,ok,
d180_apl_ord_days_cnt_all,8,10305.059737682343,27,6,"(9, inf]",9.0,inf,False,OOT-OOS,798,1977,2775,0.7124324324324325,0.04523153656827109,2.681801317873697,0.5555589669394614,ok,
d30_apl_ord_days_cnt,9,10017.118476867676,107,0,Missing,,,True,DEV,103153,989,104142,0.009496648806437365,0.5667931141456087,-2.93707741504922,1.8439532393835376,ok,
d30_apl_ord_days_cnt,9,10017.118476867676,107,1,"(-inf, 1]",-inf,1.0,False,DEV,50840,19708,70548,0.27935589952939843,0.38395767909915696,0.7620530027193004,0.28452864588566495,ok,
d30_apl_ord_days_cnt,9,10017.118476867676,107,2,"(1, 2]",1.0,2.0,False,DEV,1127,3729,4856,0.7679159802306426,0.02642879301618056,2.905967653018495,0.3639439949068399,ok,
d30_apl_ord_days_cnt,9,10017.118476867676,107,3,"(2, inf]",2.0,inf,False,DEV,471,3722,4193,0.8876699260672549,0.022820413739053767,3.775927931484762,0.4878788451128214,ok,
d30_apl_ord_days_cnt,9,10017.118476867676,107,0,Missing,,,True,OOT,36982,328,37310,0.008791208791208791,0.6099096006408056,-2.8145851831250357,1.8365672574570593,ok,
d30_apl_ord_days_cnt,9,10017.118476867676,107,1,"(-inf, 1]",-inf,1.0,False,OOT,15794,5551,21345,0.2600609041930194,0.3489284488254622,0.8634844690630843,0.3510454301807132,ok,
d30_apl_ord_days_cnt,9,10017.118476867676,107,2,"(1, 2]",1.0,2.0,False,OOT,352,968,1320,0.7333333333333333,0.021578147221813546,2.9197759463114172,0.33876851790809925,ok,
d30_apl_ord_days_cnt,9,10017.118476867676,107,3,"(2, inf]",2.0,inf,False,OOT,150,1048,1198,0.8747913188647746,0.019583803311918658,3.850230851869734,0.5003268687562247,ok,
d30_apl_ord_days_cnt,9,10017.118476867676,107,0,Missing,,,True,DEV-OOS,97636,1018,98654,0.010318892290226448,0.537682581207761,-3.001690061883786,1.8364566310572707,ok,
d30_apl_ord_days_cnt,9,10017.118476867676,107,1,"(-inf, 1]",-inf,1.0,False,DEV-OOS,52254,22184,74438,0.2980198285821758,0.4057008938303902,0.7044982156368196,0.24828524700952354,ok,
d30_apl_ord_days_cnt,9,10017.118476867676,107,2,"(1, 2]",1.0,2.0,False,DEV-OOS,1247,4279,5526,0.7743394860658704,0.03011772400261609,2.7939250120449897,0.352668632714348,ok,
d30_apl_ord_days_cnt,9,10017.118476867676,107,3,"(2, inf]",2.0,inf,False,DEV-OOS,516,4346,4862,0.8938708350473057,0.026498800959232613,3.691281294308425,0.49150185439068456,ok,
d30_apl_ord_days_cnt,9,10017.118476867676,107,0,Missing,,,True,OOT-OOS,35004,305,35309,0.008638024299753603,0.5755244413293997,-2.966194434060584,1.877154091873665,ok,
d30_apl_ord_days_cnt,9,10017.118476867676,107,1,"(-inf, 1]",-inf,1.0,False,OOT-OOS,16917,6471,23388,0.2766803488968702,0.381216280093234,0.8141470227394025,0.33006470455460285,ok,
d30_apl_ord_days_cnt,9,10017.118476867676,107,2,"(1, 2]",1.0,2.0,False,OOT-OOS,404,1044,1448,0.7209944751381215,0.023601897279587943,2.7237295354613646,0.29897916103096905,ok,
d30_apl_ord_days_cnt,9,10017.118476867676,107,3,"(2, inf]",2.0,inf,False,OOT-OOS,137,1069,1206,0.8864013266998342,0.019657381297778356,3.826410302379125,0.4502511607392928,ok,
ddf_lst_app_str_tim_to_mdl_tim_sec,10,9898.319880962372,406,0,Missing,,,True,DEV,120364,6028,126392,0.047692891955187035,0.6878887987852333,-1.284431978188434,0.7185606858694285,ok,
ddf_lst_app_str_tim_to_mdl_tim_sec,10,9898.319880962372,406,1,"(-inf, 42731.2]",-inf,42731.2,False,DEV,2197,3538,5735,0.6169136878814299,0.03121275287228079,2.1859769950922723,0.243873939961862,ok,
ddf_lst_app_str_tim_to_mdl_tim_sec,10,9898.319880962372,406,2,"(42731.2, 114516]",42731.2,114516.00000000003,False,DEV,2401,3334,5735,0.5813426329555362,0.03121275287228079,2.037823638103247,0.20990771324541496,ok,
ddf_lst_app_str_tim_to_mdl_tim_sec,10,9898.319880962372,406,3,"(114516, 211347]",114516.00000000003,211346.80000000005,False,DEV,2703,3031,5734,0.5286013254272759,0.031207310369600356,1.8241047538254909,0.16472119020419562,ok,
ddf_lst_app_str_tim_to_mdl_tim_sec,10,9898.319880962372,406,4,"(211347, 354521]",211346.80000000005,354521.20000000007,False,DEV,2893,2842,5735,0.4955536181342633,0.03121275287228079,1.6918115417465627,0.13935143669985434,ok,
ddf_lst_app_str_tim_to_mdl_tim_sec,10,9898.319880962372,406,5,"(354521, 553829]",354521.20000000007,553829.0,False,DEV,3214,2521,5735,0.43958151700087184,0.03121275287228079,1.4667765750708035,0.10106585130333558,ok,
ddf_lst_app_str_tim_to_mdl_tim_sec,10,9898.319880962372,406,6,"(553829, 881192]",553829.0,881191.800000001,False,DEV,3616,2118,5734,0.3693756539937217,0.031207310369600356,1.1747960209130437,0.061095716087144286,ok,
ddf_lst_app_str_tim_to_mdl_tim_sec,10,9898.319880962372,406,7,"(881192, 1.39897e+06]",881191.800000001,1398972.0,False,DEV,3867,1868,5735,0.3257192676547515,0.03121275287228079,0.9821221036140826,0.040770191386815265,ok,
ddf_lst_app_str_tim_to_mdl_tim_sec,10,9898.319880962372,406,8,"(1.39897e+06, 2.34089e+06]",1398972.0,2340885.2,False,DEV,4342,1392,5734,0.24276246948029298,0.031207310369600356,0.5722449108219441,0.012333174070094073,ok,
ddf_lst_app_str_tim_to_mdl_tim_sec,10,9898.319880962372,406,9,"(2.34089e+06, 4.34603e+06]",2340885.2,4346033.2,False,DEV,4839,896,5735,0.15623365300784656,0.03121275287228079,0.02352604159180934,1.741875143640743e-05,ok,
ddf_lst_app_str_tim_to_mdl_tim_sec,10,9898.319880962372,406,10,"(4.34603e+06, inf]",4346033.2,inf,False,DEV,5155,580,5735,0.1011333914559721,0.03121275287228079,-0.474335146684287,0.005936149131488139,ok,
ddf_lst_app_str_tim_to_mdl_tim_sec,10,9898.319880962372,406,0,Missing,,,True,OOT,42508,1793,44301,0.04047312701744882,0.7241920455102742,-1.2568343717869683,0.7173619113215048,ok,
ddf_lst_app_str_tim_to_mdl_tim_sec,10,9898.319880962372,406,1,"(-inf, 42731.2]",-inf,42731.2,False,OOT,624,962,1586,0.6065573770491803,0.025926470828633547,2.341283402752176,0.2577926427550113,ok,
ddf_lst_app_str_tim_to_mdl_tim_sec,10,9898.319880962372,406,2,"(42731.2, 114516]",42731.2,114516.00000000003,False,OOT,749,828,1577,0.5250475586556753,0.025779347097575726,2.008911185479834,0.18241016503616014,ok,
ddf_lst_app_str_tim_to_mdl_tim_sec,10,9898.319880962372,406,3,"(114516, 211347]",114516.00000000003,211346.80000000005,False,OOT,817,887,1704,0.5205399061032864,0.02785542641361385,1.9908582847340313,0.19309772841158349,ok,
ddf_lst_app_str_tim_to_mdl_tim_sec,10,9898.319880962372,406,4,"(211347, 354521]",211346.80000000005,354521.20000000007,False,OOT,859,738,1597,0.46211646837820913,0.02610628872214866,1.7569709433043992,0.135891862360405,ok,
ddf_lst_app_str_tim_to_mdl_tim_sec,10,9898.319880962372,406,5,"(354521, 553829]",354521.20000000007,553829.0,False,OOT,890,660,1550,0.4258064516129032,0.02533797590440227,1.6099146873885324,0.10768689225358231,ok,
ddf_lst_app_str_tim_to_mdl_tim_sec,10,9898.319880962372,406,6,"(553829, 881192]",553829.0,881191.800000001,False,OOT,1072,634,1706,0.3716295427901524,0.02788812057607114,1.383790302508139,0.08328091528774356,ok,
ddf_lst_app_str_tim_to_mdl_tim_sec,10,9898.319880962372,406,7,"(881192, 1.39897e+06]",881191.800000001,1398972.0,False,OOT,1172,502,1674,0.2998805256869773,0.027365013976754452,1.061402805768665,0.04415290634742772,ok,
ddf_lst_app_str_tim_to_mdl_tim_sec,10,9898.319880962372,406,8,"(1.39897e+06, 2.34089e+06]",1398972.0,2340885.2,False,OOT,1319,397,1716,0.23135198135198135,0.028051591388357607,0.7088874443068768,0.01811172519569055,ok,
ddf_lst_app_str_tim_to_mdl_tim_sec,10,9898.319880962372,406,9,"(2.34089e+06, 4.34603e+06]",2340885.2,4346033.2,False,OOT,1546,306,1852,0.1652267818574514,0.03027479443545355,0.29016882940701044,0.0028352450522555615,ok,
ddf_lst_app_str_tim_to_mdl_tim_sec,10,9898.319880962372,406,10,"(4.34603e+06, inf]",4346033.2,inf,False,OOT,1722,188,1910,0.09842931937172775,0.031222925146715055,-0.3037333298438793,0.0025719625673439107,ok,
ddf_lst_app_str_tim_to_mdl_tim_sec,10,9898.319880962372,406,0,Missing,,,True,DEV-OOS,115182,6604,121786,0.054226265744831095,0.6637562677131023,-1.2976230899045522,0.7163000327636745,ok,
ddf_lst_app_str_tim_to_mdl_tim_sec,10,9898.319880962372,406,1,"(-inf, 42731.2]",-inf,42731.2,False,DEV-OOS,2389,4053,6442,0.6291524371313256,0.03511009374318727,2.089640068623334,0.23316751069755787,ok,
ddf_lst_app_str_tim_to_mdl_tim_sec,10,9898.319880962372,406,2,"(42731.2, 114516]",42731.2,114516.00000000003,False,DEV-OOS,2649,4007,6656,0.6020132211538461,0.036276433398735555,1.9749401647646758,0.21412928610591528,ok,
ddf_lst_app_str_tim_to_mdl_tim_sec,10,9898.319880962372,406,3,"(114516, 211347]",114516.00000000003,211346.80000000005,False,DEV-OOS,2930,3449,6379,0.5406803574227935,0.03476673206889034,1.7241997382834644,0.1535245978815824,ok,
ddf_lst_app_str_tim_to_mdl_tim_sec,10,9898.319880962372,406,4,"(211347, 354521]",211346.80000000005,354521.20000000007,False,DEV-OOS,3155,3219,6374,0.5050203953561343,0.03473948114235884,1.581222608167729,0.1270230250323225,ok,
ddf_lst_app_str_tim_to_mdl_tim_sec,10,9898.319880962372,406,5,"(354521, 553829]",354521.20000000007,553829.0,False,DEV-OOS,3357,2850,6207,0.45915901401643305,0.03382930019620667,1.3974412702880288,0.09419912928805706,ok,
ddf_lst_app_str_tim_to_mdl_tim_sec,10,9898.319880962372,406,6,"(553829, 881192]",553829.0,881191.800000001,False,DEV-OOS,3768,2374,6142,0.3865190491696516,0.03347503815129715,1.099253346919437,0.054682341253446884,ok,
ddf_lst_app_str_tim_to_mdl_tim_sec,10,9898.319880962372,406,7,"(881192, 1.39897e+06]",881191.800000001,1398972.0,False,DEV-OOS,3979,2024,6003,0.3371647509578544,0.032717462393721385,0.8853100754400968,0.033073988423650946,ok,
ddf_lst_app_str_tim_to_mdl_tim_sec,10,9898.319880962372,406,8,"(1.39897e+06, 2.34089e+06]",1398972.0,2340885.2,False,DEV-OOS,4343,1558,5901,0.2640230469411964,0.032161543492478746,0.5361868477212015,0.010894991360890066,ok,
ddf_lst_app_str_tim_to_mdl_tim_sec,10,9898.319880962372,406,9,"(2.34089e+06, 4.34603e+06]",2340885.2,4346033.2,False,DEV-OOS,4775,1043,5818,0.17927122722585082,0.03170917811205581,0.040225269256247885,5.1989315402018725e-05,ok,
ddf_lst_app_str_tim_to_mdl_tim_sec,10,9898.319880962372,406,10,"(4.34603e+06, inf]",4346033.2,inf,False,DEV-OOS,5126,646,5772,0.11191961191961192,0.03145846958796599,-0.509461743684449,0.006874415351308253,ok,
ddf_lst_app_str_tim_to_mdl_tim_sec,10,9898.319880962372,406,0,Missing,,,True,OOT-OOS,40985,2024,43009,0.047059917691645935,0.7010317680233411,-1.2331347670194632,0.6825982925782998,ok,
ddf_lst_app_str_tim_to_mdl_tim_sec,10,9898.319880962372,406,1,"(-inf, 42731.2]",-inf,42731.2,False,OOT-OOS,719,1006,1725,0.5831884057971014,0.028116901110006358,2.1104385408586754,0.20987586734091135,ok,
ddf_lst_app_str_tim_to_mdl_tim_sec,10,9898.319880962372,406,2,"(42731.2, 114516]",42731.2,114516.00000000003,False,OOT-OOS,749,963,1712,0.5625,0.027905005623380223,2.0259269924180208,0.19051885511535158,ok,
ddf_lst_app_str_tim_to_mdl_tim_sec,10,9898.319880962372,406,3,"(114516, 211347]",114516.00000000003,211346.80000000005,False,OOT-OOS,870,961,1831,0.5248498088476242,0.029844664308650227,1.8741876279268426,0.17150557618581352,ok,
ddf_lst_app_str_tim_to_mdl_tim_sec,10,9898.319880962372,406,4,"(211347, 354521]",211346.80000000005,354521.20000000007,False,OOT-OOS,926,849,1775,0.4783098591549296,0.028931883750876106,1.687994717492824,0.13141023642063418,ok,
ddf_lst_app_str_tim_to_mdl_tim_sec,10,9898.319880962372,406,5,"(354521, 553829]",354521.20000000007,553829.0,False,OOT-OOS,995,724,1719,0.42117510180337403,0.028019103193101986,1.4569974603627378,0.09103492244913504,ok,
ddf_lst_app_str_tim_to_mdl_tim_sec,10,9898.319880962372,406,6,"(553829, 881192]",553829.0,881191.800000001,False,OOT-OOS,1170,705,1875,0.376,0.030561849032615607,1.268481306468155,0.07231565200447623,ok,
ddf_lst_app_str_tim_to_mdl_tim_sec,10,9898.319880962372,406,7,"(881192, 1.39897e+06]",881191.800000001,1398972.0,False,OOT-OOS,1260,578,1838,0.3144722524483134,0.02995876187837199,0.9959356221120087,0.04084909362353079,ok,
ddf_lst_app_str_tim_to_mdl_tim_sec,10,9898.319880962372,406,8,"(1.39897e+06, 2.34089e+06]",1398972.0,2340885.2,False,OOT-OOS,1390,478,1868,0.2558886509635974,0.03044775146289384,0.7079983593252412,0.019324935648426484,ok,
ddf_lst_app_str_tim_to_mdl_tim_sec,10,9898.319880962372,406,9,"(2.34089e+06, 4.34603e+06]",2340885.2,4346033.2,False,OOT-OOS,1633,362,1995,0.18145363408521303,0.032517807370703006,0.2693050653598565,0.0025912436994628956,ok,
ddf_lst_app_str_tim_to_mdl_tim_sec,10,9898.319880962372,406,10,"(4.34603e+06, inf]",4346033.2,inf,False,OOT-OOS,1765,239,2004,0.11926147704590818,0.03266450424605956,-0.2228749764112192,0.001498310353921099,ok,
ord_apl_avg_prc_amt_720_day_per_mth,11,8240.903511404991,114,0,"(-inf, 145.833]",-inf,145.8333282470703,False,DEV,90229,1945,92174,0.02110139518736303,0.5016572420661917,-2.1271702384982847,1.0865458399511148,ok,
ord_apl_avg_prc_amt_720_day_per_mth,11,8240.903511404991,114,1,"(145.833, 404.167]",145.8333282470703,404.1666564941406,False,DEV,14865,3299,18164,0.18162299053072012,0.0988576186873772,0.20439502255518868,0.004428603967912678,ok,
ord_apl_avg_prc_amt_720_day_per_mth,11,8240.903511404991,114,2,"(404.167, 854.167]",404.1666564941406,854.1666870117188,False,DEV,14558,3779,18337,0.2060860555161695,0.09979917165109203,0.3610838829227899,0.014692819285516216,ok,
ord_apl_avg_prc_amt_720_day_per_mth,11,8240.903511404991,114,3,"(854.167, 1762.5]",854.1666870117188,1762.5,False,DEV,13496,4832,18328,0.2636403317328677,0.09975018912696815,0.6826007121848011,0.05796764849858929,ok,
ord_apl_avg_prc_amt_720_day_per_mth,11,8240.903511404991,114,4,"(1762.5, 4100.83]",1762.5,4100.833300781299,False,DEV,12342,6020,18362,0.3278509966234615,0.09993523421810285,0.9917888938553409,0.13343476018219078,ok,
ord_apl_avg_prc_amt_720_day_per_mth,11,8240.903511404991,114,5,"(4100.83, inf]",4100.833300781299,inf,False,DEV,10101,8273,18374,0.4502557962338086,0.10000054425026804,1.5100408809343868,0.34576165302681316,ok,
ord_apl_avg_prc_amt_720_day_per_mth,11,8240.903511404991,114,0,"(-inf, 145.833]",-inf,145.8333282470703,False,OOT,31870,454,32324,0.014045291424328673,0.5284030536347735,-2.341267950445956,1.2657189636076362,ok,
ord_apl_avg_prc_amt_720_day_per_mth,11,8240.903511404991,114,1,"(145.833, 404.167]",145.8333282470703,404.1666564941406,False,OOT,4794,884,5678,0.15568862275449102,0.09281872721625553,0.21876803896641772,0.004814035404838525,ok,
ord_apl_avg_prc_amt_720_day_per_mth,11,8240.903511404991,114,2,"(404.167, 854.167]",404.1666564941406,854.1666870117188,False,OOT,4793,1045,5838,0.1789996574169236,0.095434260212839,0.3862046383119506,0.0163785062959366,ok,
ord_apl_avg_prc_amt_720_day_per_mth,11,8240.903511404991,114,3,"(854.167, 1762.5]",854.1666870117188,1762.5,False,OOT,4502,1360,5862,0.23200272944387582,0.09582659016232652,0.7121897131335034,0.062497499195529514,ok,
ord_apl_avg_prc_amt_720_day_per_mth,11,8240.903511404991,114,4,"(1762.5, 4100.83]",1762.5,4100.833300781299,False,OOT,4040,1692,5732,0.29518492672714586,0.09370146960260245,1.0388085110732415,0.14383443539970614,ok,
ord_apl_avg_prc_amt_720_day_per_mth,11,8240.903511404991,114,5,"(4100.83, inf]",4100.833300781299,inf,False,OOT,3279,2460,5739,0.42864610559330896,0.09381589917120298,1.6216438415325563,0.40538427424325585,ok,
ord_apl_avg_prc_amt_720_day_per_mth,11,8240.903511404991,114,0,"(-inf, 145.833]",-inf,145.8333282470703,False,DEV-OOS,86176,2091,88267,0.023689487577463832,0.48107150643121865,-2.1573104499464435,1.0841093718721282,ok,
ord_apl_avg_prc_amt_720_day_per_mth,11,8240.903511404991,114,1,"(145.833, 404.167]",145.8333282470703,404.1666564941406,False,DEV-OOS,15439,3859,19298,0.19996890869520156,0.1051776760409854,0.17481403760044714,0.0033996913314782475,ok,
ord_apl_avg_prc_amt_720_day_per_mth,11,8240.903511404991,114,2,"(404.167, 854.167]",404.1666564941406,854.1666870117188,False,DEV-OOS,14527,4434,18961,0.23384842571594325,0.10334096359276215,0.37457702171250873,0.016303765236981186,ok,
ord_apl_avg_prc_amt_720_day_per_mth,11,8240.903511404991,114,3,"(854.167, 1762.5]",854.1666870117188,1762.5,False,DEV-OOS,13301,5236,18537,0.28246210282138423,0.10103008502289078,0.628982082253137,0.048309750373466784,ok,
ord_apl_avg_prc_amt_720_day_per_mth,11,8240.903511404991,114,4,"(1762.5, 4100.83]",1762.5,4100.833300781299,False,DEV-OOS,12147,6817,18964,0.3594705758278844,0.10335731414868106,0.9835750052849478,0.13188333467952687,ok,
ord_apl_avg_prc_amt_720_day_per_mth,11,8240.903511404991,114,5,"(4100.83, inf]",4100.833300781299,inf,False,DEV-OOS,10063,9390,19453,0.48270189687965864,0.10602245476346196,1.491989080095202,0.3411627092250488,ok,
ord_apl_avg_prc_amt_720_day_per_mth,11,8240.903511404991,114,0,"(-inf, 145.833]",-inf,145.8333282470703,False,OOT-OOS,30649,553,31202,0.017723222870328827,0.5085817672083585,-2.239115591360977,1.1686895807598916,ok,
ord_apl_avg_prc_amt_720_day_per_mth,11,8240.903511404991,114,1,"(145.833, 404.167]",145.8333282470703,404.1666564941406,False,OOT-OOS,5005,1066,6071,0.17558886509635974,0.09895519225440498,0.22883923555979097,0.005614069441811524,ok,
ord_apl_avg_prc_amt_720_day_per_mth,11,8240.903511404991,114,2,"(404.167, 854.167]",404.1666564941406,854.1666870117188,False,OOT-OOS,4846,1300,6146,0.21151968760169215,0.1001776662157096,0.45948629546396785,0.02475674992176567,ok,
ord_apl_avg_prc_amt_720_day_per_mth,11,8240.903511404991,114,3,"(854.167, 1762.5]",854.1666870117188,1762.5,False,OOT-OOS,4364,1448,5812,0.24913971094287682,0.09473358217469968,0.6720191875419249,0.05356694696827426,ok,
ord_apl_avg_prc_amt_720_day_per_mth,11,8240.903511404991,114,4,"(1762.5, 4100.83]",1762.5,4100.833300781299,False,OOT-OOS,4263,1874,6137,0.30536092553364835,0.10003096934035305,0.9532458225017867,0.12348705546471117,ok,
ord_apl_avg_prc_amt_720_day_per_mth,11,8240.903511404991,114,5,"(4100.83, inf]",4100.833300781299,inf,False,OOT-OOS,3335,2648,5983,0.4425873307705165,0.09752082280647423,1.5443651333429353,0.36180812558969966,ok,
clk_cnt_14d,12,7353.64942252636,160,0,"(-inf, 1]",-inf,1.0,False,DEV,137292,10091,147383,0.06846786942863152,0.8021323725501934,-0.9007093833850759,0.47187126787642925,ok,
clk_cnt_14d,12,7353.64942252636,160,1,"(1, 28]",1.0,28.0,False,DEV,10481,7808,18289,0.4269232872218273,0.09953793152243127,1.4153119031538233,0.29725632066912094,ok,
clk_cnt_14d,12,7353.64942252636,160,2,"(28, inf]",28.0,inf,False,DEV,7818,10249,18067,0.5672773565063375,0.09832969592737524,1.9804470212352374,0.6215823801573495,ok,
clk_cnt_14d,12,7353.64942252636,160,0,"(-inf, 1]",-inf,1.0,False,OOT,47951,3069,51020,0.060152881223049785,0.8340280842855509,-0.839543383065027,0.42924387465642233,ok,
clk_cnt_14d,12,7353.64942252636,160,1,"(1, 28]",1.0,28.0,False,OOT,3029,2078,5107,0.4068925004895242,0.08348454383469832,1.532380908783392,0.3162180830709445,ok,
clk_cnt_14d,12,7353.64942252636,160,2,"(28, inf]",28.0,inf,False,OOT,2298,2748,5046,0.544589774078478,0.08248737187975087,2.087930590530176,0.636662608684635,ok,
clk_cnt_14d,12,7353.64942252636,160,0,"(-inf, 1]",-inf,1.0,False,DEV-OOS,132102,11232,143334,0.07836242622127339,0.7811968606932636,-0.9035239819890849,0.46817756355259743,ok,
clk_cnt_14d,12,7353.64942252636,160,1,"(1, 28]",1.0,28.0,False,DEV-OOS,10967,8530,19497,0.4375032056213776,0.10626226291693917,1.3099544148293103,0.25635221964293997,ok,
clk_cnt_14d,12,7353.64942252636,160,2,"(28, inf]",28.0,inf,False,DEV-OOS,8584,12065,20649,0.5842897961160347,0.11254087638979725,1.9016346813260245,0.6132255725303244,ok,
clk_cnt_14d,12,7353.64942252636,160,0,"(-inf, 1]",-inf,1.0,False,OOT-OOS,46673,3518,50191,0.07009224761411409,0.8180958745578719,-0.810007390570144,0.4000448615920153,ok,
clk_cnt_14d,12,7353.64942252636,160,1,"(1, 28]",1.0,28.0,False,OOT-OOS,3211,2368,5579,0.42444882595447214,0.09093576306824665,1.4706531244643548,0.3017691629397459,ok,
clk_cnt_14d,12,7353.64942252636,160,2,"(28, inf]",28.0,inf,False,OOT-OOS,2578,3003,5581,0.538075613689303,0.09096836237388144,1.9277048395975982,0.5564976639394699,ok,
first_day_diff_event_result_0_event_type_loan_all,13,6360.826803684235,188,0,Missing,,,True,DEV,65566,7052,72618,0.09711090914098433,0.3952236596476524,-0.5200882937518498,0.0888759638844835,ok,
first_day_diff_event_result_0_event_type_loan_all,13,6360.826803684235,188,1,"(-inf, 31]",-inf,31.0,False,DEV,3965,7274,11239,0.6472106059257942,0.06116828762538166,2.316337568767834,0.5394779496920147,ok,
first_day_diff_event_result_0_event_type_loan_all,13,6360.826803684235,188,2,"(31, 94]",31.0,94.0,False,DEV,6709,4333,11042,0.3924107951458069,0.060096114597336436,1.272445534169152,0.14099062188736355,ok,
first_day_diff_event_result_0_event_type_loan_all,13,6360.826803684235,188,3,"(94, 210]",94.0,210.0,False,DEV,7995,3071,11066,0.2775167178745708,0.06022673466166682,0.7528815953402506,0.04345046721886551,ok,
first_day_diff_event_result_0_event_type_loan_all,13,6360.826803684235,188,4,"(210, 367]",210.0,367.0,False,DEV,8669,2456,11125,0.22076404494382024,0.06054784231981234,0.4485208907597406,0.014144541697625712,ok,
first_day_diff_event_result_0_event_type_loan_all,13,6360.826803684235,188,5,"(367, 556]",367.0,556.0,False,DEV,9515,1610,11125,0.1447191011235955,0.06054784231981234,-0.06678292105006346,0.0002638405765752829,ok,
first_day_diff_event_result_0_event_type_loan_all,13,6360.826803684235,188,6,"(556, 782]",556.0,782.0,False,DEV,9960,1150,11110,0.1035103510351035,0.060466204779605855,-0.4488362035106532,0.010390414272093418,ok,
first_day_diff_event_result_0_event_type_loan_all,13,6360.826803684235,188,7,"(782, 1013]",782.0,1013.0,False,DEV,10341,738,11079,0.06661251015434606,0.06029748719651244,-0.9297046661321787,0.037404231819002196,ok,
first_day_diff_event_result_0_event_type_loan_all,13,6360.826803684235,188,8,"(1013, 1351]",1013.0,1351.0,False,DEV,10872,269,11141,0.024145049815994975,0.06063492236269926,-1.9878291169869766,0.11987350710338039,ok,
first_day_diff_event_result_0_event_type_loan_all,13,6360.826803684235,188,9,"(1351, 1986]",1351.0,1986.0,False,DEV,10979,124,11103,0.0111681527515086,0.06042810726084283,-2.7698850236455184,0.1832050179661335,ok,
first_day_diff_event_result_0_event_type_loan_all,13,6360.826803684235,188,10,"(1986, inf]",1986.0,inf,False,DEV,11020,71,11091,0.0064015868722387525,0.060362797228677635,-3.328220566892715,0.22727679361717582,ok,
first_day_diff_event_result_0_event_type_loan_all,13,6360.826803684235,188,0,Missing,,,True,OOT,21245,1437,22682,0.0633542015695265,0.37078449642816275,-0.784538948393995,0.17006856771462717,ok,
first_day_diff_event_result_0_event_type_loan_all,13,6360.826803684235,188,1,"(-inf, 31]",-inf,31.0,False,OOT,1442,2612,4054,0.6443019240256537,0.06627106730093342,2.5026305640466804,0.759806405301344,ok,
first_day_diff_event_result_0_event_type_loan_all,13,6360.826803684235,188,2,"(31, 94]",31.0,94.0,False,OOT,3539,1951,5490,0.35537340619307833,0.08974547594526998,1.3133134995622944,0.23716076466100527,ok,
first_day_diff_event_result_0_event_type_loan_all,13,6360.826803684235,188,3,"(94, 210]",94.0,210.0,False,OOT,2702,704,3406,0.20669406928948914,0.055678158664770404,0.5642564479812403,0.021696961377668574,ok,
first_day_diff_event_result_0_event_type_loan_all,13,6360.826803684235,188,4,"(210, 367]",210.0,367.0,False,OOT,2335,402,2737,0.14687614176105224,0.044741961322805814,0.15041448307232405,0.001070133243207026,ok,
first_day_diff_event_result_0_event_type_loan_all,13,6360.826803684235,188,5,"(367, 556]",367.0,556.0,False,OOT,2773,269,3042,0.08842866535174228,0.049727821097543035,-0.4225962829903685,0.007581375535983261,ok,
first_day_diff_event_result_0_event_type_loan_all,13,6360.826803684235,188,6,"(556, 782]",556.0,782.0,False,OOT,3307,233,3540,0.06581920903954802,0.05786866754940905,-0.7420651527242901,0.024130870597424373,ok,
first_day_diff_event_result_0_event_type_loan_all,13,6360.826803684235,188,7,"(782, 1013]",782.0,1013.0,False,OOT,3195,127,3322,0.03822998193859121,0.05430500384156409,-1.312681818335987,0.05753936224440159,ok,
first_day_diff_event_result_0_event_type_loan_all,13,6360.826803684235,188,8,"(1013, 1351]",1013.0,1351.0,False,OOT,4265,107,4372,0.024473924977127172,0.07146943913164304,-1.7721231726251632,0.11775083427259385,ok,
first_day_diff_event_result_0_event_type_loan_all,13,6360.826803684235,188,9,"(1351, 1986]",1351.0,1986.0,False,OOT,3890,31,3921,0.007906146391226727,0.06409690549752342,-2.9076047510695284,0.2007061670936925,ok,
first_day_diff_event_result_0_event_type_loan_all,13,6360.826803684235,188,10,"(1986, inf]",1986.0,inf,False,OOT,4585,22,4607,0.00477534187106577,0.075311003220375,-3.4084384546327553,0.2836182597503686,ok,
first_day_diff_event_result_0_event_type_loan_all,13,6360.826803684235,188,0,Missing,,,True,DEV-OOS,64188,7676,71864,0.10681286875208727,0.39167211685197295,-0.5625168505941701,0.10242912050143316,ok,
first_day_diff_event_result_0_event_type_loan_all,13,6360.826803684235,188,1,"(-inf, 31]",-inf,31.0,False,DEV-OOS,4343,8881,13224,0.6715819721718088,0.07207325049051667,2.2764334891537503,0.5699445066814632,ok,
first_day_diff_event_result_0_event_type_loan_all,13,6360.826803684235,188,2,"(31, 94]",31.0,94.0,False,DEV-OOS,7319,5071,12390,0.4092816787732042,0.06752779594506213,1.1942381144183687,0.1326264343571481,ok,
first_day_diff_event_result_0_event_type_loan_all,13,6360.826803684235,188,3,"(94, 210]",94.0,210.0,False,DEV-OOS,7908,3403,11311,0.3008575722747768,0.061647045999563985,0.7180096856982474,0.03932701702701777,ok,
first_day_diff_event_result_0_event_type_loan_all,13,6360.826803684235,188,4,"(210, 367]",210.0,367.0,False,DEV-OOS,8549,2644,11193,0.23621906548735816,0.06100392413342054,0.3877527120311718,0.010353814801977019,ok,
first_day_diff_event_result_0_event_type_loan_all,13,6360.826803684235,188,5,"(367, 556]",367.0,556.0,False,DEV-OOS,8938,1627,10565,0.15399905347846662,0.057581207761063874,-0.14217919255863432,0.0011106108080415765,ok,
first_day_diff_event_result_0_event_type_loan_all,13,6360.826803684235,188,6,"(556, 782]",556.0,782.0,False,DEV-OOS,9453,1296,10749,0.12056935528886407,0.05858404185742315,-0.4255732150954796,0.009194641577419829,ok,
first_day_diff_event_result_0_event_type_loan_all,13,6360.826803684235,188,7,"(782, 1013]",782.0,1013.0,False,DEV-OOS,9879,722,10601,0.06810678237902085,0.05777741443209069,-1.0543562599735,0.04475335226539477,ok,
first_day_diff_event_result_0_event_type_loan_all,13,6360.826803684235,188,8,"(1013, 1351]",1013.0,1351.0,False,DEV-OOS,9969,334,10303,0.03241774240512472,0.05615325921081317,-1.833505329464886,0.10126152577836807,ok,
first_day_diff_event_result_0_event_type_loan_all,13,6360.826803684235,188,9,"(1351, 1986]",1351.0,1986.0,False,DEV-OOS,10497,121,10618,0.011395743077792429,0.0578700675822978,-2.8978346475639603,0.1895217445228192,ok,
first_day_diff_event_result_0_event_type_loan_all,13,6360.826803684235,188,10,"(1986, inf]",1986.0,inf,False,DEV-OOS,10610,52,10662,0.004877133746013881,0.058109875735775016,-3.747642684039741,0.2560159004320654,ok,
first_day_diff_event_result_0_event_type_loan_all,13,6360.826803684235,188,0,Missing,,,True,OOT-OOS,21194,1701,22895,0.07429569775060056,0.3731805512542583,-0.7474706769918155,0.1589547492003655,ok,
first_day_diff_event_result_0_event_type_loan_all,13,6360.826803684235,188,1,"(-inf, 31]",-inf,31.0,False,OOT-OOS,1666,2965,4631,0.6402504858561866,0.07548369219735619,2.351080855637239,0.7091935864834246,ok,
first_day_diff_event_result_0_event_type_loan_all,13,6360.826803684235,188,2,"(31, 94]",31.0,94.0,False,OOT-OOS,3829,2298,6127,0.3750612045046515,0.0998679728121791,1.2642833120028862,0.23443615991529,ok,
first_day_diff_event_result_0_event_type_loan_all,13,6360.826803684235,188,3,"(94, 210]",94.0,210.0,False,OOT-OOS,2788,783,3571,0.2192663119574349,0.05820606021091751,0.505272788072719,0.01765471526932862,ok,
first_day_diff_event_result_0_event_type_loan_all,13,6360.826803684235,188,4,"(210, 367]",210.0,367.0,False,OOT-OOS,2235,384,2619,0.1466208476517755,0.042688790728757475,0.014484415377915134,9.00399596987496e-06,ok,
first_day_diff_event_result_0_event_type_loan_all,13,6360.826803684235,188,5,"(367, 556]",367.0,556.0,False,OOT-OOS,2548,294,2842,0.10344827586206896,0.04632361330703656,-0.38322040458220324,0.005925575015728898,ok,
first_day_diff_event_result_0_event_type_loan_all,13,6360.826803684235,188,6,"(556, 782]",556.0,782.0,False,OOT-OOS,3100,184,3284,0.05602923264311815,0.053528059852325144,-1.046908382203099,0.040149531943019665,ok,
first_day_diff_event_result_0_event_type_loan_all,13,6360.826803684235,188,7,"(782, 1013]",782.0,1013.0,False,OOT-OOS,3115,130,3245,0.040061633281972264,0.05289237339244674,-1.3980108831152767,0.06250175000646706,ok,
first_day_diff_event_result_0_event_type_loan_all,13,6360.826803684235,188,8,"(1013, 1351]",1013.0,1351.0,False,OOT-OOS,4103,110,4213,0.02610966057441253,0.06867043731968508,-1.8398192040057069,0.1210360258191871,ok,
first_day_diff_event_result_0_event_type_loan_all,13,6360.826803684235,188,9,"(1351, 1986]",1351.0,1986.0,False,OOT-OOS,3550,24,3574,0.006715165081141578,0.058254959169369694,-3.2014097779652153,0.20782256172617236,ok,
first_day_diff_event_result_0_event_type_loan_all,13,6360.826803684235,188,10,"(1986, inf]",1986.0,inf,False,OOT-OOS,4334,16,4350,0.0036781609195402297,0.07090348975566821,-3.7962403392959083,0.3065766527663899,ok,
d180_apl_ord_ddf_mdl_ord_crt_dte_max,14,5834.24104142189,145,0,Missing,,,True,DEV,120960,2487,123447,0.02014629760139979,0.6718606283913595,-2.1745914188341873,1.498388474606614,ok,
d180_apl_ord_ddf_mdl_ord_crt_dte_max,14,5834.24104142189,145,1,"(-inf, 51]",-inf,51.0,False,DEV,4323,1802,6125,0.29420408163265305,0.03333532891764949,0.8347037678943843,0.0302474913861343,ok,
d180_apl_ord_ddf_mdl_ord_crt_dte_max,14,5834.24104142189,145,2,"(51, 79]",51.0,79.0,False,DEV,4141,1941,6082,0.3191384413022032,0.03310130130239089,0.9519972662691683,0.04031166524908439,ok,
d180_apl_ord_ddf_mdl_ord_crt_dte_max,14,5834.24104142189,145,3,"(79, 102]",79.0,102.0,False,DEV,3891,2096,5987,0.3500918657090362,0.0325842635477498,1.0910690373471397,0.05396052119822786,ok,
d180_apl_ord_ddf_mdl_ord_crt_dte_max,14,5834.24104142189,145,4,"(102, 123]",102.0,123.0,False,DEV,3947,2311,6258,0.3692873122403324,0.034059181774147025,1.174408634434248,0.06662814848548503,ok,
d180_apl_ord_ddf_mdl_ord_crt_dte_max,14,5834.24104142189,145,5,"(123, 138]",123.0,138.0,False,DEV,3444,2274,5718,0.39769150052465896,0.031120230326713436,1.2945759291125734,0.07592928261612986,ok,
d180_apl_ord_ddf_mdl_ord_crt_dte_max,14,5834.24104142189,145,6,"(138, 152]",138.0,152.0,False,DEV,3754,2818,6572,0.4287888009738284,0.03576812761580285,1.422844145117456,0.10811078070946036,ok,
d180_apl_ord_ddf_mdl_ord_crt_dte_max,14,5834.24104142189,145,7,"(152, 161]",152.0,161.0,False,DEV,3055,2886,5941,0.48577680525164113,0.0323339084244499,1.6526958873017832,0.1369917731800778,ok,
d180_apl_ord_ddf_mdl_ord_crt_dte_max,14,5834.24104142189,145,8,"(161, 169]",161.0,169.0,False,DEV,3054,3334,6388,0.5219160926737633,0.034766707122603255,1.7973012671183044,0.177589678441741,ok,
d180_apl_ord_ddf_mdl_ord_crt_dte_max,14,5834.24104142189,145,9,"(169, 175]",169.0,175.0,False,DEV,2551,3019,5570,0.5420107719928187,0.030314739930009417,1.8780042703796946,0.17062257531954575,ok,
d180_apl_ord_ddf_mdl_ord_crt_dte_max,14,5834.24104142189,145,10,"(175, inf]",175.0,inf,False,DEV,2471,3180,5651,0.5627322597770306,0.030755582647124455,1.96180760050761,0.19046392484948327,ok,
d180_apl_ord_ddf_mdl_ord_crt_dte_max,14,5834.24104142189,145,0,Missing,,,True,OOT,42147,758,42905,0.017666938585246476,0.7013715201150834,-2.108887184745501,1.4656726670158144,ok,
d180_apl_ord_ddf_mdl_ord_crt_dte_max,14,5834.24104142189,145,1,"(-inf, 51]",-inf,51.0,False,OOT,1081,430,1511,0.28457974851091994,0.02470043973648505,0.9875437446305408,0.03376721365965798,ok,
d180_apl_ord_ddf_mdl_ord_crt_dte_max,14,5834.24104142189,145,2,"(51, 79]",51.0,79.0,False,OOT,1215,516,1731,0.29809358752166376,0.028296797606787306,1.052865160959384,0.04481380445730027,ok,
d180_apl_ord_ddf_mdl_ord_crt_dte_max,14,5834.24104142189,145,3,"(79, 102]",79.0,102.0,False,OOT,1260,553,1813,0.305019305019305,0.029637258267536333,1.085698671676586,0.05037900017002239,ok,
d180_apl_ord_ddf_mdl_ord_crt_dte_max,14,5834.24104142189,145,4,"(102, 123]",102.0,123.0,False,OOT,1332,657,1989,0.33031674208144796,0.032514344563778136,1.2023332741677888,0.06999363826947981,ok,
d180_apl_ord_ddf_mdl_ord_crt_dte_max,14,5834.24104142189,145,5,"(123, 138]",123.0,138.0,False,OOT,1101,619,1720,0.3598837209302326,0.028116979713272195,1.3331852009826681,0.07697853729001912,ok,
d180_apl_ord_ddf_mdl_ord_crt_dte_max,14,5834.24104142189,145,6,"(138, 152]",138.0,152.0,False,OOT,1277,751,2028,0.3703155818540434,0.03315188073169536,1.3781115532710384,0.098045794493727,ok,
d180_apl_ord_ddf_mdl_ord_crt_dte_max,14,5834.24104142189,145,7,"(152, 161]",152.0,161.0,False,OOT,1030,848,1878,0.45154419595314166,0.030699818547398363,1.714371350499636,0.15096466127379754,ok,
d180_apl_ord_ddf_mdl_ord_crt_dte_max,14,5834.24104142189,145,8,"(161, 169]",161.0,169.0,False,OOT,1070,885,1955,0.45268542199488493,0.03195854380200415,1.7189720153490196,0.15812972540426598,ok,
d180_apl_ord_ddf_mdl_ord_crt_dte_max,14,5834.24104142189,145,9,"(169, 175]",169.0,175.0,False,OOT,871,901,1772,0.5084650112866818,0.02896702793716182,1.942544843839165,0.18988530194660655,ok,
d180_apl_ord_ddf_mdl_ord_crt_dte_max,14,5834.24104142189,145,10,"(175, inf]",175.0,inf,False,OOT,894,977,1871,0.5221806520577231,0.030585388978797836,1.9974340550666159,0.21360317207816965,ok,
d180_apl_ord_ddf_mdl_ord_crt_dte_max,14,5834.24104142189,145,0,Missing,,,True,DEV-OOS,114903,2576,117479,0.021927323181164294,0.6402823195988664,-2.2365172546615186,1.5134668801498978,ok,
d180_apl_ord_ddf_mdl_ord_crt_dte_max,14,5834.24104142189,145,1,"(-inf, 51]",-inf,51.0,False,DEV-OOS,4809,2055,6864,0.2993881118881119,0.03741007194244604,0.7110695009590479,0.02336551226786071,ok,
d180_apl_ord_ddf_mdl_ord_crt_dte_max,14,5834.24104142189,145,2,"(51, 79]",51.0,79.0,False,DEV-OOS,4661,2325,6986,0.3328084740910392,0.038074994549814695,0.8657412871411884,0.036635962368978106,ok,
d180_apl_ord_ddf_mdl_ord_crt_dte_max,14,5834.24104142189,145,3,"(79, 102]",79.0,102.0,False,DEV-OOS,4089,2314,6403,0.3613930969857879,0.03489753651624155,0.9919144705100813,0.045373660825287404,ok,
d180_apl_ord_ddf_mdl_ord_crt_dte_max,14,5834.24104142189,145,4,"(102, 123]",102.0,123.0,False,DEV-OOS,4165,2605,6770,0.3847858197932053,0.036897754523653806,1.0919317811480902,0.059383613724512806,ok,
d180_apl_ord_ddf_mdl_ord_crt_dte_max,14,5834.24104142189,145,5,"(123, 138]",123.0,138.0,False,DEV-OOS,3521,2565,6086,0.4214590864278672,0.033169827774144324,1.2444098584103394,0.07139652382469262,ok,
d180_apl_ord_ddf_mdl_ord_crt_dte_max,14,5834.24104142189,145,6,"(138, 152]",138.0,152.0,False,DEV-OOS,3971,3252,7223,0.4502284369375606,0.039366688467407894,1.3614235765272584,0.10345229754632579,ok,
d180_apl_ord_ddf_mdl_ord_crt_dte_max,14,5834.24104142189,145,7,"(152, 161]",152.0,161.0,False,DEV-OOS,3151,3232,6383,0.5063449788500705,0.03478853281011554,1.5865208039066325,0.1281384006010949,ok,
d180_apl_ord_ddf_mdl_ord_crt_dte_max,14,5834.24104142189,145,8,"(161, 169]",161.0,169.0,False,DEV-OOS,3162,3654,6816,0.5360915492957746,0.03714846304774362,1.7057399330984555,0.1602564522261826,ok,
d180_apl_ord_ddf_mdl_ord_crt_dte_max,14,5834.24104142189,145,9,"(169, 175]",169.0,175.0,False,DEV-OOS,2696,3507,6203,0.5653715943898113,0.03380749945498147,1.8240923994131193,0.16855717758546165,ok,
d180_apl_ord_ddf_mdl_ord_crt_dte_max,14,5834.24104142189,145,10,"(175, inf]",175.0,inf,False,DEV-OOS,2525,3742,6267,0.5970958991543003,0.03415631131458469,1.954458276599461,0.1972360678745745,ok,
d180_apl_ord_ddf_mdl_ord_crt_dte_max,14,5834.24104142189,145,0,Missing,,,True,OOT-OOS,40060,697,40757,0.017101356822140982,0.6643249498785676,-2.275882754618229,1.5592313001234994,ok,
d180_apl_ord_ddf_mdl_ord_crt_dte_max,14,5834.24104142189,145,1,"(-inf, 51]",-inf,51.0,False,OOT-OOS,1378,564,1942,0.29042224510813597,0.03165392577138107,0.8819499752321172,0.032802171066498215,ok,
d180_apl_ord_ddf_mdl_ord_crt_dte_max,14,5834.24104142189,145,2,"(51, 79]",51.0,79.0,False,OOT-OOS,1410,627,2037,0.3078055964653903,0.03320239278903359,0.9648049626701398,0.04212908386243639,ok,
d180_apl_ord_ddf_mdl_ord_crt_dte_max,14,5834.24104142189,145,3,"(79, 102]",79.0,102.0,False,OOT-OOS,1457,686,2143,0.3201119925338311,0.034930155987677465,1.0218891290896304,0.05048482517543455,ok,
d180_apl_ord_ddf_mdl_ord_crt_dte_max,14,5834.24104142189,145,4,"(102, 123]",102.0,123.0,False,OOT-OOS,1446,741,2187,0.3388203017832647,0.03564734071164284,1.1065338592680487,0.061740912755778705,ok,
d180_apl_ord_ddf_mdl_ord_crt_dte_max,14,5834.24104142189,145,5,"(123, 138]",123.0,138.0,False,OOT-OOS,1230,728,1958,0.3718079673135853,0.03191472021645939,1.2505725779104009,0.07309838607582778,ok,
d180_apl_ord_ddf_mdl_ord_crt_dte_max,14,5834.24104142189,145,6,"(138, 152]",138.0,152.0,False,OOT-OOS,1341,942,2283,0.4126149802890933,0.03721210738211276,1.421753071562739,0.11430347477753544,ok,
d180_apl_ord_ddf_mdl_ord_crt_dte_max,14,5834.24104142189,145,7,"(152, 161]",152.0,161.0,False,OOT-OOS,1081,952,2033,0.4682734874569602,0.033137194177764014,1.6477466837139945,0.14249036098409182,ok,
d180_apl_ord_ddf_mdl_ord_crt_dte_max,14,5834.24104142189,145,8,"(161, 169]",161.0,169.0,False,OOT-OOS,1120,934,2054,0.45472249269717624,0.03347948688692931,1.5932421557608876,0.13336846893699347,ok,
d180_apl_ord_ddf_mdl_ord_crt_dte_max,14,5834.24104142189,145,9,"(169, 175]",169.0,175.0,False,OOT-OOS,910,958,1868,0.512847965738758,0.03044775146289384,1.8261364854242883,0.1651003141466762,ok,
d180_apl_ord_ddf_mdl_ord_crt_dte_max,14,5834.24104142189,145,10,"(175, inf]",175.0,inf,False,OOT-OOS,1029,1060,2089,0.5074198180947822,0.034049974735538134,1.804428069643145,0.17973784377186283,ok,
d30_d60_apl_ord_cnt_rat,15,4594.550097942352,14,0,Missing,,,True,DEV,103153,989,104142,0.009496648806437365,0.5667931141456087,-2.93707741504922,1.8439532393835376,ok,
d30_d60_apl_ord_cnt_rat,15,4594.550097942352,14,1,"(-inf, 0]",-inf,0.0,False,DEV,44385,11746,56131,0.20926047994869146,0.3054931179553606,0.3803387533532158,0.05021069674687067,ok,
d30_d60_apl_ord_cnt_rat,15,4594.550097942352,14,2,"(0, 0.5]",0.0,0.5,False,DEV,2709,7647,10356,0.7384125144843569,0.056362557758559695,2.7473109500189996,0.6985192063918603,ok,
d30_d60_apl_ord_cnt_rat,15,4594.550097942352,14,3,"(0.5, inf]",0.5,inf,False,DEV,5344,7766,13110,0.592372234935164,0.071351210140471,2.0834478867140716,0.5032521468040966,ok,
d30_d60_apl_ord_cnt_rat,15,4594.550097942352,14,0,Missing,,,True,OOT,36982,328,37310,0.008791208791208791,0.6099096006408056,-2.8145851831250357,1.8365672574570593,ok,
d30_d60_apl_ord_cnt_rat,15,4594.550097942352,14,1,"(-inf, 0]",-inf,0.0,False,OOT,13970,3489,17459,0.199839624262558,0.28540369117094144,0.5218885815826976,0.09376645740722832,ok,
d30_d60_apl_ord_cnt_rat,15,4594.550097942352,14,2,"(0, 0.5]",0.0,0.5,False,OOT,927,2145,3072,0.6982421875,0.05021823353440243,2.747713195666679,0.6986814144298977,ok,
d30_d60_apl_ord_cnt_rat,15,4594.550097942352,14,3,"(0.5, inf]",0.5,inf,False,OOT,1399,1933,3332,0.5801320528211285,0.05446847465385055,2.2322948878085334,0.4879192134812001,ok,
d30_d60_apl_ord_cnt_rat,15,4594.550097942352,14,0,Missing,,,True,DEV-OOS,97636,1018,98654,0.010318892290226448,0.537682581207761,-3.001690061883786,1.8364566310572707,ok,
d30_d60_apl_ord_cnt_rat,15,4594.550097942352,14,1,"(-inf, 0]",-inf,0.0,False,DEV-OOS,45383,13171,58554,0.22493766437818083,0.31913015042511444,0.32413718196998165,0.03713504910613521,ok,
d30_d60_apl_ord_cnt_rat,15,4594.550097942352,14,2,"(0, 0.5]",0.0,0.5,False,DEV-OOS,3023,8851,11874,0.7454101398012464,0.06471550032701112,2.6354022158010646,0.6803521394605497,ok,
d30_d60_apl_ord_cnt_rat,15,4594.550097942352,14,3,"(0.5, inf]",0.5,inf,False,DEV-OOS,5611,8787,14398,0.6102930962633699,0.07847176804011337,2.009742574011609,0.4804951938713957,ok,
d30_d60_apl_ord_cnt_rat,15,4594.550097942352,14,0,Missing,,,True,OOT-OOS,35004,305,35309,0.008638024299753603,0.5755244413293997,-2.966194434060584,1.877154091873665,ok,
d30_d60_apl_ord_cnt_rat,15,4594.550097942352,14,1,"(-inf, 0]",-inf,0.0,False,OOT-OOS,14861,4093,18954,0.21594386409201224,0.30894361950090465,0.4857140644758427,0.08603888895392783,ok,
d30_d60_apl_ord_cnt_rat,15,4594.550097942352,14,2,"(0, 0.5]",0.0,0.5,False,OOT-OOS,1026,2364,3390,0.6973451327433628,0.055255823050969016,2.609499316588233,0.6429213725323474,ok,
d30_d60_apl_ord_cnt_rat,15,4594.550097942352,14,3,"(0.5, inf]",0.5,inf,False,OOT-OOS,1571,2127,3698,0.5751757706868578,0.06027611611872667,2.0780046951731976,0.4349950529096276,ok,
pmt_crd_amt_1m,16,4509.548325300217,61,0,"(-inf, 209.734]",-inf,209.73400573730433,False,DEV,136543,10448,146991,0.07107918171860862,0.7999989114994639,-0.8604740001077146,0.43573743856917446,ok,
pmt_crd_amt_1m,16,4509.548325300217,61,1,"(209.734, 987.7]",209.73400573730433,987.7000122070312,False,DEV,10011,8364,18375,0.45518367346938776,0.10000598675294847,1.529972945168491,0.35617959351004774,ok,
pmt_crd_amt_1m,16,4509.548325300217,61,2,"(987.7, inf]",987.7000122070312,inf,False,DEV,9037,9336,18373,0.5081369400751102,0.0999951017475876,1.7422596798219743,0.47666674050946517,ok,
pmt_crd_amt_1m,16,4509.548325300217,61,0,"(-inf, 209.734]",-inf,209.73400573730433,False,OOT,47528,3165,50693,0.0624346556723808,0.8286825887237834,-0.7998864916347755,0.3928930406874831,ok,
pmt_crd_amt_1m,16,4509.548325300217,61,1,"(209.734, 987.7]",209.73400573730433,987.7000122070312,False,OOT,2955,2216,5171,0.42854380197253916,0.0845307570333317,1.6213935523964276,0.3651740850863133,ok,
pmt_crd_amt_1m,16,4509.548325300217,61,2,"(987.7, inf]",987.7000122070312,inf,False,OOT,2795,2514,5309,0.4735355057449614,0.08678665424288494,1.8031950136210628,0.47958429381239853,ok,
pmt_crd_amt_1m,16,4509.548325300217,61,0,"(-inf, 209.734]",-inf,209.73400573730433,False,DEV-OOS,131683,11934,143617,0.08309601231052034,0.7827392631349466,-0.8397251583847389,0.41427825767960674,ok,
pmt_crd_amt_1m,16,4509.548325300217,61,1,"(209.734, 987.7]",209.73400573730433,987.7000122070312,False,DEV-OOS,10670,9376,20046,0.46772423426119925,0.10925441465009811,1.4319664269406664,0.3210953848736688,ok,
pmt_crd_amt_1m,16,4509.548325300217,61,2,"(987.7, inf]",987.7000122070312,inf,False,DEV-OOS,9300,10517,19817,0.5307059595296967,0.1080063222149553,1.6842151667823857,0.45324915527355075,ok,
pmt_crd_amt_1m,16,4509.548325300217,61,0,"(-inf, 209.734]",-inf,209.73400573730433,False,OOT-OOS,46275,3737,50012,0.07472206670399104,0.8151782367035583,-0.7410613258562737,0.34211746543290056,ok,
pmt_crd_amt_1m,16,4509.548325300217,61,1,"(209.734, 987.7]",209.73400573730433,987.7000122070312,False,OOT-OOS,3196,2466,5662,0.4355351465913105,0.09228863425209043,1.515878079265407,0.32819198782840586,ok,
pmt_crd_amt_1m,16,4509.548325300217,61,2,"(987.7, inf]",987.7000122070312,inf,False,OOT-OOS,2991,2686,5677,0.4731372203628677,0.09253312904435136,1.6675986961371851,0.408821634579765,ok,
rsk_avl_lmt_ch_les_10000_cnt_12m,17,4431.388780832291,93,0,Missing,,,True,DEV,100705,900,101605,0.00885783179961616,0.5529854848453513,-3.007352905333631,1.8502522909846064,ok,
rsk_avl_lmt_ch_les_10000_cnt_12m,17,4431.388780832291,93,1,"(-inf, 1]",-inf,1.0,False,DEV,35326,7706,43032,0.17907603643799963,0.23420177534437436,0.18708336303234374,0.008738452051407292,ok,
rsk_avl_lmt_ch_les_10000_cnt_12m,17,4431.388780832291,93,2,"(1, 2]",1.0,2.0,False,DEV,5712,2368,8080,0.29306930693069305,0.04397542165789517,0.829252712103133,0.0393231948575955,ok,
rsk_avl_lmt_ch_les_10000_cnt_12m,17,4431.388780832291,93,3,"(2, 4]",2.0,4.0,False,DEV,5867,3652,9519,0.38365374514129635,0.05180718301503764,1.235635840841463,0.1137207768044036,ok,
rsk_avl_lmt_ch_les_10000_cnt_12m,17,4431.388780832291,93,4,"(4, 6]",4.0,6.0,False,DEV,3035,2820,5855,0.4816396242527754,0.031865853193932696,1.636190643551329,0.13200949537594506,ok,
rsk_avl_lmt_ch_les_10000_cnt_12m,17,4431.388780832291,93,5,"(6, 11]",6.0,11.0,False,DEV,3180,4461,7641,0.5838241067923047,0.04158616298118527,2.048099240163134,0.2827213234598544,ok,
rsk_avl_lmt_ch_les_10000_cnt_12m,17,4431.388780832291,93,6,"(11, inf]",11.0,inf,False,DEV,1766,6241,8007,0.7794429873860372,0.04357811896222359,2.9718729752336928,0.6251568684135281,ok,
rsk_avl_lmt_ch_les_10000_cnt_12m,17,4431.388780832291,93,0,Missing,,,True,OOT,36197,298,36495,0.008165502123578573,0.5965867294394586,-2.8890590908609406,1.8535376725076618,ok,
rsk_avl_lmt_ch_les_10000_cnt_12m,17,4431.388780832291,93,1,"(-inf, 1]",-inf,1.0,False,OOT,10857,2305,13162,0.17512536088740313,0.2151602831314469,0.35935779819976277,0.03166470292403249,ok,
rsk_avl_lmt_ch_les_10000_cnt_12m,17,4431.388780832291,93,2,"(1, 2]",1.0,2.0,False,OOT,1755,667,2422,0.2753922378199835,0.039592630735782126,0.9419467056278973,0.04856872295282674,ok,
rsk_avl_lmt_ch_les_10000_cnt_12m,17,4431.388780832291,93,3,"(2, 4]",2.0,4.0,False,OOT,1842,984,2826,0.3481953290870488,0.04619685155215536,1.282171584977668,0.11547677954215084,ok,
rsk_avl_lmt_ch_les_10000_cnt_12m,17,4431.388780832291,93,4,"(4, 6]",4.0,6.0,False,OOT,909,736,1645,0.4474164133738602,0.0268909486211237,1.6979305489064875,0.12934128297919936,ok,
rsk_avl_lmt_ch_les_10000_cnt_12m,17,4431.388780832291,93,5,"(6, 11]",6.0,11.0,False,OOT,1024,1159,2183,0.5309207512597343,0.03568567832213558,2.0327004999786116,0.2593155930714144,ok,
rsk_avl_lmt_ch_les_10000_cnt_12m,17,4431.388780832291,93,6,"(11, inf]",11.0,inf,False,OOT,694,1746,2440,0.7155737704918033,0.03988687819789777,2.8310932130144675,0.5891034755438287,ok,
rsk_avl_lmt_ch_les_10000_cnt_12m,17,4431.388780832291,93,0,Missing,,,True,DEV-OOS,95366,912,96278,0.009472569018882819,0.5247329409199912,-3.088101411824007,1.8533697333535786,ok,
rsk_avl_lmt_ch_les_10000_cnt_12m,17,4431.388780832291,93,1,"(-inf, 1]",-inf,1.0,False,DEV-OOS,35935,8569,44504,0.19254449038288693,0.24255504687159363,0.12767686846269974,0.004120090260252312,ok,
rsk_avl_lmt_ch_les_10000_cnt_12m,17,4431.388780832291,93,2,"(1, 2]",1.0,2.0,False,DEV-OOS,5898,2556,8454,0.30234208658623135,0.0460758665794637,0.7251341996853831,0.030036677857822283,ok,
rsk_avl_lmt_ch_les_10000_cnt_12m,17,4431.388780832291,93,3,"(2, 4]",2.0,4.0,False,DEV-OOS,6090,4130,10220,0.4041095890410959,0.05570089383039023,1.1728614303097726,0.10509500099232198,ok,
rsk_avl_lmt_ch_les_10000_cnt_12m,17,4431.388780832291,93,4,"(4, 6]",4.0,6.0,False,DEV-OOS,3106,3118,6224,0.5009640102827764,0.03392195334641378,1.565048571909655,0.12127292217425555,ok,
rsk_avl_lmt_ch_les_10000_cnt_12m,17,4431.388780832291,93,5,"(6, 11]",6.0,11.0,False,DEV-OOS,3362,5304,8666,0.6120470805446573,0.04723130586439939,2.0170639174364577,0.2914183845163766,ok,
rsk_avl_lmt_ch_les_10000_cnt_12m,17,4431.388780832291,93,6,"(11, inf]",11.0,inf,False,DEV-OOS,1896,7238,9134,0.7924239106634552,0.049781992587747986,2.900597065912371,0.6233453902899955,ok,
rsk_avl_lmt_ch_les_10000_cnt_12m,17,4431.388780832291,93,0,Missing,,,True,OOT-OOS,34297,271,34568,0.007839620458227262,0.56344639859171,-3.0639180189393747,1.9093845395988018,ok,
rsk_avl_lmt_ch_les_10000_cnt_12m,17,4431.388780832291,93,1,"(-inf, 1]",-inf,1.0,False,OOT-OOS,11522,2727,14249,0.19138185135799005,0.2322537529950612,0.33403137899951774,0.029093676429811487,ok,
rsk_avl_lmt_ch_les_10000_cnt_12m,17,4431.388780832291,93,2,"(1, 2]",1.0,2.0,False,OOT-OOS,1804,800,2604,0.30721966205837176,0.042444295936496554,0.9621452942408814,0.05351995656144598,ok,
rsk_avl_lmt_ch_les_10000_cnt_12m,17,4431.388780832291,93,3,"(2, 4]",2.0,4.0,False,OOT-OOS,1951,1097,3048,0.3599081364829396,0.049681341787419925,1.199384144215612,0.1034141867668093,ok,
rsk_avl_lmt_ch_les_10000_cnt_12m,17,4431.388780832291,93,4,"(4, 6]",4.0,6.0,False,OOT-OOS,1006,836,1842,0.4538545059717698,0.03002396048964157,1.5899398612339877,0.11906105599259664,ok,
rsk_avl_lmt_ch_les_10000_cnt_12m,17,4431.388780832291,93,5,"(6, 11]",6.0,11.0,False,OOT-OOS,1102,1331,2433,0.5470612412659268,0.03965705530472201,1.963673383819941,0.2527622940786323,ok,
rsk_avl_lmt_ch_les_10000_cnt_12m,17,4431.388780832291,93,6,"(11, inf]",11.0,inf,False,OOT-OOS,780,1827,2607,0.7008055235903338,0.04249319489494874,2.625717037555402,0.5005504660666728,ok,
his_30d_app_str_ctn_v2,18,4196.387881755829,150,0,Missing,,,True,DEV,120364,6028,126392,0.047692891955187035,0.6878887987852333,-1.2844174316945818,0.7185508562419797,ok,
his_30d_app_str_ctn_v2,18,4196.387881755829,150,1,"(-inf, 1]",-inf,1.0,False,DEV,11834,1934,13768,0.1404706565950029,0.07493237690419563,-0.10156111571468096,0.0007460008635941435,ok,
his_30d_app_str_ctn_v2,18,4196.387881755829,150,2,"(1, 2]",1.0,2.0,False,DEV,2791,823,3614,0.22772551189817378,0.01966920468708331,0.48883816849689704,0.0055288508843222,ok,
his_30d_app_str_ctn_v2,18,4196.387881755829,150,3,"(2, 4]",2.0,4.0,False,DEV,4506,1704,6210,0.2743961352657005,0.03379794164548626,0.7373599972111106,0.023286818656356532,ok,
his_30d_app_str_ctn_v2,18,4196.387881755829,150,4,"(4, 7]",4.0,7.0,False,DEV,4661,2469,7130,0.3462833099579243,0.03880504411148422,1.0742873998735485,0.06204882142214113,ok,
his_30d_app_str_ctn_v2,18,4196.387881755829,150,5,"(7, 9]",7.0,9.0,False,DEV,2200,1527,3727,0.40971290582237724,0.02028420748997219,1.3445567884242215,0.05393649321247664,ok,
his_30d_app_str_ctn_v2,18,4196.387881755829,150,6,"(9, 14]",9.0,14.0,False,DEV,3475,3167,6642,0.4768142125865703,0.03614910280343313,1.6168132632843708,0.14579374247918817,ok,
his_30d_app_str_ctn_v2,18,4196.387881755829,150,7,"(14, 20]",14.0,20.0,False,DEV,2221,2736,4957,0.5519467419810369,0.02697848578690425,1.9181060718376268,0.1590563555249735,ok,
his_30d_app_str_ctn_v2,18,4196.387881755829,150,8,"(20, 33]",20.0,33.0,False,DEV,2111,3596,5707,0.63010338181181,0.031060362797228677,2.2421715385630296,0.25600660516678797,ok,
his_30d_app_str_ctn_v2,18,4196.387881755829,150,9,"(33, inf]",33.0,inf,False,DEV,1428,4164,5592,0.7446351931330472,0.030434474988978933,2.7795802613341847,0.3856473526605244,ok,
his_30d_app_str_ctn_v2,18,4196.387881755829,150,0,Missing,,,True,OOT,42508,1793,44301,0.04047312701744882,0.7241920455102742,-1.2567804664625135,0.7173224952678912,ok,
his_30d_app_str_ctn_v2,18,4196.387881755829,150,1,"(-inf, 1]",-inf,1.0,False,OOT,3804,633,4437,0.14266396213657878,0.07253199941150508,0.11607471562493986,0.0010200777180899693,ok,
his_30d_app_str_ctn_v2,18,4196.387881755829,150,2,"(1, 2]",1.0,2.0,False,OOT,849,237,1086,0.21823204419889503,0.017752930214310236,0.6342742538430329,0.008956028432091449,ok,
his_30d_app_str_ctn_v2,18,4196.387881755829,150,3,"(2, 4]",2.0,4.0,False,OOT,1343,497,1840,0.27010869565217394,0.03007862946070979,0.9153167000234252,0.03456259880345641,ok,
his_30d_app_str_ctn_v2,18,4196.387881755829,150,4,"(4, 7]",4.0,7.0,False,OOT,1372,710,2082,0.3410182516810759,0.03403462311804227,1.2503343456337932,0.08024398776966703,ok,
his_30d_app_str_ctn_v2,18,4196.387881755829,150,5,"(7, 9]",7.0,9.0,False,OOT,680,414,1094,0.37842778793418647,0.01788370686413941,1.4129997239641525,0.05609174603860264,ok,
his_30d_app_str_ctn_v2,18,4196.387881755829,150,6,"(9, 14]",9.0,14.0,False,OOT,1026,839,1865,0.44986595174262733,0.030487306491425954,1.707650811538931,0.14856692932669624,ok,
his_30d_app_str_ctn_v2,18,4196.387881755829,150,7,"(14, 20]",14.0,20.0,False,OOT,647,772,1419,0.5440451021846371,0.023196508263449562,2.085267786678531,0.17856714538736582,ok,
his_30d_app_str_ctn_v2,18,4196.387881755829,150,8,"(20, 33]",20.0,33.0,False,OOT,613,935,1548,0.6040051679586563,0.025305281741944977,2.330655453043502,0.24915576171724632,ok,
his_30d_app_str_ctn_v2,18,4196.387881755829,150,9,"(33, inf]",33.0,inf,False,OOT,436,1065,1501,0.709526982011992,0.024536968924198585,2.8011656477393383,0.35485533776362904,ok,
his_30d_app_str_ctn_v2,18,4196.387881755829,150,0,Missing,,,True,DEV-OOS,115182,6604,121786,0.054226265744831095,0.6637562677131023,-1.297610679449982,0.7162922023954866,ok,
his_30d_app_str_ctn_v2,18,4196.387881755829,150,1,"(-inf, 1]",-inf,1.0,False,DEV-OOS,11813,2120,13933,0.1521567501614871,0.07593743187268368,-0.15643512272052967,0.0017646357960664069,ok,
his_30d_app_str_ctn_v2,18,4196.387881755829,150,2,"(1, 2]",1.0,2.0,False,DEV-OOS,2868,917,3785,0.24227212681638044,0.020628951384347068,0.4212639685551546,0.004174274819811924,ok,
his_30d_app_str_ctn_v2,18,4196.387881755829,150,3,"(2, 4]",2.0,4.0,False,DEV-OOS,4537,1906,6443,0.29582492627657925,0.035115543928493566,0.6940488133928674,0.02080291168130818,ok,
his_30d_app_str_ctn_v2,18,4196.387881755829,150,4,"(4, 7]",4.0,7.0,False,DEV-OOS,4809,2732,7541,0.362286168943111,0.04109984739481142,0.9957797251263786,0.053900053501927,ok,
his_30d_app_str_ctn_v2,18,4196.387881755829,150,5,"(7, 9]",7.0,9.0,False,DEV-OOS,2248,1634,3882,0.4209170530654302,0.02115761935905821,1.2422295326218582,0.045368183384457285,ok,
his_30d_app_str_ctn_v2,18,4196.387881755829,150,6,"(9, 14]",9.0,14.0,False,DEV-OOS,3737,3491,7228,0.4829828444936359,0.03939393939393939,1.4930704172555032,0.12697213719823086,ok,
his_30d_app_str_ctn_v2,18,4196.387881755829,150,7,"(14, 20]",14.0,20.0,False,DEV-OOS,2568,3165,5733,0.5520669806384092,0.031245912361020273,1.7701448627452137,0.14605079929165243,ok,
his_30d_app_str_ctn_v2,18,4196.387881755829,150,8,"(20, 33]",20.0,33.0,False,DEV-OOS,2283,4142,6425,0.6446692607003891,0.03501744059298016,2.1567460293440193,0.2481971175980219,ok,
his_30d_app_str_ctn_v2,18,4196.387881755829,150,9,"(33, inf]",33.0,inf,False,DEV-OOS,1608,5116,6724,0.7608566329565735,0.03664704599956398,2.718324456516084,0.40809764821341205,ok,
his_30d_app_str_ctn_v2,18,4196.387881755829,150,0,Missing,,,True,OOT-OOS,40985,2024,43009,0.047059917691645935,0.7010317680233411,-1.2330880806790558,0.6825658505488417,ok,
his_30d_app_str_ctn_v2,18,4196.387881755829,150,1,"(-inf, 1]",-inf,1.0,False,OOT-OOS,3927,768,4695,0.1635782747603834,0.07652686997766947,0.14348970129553354,0.0016573045734054991,ok,
his_30d_app_str_ctn_v2,18,4196.387881755829,150,2,"(1, 2]",1.0,2.0,False,OOT-OOS,874,277,1151,0.24066029539530842,0.018760900392821633,0.6269761471744916,0.009111963402059928,ok,
his_30d_app_str_ctn_v2,18,4196.387881755829,150,3,"(2, 4]",2.0,4.0,False,OOT-OOS,1432,587,2019,0.2907379891035166,0.03290899903832049,0.8835073058760786,0.03423846306437161,ok,
his_30d_app_str_ctn_v2,18,4196.387881755829,150,4,"(4, 7]",4.0,7.0,False,OOT-OOS,1512,807,2319,0.34799482535575677,0.03779889488353898,1.1472313736384743,0.07108693105232979,ok,
his_30d_app_str_ctn_v2,18,4196.387881755829,150,5,"(7, 9]",7.0,9.0,False,OOT-OOS,742,475,1217,0.390304026294166,0.0198366774787697,1.3291515197552495,0.052250615974612176,ok,
his_30d_app_str_ctn_v2,18,4196.387881755829,150,6,"(9, 14]",9.0,14.0,False,OOT-OOS,1104,965,2069,0.4664088931851136,0.03372398167919023,1.6403055874550565,0.1435349447099608,ok,
his_30d_app_str_ctn_v2,18,4196.387881755829,150,7,"(14, 20]",14.0,20.0,False,OOT-OOS,719,834,1553,0.5370251126851255,0.025313360825414417,1.9230837252211264,0.1540657710198528,ok,
his_30d_app_str_ctn_v2,18,4196.387881755829,150,8,"(20, 33]",20.0,33.0,False,OOT-OOS,679,997,1676,0.5948687350835322,0.027318218121954,2.1587024236194794,0.21415032541258094,ok,
his_30d_app_str_ctn_v2,18,4196.387881755829,150,9,"(33, inf]",33.0,inf,False,OOT-OOS,488,1155,1643,0.7029823493609252,0.026780329578979967,2.635756466678257,0.3178944552582293,ok,
min_rsk_lmt_rate_12m_bt_ch,19,3822.7052409648895,85,0,Missing,,,True,DEV,93447,667,94114,0.007087149627048048,0.512215697266231,-3.2319775924448955,1.8644343624109874,ok,
min_rsk_lmt_rate_12m_bt_ch,19,3822.7052409648895,85,1,"(-inf, 0.0191406]",-inf,0.01914059966802597,False,DEV,26970,8880,35850,0.24769874476987447,0.19511372109350764,0.5987522631605322,0.08508895269946443,ok,
min_rsk_lmt_rate_12m_bt_ch,19,3822.7052409648895,85,2,"(0.0191406, 0.062918]",0.01914059966802597,0.06291799992322922,False,DEV,7451,1512,8963,0.168693517795381,0.048781151524717126,0.11498663404876608,0.0006710440872850142,ok,
min_rsk_lmt_rate_12m_bt_ch,19,3822.7052409648895,85,3,"(0.062918, 0.143022]",0.06291799992322922,0.14302220344543481,False,DEV,6437,2525,8962,0.2817451461727293,0.04877570902203669,0.7739368744687326,0.03740901048016016,ok,
min_rsk_lmt_rate_12m_bt_ch,19,3822.7052409648895,85,4,"(0.143022, 0.267289]",0.14302220344543481,0.2672889888286589,False,DEV,5496,3466,8962,0.3867440303503682,0.04877570902203669,1.2486719908962436,0.1096451861939864,ok,
min_rsk_lmt_rate_12m_bt_ch,19,3822.7052409648895,85,5,"(0.267289, 0.431456]",0.2672889888286589,0.43145558834075926,False,DEV,4956,4007,8963,0.44706013611514,0.048781151524717126,1.497105836543373,0.1654258443697195,ok,
min_rsk_lmt_rate_12m_bt_ch,19,3822.7052409648895,85,6,"(0.431456, 0.67164]",0.43145558834075926,0.6716399788856506,False,DEV,4388,4576,8964,0.5104863900044623,0.04878659402739756,1.7515851083252787,0.23534175744198751,ok,
min_rsk_lmt_rate_12m_bt_ch,19,3822.7052409648895,85,7,"(0.67164, inf]",0.6716399788856506,inf,False,DEV,6446,2515,8961,0.28066064055350964,0.04877026651935626,0.7685723206130981,0.03683224522438811,ok,
min_rsk_lmt_rate_12m_bt_ch,19,3822.7052409648895,85,0,Missing,,,True,OOT,33625,210,33835,0.006206590808334565,0.5531034933712585,-3.1646919396767506,1.912855642182148,ok,
min_rsk_lmt_rate_12m_bt_ch,19,3822.7052409648895,85,1,"(-inf, 0.0191406]",-inf,0.01914059966802597,False,OOT,9091,2529,11620,0.2176419965576592,0.1899530838768738,0.6295441375554149,0.09418015091215838,ok,
min_rsk_lmt_rate_12m_bt_ch,19,3822.7052409648895,85,2,"(0.0191406, 0.062918]",0.01914059966802597,0.06291799992322922,False,OOT,2420,499,2919,0.17094895512161698,0.0477171301064195,0.33074058259173256,0.005889746632880498,ok,
min_rsk_lmt_rate_12m_bt_ch,19,3822.7052409648895,85,3,"(0.062918, 0.143022]",0.06291799992322922,0.14302220344543481,False,OOT,2065,831,2896,0.2869475138121547,0.04734114723816062,0.9989660856790367,0.06643229630544456,ok,
min_rsk_lmt_rate_12m_bt_ch,19,3822.7052409648895,85,4,"(0.143022, 0.267289]",0.14302220344543481,0.2672889888286589,False,OOT,1736,1095,2831,0.38678912045213704,0.0462785869582986,1.448201680734266,0.15365086454272145,ok,
min_rsk_lmt_rate_12m_bt_ch,19,3822.7052409648895,85,5,"(0.267289, 0.431456]",0.2672889888286589,0.43145558834075926,False,OOT,1636,1229,2865,0.42897033158813264,0.04683438772007258,1.6229101615978854,0.2027642486266852,ok,
min_rsk_lmt_rate_12m_bt_ch,19,3822.7052409648895,85,6,"(0.431456, 0.67164]",0.43145558834075926,0.6716399788856506,False,OOT,1263,1088,2351,0.4627817949808592,0.038431987968548215,1.7597773477292267,0.20077089335738135,ok,
min_rsk_lmt_rate_12m_bt_ch,19,3822.7052409648895,85,7,"(0.67164, inf]",0.6716399788856506,inf,False,OOT,1442,414,1856,0.22306034482758622,0.030340182760368137,0.6618023700759684,0.016811146250900702,ok,
min_rsk_lmt_rate_12m_bt_ch,19,3822.7052409648895,85,0,Missing,,,True,DEV-OOS,88448,664,89112,0.007451297243917766,0.4856769130150425,-3.329960128272014,1.8725638486915188,ok,
min_rsk_lmt_rate_12m_bt_ch,19,3822.7052409648895,85,1,"(-inf, 0.0191406]",-inf,0.01914059966802597,False,DEV-OOS,27278,10048,37326,0.2691957348764936,0.20343361674296925,0.5625052577930942,0.07639559347981593,ok,
min_rsk_lmt_rate_12m_bt_ch,19,3822.7052409648895,85,2,"(0.0191406, 0.062918]",0.01914059966802597,0.06291799992322922,False,DEV-OOS,7102,1770,8872,0.19950405770964832,0.048354044037497275,0.1719958921086835,0.0015117102121760407,ok,
min_rsk_lmt_rate_12m_bt_ch,19,3822.7052409648895,85,3,"(0.062918, 0.143022]",0.06291799992322922,0.14302220344543481,False,DEV-OOS,6550,2761,9311,0.2965309848566212,0.050746675386963154,0.6974133620325852,0.030380851479076827,ok,
min_rsk_lmt_rate_12m_bt_ch,19,3822.7052409648895,85,4,"(0.143022, 0.267289]",0.14302220344543481,0.2672889888286589,False,DEV-OOS,5633,3978,9611,0.413900738736864,0.05238173097885328,1.2133546794984371,0.10658337486378064,ok,
min_rsk_lmt_rate_12m_bt_ch,19,3822.7052409648895,85,5,"(0.267289, 0.431456]",0.2672889888286589,0.43145558834075926,False,DEV-OOS,5026,4566,9592,0.47602168473728107,0.05227817745803357,1.465203864571327,0.16163675776285805,ok,
min_rsk_lmt_rate_12m_bt_ch,19,3822.7052409648895,85,6,"(0.431456, 0.67164]",0.43145558834075926,0.6716399788856506,False,DEV-OOS,4611,5147,9758,0.5274646443943432,0.05318290821887944,1.6711387105112392,0.219430525249148,ok,
min_rsk_lmt_rate_12m_bt_ch,19,3822.7052409648895,85,7,"(0.67164, inf]",0.6716399788856506,inf,False,DEV-OOS,7005,2893,9898,0.2922812689432209,0.0539459341617615,0.6769520214876755,0.030265778111620702,ok,
min_rsk_lmt_rate_12m_bt_ch,19,3822.7052409648895,85,0,Missing,,,True,OOT-OOS,31822,192,32014,0.005997376147935278,0.5218170852960832,-3.3329318216800936,1.949396568665857,ok,
min_rsk_lmt_rate_12m_bt_ch,19,3822.7052409648895,85,1,"(-inf, 0.0191406]",-inf,0.01914059966802597,False,OOT-OOS,9300,2998,12298,0.24377947633761587,0.20045313034832357,0.642944891808216,0.10281211139728887,ok,
min_rsk_lmt_rate_12m_bt_ch,19,3822.7052409648895,85,2,"(0.0191406, 0.062918]",0.01914059966802597,0.06291799992322922,False,OOT-OOS,2411,531,2942,0.1804894629503739,0.04795357858877606,0.2625998486096332,0.003624667880128068,ok,
min_rsk_lmt_rate_12m_bt_ch,19,3822.7052409648895,85,3,"(0.062918, 0.143022]",0.06291799992322922,0.14302220344543481,False,OOT-OOS,2164,826,2990,0.2762541806020067,0.04873596192401102,0.8121561407157009,0.04197464706980661,ok,
min_rsk_lmt_rate_12m_bt_ch,19,3822.7052409648895,85,4,"(0.143022, 0.267289]",0.14302220344543481,0.2672889888286589,False,OOT-OOS,1783,1189,2972,0.40006729475100944,0.04844256817329791,1.3698562152807234,0.13666157391259107,ok,
min_rsk_lmt_rate_12m_bt_ch,19,3822.7052409648895,85,5,"(0.267289, 0.431456]",0.2672889888286589,0.43145558834075926,False,OOT-OOS,1650,1347,2997,0.4494494494494494,0.048850059493732785,1.5720736418265617,0.18875133930360147,ok,
min_rsk_lmt_rate_12m_bt_ch,19,3822.7052409648895,85,6,"(0.431456, 0.67164]",0.43145558834075926,0.6716399788856506,False,OOT-OOS,1513,1225,2738,0.44740686632578525,0.04462844941402748,1.5638249648430511,0.1703908678928702,ok,
min_rsk_lmt_rate_12m_bt_ch,19,3822.7052409648895,85,7,"(0.67164, inf]",0.6716399788856506,inf,False,OOT-OOS,1819,581,2400,0.24208333333333334,0.039119166761747974,0.6341948452431618,0.019475429753271902,ok,
avg_avl_lmt_lft_rep_prc_3m_cash_1m,20,3760.585994899273,104,0,Missing,,,True,DEV,123945,3472,127417,0.027249111186105464,0.6934673640326768,-1.8653727200783534,1.255845670747536,ok,
avg_avl_lmt_lft_rep_prc_3m_cash_1m,20,3760.585994899273,104,1,"(-inf, 0.157717]",-inf,0.15771725177764892,False,DEV,2734,2899,5633,0.514645837031777,0.03065761759887667,1.768184141665433,0.15102886215170178,ok,
avg_avl_lmt_lft_rep_prc_3m_cash_1m,20,3760.585994899273,104,2,"(0.157717, 0.330187]",0.15771725177764892,0.3301872432231903,False,DEV,2250,3382,5632,0.6004971590909091,0.030652175096196235,2.117057104447721,0.2237331921417153,ok,
avg_avl_lmt_lft_rep_prc_3m_cash_1m,20,3760.585994899273,104,3,"(0.330187, 0.626605]",0.3301872432231903,0.6266054451465607,False,DEV,2280,3352,5632,0.5951704545454546,0.030652175096196235,2.094906056139844,0.21875602650743423,ok,
avg_avl_lmt_lft_rep_prc_3m_cash_1m,20,3760.585994899273,104,4,"(0.626605, 0.983115]",0.6266054451465607,0.9831148743629456,False,DEV,2916,2716,5632,0.4822443181818182,0.030652175096196235,1.6385544569336505,0.12738924645526034,ok,
avg_avl_lmt_lft_rep_prc_3m_cash_1m,20,3760.585994899273,104,5,"(0.983115, 1.48578]",0.9831148743629456,1.485784649848938,False,DEV,3077,2555,5632,0.45365767045454547,0.030652175096196235,1.5237247572854906,0.1081715353341843,ok,
avg_avl_lmt_lft_rep_prc_3m_cash_1m,20,3760.585994899273,104,6,"(1.48578, 2.2533]",1.485784649848938,2.2533007144927977,False,DEV,3261,2371,5632,0.4209872159090909,0.030652175096196235,1.390929891217251,0.08800882696469865,ok,
avg_avl_lmt_lft_rep_prc_3m_cash_1m,20,3760.585994899273,104,7,"(2.2533, 3.5473]",2.2533007144927977,3.5472950458526604,False,DEV,3479,2153,5632,0.38227982954545453,0.030652175096196235,1.2298002573450255,0.06656791891240876,ok,
avg_avl_lmt_lft_rep_prc_3m_cash_1m,20,3760.585994899273,104,8,"(3.5473, 6.19896]",3.5472950458526604,6.198961830139162,False,DEV,3792,1840,5632,0.32670454545454547,0.030652175096196235,0.9866062787321537,0.04045067295445557,ok,
avg_avl_lmt_lft_rep_prc_3m_cash_1m,20,3760.585994899273,104,9,"(6.19896, 14.1673]",6.198961830139162,14.167272281646731,False,DEV,3778,1854,5632,0.3291903409090909,0.030652175096196235,0.997882449604636,0.04149900051049341,ok,
avg_avl_lmt_lft_rep_prc_3m_cash_1m,20,3760.585994899273,104,10,"(14.1673, inf]",14.167272281646731,inf,False,DEV,4079,1554,5633,0.2758743120894728,0.03065761759887667,0.7447739557657187,0.021595989702848928,ok,
avg_avl_lmt_lft_rep_prc_3m_cash_1m,20,3760.585994899273,104,0,Missing,,,True,OOT,43982,1152,45134,0.0255239952142509,0.7378091641737368,-1.7331576654865288,1.177795551070767,ok,
avg_avl_lmt_lft_rep_prc_3m_cash_1m,20,3760.585994899273,104,1,"(-inf, 0.157717]",-inf,0.15771725177764892,False,OOT,488,448,936,0.47863247863247865,0.01530086803001324,1.8232698761718822,0.08678877226085059,ok,
avg_avl_lmt_lft_rep_prc_3m_cash_1m,20,3760.585994899273,104,2,"(0.157717, 0.330187]",0.15771725177764892,0.3301872432231903,False,OOT,377,471,848,0.5554245283018868,0.013862324881892337,2.1310491995403016,0.11208258016138828,ok,
avg_avl_lmt_lft_rep_prc_3m_cash_1m,20,3760.585994899273,104,3,"(0.330187, 0.626605]",0.3301872432231903,0.6266054451465607,False,OOT,438,582,1020,0.5705882352941176,0.016674022853219558,2.192670039783487,0.1436197698399822,ok,
avg_avl_lmt_lft_rep_prc_3m_cash_1m,20,3760.585994899273,104,4,"(0.626605, 0.983115]",0.6266054451465607,0.9831148743629456,False,OOT,652,588,1240,0.47419354838709676,0.020270380723521816,1.8054664536593517,0.11237789981362059,ok,
avg_avl_lmt_lft_rep_prc_3m_cash_1m,20,3760.585994899273,104,5,"(0.983115, 1.48578]",0.9831148743629456,1.485784649848938,False,OOT,851,681,1532,0.44451697127937334,0.02504372844228663,1.6859974171897132,0.1184915721306048,ok,
avg_avl_lmt_lft_rep_prc_3m_cash_1m,20,3760.585994899273,104,6,"(1.48578, 2.2533]",1.485784649848938,2.2533007144927977,False,OOT,1136,891,2027,0.43956586087814503,0.03313553365046671,1.665897460166466,0.15244903341355226,ok,
avg_avl_lmt_lft_rep_prc_3m_cash_1m,20,3760.585994899273,104,7,"(2.2533, 3.5473]",2.2533007144927977,3.5472950458526604,False,OOT,1273,896,2169,0.413093591516828,0.03545681918493453,1.5576746647815445,0.1395261749772114,ok,
avg_avl_lmt_lft_rep_prc_3m_cash_1m,20,3760.585994899273,104,8,"(3.5473, 6.19896]",3.5472950458526604,6.198961830139162,False,OOT,1310,806,2116,0.3809073724007561,0.03459042387981626,1.4232405409576714,0.11028305379106175,ok,
avg_avl_lmt_lft_rep_prc_3m_cash_1m,20,3760.585994899273,104,9,"(6.19896, 14.1673]",6.198961830139162,14.167272281646731,False,OOT,1298,783,2081,0.3762614127823162,0.03401827603681363,1.4035066968491412,0.10498411588413661,ok,
avg_avl_lmt_lft_rep_prc_3m_cash_1m,20,3760.585994899273,104,10,"(14.1673, inf]",14.167272281646731,inf,False,OOT,1473,597,2070,0.28840579710144926,0.033838458143298514,1.006059147783785,0.04826484315851067,ok,
avg_avl_lmt_lft_rep_prc_3m_cash_1m,20,3760.585994899273,104,0,Missing,,,True,DEV-OOS,118143,3900,122043,0.031955949952066076,0.6651569653368214,-1.849651735047851,1.2142558106463872,ok,
avg_avl_lmt_lft_rep_prc_3m_cash_1m,20,3760.585994899273,104,1,"(-inf, 0.157717]",-inf,0.15771725177764892,False,DEV-OOS,3428,3476,6904,0.503476245654693,0.03762807935469806,1.5750466950284383,0.13640781877479374,ok,
avg_avl_lmt_lft_rep_prc_3m_cash_1m,20,3760.585994899273,104,2,"(0.157717, 0.330187]",0.15771725177764892,0.3301872432231903,False,DEV-OOS,2460,3831,6291,0.60896518836433,0.0342871157619359,2.004035292318211,0.20870115103546055,ok,
avg_avl_lmt_lft_rep_prc_3m_cash_1m,20,3760.585994899273,104,3,"(0.330187, 0.626605]",0.3301872432231903,0.6266054451465607,False,DEV-OOS,2474,3748,6222,0.6023786563805851,0.03391105297580118,1.9764609067649608,0.20049366914303593,ok,
avg_avl_lmt_lft_rep_prc_3m_cash_1m,20,3760.585994899273,104,4,"(0.626605, 0.983115]",0.6266054451465607,0.9831148743629456,False,DEV-OOS,3183,3198,6381,0.5011753643629525,0.034777632439502944,1.5658442316468972,0.1244655600056135,ok,
avg_avl_lmt_lft_rep_prc_3m_cash_1m,20,3760.585994899273,104,5,"(0.983115, 1.48578]",0.9831148743629456,1.485784649848938,False,DEV-OOS,3394,2954,6348,0.4653434152488973,0.03459777632439503,1.4223164592578124,0.10017577376768437,ok,
avg_avl_lmt_lft_rep_prc_3m_cash_1m,20,3760.585994899273,104,6,"(1.48578, 2.2533]",1.485784649848938,2.2533007144927977,False,DEV-OOS,3516,2660,6176,0.43069948186528495,0.03366034445171136,1.282191400502136,0.07743300207261714,ok,
avg_avl_lmt_lft_rep_prc_3m_cash_1m,20,3760.585994899273,104,7,"(2.2533, 3.5473]",2.2533007144927977,3.5472950458526604,False,DEV-OOS,3453,2299,5752,0.39968706536856746,0.03134946588183998,1.1544470006647358,0.057105802947665533,ok,
avg_avl_lmt_lft_rep_prc_3m_cash_1m,20,3760.585994899273,104,8,"(3.5473, 6.19896]",3.5472950458526604,6.198961830139162,False,DEV-OOS,3668,2193,5861,0.3741682306773588,0.03194353608022673,1.0468590846660046,0.04681380931685481,ok,
avg_avl_lmt_lft_rep_prc_3m_cash_1m,20,3760.585994899273,104,9,"(6.19896, 14.1673]",6.198961830139162,14.167272281646731,False,DEV-OOS,3871,1927,5798,0.3323559848223525,0.0316001744059298,0.8637252998244911,0.030250747934957235,ok,
avg_avl_lmt_lft_rep_prc_3m_cash_1m,20,3760.585994899273,104,10,"(14.1673, inf]",14.167272281646731,inf,False,DEV-OOS,4063,1641,5704,0.2876928471248247,0.031087856987137563,0.6547092889621726,0.016219142356282523,ok,
avg_avl_lmt_lft_rep_prc_3m_cash_1m,20,3760.585994899273,104,0,Missing,,,True,OOT-OOS,42218,1344,43562,0.030852577934897388,0.7100454760313605,-1.6720754947703056,1.092699994677228,ok,
avg_avl_lmt_lft_rep_prc_3m_cash_1m,20,3760.585994899273,104,1,"(-inf, 0.157717]",-inf,0.15771725177764892,False,OOT-OOS,709,547,1256,0.4355095541401274,0.020472363938648108,1.5155627871968103,0.07279587036264126,ok,
avg_avl_lmt_lft_rep_prc_3m_cash_1m,20,3760.585994899273,104,2,"(0.157717, 0.330187]",0.15771725177764892,0.3301872432231903,False,OOT-OOS,479,552,1031,0.5354025218234724,0.016804942054734234,1.916470361174667,0.10153085843137784,ok,
avg_avl_lmt_lft_rep_prc_3m_cash_1m,20,3760.585994899273,104,3,"(0.330187, 0.626605]",0.3301872432231903,0.6266054451465607,False,OOT-OOS,521,659,1180,0.5584745762711865,0.01923359032452609,2.009533519822794,0.12902703986223577,ok,
avg_avl_lmt_lft_rep_prc_3m_cash_1m,20,3760.585994899273,104,4,"(0.626605, 0.983115]",0.6266054451465607,0.9831148743629456,False,OOT-OOS,864,678,1542,0.4396887159533074,0.025134064644423075,1.5324939962578306,0.09165268789849713,ok,
avg_avl_lmt_lft_rep_prc_3m_cash_1m,20,3760.585994899273,104,5,"(0.983115, 1.48578]",0.9831148743629456,1.485784649848938,False,OOT-OOS,926,779,1705,0.45689149560117304,0.027790908053658456,1.6019994648786686,0.11210772664512185,ok,
avg_avl_lmt_lft_rep_prc_3m_cash_1m,20,3760.585994899273,104,6,"(1.48578, 2.2533]",1.485784649848938,2.2533007144927977,False,OOT-OOS,1263,955,2218,0.43056807935076646,0.036152629948982086,1.4953546589583309,0.12462938161333201,ok,
avg_avl_lmt_lft_rep_prc_3m_cash_1m,20,3760.585994899273,104,7,"(2.2533, 3.5473]",2.2533007144927977,3.5472950458526604,False,OOT-OOS,1381,1011,2392,0.4226588628762542,0.038988769539208816,1.4630253343505806,0.12785579915497342,ok,
avg_avl_lmt_lft_rep_prc_3m_cash_1m,20,3760.585994899273,104,8,"(3.5473, 6.19896]",3.5472950458526604,6.198961830139162,False,OOT-OOS,1336,897,2233,0.4017017465293327,0.036397124741243014,1.376564406889712,0.1038372016506523,ok,
avg_avl_lmt_lft_rep_prc_3m_cash_1m,20,3760.585994899273,104,9,"(6.19896, 14.1673]",6.198961830139162,14.167272281646731,False,OOT-OOS,1365,803,2168,0.37038745387453875,0.035337647308112334,1.2444620663700594,0.08003271198367803,ok,
avg_avl_lmt_lft_rep_prc_3m_cash_1m,20,3760.585994899273,104,10,"(14.1673, inf]",14.167272281646731,inf,False,OOT-OOS,1400,664,2064,0.32170542635658916,0.03364248341510326,1.0292111055593887,0.0494189867583496,ok,
