segment_column,segment_value,count,ratio
sample_label,初审,1258832,0.7611731733789655
sample_label,重申,267599,0.16180807289855817
sample_label,重审,127345,0.0770012184024114
sample_label,其他,29,1.753532006494115e-05
credit_limit,2000.0,121496,0.07346452574517552
credit_limit,0.0,59065,0.035714609642612034
credit_limit,2500.0,28848,0.017443410801152495
credit_limit,1500.0,27027,0.016342313634316017
credit_limit,3000.0,26174,0.015826533357923094
credit_limit,4000.0,24027,0.01452831500690831
credit_limit,5000.0,19749,0.011941552964224923
credit_limit,6000.0,17055,0.010312582196812805
credit_limit,4400.0,16240,0.009819779236367045
credit_limit,3500.0,16101,0.009735730633297154
credit_limit,200000.0,15672,0.009476328829577852
credit_limit,10000.0,13817,0.008354673011630755
credit_limit,2200.0,13814,0.008352859013003347
credit_limit,4800.0,12296,0.007434975707535048
credit_limit,5300.0,11925,0.0072106445439456286
credit_limit,3900.0,11883,0.007185248563161921
credit_limit,4200.0,11836,0.007156829251332533
credit_limit,3200.0,11767,0.0071151072829021555
credit_limit,3300.0,11481,0.006942172747089288
credit_limit,2400.0,11387,0.006885334123430513
credit_limit,3600.0,10970,0.006633188314220842
credit_limit,4600.0,10711,0.006476579766054644
credit_limit,5500.0,10559,0.006384670502265987
credit_limit,3800.0,10306,0.006231689951354603
credit_limit,4500.0,10282,0.006217177962335342
credit_limit,1900.0,10245,0.006194805312597314
credit_limit,3400.0,10129,0.006124664032337549
credit_limit,500.0,10012,0.006053918085868648
credit_limit,2900.0,9736,0.00588703021214714
credit_limit,2800.0,9340,0.005647582393329322
credit_limit,3700.0,9235,0.005584092441370053
credit_limit,5400.0,9084,0.005492787843790531
credit_limit,4900.0,8751,0.005291433996148277
credit_limit,2700.0,8551,0.005170500754321096
credit_limit,4300.0,8545,0.005166872757066281
credit_limit,5200.0,8534,0.0051602214287657855
credit_limit,5600.0,8428,0.00509612681059738
credit_limit,8000.0,8129,0.0049153316140657455
credit_limit,6500.0,7894,0.004773235054918808
credit_limit,4700.0,7742,0.004681325791130151
credit_limit,6600.0,7730,0.004674069796620521
credit_limit,7500.0,7697,0.004654115811719036
credit_limit,7200.0,7609,0.004600905185315076
credit_limit,2100.0,7447,0.00450294925943506
credit_limit,3100.0,7433,0.004494483932507158
credit_limit,6700.0,7420,0.004486623271788391
credit_limit,4100.0,7403,0.00447634394623308
credit_limit,7000.0,7378,0.004461227291004683
credit_limit,5800.0,7361,0.004450947965449373
credit_limit,5100.0,7280,0.004401970002509365
credit_limit,2600.0,7119,0.004304618742838485
credit_limit,6300.0,7049,0.0042622921081989715
credit_limit,6200.0,7036,0.004254431447480205
credit_limit,8800.0,7020,0.00424475678813403
credit_limit,8400.0,6939,0.004195778825194022
credit_limit,5700.0,6817,0.004122009547679442
credit_limit,6400.0,6600,0.003990796980296952
credit_limit,5900.0,6535,0.003951493676703118
credit_limit,9000.0,6244,0.0037755358098445707
credit_limit,11000.0,5811,0.0035137153412887253
credit_limit,6800.0,5787,0.0034992033522694634
credit_limit,6900.0,5741,0.003471388706649212
credit_limit,6100.0,5529,0.003343199470312401
credit_limit,7700.0,5482,0.0033147801584830134
credit_limit,9600.0,5426,0.003280918850771403
credit_limit,2300.0,5421,0.0032778955197257232
credit_limit,7300.0,5339,0.0032283128905765796
credit_limit,7800.0,5184,0.0031345896281605146
credit_limit,7100.0,5157,0.0031182636405138455
credit_limit,8200.0,5136,0.003105565650121991
credit_limit,9200.0,5051,0.0030541690223454395
credit_limit,7900.0,4972,0.0030064003918237035
credit_limit,10500.0,4873,0.002946538437119249
credit_limit,9300.0,4820,0.0029144911280350465
credit_limit,9900.0,4760,0.0028782111554868923
credit_limit,7400.0,4758,0.0028770018230686203
credit_limit,8600.0,4559,0.002756673247450576
credit_limit,1200.0,4544,0.0027476032543135376
credit_limit,7600.0,4506,0.0027246259383663734
credit_limit,1600.0,4436,0.00268229930372686
credit_limit,8100.0,4420,0.0026726246443806857
credit_limit,11500.0,4382,0.0026496473284335215
credit_limit,8500.0,4341,0.0026248560138589496
credit_limit,9500.0,4200,0.0025395980783707874
credit_limit,10200.0,4194,0.002535970081115972
credit_limit,20000.0,4063,0.0024567588077191688
credit_limit,8300.0,4054,0.0024513168118369456
credit_limit,10800.0,4049,0.002448293480791266
credit_limit,13200.0,4001,0.002419269502752743
credit_limit,9800.0,3928,0.002375128869485822
credit_limit,8900.0,3863,0.0023358255658919884
credit_limit,11200.0,3837,0.002320104244454455
credit_limit,8700.0,3833,0.0023176855796179113
credit_limit,12000.0,3778,0.0022844289381154367
credit_limit,9400.0,3515,0.0021254017251126946
credit_limit,9100.0,3491,0.002110889736093433
credit_limit,9700.0,3332,0.0020147478088408245
credit_limit,11600.0,3330,0.002013538476422553
credit_limit,10400.0,3318,0.002006282481912922
credit_limit,1700.0,3315,0.002004468483285514
credit_limit,10300.0,3300,0.001995398490148476
credit_limit,16500.0,3280,0.001983305165965758
credit_limit,10100.0,3247,0.001963351181064273
credit_limit,12100.0,3231,0.0019536765217180985
credit_limit,30000.0,3189,0.0019282805409343907
credit_limit,10600.0,3186,0.001926466542306983
credit_limit,12400.0,3061,0.0018508832661649952
credit_limit,12600.0,3055,0.0018472552689101798
credit_limit,11800.0,3045,0.0018412086068188209
credit_limit,15000.0,2965,0.0017928353100879486
credit_limit,11300.0,2894,0.0017499040092392997
credit_limit,14000.0,2803,0.0016948793842079327
credit_limit,13800.0,2801,0.0016936700517896609
credit_limit,10700.0,2789,0.00168641405728003
credit_limit,11700.0,2777,0.0016791580627703992
credit_limit,14400.0,2738,0.001655576080614099
credit_limit,14500.0,2732,0.0016519480833592835
credit_limit,13400.0,2731,0.0016513434171501478
credit_limit,12800.0,2690,0.0016265521025755757
credit_limit,13000.0,2683,0.0016223194391116243
credit_limit,13600.0,2620,0.0015842254679360626
credit_limit,12200.0,2613,0.0015799928044721112
credit_limit,12300.0,2612,0.0015793881382629754
credit_limit,15600.0,2558,0.0015467361629696366
credit_limit,11400.0,2554,0.001544317498133093
credit_limit,18200.0,2546,0.001539480168460006
credit_limit,13300.0,2487,0.0015038048621209877
credit_limit,11100.0,2454,0.0014838508772195029
credit_limit,50000.0,2419,0.0014626875598997464
credit_limit,13500.0,2410,0.0014572455640175232
credit_limit,1000.0,2390,0.0014451522398348051
credit_limit,1800.0,2369,0.0014324542494429512
credit_limit,18700.0,2336,0.0014125002645414666
credit_limit,14300.0,2313,0.0013985929417313408
credit_limit,12900.0,2310,0.001396778943103933
credit_limit,10900.0,2301,0.0013913369472217099
credit_limit,11900.0,2295,0.0013877089499668945
credit_limit,22000.0,2292,0.0013858949513394867
credit_limit,16200.0,2285,0.0013816622878755356
credit_limit,12700.0,2263,0.0013683596312745456
credit_limit,15100.0,2262,0.0013677549650654099
credit_limit,15800.0,2242,0.0013556616408826917
credit_limit,14600.0,2241,0.0013550569746735557
credit_limit,17000.0,2225,0.0013453823153273814
credit_limit,17100.0,2223,0.0013441729829091096
credit_limit,15400.0,2221,0.0013429636504908378
credit_limit,16000.0,2178,0.001316963003497994
credit_limit,14200.0,2177,0.0013163583372888582
credit_limit,27000.0,2170,0.0013121256738249068
credit_limit,13100.0,2121,0.0012824970295772476
credit_limit,20500.0,2107,0.001274031702649345
credit_limit,17900.0,2103,0.0012716130378128013
credit_limit,14900.0,2075,0.0012546823839569962
credit_limit,16800.0,2065,0.001248635721865637
credit_limit,16300.0,2057,0.0012437983921925499
credit_limit,14700.0,2048,0.0012383563963103267
credit_limit,13700.0,2030,0.0012274724045458806
credit_limit,14800.0,2003,0.0012111464168992113
credit_limit,17600.0,2000,0.0012093324182718035
credit_limit,23400.0,1997,0.0012075184196443957
credit_limit,19800.0,1982,0.0011984484265073572
credit_limit,12500.0,1976,0.0011948204292525418
credit_limit,24000.0,1966,0.0011887737671611828
credit_limit,18000.0,1945,0.001176075776769329
credit_limit,13900.0,1944,0.001175471110560193
credit_limit,16600.0,1939,0.0011724477795145136
credit_limit,15300.0,1909,0.0011543077932404365
credit_limit,15500.0,1880,0.0011367724731754954
credit_limit,33000.0,1835,0.0011095624937643798
credit_limit,1400.0,1819,0.0010998878344182052
credit_limit,14100.0,1814,0.0010968645033725259
credit_limit,1300.0,1764,0.0010666311929157307
credit_limit,15200.0,1729,0.0010454678755959742
credit_limit,17500.0,1718,0.0010388165472954793
credit_limit,17300.0,1718,0.0010388165472954793
credit_limit,21000.0,1717,0.0010382118810863432
credit_limit,16100.0,1699,0.0010273278893218971
credit_limit,15900.0,1686,0.0010194672286031304
credit_limit,20400.0,1681,0.0010164438975574508
credit_limit,20200.0,1675,0.0010128159003026354
credit_limit,19600.0,1663,0.0010055599057930047
credit_limit,19200.0,1642,0.0009928619154011508
credit_limit,20700.0,1640,0.000991652582982879
credit_limit,21200.0,1633,0.0009874199195189276
credit_limit,15700.0,1632,0.0009868152533097916
credit_limit,18800.0,1630,0.0009856059208915198
credit_limit,16900.0,1629,0.000985001254682384
credit_limit,23300.0,1627,0.0009837919222641122
credit_limit,17800.0,1613,0.0009753265953362096
credit_limit,27600.0,1601,0.0009680706008265787
credit_limit,16400.0,1596,0.0009650472697808992
credit_limit,23100.0,1581,0.0009559772766438607
credit_limit,17200.0,1574,0.0009517446131799093
credit_limit,19500.0,1568,0.000948116615925094
credit_limit,20600.0,1568,0.000948116615925094
credit_limit,28000.0,1550,0.0009372326241606477
credit_limit,18400.0,1538,0.0009299766296510169
credit_limit,17400.0,1528,0.0009239299675596579
credit_limit,22400.0,1503,0.0009088133123312603
credit_limit,18600.0,1498,0.0009057899812855808
credit_limit,18900.0,1481,0.0008955106557302705
credit_limit,24600.0,1457,0.0008809986667110089
credit_limit,18100.0,1447,0.0008749520046196498
credit_limit,26400.0,1444,0.0008731380059922422
credit_limit,19300.0,1438,0.0008695100087374267
credit_limit,19700.0,1436,0.0008683006763191549
credit_limit,21600.0,1431,0.0008652773452734754
credit_limit,19000.0,1412,0.0008537886872998933
credit_limit,22600.0,1386,0.0008380673658623598
credit_limit,22500.0,1369,0.0008277880403070495
credit_limit,22800.0,1366,0.0008259740416796418
credit_limit,22300.0,1359,0.0008217413782156905
credit_limit,17700.0,1358,0.0008211367120065546
credit_limit,29200.0,1355,0.0008193227133791469
credit_limit,23600.0,1355,0.0008193227133791469
credit_limit,18500.0,1347,0.0008144853837060596
credit_limit,21500.0,1343,0.0008120667188695161
credit_limit,16700.0,1336,0.0008078340554055647
credit_limit,21300.0,1336,0.0008078340554055647
credit_limit,800.0,1334,0.0008066247229872929
credit_limit,20300.0,1328,0.0008029967257324775
credit_limit,20100.0,1314,0.0007945313988045749
credit_limit,25000.0,1294,0.0007824380746218569
credit_limit,19400.0,1272,0.000769135418020867
credit_limit,21800.0,1266,0.0007655074207660516
credit_limit,120000.0,1258,0.0007606700910929644
credit_limit,26000.0,1257,0.0007600654248838285
credit_limit,20900.0,1256,0.0007594607586746926
credit_limit,19900.0,1254,0.0007582514262564208
credit_limit,24200.0,1233,0.0007455534358645669
credit_limit,24900.0,1232,0.0007449487696554309
credit_limit,24800.0,1218,0.0007364834427275284
credit_limit,30600.0,1218,0.0007364834427275284
credit_limit,25700.0,1204,0.0007280181157996257
credit_limit,39600.0,1188,0.0007183434564534513
credit_limit,29700.0,1185,0.0007165294578260436
credit_limit,18300.0,1178,0.0007122967943620922
credit_limit,27300.0,1169,0.0007068547984798692
credit_limit,25900.0,1164,0.0007038314674341897
credit_limit,36300.0,1163,0.0007032268012250537
credit_limit,25600.0,1162,0.0007026221350159178
credit_limit,23000.0,1162,0.0007026221350159178
credit_limit,25500.0,1161,0.0007020174688067819
credit_limit,24400.0,1150,0.000695366140506287
credit_limit,25800.0,1136,0.0006869008135783844
credit_limit,25300.0,1124,0.0006796448190687535
credit_limit,26200.0,1120,0.00067722615423221
credit_limit,24300.0,1107,0.0006693654935134432
credit_limit,24700.0,1103,0.0006669468286768996
credit_limit,21400.0,1095,0.0006621094990038125
credit_limit,21100.0,1095,0.0006621094990038125
credit_limit,23500.0,1094,0.0006615048327946765
credit_limit,28300.0,1085,0.0006560628369124534
credit_limit,22700.0,1079,0.000652434839657638
credit_limit,23700.0,1073,0.0006488068424028226
credit_limit,21700.0,1069,0.000646388177566279
credit_limit,28600.0,1065,0.0006439695127297354
credit_limit,39300.0,1061,0.0006415508478931918
credit_limit,19100.0,1061,0.0006415508478931918
credit_limit,26900.0,1059,0.0006403415154749199
credit_limit,900.0,1058,0.000639736849265784
credit_limit,24500.0,1053,0.0006367135182201045
credit_limit,26500.0,1052,0.0006361088520109686
credit_limit,21900.0,1044,0.0006312715223378815
credit_limit,20800.0,1031,0.0006234108616191147
credit_limit,27500.0,1031,0.0006234108616191147
credit_limit,33600.0,1023,0.0006185735319460275
credit_limit,23200.0,1010,0.0006107128712272608
credit_limit,30800.0,1003,0.0006064802077633094
credit_limit,27100.0,1001,0.0006052708753450376
credit_limit,30400.0,999,0.0006040615429267659
credit_limit,29800.0,997,0.0006028522105084941
credit_limit,30300.0,995,0.0006016428780902223
credit_limit,26700.0,991,0.0005992242132536786
credit_limit,32200.0,988,0.0005974102146262709
credit_limit,29500.0,981,0.0005931775511623196
credit_limit,26800.0,978,0.0005913635525349119
credit_limit,32800.0,974,0.0005889448876983683
credit_limit,36800.0,972,0.0005877355552800965
credit_limit,28800.0,970,0.0005865262228618247
credit_limit,25200.0,969,0.0005859215566526888
credit_limit,150000.0,956,0.000578060895933922
credit_limit,32400.0,955,0.0005774562297247861
credit_limit,33100.0,954,0.0005768515635156502
credit_limit,25400.0,945,0.0005714095676334272
credit_limit,32100.0,939,0.0005677815703786117
credit_limit,22200.0,937,0.0005665722379603399
credit_limit,31200.0,935,0.0005653629055420681
credit_limit,24100.0,919,0.0005556882461958937
credit_limit,27800.0,907,0.0005484322516862629
credit_limit,22100.0,907,0.0005484322516862629
credit_limit,33500.0,901,0.0005448042544314475
credit_limit,32600.0,900,0.0005441995882223116
credit_limit,29000.0,898,0.0005429902558040398
credit_limit,29400.0,869,0.0005254549357390986
credit_limit,23800.0,863,0.0005218269384842832
credit_limit,1100.0,857,0.0005181989412294678
credit_limit,34000.0,855,0.000516989608811196
credit_limit,26300.0,854,0.0005163849426020601
credit_limit,35400.0,843,0.0005097336143015652
credit_limit,28200.0,833,0.0005036869522102061
credit_limit,30200.0,832,0.0005030822860010702
credit_limit,34500.0,828,0.0005006636211645266
credit_limit,31500.0,828,0.0005006636211645266
credit_limit,36000.0,826,0.0004994542887462549
credit_limit,23900.0,826,0.0004994542887462549
credit_limit,31300.0,817,0.0004940122928640317
credit_limit,30100.0,816,0.0004934076266548958
credit_limit,37800.0,815,0.0004928029604457599
credit_limit,28500.0,809,0.0004891749631909445
credit_limit,29100.0,809,0.0004891749631909445
credit_limit,43500.0,808,0.0004885702969818086
credit_limit,32700.0,804,0.000486151632145265
credit_limit,27400.0,803,0.0004855469659361291
credit_limit,22900.0,791,0.0004782909714264983
credit_limit,40500.0,787,0.00047587230658995466
credit_limit,31800.0,785,0.00047466297417168287
credit_limit,25100.0,782,0.0004728489755442752
credit_limit,29900.0,780,0.00047163964312600334
credit_limit,39200.0,778,0.00047043031070773155
credit_limit,27700.0,776,0.00046922097828945976
credit_limit,26600.0,766,0.00046317431619810075
credit_limit,27900.0,757,0.00045773232031587764
credit_limit,28900.0,754,0.0004559183216884699
credit_limit,27200.0,752,0.0004547089892701981
credit_limit,30700.0,746,0.00045108099201538273
credit_limit,34200.0,744,0.0004498716595971109
credit_limit,26100.0,742,0.0004486623271788391
credit_limit,36900.0,740,0.0004474529947605673
credit_limit,31100.0,739,0.0004468483285514314
credit_limit,41500.0,739,0.0004468483285514314
credit_limit,35000.0,737,0.0004456389961331596
credit_limit,47100.0,730,0.0004414063326692083
credit_limit,67200.0,730,0.0004414063326692083
credit_limit,33200.0,728,0.00044019700025093645
credit_limit,35600.0,727,0.00043959233404180056
credit_limit,37200.0,722,0.0004365690029961211
credit_limit,28100.0,721,0.0004359643367869852
credit_limit,67700.0,721,0.0004359643367869852
credit_limit,35800.0,720,0.0004353596705778493
credit_limit,42500.0,716,0.00043294100574130565
credit_limit,42800.0,713,0.00043112700711389797
credit_limit,30500.0,712,0.00043052234090476207
credit_limit,28400.0,710,0.0004293130084864902
credit_limit,41400.0,708,0.00042810367606821843
credit_limit,37400.0,707,0.00042749900985908254
credit_limit,30900.0,698,0.0004220570139768594
credit_limit,33300.0,697,0.00042145234776772353
credit_limit,31000.0,695,0.00042024301534945174
credit_limit,36400.0,695,0.00042024301534945174
credit_limit,38500.0,691,0.0004178243505129081
credit_limit,40000.0,688,0.0004160103518855004
credit_limit,31400.0,684,0.0004135916870489568
credit_limit,31600.0,682,0.000412382354630685
credit_limit,33800.0,679,0.0004105683560032773
credit_limit,29600.0,670,0.0004051263601210542
credit_limit,40200.0,667,0.00040331236149364645
credit_limit,43200.0,666,0.00040270769528451055
credit_limit,36600.0,665,0.00040210302907537466
credit_limit,39100.0,665,0.00040210302907537466
credit_limit,35300.0,662,0.00040028903044796697
credit_limit,44200.0,661,0.0003996843642388311
credit_limit,34300.0,659,0.00039847503182055923
credit_limit,29300.0,658,0.00039787036561142334
credit_limit,32500.0,657,0.00039726569940228744
credit_limit,31700.0,657,0.00039726569940228744
credit_limit,37600.0,652,0.00039424236835660796
credit_limit,34800.0,651,0.00039363770214747207
credit_limit,37300.0,647,0.00039121903731092843
credit_limit,32000.0,645,0.00039000970489265664
credit_limit,46200.0,644,0.00038940503868352074
credit_limit,45000.0,644,0.00038940503868352074
credit_limit,39400.0,641,0.000387591040056113
credit_limit,36100.0,637,0.0003851723752195694
credit_limit,38600.0,630,0.0003809397117556181
credit_limit,33900.0,629,0.0003803350455464822
credit_limit,35700.0,617,0.0003730790510368514
credit_limit,38400.0,615,0.00037186971861857956
credit_limit,28700.0,608,0.0003676370551546283
credit_limit,51800.0,605,0.00036582305652722055
credit_limit,34900.0,605,0.00036582305652722055
credit_limit,37700.0,604,0.00036521839031808466
credit_limit,36700.0,601,0.00036340439169067697
credit_limit,37000.0,601,0.00036340439169067697
credit_limit,34400.0,600,0.0003627997254815411
credit_limit,31900.0,599,0.0003621950592724051
credit_limit,35100.0,598,0.00036159039306326923
credit_limit,50500.0,597,0.00036098572685413333
credit_limit,36200.0,595,0.00035977639443586154
credit_limit,48600.0,595,0.00035977639443586154
credit_limit,38800.0,583,0.00035252039992623074
credit_limit,34100.0,583,0.00035252039992623074
credit_limit,35200.0,582,0.00035191573371709485
credit_limit,45800.0,576,0.0003482877364622794
credit_limit,47000.0,575,0.0003476830702531435
credit_limit,43400.0,574,0.00034707840404400763
credit_limit,38000.0,569,0.0003440550729983281
credit_limit,39900.0,566,0.0003422410743709204
credit_limit,36500.0,562,0.0003398224095343768
credit_limit,50800.0,559,0.0003380084109069691
credit_limit,39700.0,558,0.0003374037446978332
credit_limit,52000.0,557,0.0003367990784886973
credit_limit,32300.0,552,0.00033377574744301777
credit_limit,42700.0,550,0.000332566415024746
credit_limit,45300.0,545,0.00032954308397906644
credit_limit,55400.0,544,0.00032893841776993055
credit_limit,40800.0,543,0.00032833375156079465
credit_limit,84700.0,540,0.00032651975293338697
credit_limit,33400.0,539,0.00032591508672425107
credit_limit,49800.0,537,0.0003247057543059792
credit_limit,45100.0,537,0.0003247057543059792
credit_limit,45600.0,537,0.0003247057543059792
credit_limit,33700.0,536,0.00032410108809684333
credit_limit,40300.0,536,0.00032410108809684333
credit_limit,47200.0,535,0.00032349642188770743
credit_limit,34600.0,535,0.00032349642188770743
credit_limit,44800.0,531,0.00032107775705116385
credit_limit,130000.0,530,0.0003204730908420279
credit_limit,47500.0,527,0.0003186590922146202
credit_limit,35500.0,524,0.00031684509358721253
credit_limit,61200.0,521,0.0003150310949598048
credit_limit,46000.0,519,0.000313821762541533
credit_limit,34700.0,518,0.0003132170963323971
credit_limit,40900.0,515,0.0003114030977049894
credit_limit,51700.0,515,0.0003114030977049894
credit_limit,38100.0,513,0.0003101937652867176
credit_limit,42000.0,512,0.0003095890990775817
credit_limit,56500.0,511,0.0003089844328684458
credit_limit,41000.0,507,0.0003065657680319022
credit_limit,48900.0,506,0.0003059611018227663
credit_limit,35900.0,505,0.0003053564356136304
credit_limit,38200.0,502,0.00030354243698622267
credit_limit,37900.0,500,0.0003023331045679509
credit_limit,43800.0,500,0.0003023331045679509
credit_limit,37500.0,499,0.000301728438358815
credit_limit,41800.0,496,0.0002999144397314073
credit_limit,52200.0,495,0.00029930977352227134
credit_limit,43100.0,494,0.00029870510731313545
credit_limit,88000.0,492,0.00029749577489486366
credit_limit,51400.0,491,0.00029689110868572776
credit_limit,39000.0,488,0.0002950771100583201
credit_limit,54200.0,488,0.0002950771100583201
credit_limit,60400.0,486,0.00029386777764004823
credit_limit,51000.0,482,0.00029144911280350465
credit_limit,42600.0,482,0.00029144911280350465
credit_limit,59500.0,479,0.00028963511417609696
credit_limit,49300.0,478,0.000289030447966961
credit_limit,42200.0,476,0.0002878211155486892
credit_limit,49500.0,476,0.0002878211155486892
credit_limit,60800.0,476,0.0002878211155486892
credit_limit,38900.0,476,0.0002878211155486892
credit_limit,43600.0,474,0.00028661178313041743
credit_limit,54700.0,474,0.00028661178313041743
credit_limit,42900.0,469,0.0002835884520847379
credit_limit,42400.0,468,0.000282983785875602
credit_limit,49600.0,468,0.000282983785875602
credit_limit,44300.0,467,0.0002823791196664661
credit_limit,65000.0,467,0.0002823791196664661
credit_limit,55000.0,465,0.0002811697872481943
credit_limit,40600.0,464,0.0002805651210390584
credit_limit,45700.0,464,0.0002805651210390584
credit_limit,41200.0,463,0.00027996045482992253
credit_limit,45200.0,463,0.00027996045482992253
credit_limit,160000.0,463,0.00027996045482992253
credit_limit,59100.0,461,0.0002787511224116507
credit_limit,38700.0,459,0.0002775417899933789
credit_limit,49700.0,455,0.0002751231251568353
credit_limit,44500.0,454,0.0002745184589476994
credit_limit,44600.0,453,0.0002739137927385635
credit_limit,46600.0,452,0.00027330912652942757
credit_limit,41100.0,451,0.0002727044603202917
credit_limit,46800.0,451,0.0002727044603202917
credit_limit,40400.0,451,0.0002727044603202917
credit_limit,43700.0,450,0.0002720997941111558
credit_limit,49000.0,448,0.000270890461692884
credit_limit,41300.0,446,0.0002696811292746122
credit_limit,39800.0,445,0.0002690764630654763
credit_limit,48300.0,442,0.00026726246443806856
credit_limit,40700.0,440,0.00026605313201979677
credit_limit,49200.0,440,0.00026605313201979677
credit_limit,44700.0,438,0.000264843799601525
credit_limit,41900.0,437,0.0002642391333923891
credit_limit,40100.0,435,0.00026302980097411724
credit_limit,32900.0,435,0.00026302980097411724
credit_limit,53800.0,434,0.00026242513476498134
credit_limit,45500.0,434,0.00026242513476498134
credit_limit,42300.0,432,0.00026121580234670955
credit_limit,61600.0,432,0.00026121580234670955
credit_limit,105600.0,430,0.00026000646992843776
credit_limit,50400.0,425,0.00025698313888275823
credit_limit,60500.0,423,0.00025577380646448644
credit_limit,46900.0,416,0.0002515411430005351
credit_limit,37100.0,415,0.0002509364767913992
credit_limit,47800.0,414,0.0002503318105822633
credit_limit,44000.0,414,0.0002503318105822633
credit_limit,44100.0,412,0.00024912247816399153
credit_limit,43000.0,410,0.00024791314574571974
credit_limit,47400.0,410,0.00024791314574571974
credit_limit,43300.0,408,0.0002467038133274479
credit_limit,38300.0,407,0.000246099147118312
credit_limit,47300.0,406,0.0002454944809091761
credit_limit,55800.0,405,0.0002448898147000402
credit_limit,48000.0,405,0.0002448898147000402
credit_limit,51200.0,404,0.0002442851484909043
credit_limit,48400.0,399,0.0002412618174452248
credit_limit,43900.0,398,0.0002406571512360889
credit_limit,48700.0,397,0.000240052485026953
credit_limit,39500.0,390,0.00023581982156300167
credit_limit,47900.0,388,0.00023461048914472988
credit_limit,46500.0,388,0.00023461048914472988
credit_limit,41600.0,387,0.00023400582293559398
credit_limit,73100.0,386,0.0002334011567264581
credit_limit,41700.0,385,0.00023279649051732217
credit_limit,45900.0,385,0.00023279649051732217
credit_limit,47700.0,384,0.00023219182430818627
credit_limit,67300.0,381,0.00023037782568077856
credit_limit,56800.0,380,0.00022977315947164266
credit_limit,5060.0,378,0.00022856382705337087
credit_limit,52500.0,376,0.00022735449463509905
credit_limit,47600.0,376,0.00022735449463509905
credit_limit,56700.0,374,0.00022614516221682726
credit_limit,57300.0,373,0.00022554049600769137
credit_limit,53100.0,372,0.00022493582979855544
credit_limit,65800.0,370,0.00022372649738028365
credit_limit,53500.0,365,0.00022070316633460415
credit_limit,55100.0,365,0.00022070316633460415
credit_limit,140000.0,364,0.00022009850012546823
credit_limit,56100.0,363,0.00021949383391633233
credit_limit,138000.0,363,0.00021949383391633233
credit_limit,53000.0,362,0.00021888916770719644
credit_limit,56400.0,361,0.00021828450149806054
credit_limit,53400.0,361,0.00021828450149806054
credit_limit,61500.0,357,0.00021586583666151693
credit_limit,58500.0,356,0.00021526117045238104
credit_limit,54000.0,356,0.00021526117045238104
credit_limit,42100.0,356,0.00021526117045238104
credit_limit,53200.0,355,0.0002146565042432451
credit_limit,49900.0,353,0.00021344717182497332
credit_limit,54800.0,353,0.00021344717182497332
credit_limit,46700.0,353,0.00021344717182497332
credit_limit,48200.0,353,0.00021344717182497332
credit_limit,57200.0,352,0.00021284250561583743
credit_limit,52900.0,352,0.00021284250561583743
credit_limit,46300.0,352,0.00021284250561583743
credit_limit,73900.0,352,0.00021284250561583743
credit_limit,51500.0,351,0.0002122378394067015
credit_limit,51900.0,350,0.0002116331731975656
credit_limit,44400.0,349,0.0002110285069884297
credit_limit,55300.0,349,0.0002110285069884297
credit_limit,50600.0,345,0.0002086098421518861
credit_limit,62300.0,343,0.0002074005097336143
credit_limit,62100.0,343,0.0002074005097336143
credit_limit,60900.0,342,0.0002067958435244784
credit_limit,55600.0,341,0.0002061911773153425
credit_limit,66000.0,341,0.0002061911773153425
credit_limit,80600.0,339,0.0002049818448970707
credit_limit,50200.0,338,0.00020437717868793478
credit_limit,50900.0,335,0.0002025631800605271
credit_limit,600.0,334,0.00020195851385139117
credit_limit,96000.0,333,0.00020135384764225528
credit_limit,57000.0,332,0.00020074918143311938
credit_limit,77800.0,331,0.00020014451522398349
credit_limit,50100.0,331,0.00020014451522398349
credit_limit,56600.0,331,0.00020014451522398349
credit_limit,51300.0,330,0.0001995398490148476
credit_limit,48800.0,329,0.00019893518280571167
credit_limit,71200.0,329,0.00019893518280571167
credit_limit,58000.0,328,0.00019833051659657577
credit_limit,59800.0,327,0.00019772585038743988
credit_limit,46100.0,326,0.00019712118417830398
credit_limit,48500.0,326,0.00019712118417830398
credit_limit,54400.0,325,0.00019651651796916806
credit_limit,87700.0,325,0.00019651651796916806
credit_limit,72600.0,322,0.00019470251934176037
credit_limit,71000.0,322,0.00019470251934176037
credit_limit,58800.0,322,0.00019470251934176037
credit_limit,84000.0,321,0.00019409785313262445
credit_limit,46400.0,319,0.00019288852071435266
credit_limit,59400.0,319,0.00019288852071435266
credit_limit,62000.0,318,0.00019228385450521676
credit_limit,81300.0,318,0.00019228385450521676
credit_limit,49100.0,317,0.00019167918829608087
credit_limit,53700.0,315,0.00019046985587780905
credit_limit,60000.0,314,0.00018986518966867315
credit_limit,63500.0,313,0.00018926052345953726
credit_limit,58200.0,312,0.00018865585725040134
credit_limit,64100.0,312,0.00018865585725040134
credit_limit,54100.0,310,0.00018744652483212955
credit_limit,54300.0,309,0.00018684185862299365
credit_limit,57400.0,307,0.00018563252620472183
credit_limit,53300.0,307,0.00018563252620472183
credit_limit,66400.0,307,0.00018563252620472183
credit_limit,55200.0,306,0.00018502785999558594
credit_limit,53900.0,306,0.00018502785999558594
credit_limit,115000.0,305,0.00018442319378645004
credit_limit,700.0,304,0.00018381852757731415
credit_limit,85800.0,303,0.00018321386136817822
credit_limit,54900.0,302,0.00018260919515904233
credit_limit,52300.0,302,0.00018260919515904233
credit_limit,75600.0,302,0.00018260919515904233
credit_limit,63000.0,302,0.00018260919515904233
credit_limit,60100.0,301,0.00018200452894990643
credit_limit,51100.0,301,0.00018200452894990643
credit_limit,65200.0,301,0.00018200452894990643
credit_limit,45400.0,301,0.00018200452894990643
credit_limit,49400.0,300,0.00018139986274077054
credit_limit,87300.0,299,0.00018079519653163461
credit_limit,50700.0,298,0.00018019053032249872
credit_limit,68200.0,295,0.000178376531695091
credit_limit,101600.0,293,0.00017716719927681921
credit_limit,55700.0,293,0.00017716719927681921
credit_limit,62400.0,293,0.00017716719927681921
credit_limit,48100.0,292,0.00017656253306768332
credit_limit,62700.0,292,0.00017656253306768332
credit_limit,61100.0,291,0.00017595786685854742
credit_limit,57900.0,291,0.00017595786685854742
credit_limit,56000.0,290,0.0001753532006494115
credit_limit,58400.0,286,0.0001729345358128679
credit_limit,78400.0,286,0.0001729345358128679
credit_limit,52800.0,285,0.000172329869603732
credit_limit,5520.0,285,0.000172329869603732
credit_limit,80800.0,282,0.00017051587097632428
credit_limit,51600.0,282,0.00017051587097632428
credit_limit,92900.0,281,0.0001699112047671884
credit_limit,44900.0,280,0.0001693065385580525
credit_limit,52400.0,280,0.0001693065385580525
credit_limit,58100.0,279,0.0001687018723489166
credit_limit,62200.0,278,0.0001680972061397807
credit_limit,52700.0,277,0.00016749253993064478
credit_limit,69800.0,277,0.00016749253993064478
credit_limit,66900.0,273,0.00016507387509410117
credit_limit,68600.0,272,0.00016446920888496527
credit_limit,64200.0,271,0.00016386454267582938
credit_limit,72100.0,271,0.00016386454267582938
credit_limit,55900.0,271,0.00016386454267582938
credit_limit,52600.0,271,0.00016386454267582938
credit_limit,78100.0,271,0.00016386454267582938
credit_limit,63700.0,269,0.00016265521025755756
credit_limit,57700.0,269,0.00016265521025755756
credit_limit,57600.0,268,0.00016205054404842167
credit_limit,4140.0,267,0.00016144587783928577
credit_limit,83600.0,267,0.00016144587783928577
credit_limit,50300.0,266,0.00016084121163014987
credit_limit,64600.0,266,0.00016084121163014987
credit_limit,75000.0,266,0.00016084121163014987
credit_limit,58300.0,264,0.00015963187921187806
credit_limit,180000.0,261,0.00015781788058447037
credit_limit,59200.0,260,0.00015721321437533445
credit_limit,6095.0,260,0.00015721321437533445
credit_limit,73400.0,258,0.00015600388195706266
credit_limit,75200.0,258,0.00015600388195706266
credit_limit,74000.0,257,0.00015539921574792676
credit_limit,65500.0,257,0.00015539921574792676
credit_limit,71500.0,257,0.00015539921574792676
credit_limit,69300.0,257,0.00015539921574792676
credit_limit,73000.0,256,0.00015479454953879084
credit_limit,110800.0,255,0.00015418988332965494
credit_limit,64900.0,254,0.00015358521712051905
credit_limit,64700.0,254,0.00015358521712051905
credit_limit,100000.0,254,0.00015358521712051905
credit_limit,54600.0,254,0.00015358521712051905
credit_limit,52100.0,254,0.00015358521712051905
credit_limit,77000.0,252,0.00015237588470224723
credit_limit,68500.0,251,0.00015177121849311133
credit_limit,61000.0,251,0.00015177121849311133
credit_limit,64500.0,251,0.00015177121849311133
credit_limit,57100.0,250,0.00015116655228397544
credit_limit,5830.0,250,0.00015116655228397544
credit_limit,53600.0,250,0.00015116655228397544
credit_limit,62900.0,250,0.00015116655228397544
credit_limit,58700.0,249,0.00015056188607483954
credit_limit,4485.0,248,0.00014995721986570365
credit_limit,74800.0,247,0.00014935255365656772
credit_limit,63800.0,246,0.00014874788744743183
credit_limit,67000.0,245,0.00014814322123829593
credit_limit,72000.0,245,0.00014814322123829593
credit_limit,58600.0,244,0.00014753855502916004
credit_limit,73800.0,243,0.00014693388882002412
credit_limit,73500.0,243,0.00014693388882002412
credit_limit,81800.0,243,0.00014693388882002412
credit_limit,59700.0,242,0.00014632922261088822
credit_limit,73200.0,242,0.00014632922261088822
credit_limit,68300.0,241,0.00014572455640175232
credit_limit,121700.0,241,0.00014572455640175232
credit_limit,66800.0,241,0.00014572455640175232
credit_limit,92400.0,240,0.00014511989019261643
credit_limit,56900.0,240,0.00014511989019261643
credit_limit,63200.0,239,0.0001445152239834805
credit_limit,55500.0,238,0.0001439105577743446
credit_limit,64800.0,238,0.0001439105577743446
credit_limit,110100.0,238,0.0001439105577743446
credit_limit,68400.0,237,0.00014330589156520872
credit_limit,58900.0,237,0.00014330589156520872
credit_limit,132000.0,237,0.00014330589156520872
credit_limit,84100.0,236,0.00014270122535607282
credit_limit,72500.0,236,0.00014270122535607282
credit_limit,59300.0,236,0.00014270122535607282
credit_limit,143900.0,236,0.00014270122535607282
credit_limit,120800.0,236,0.00014270122535607282
credit_limit,63600.0,235,0.00014209655914693692
credit_limit,4025.0,235,0.00014209655914693692
credit_limit,100700.0,235,0.00014209655914693692
credit_limit,81200.0,235,0.00014209655914693692
credit_limit,76500.0,234,0.000141491892937801
credit_limit,60600.0,234,0.000141491892937801
credit_limit,65400.0,234,0.000141491892937801
credit_limit,75700.0,233,0.0001408872267286651
credit_limit,85200.0,233,0.0001408872267286651
credit_limit,56200.0,233,0.0001408872267286651
credit_limit,61700.0,232,0.0001402825605195292
credit_limit,68700.0,232,0.0001402825605195292
credit_limit,69500.0,232,0.0001402825605195292
credit_limit,70200.0,231,0.00013967789431039332
credit_limit,57500.0,231,0.00013967789431039332
credit_limit,90700.0,230,0.0001390732281012574
credit_limit,90600.0,230,0.0001390732281012574
credit_limit,72400.0,230,0.0001390732281012574
credit_limit,56300.0,230,0.0001390732281012574
credit_limit,57800.0,229,0.0001384685618921215
credit_limit,62500.0,229,0.0001384685618921215
credit_limit,62600.0,229,0.0001384685618921215
credit_limit,65700.0,228,0.0001378638956829856
credit_limit,64000.0,228,0.0001378638956829856
credit_limit,71600.0,228,0.0001378638956829856
credit_limit,80200.0,227,0.0001372592294738497
credit_limit,60700.0,227,0.0001372592294738497
credit_limit,69600.0,226,0.00013665456326471378
credit_limit,68900.0,225,0.0001360498970555779
credit_limit,70600.0,225,0.0001360498970555779
credit_limit,66200.0,225,0.0001360498970555779
credit_limit,66100.0,224,0.000135445230846442
credit_limit,85600.0,223,0.0001348405646373061
credit_limit,71400.0,223,0.0001348405646373061
credit_limit,102200.0,223,0.0001348405646373061
credit_limit,67900.0,222,0.0001342358984281702
credit_limit,101200.0,221,0.00013363123221903428
credit_limit,69700.0,221,0.00013363123221903428
credit_limit,5290.0,221,0.00013363123221903428
credit_limit,59600.0,220,0.00013302656600989838
credit_limit,82400.0,219,0.0001324218998007625
credit_limit,68000.0,218,0.0001318172335916266
credit_limit,59000.0,218,0.0001318172335916266
credit_limit,78000.0,218,0.0001318172335916266
credit_limit,121000.0,218,0.0001318172335916266
credit_limit,76100.0,217,0.00013121256738249067
credit_limit,63300.0,217,0.00013121256738249067
credit_limit,88800.0,217,0.00013121256738249067
credit_limit,4830.0,216,0.00013060790117335478
credit_limit,82600.0,215,0.00013000323496421888
credit_limit,61300.0,215,0.00013000323496421888
credit_limit,79000.0,214,0.00012939856875508298
credit_limit,65300.0,213,0.00012879390254594706
credit_limit,60200.0,213,0.00012879390254594706
credit_limit,86900.0,213,0.00012879390254594706
credit_limit,74300.0,213,0.00012879390254594706
credit_limit,74400.0,212,0.00012818923633681117
credit_limit,65600.0,212,0.00012818923633681117
credit_limit,9660.0,212,0.00012818923633681117
credit_limit,114100.0,212,0.00012818923633681117
credit_limit,75100.0,211,0.00012758457012767527
credit_limit,63900.0,211,0.00012758457012767527
credit_limit,81600.0,211,0.00012758457012767527
credit_limit,71800.0,211,0.00012758457012767527
credit_limit,67100.0,210,0.00012697990391853938
credit_limit,82200.0,209,0.00012637523770940345
credit_limit,65100.0,209,0.00012637523770940345
credit_limit,54500.0,209,0.00012637523770940345
credit_limit,104000.0,208,0.00012577057150026756
credit_limit,70300.0,208,0.00012577057150026756
credit_limit,66500.0,207,0.00012516590529113166
credit_limit,100800.0,207,0.00012516590529113166
credit_limit,70400.0,207,0.00012516590529113166
credit_limit,63400.0,207,0.00012516590529113166
credit_limit,3910.0,206,0.00012456123908199577
credit_limit,61400.0,206,0.00012456123908199577
credit_limit,79200.0,206,0.00012456123908199577
credit_limit,64400.0,206,0.00012456123908199577
credit_limit,74700.0,205,0.00012395657287285987
credit_limit,77600.0,205,0.00012395657287285987
credit_limit,93500.0,203,0.00012274724045458805
credit_limit,70000.0,203,0.00012274724045458805
credit_limit,76300.0,202,0.00012214257424545216
credit_limit,73700.0,202,0.00012214257424545216
credit_limit,68800.0,201,0.00012153790803631625
credit_limit,76800.0,201,0.00012153790803631625
credit_limit,71700.0,201,0.00012153790803631625
credit_limit,80700.0,201,0.00012153790803631625
credit_limit,59900.0,200,0.00012093324182718035
credit_limit,61900.0,200,0.00012093324182718035
credit_limit,73300.0,200,0.00012093324182718035
credit_limit,60300.0,199,0.00012032857561804444
credit_limit,7705.0,199,0.00012032857561804444
credit_limit,88700.0,198,0.00011972390940890855
credit_limit,10120.0,198,0.00011972390940890855
credit_limit,69200.0,198,0.00011972390940890855
credit_limit,75500.0,197,0.00011911924319977264
credit_limit,61800.0,196,0.00011851457699063674
credit_limit,91800.0,196,0.00011851457699063674
credit_limit,68100.0,195,0.00011790991078150084
credit_limit,77200.0,194,0.00011730524457236494
credit_limit,62800.0,194,0.00011730524457236494
credit_limit,4945.0,194,0.00011730524457236494
credit_limit,93700.0,193,0.00011670057836322904
credit_limit,87100.0,193,0.00011670057836322904
credit_limit,113200.0,193,0.00011670057836322904
credit_limit,158400.0,192,0.00011609591215409314
credit_limit,76200.0,192,0.00011609591215409314
credit_limit,69100.0,192,0.00011609591215409314
credit_limit,69000.0,191,0.00011549124594495724
credit_limit,125500.0,191,0.00011549124594495724
credit_limit,4370.0,191,0.00011549124594495724
credit_limit,66700.0,191,0.00011549124594495724
credit_limit,70800.0,190,0.00011488657973582133
credit_limit,71300.0,190,0.00011488657973582133
credit_limit,70100.0,189,0.00011428191352668544
credit_limit,9240.0,189,0.00011428191352668544
credit_limit,66600.0,189,0.00011428191352668544
credit_limit,102800.0,189,0.00011428191352668544
credit_limit,76000.0,189,0.00011428191352668544
credit_limit,72200.0,189,0.00011428191352668544
credit_limit,75400.0,189,0.00011428191352668544
credit_limit,67800.0,188,0.00011367724731754953
credit_limit,91500.0,187,0.00011307258110841363
credit_limit,89200.0,187,0.00011307258110841363
credit_limit,101100.0,187,0.00011307258110841363
credit_limit,94800.0,187,0.00011307258110841363
credit_limit,94000.0,186,0.00011246791489927772
credit_limit,72900.0,186,0.00011246791489927772
credit_limit,104200.0,186,0.00011246791489927772
credit_limit,79100.0,185,0.00011186324869014183
credit_limit,83300.0,184,0.00011125858248100592
credit_limit,110000.0,184,0.00011125858248100592
credit_limit,72800.0,183,0.00011065391627187002
credit_limit,105700.0,183,0.00011065391627187002
credit_limit,96800.0,183,0.00011065391627187002
credit_limit,70700.0,183,0.00011065391627187002
credit_limit,80900.0,183,0.00011065391627187002
credit_limit,67500.0,183,0.00011065391627187002
credit_limit,94300.0,182,0.00011004925006273411
credit_limit,104700.0,181,0.00010944458385359822
credit_limit,74200.0,181,0.00010944458385359822
credit_limit,74500.0,181,0.00010944458385359822
credit_limit,64300.0,180,0.00010883991764446232
credit_limit,77855.0,180,0.00010883991764446232
credit_limit,104600.0,180,0.00010883991764446232
credit_limit,112200.0,179,0.00010823525143532641
credit_limit,91300.0,179,0.00010823525143532641
credit_limit,76600.0,179,0.00010823525143532641
credit_limit,79300.0,179,0.00010823525143532641
credit_limit,75900.0,179,0.00010823525143532641
credit_limit,78600.0,178,0.00010763058522619052
credit_limit,78500.0,178,0.00010763058522619052
credit_limit,89700.0,178,0.00010763058522619052
credit_limit,93100.0,178,0.00010763058522619052
credit_limit,74600.0,178,0.00010763058522619052
credit_limit,190000.0,177,0.00010702591901705461
credit_limit,108000.0,177,0.00010702591901705461
credit_limit,71100.0,176,0.00010642125280791871
credit_limit,77500.0,176,0.00010642125280791871
credit_limit,7590.0,176,0.00010642125280791871
credit_limit,90000.0,176,0.00010642125280791871
credit_limit,79600.0,174,0.00010521192038964691
credit_limit,72300.0,174,0.00010521192038964691
credit_limit,69900.0,172,0.0001040025879713751
credit_limit,67600.0,172,0.0001040025879713751
credit_limit,66300.0,172,0.0001040025879713751
credit_limit,72700.0,171,0.0001033979217622392
credit_limit,78300.0,171,0.0001033979217622392
credit_limit,100900.0,171,0.0001033979217622392
credit_limit,77700.0,171,0.0001033979217622392
credit_limit,12650.0,170,0.0001027932555531033
credit_limit,90900.0,170,0.0001027932555531033
credit_limit,98700.0,170,0.0001027932555531033
credit_limit,86400.0,168,0.0001015839231348315
credit_limit,6440.0,168,0.0001015839231348315
credit_limit,77300.0,168,0.0001015839231348315
credit_limit,15180.0,167,0.00010097925692569559
credit_limit,90200.0,167,0.00010097925692569559
credit_limit,79700.0,166,0.00010037459071655969
credit_limit,85000.0,166,0.00010037459071655969
credit_limit,82000.0,166,0.00010037459071655969
credit_limit,83000.0,166,0.00010037459071655969
credit_limit,86700.0,164,9.916525829828789e-05
credit_limit,80000.0,163,9.856059208915199e-05
credit_limit,152300.0,163,9.856059208915199e-05
credit_limit,80400.0,163,9.856059208915199e-05
credit_limit,69400.0,163,9.856059208915199e-05
credit_limit,83100.0,163,9.856059208915199e-05
credit_limit,149600.0,163,9.856059208915199e-05
credit_limit,86300.0,162,9.795592588001608e-05
credit_limit,7370.0,161,9.735125967088019e-05
credit_limit,83200.0,161,9.735125967088019e-05
credit_limit,65900.0,161,9.735125967088019e-05
credit_limit,70500.0,161,9.735125967088019e-05
credit_limit,76900.0,161,9.735125967088019e-05
credit_limit,108600.0,161,9.735125967088019e-05
credit_limit,87200.0,161,9.735125967088019e-05
credit_limit,6160.0,161,9.735125967088019e-05
credit_limit,95100.0,160,9.674659346174428e-05
credit_limit,79500.0,160,9.674659346174428e-05
credit_limit,73600.0,160,9.674659346174428e-05
credit_limit,179400.0,160,9.674659346174428e-05
credit_limit,82300.0,158,9.553726104347247e-05
credit_limit,100300.0,158,9.553726104347247e-05
credit_limit,106800.0,158,9.553726104347247e-05
credit_limit,74900.0,158,9.553726104347247e-05
credit_limit,5980.0,158,9.553726104347247e-05
credit_limit,111600.0,158,9.553726104347247e-05
credit_limit,96700.0,157,9.493259483433658e-05
credit_limit,77400.0,157,9.493259483433658e-05
credit_limit,82700.0,157,9.493259483433658e-05
credit_limit,78800.0,156,9.432792862520067e-05
credit_limit,91200.0,156,9.432792862520067e-05
credit_limit,71900.0,156,9.432792862520067e-05
credit_limit,80100.0,155,9.372326241606477e-05
credit_limit,84400.0,155,9.372326241606477e-05
credit_limit,86600.0,155,9.372326241606477e-05
credit_limit,87000.0,155,9.372326241606477e-05
credit_limit,63100.0,154,9.311859620692886e-05
credit_limit,102600.0,154,9.311859620692886e-05
credit_limit,75800.0,154,9.311859620692886e-05
credit_limit,99000.0,152,9.190926378865707e-05
credit_limit,83700.0,152,9.190926378865707e-05
credit_limit,97400.0,152,9.190926378865707e-05
credit_limit,67400.0,151,9.130459757952116e-05
credit_limit,95000.0,151,9.130459757952116e-05
credit_limit,117500.0,151,9.130459757952116e-05
credit_limit,88600.0,150,9.069993137038527e-05
credit_limit,132100.0,149,9.009526516124936e-05
credit_limit,84500.0,149,9.009526516124936e-05
credit_limit,95600.0,148,8.949059895211346e-05
credit_limit,76700.0,148,8.949059895211346e-05
credit_limit,81900.0,148,8.949059895211346e-05
credit_limit,75300.0,147,8.888593274297755e-05
credit_limit,132900.0,147,8.888593274297755e-05
credit_limit,89300.0,147,8.888593274297755e-05
credit_limit,96600.0,146,8.828126653384166e-05
credit_limit,104800.0,146,8.828126653384166e-05
credit_limit,74470.0,146,8.828126653384166e-05
credit_limit,112400.0,146,8.828126653384166e-05
credit_limit,78200.0,146,8.828126653384166e-05
credit_limit,92500.0,145,8.767660032470575e-05
credit_limit,89100.0,144,8.707193411556985e-05
credit_limit,76400.0,144,8.707193411556985e-05
credit_limit,82800.0,143,8.646726790643395e-05
credit_limit,90500.0,142,8.586260169729805e-05
credit_limit,102900.0,141,8.525793548816214e-05
credit_limit,81500.0,141,8.525793548816214e-05
credit_limit,102000.0,141,8.525793548816214e-05
credit_limit,88500.0,141,8.525793548816214e-05
credit_limit,86500.0,141,8.525793548816214e-05
credit_limit,12880.0,140,8.465326927902625e-05
credit_limit,79400.0,140,8.465326927902625e-05
credit_limit,97000.0,140,8.465326927902625e-05
credit_limit,5635.0,140,8.465326927902625e-05
credit_limit,88100.0,140,8.465326927902625e-05
credit_limit,125200.0,140,8.465326927902625e-05
credit_limit,93900.0,139,8.404860306989035e-05
credit_limit,86100.0,139,8.404860306989035e-05
credit_limit,111500.0,139,8.404860306989035e-05
credit_limit,79800.0,139,8.404860306989035e-05
credit_limit,145200.0,138,8.344393686075444e-05
credit_limit,78700.0,138,8.344393686075444e-05
credit_limit,74100.0,138,8.344393686075444e-05
credit_limit,118800.0,137,8.283927065161855e-05
credit_limit,150200.0,137,8.283927065161855e-05
credit_limit,116200.0,137,8.283927065161855e-05
credit_limit,92000.0,137,8.283927065161855e-05
credit_limit,97900.0,137,8.283927065161855e-05
credit_limit,85300.0,137,8.283927065161855e-05
credit_limit,85400.0,136,8.223460444248264e-05
credit_limit,118400.0,136,8.223460444248264e-05
credit_limit,17940.0,135,8.162993823334674e-05
credit_limit,5720.0,134,8.102527202421083e-05
credit_limit,82500.0,133,8.042060581507494e-05
credit_limit,86200.0,133,8.042060581507494e-05
credit_limit,98100.0,133,8.042060581507494e-05
credit_limit,77100.0,133,8.042060581507494e-05
credit_limit,79900.0,132,7.981593960593903e-05
credit_limit,10350.0,132,7.981593960593903e-05
credit_limit,82100.0,132,7.981593960593903e-05
credit_limit,89900.0,131,7.921127339680313e-05
credit_limit,89500.0,131,7.921127339680313e-05
credit_limit,104500.0,130,7.860660718766722e-05
credit_limit,88200.0,130,7.860660718766722e-05
credit_limit,84800.0,129,7.800194097853133e-05
credit_limit,125000.0,129,7.800194097853133e-05
credit_limit,99800.0,129,7.800194097853133e-05
credit_limit,94100.0,128,7.739727476939542e-05
credit_limit,99900.0,128,7.739727476939542e-05
credit_limit,81000.0,128,7.739727476939542e-05
credit_limit,80300.0,128,7.739727476939542e-05
credit_limit,84300.0,128,7.739727476939542e-05
credit_limit,70900.0,127,7.679260856025952e-05
credit_limit,99200.0,127,7.679260856025952e-05
credit_limit,85100.0,127,7.679260856025952e-05
credit_limit,103600.0,127,7.679260856025952e-05
credit_limit,77900.0,127,7.679260856025952e-05
credit_limit,81700.0,127,7.679260856025952e-05
credit_limit,87600.0,127,7.679260856025952e-05
credit_limit,91000.0,126,7.618794235112361e-05
credit_limit,85900.0,126,7.618794235112361e-05
credit_limit,83500.0,126,7.618794235112361e-05
credit_limit,94600.0,125,7.558327614198772e-05
credit_limit,97300.0,125,7.558327614198772e-05
credit_limit,98600.0,125,7.558327614198772e-05
credit_limit,168000.0,125,7.558327614198772e-05
credit_limit,84600.0,124,7.497860993285182e-05
credit_limit,116000.0,124,7.497860993285182e-05
credit_limit,98000.0,124,7.497860993285182e-05
credit_limit,12320.0,124,7.497860993285182e-05
credit_limit,103500.0,124,7.497860993285182e-05
credit_limit,88400.0,123,7.437394372371591e-05
credit_limit,148300.0,123,7.437394372371591e-05
credit_limit,95800.0,122,7.376927751458002e-05
credit_limit,86000.0,122,7.376927751458002e-05
credit_limit,107700.0,122,7.376927751458002e-05
credit_limit,109200.0,122,7.376927751458002e-05
credit_limit,84900.0,122,7.376927751458002e-05
credit_limit,8050.0,121,7.316461130544411e-05
credit_limit,110400.0,121,7.316461130544411e-05
credit_limit,80500.0,121,7.316461130544411e-05
credit_limit,97600.0,121,7.316461130544411e-05
credit_limit,97200.0,121,7.316461130544411e-05
credit_limit,108900.0,120,7.255994509630821e-05
credit_limit,81100.0,120,7.255994509630821e-05
credit_limit,85500.0,120,7.255994509630821e-05
credit_limit,93000.0,120,7.255994509630821e-05
credit_limit,22770.0,120,7.255994509630821e-05
credit_limit,10580.0,120,7.255994509630821e-05
credit_limit,108800.0,120,7.255994509630821e-05
credit_limit,26910.0,120,7.255994509630821e-05
credit_limit,111000.0,120,7.255994509630821e-05
credit_limit,106200.0,120,7.255994509630821e-05
credit_limit,91400.0,120,7.255994509630821e-05
credit_limit,7920.0,119,7.19552788871723e-05
credit_limit,6670.0,119,7.19552788871723e-05
credit_limit,91900.0,119,7.19552788871723e-05
credit_limit,163200.0,119,7.19552788871723e-05
credit_limit,78900.0,119,7.19552788871723e-05
credit_limit,4255.0,119,7.19552788871723e-05
credit_limit,109300.0,119,7.19552788871723e-05
credit_limit,146300.0,119,7.19552788871723e-05
credit_limit,101000.0,118,7.135061267803641e-05
credit_limit,115300.0,118,7.135061267803641e-05
credit_limit,87400.0,118,7.135061267803641e-05
credit_limit,113100.0,118,7.135061267803641e-05
credit_limit,100400.0,118,7.135061267803641e-05
credit_limit,86800.0,118,7.135061267803641e-05
credit_limit,84200.0,117,7.07459464689005e-05
credit_limit,173900.0,117,7.07459464689005e-05
credit_limit,85700.0,117,7.07459464689005e-05
credit_limit,11730.0,117,7.07459464689005e-05
credit_limit,97100.0,117,7.07459464689005e-05
credit_limit,119000.0,116,7.01412802597646e-05
credit_limit,88300.0,116,7.01412802597646e-05
credit_limit,94700.0,116,7.01412802597646e-05
credit_limit,172800.0,116,7.01412802597646e-05
credit_limit,93600.0,116,7.01412802597646e-05
credit_limit,33580.0,116,7.01412802597646e-05
credit_limit,121600.0,116,7.01412802597646e-05
credit_limit,83900.0,116,7.01412802597646e-05
credit_limit,83400.0,115,6.95366140506287e-05
credit_limit,15410.0,115,6.95366140506287e-05
credit_limit,94900.0,115,6.95366140506287e-05
credit_limit,83800.0,115,6.95366140506287e-05
credit_limit,130800.0,115,6.95366140506287e-05
credit_limit,95200.0,115,6.95366140506287e-05
credit_limit,132200.0,114,6.89319478414928e-05
credit_limit,96200.0,114,6.89319478414928e-05
credit_limit,90400.0,114,6.89319478414928e-05
credit_limit,99300.0,114,6.89319478414928e-05
credit_limit,14520.0,113,6.832728163235689e-05
credit_limit,11220.0,113,6.832728163235689e-05
credit_limit,123200.0,113,6.832728163235689e-05
credit_limit,92200.0,113,6.832728163235689e-05
credit_limit,113800.0,113,6.832728163235689e-05
credit_limit,93200.0,113,6.832728163235689e-05
credit_limit,81400.0,112,6.7722615423221e-05
credit_limit,110700.0,112,6.7722615423221e-05
credit_limit,96300.0,112,6.7722615423221e-05
credit_limit,87500.0,112,6.7722615423221e-05
credit_limit,8280.0,112,6.7722615423221e-05
credit_limit,117900.0,112,6.7722615423221e-05
credit_limit,125600.0,111,6.71179492140851e-05
credit_limit,94400.0,111,6.71179492140851e-05
credit_limit,95500.0,110,6.651328300494919e-05
credit_limit,93800.0,110,6.651328300494919e-05
credit_limit,101400.0,110,6.651328300494919e-05
credit_limit,90100.0,110,6.651328300494919e-05
credit_limit,5750.0,110,6.651328300494919e-05
credit_limit,7260.0,110,6.651328300494919e-05
credit_limit,99600.0,110,6.651328300494919e-05
credit_limit,93300.0,109,6.59086167958133e-05
credit_limit,121500.0,109,6.59086167958133e-05
credit_limit,6210.0,109,6.59086167958133e-05
credit_limit,102300.0,109,6.59086167958133e-05
credit_limit,122700.0,109,6.59086167958133e-05
credit_limit,126400.0,109,6.59086167958133e-05
credit_limit,107200.0,109,6.59086167958133e-05
credit_limit,9890.0,108,6.530395058667739e-05
credit_limit,102100.0,108,6.530395058667739e-05
credit_limit,107100.0,108,6.530395058667739e-05
credit_limit,94500.0,108,6.530395058667739e-05
credit_limit,100100.0,108,6.530395058667739e-05
credit_limit,5405.0,108,6.530395058667739e-05
credit_limit,96100.0,108,6.530395058667739e-05
credit_limit,87900.0,108,6.530395058667739e-05
credit_limit,117100.0,107,6.469928437754149e-05
credit_limit,134600.0,107,6.469928437754149e-05
credit_limit,98500.0,107,6.469928437754149e-05
credit_limit,148100.0,107,6.469928437754149e-05
credit_limit,123400.0,107,6.469928437754149e-05
credit_limit,182800.0,107,6.469928437754149e-05
credit_limit,89000.0,107,6.469928437754149e-05
credit_limit,95700.0,107,6.469928437754149e-05
credit_limit,105200.0,106,6.409461816840558e-05
credit_limit,111200.0,106,6.409461816840558e-05
credit_limit,103400.0,106,6.409461816840558e-05
credit_limit,98200.0,106,6.409461816840558e-05
credit_limit,94200.0,106,6.409461816840558e-05
credit_limit,89600.0,106,6.409461816840558e-05
credit_limit,121400.0,106,6.409461816840558e-05
credit_limit,99700.0,106,6.409461816840558e-05
credit_limit,96500.0,106,6.409461816840558e-05
credit_limit,98300.0,105,6.348995195926969e-05
credit_limit,105800.0,105,6.348995195926969e-05
credit_limit,90800.0,105,6.348995195926969e-05
credit_limit,122400.0,105,6.348995195926969e-05
credit_limit,150400.0,105,6.348995195926969e-05
credit_limit,157000.0,104,6.288528575013378e-05
credit_limit,131100.0,104,6.288528575013378e-05
credit_limit,116600.0,104,6.288528575013378e-05
credit_limit,30360.0,104,6.288528575013378e-05
credit_limit,103100.0,104,6.288528575013378e-05
credit_limit,105000.0,104,6.288528575013378e-05
credit_limit,87800.0,104,6.288528575013378e-05
credit_limit,108200.0,103,6.228061954099788e-05
credit_limit,101700.0,103,6.228061954099788e-05
credit_limit,124200.0,103,6.228061954099788e-05
credit_limit,130100.0,102,6.167595333186197e-05
credit_limit,188300.0,102,6.167595333186197e-05
credit_limit,95400.0,102,6.167595333186197e-05
credit_limit,182000.0,102,6.167595333186197e-05
credit_limit,102700.0,102,6.167595333186197e-05
credit_limit,166200.0,102,6.167595333186197e-05
credit_limit,113700.0,101,6.107128712272608e-05
credit_limit,92600.0,101,6.107128712272608e-05
credit_limit,106000.0,101,6.107128712272608e-05
credit_limit,119600.0,101,6.107128712272608e-05
credit_limit,128700.0,101,6.107128712272608e-05
credit_limit,129200.0,101,6.107128712272608e-05
credit_limit,121800.0,100,6.046662091359018e-05
credit_limit,6325.0,100,6.046662091359018e-05
credit_limit,105500.0,100,6.046662091359018e-05
credit_limit,6820.0,99,5.9861954704454274e-05
credit_limit,117600.0,99,5.9861954704454274e-05
credit_limit,118100.0,99,5.9861954704454274e-05
credit_limit,145100.0,99,5.9861954704454274e-05
credit_limit,11040.0,99,5.9861954704454274e-05
credit_limit,128400.0,99,5.9861954704454274e-05
credit_limit,116100.0,99,5.9861954704454274e-05
credit_limit,15950.0,99,5.9861954704454274e-05
credit_limit,187100.0,99,5.9861954704454274e-05
credit_limit,101500.0,99,5.9861954704454274e-05
credit_limit,93400.0,99,5.9861954704454274e-05
credit_limit,112800.0,99,5.9861954704454274e-05
credit_limit,146200.0,98,5.925728849531837e-05
credit_limit,100200.0,98,5.925728849531837e-05
credit_limit,198100.0,98,5.925728849531837e-05
credit_limit,171900.0,98,5.925728849531837e-05
credit_limit,31740.0,98,5.925728849531837e-05
credit_limit,96400.0,98,5.925728849531837e-05
credit_limit,126600.0,97,5.865262228618247e-05
credit_limit,106500.0,97,5.865262228618247e-05
credit_limit,107000.0,97,5.865262228618247e-05
credit_limit,97500.0,97,5.865262228618247e-05
credit_limit,105400.0,97,5.865262228618247e-05
credit_limit,98800.0,96,5.804795607704657e-05
credit_limit,133100.0,96,5.804795607704657e-05
credit_limit,105100.0,96,5.804795607704657e-05
credit_limit,99500.0,96,5.804795607704657e-05
credit_limit,12420.0,96,5.804795607704657e-05
credit_limit,82900.0,96,5.804795607704657e-05
credit_limit,158300.0,96,5.804795607704657e-05
credit_limit,25740.0,96,5.804795607704657e-05
credit_limit,121200.0,96,5.804795607704657e-05
credit_limit,139900.0,96,5.804795607704657e-05
credit_limit,124800.0,96,5.804795607704657e-05
credit_limit,91700.0,95,5.7443289867910665e-05
credit_limit,108700.0,95,5.7443289867910665e-05
credit_limit,77280.0,95,5.7443289867910665e-05
credit_limit,7130.0,95,5.7443289867910665e-05
credit_limit,115100.0,95,5.7443289867910665e-05
credit_limit,91600.0,95,5.7443289867910665e-05
credit_limit,114000.0,95,5.7443289867910665e-05
credit_limit,136600.0,95,5.7443289867910665e-05
credit_limit,6380.0,95,5.7443289867910665e-05
credit_limit,8625.0,94,5.683862365877476e-05
credit_limit,9430.0,94,5.683862365877476e-05
credit_limit,174200.0,94,5.683862365877476e-05
credit_limit,11880.0,94,5.683862365877476e-05
credit_limit,107800.0,94,5.683862365877476e-05
credit_limit,91100.0,93,5.623395744963886e-05
credit_limit,9460.0,93,5.623395744963886e-05
credit_limit,109000.0,93,5.623395744963886e-05
credit_limit,109600.0,93,5.623395744963886e-05
credit_limit,97800.0,93,5.623395744963886e-05
credit_limit,8250.0,92,5.562929124050296e-05
credit_limit,92100.0,92,5.562929124050296e-05
credit_limit,103000.0,92,5.562929124050296e-05
credit_limit,100600.0,92,5.562929124050296e-05
credit_limit,145800.0,92,5.562929124050296e-05
credit_limit,120500.0,92,5.562929124050296e-05
credit_limit,95300.0,92,5.562929124050296e-05
credit_limit,111800.0,92,5.562929124050296e-05
credit_limit,99400.0,92,5.562929124050296e-05
credit_limit,96900.0,91,5.5024625031367056e-05
credit_limit,45540.0,91,5.5024625031367056e-05
credit_limit,119900.0,91,5.5024625031367056e-05
credit_limit,159500.0,91,5.5024625031367056e-05
credit_limit,89800.0,91,5.5024625031367056e-05
credit_limit,127000.0,91,5.5024625031367056e-05
credit_limit,123300.0,91,5.5024625031367056e-05
credit_limit,11550.0,91,5.5024625031367056e-05
credit_limit,117000.0,91,5.5024625031367056e-05
credit_limit,148200.0,91,5.5024625031367056e-05
credit_limit,9315.0,91,5.5024625031367056e-05
credit_limit,190100.0,90,5.441995882223116e-05
credit_limit,28290.0,90,5.441995882223116e-05
credit_limit,136900.0,90,5.441995882223116e-05
credit_limit,7360.0,90,5.441995882223116e-05
credit_limit,114700.0,90,5.441995882223116e-05
credit_limit,22660.0,90,5.441995882223116e-05
credit_limit,23460.0,89,5.381529261309526e-05
credit_limit,138100.0,89,5.381529261309526e-05
credit_limit,14740.0,89,5.381529261309526e-05
credit_limit,89400.0,89,5.381529261309526e-05
credit_limit,106300.0,89,5.381529261309526e-05
credit_limit,130500.0,88,5.3210626403959357e-05
credit_limit,125100.0,88,5.3210626403959357e-05
credit_limit,162500.0,88,5.3210626403959357e-05
credit_limit,132600.0,88,5.3210626403959357e-05
credit_limit,98900.0,88,5.3210626403959357e-05
credit_limit,5940.0,88,5.3210626403959357e-05
credit_limit,99100.0,88,5.3210626403959357e-05
credit_limit,103700.0,88,5.3210626403959357e-05
credit_limit,8030.0,88,5.3210626403959357e-05
credit_limit,123500.0,88,5.3210626403959357e-05
credit_limit,145000.0,87,5.2605960194823454e-05
credit_limit,20020.0,87,5.2605960194823454e-05
credit_limit,92800.0,87,5.2605960194823454e-05
credit_limit,112300.0,87,5.2605960194823454e-05
credit_limit,139500.0,87,5.2605960194823454e-05
credit_limit,142700.0,87,5.2605960194823454e-05
credit_limit,18170.0,86,5.200129398568755e-05
credit_limit,102500.0,86,5.200129398568755e-05
credit_limit,107300.0,86,5.200129398568755e-05
credit_limit,113300.0,86,5.200129398568755e-05
credit_limit,133800.0,86,5.200129398568755e-05
credit_limit,102400.0,86,5.200129398568755e-05
credit_limit,17160.0,86,5.200129398568755e-05
credit_limit,110300.0,86,5.200129398568755e-05
credit_limit,15640.0,86,5.200129398568755e-05
credit_limit,118500.0,86,5.200129398568755e-05
credit_limit,172600.0,86,5.200129398568755e-05
credit_limit,52670.0,86,5.200129398568755e-05
credit_limit,131200.0,85,5.139662777655165e-05
credit_limit,11270.0,85,5.139662777655165e-05
credit_limit,114400.0,85,5.139662777655165e-05
credit_limit,109500.0,85,5.139662777655165e-05
credit_limit,132255.0,85,5.139662777655165e-05
credit_limit,110500.0,85,5.139662777655165e-05
credit_limit,21505.0,85,5.139662777655165e-05
credit_limit,106900.0,85,5.139662777655165e-05
credit_limit,110200.0,85,5.139662777655165e-05
credit_limit,114300.0,84,5.079196156741575e-05
credit_limit,103800.0,84,5.079196156741575e-05
credit_limit,120900.0,84,5.079196156741575e-05
credit_limit,92300.0,84,5.079196156741575e-05
credit_limit,10560.0,84,5.079196156741575e-05
credit_limit,35420.0,84,5.079196156741575e-05
credit_limit,120100.0,83,5.0187295358279845e-05
credit_limit,107600.0,83,5.0187295358279845e-05
credit_limit,101300.0,83,5.0187295358279845e-05
credit_limit,17710.0,83,5.0187295358279845e-05
credit_limit,150300.0,82,4.958262914914394e-05
credit_limit,101900.0,82,4.958262914914394e-05
credit_limit,135900.0,82,4.958262914914394e-05
credit_limit,97700.0,82,4.958262914914394e-05
credit_limit,12075.0,82,4.958262914914394e-05
credit_limit,9790.0,82,4.958262914914394e-05
credit_limit,133300.0,82,4.958262914914394e-05
credit_limit,197900.0,82,4.958262914914394e-05
credit_limit,106600.0,82,4.958262914914394e-05
credit_limit,32120.0,82,4.958262914914394e-05
credit_limit,136000.0,82,4.958262914914394e-05
credit_limit,115900.0,81,4.897796294000804e-05
credit_limit,120200.0,81,4.897796294000804e-05
credit_limit,27060.0,81,4.897796294000804e-05
credit_limit,141500.0,81,4.897796294000804e-05
credit_limit,103900.0,81,4.897796294000804e-05
credit_limit,100500.0,81,4.897796294000804e-05
credit_limit,95900.0,81,4.897796294000804e-05
credit_limit,14490.0,81,4.897796294000804e-05
credit_limit,18745.0,81,4.897796294000804e-05
credit_limit,92700.0,81,4.897796294000804e-05
credit_limit,8395.0,81,4.897796294000804e-05
credit_limit,20930.0,81,4.897796294000804e-05
credit_limit,157100.0,80,4.837329673087214e-05
credit_limit,29785.0,80,4.837329673087214e-05
credit_limit,104900.0,80,4.837329673087214e-05
credit_limit,115700.0,80,4.837329673087214e-05
credit_limit,5250.0,80,4.837329673087214e-05
credit_limit,147800.0,80,4.837329673087214e-05
credit_limit,8910.0,80,4.837329673087214e-05
credit_limit,9680.0,80,4.837329673087214e-05
credit_limit,8855.0,80,4.837329673087214e-05
credit_limit,125900.0,80,4.837329673087214e-05
credit_limit,103200.0,80,4.837329673087214e-05
credit_limit,107500.0,80,4.837329673087214e-05
credit_limit,191900.0,80,4.837329673087214e-05
credit_limit,140055.0,80,4.837329673087214e-05
credit_limit,122200.0,80,4.837329673087214e-05
credit_limit,24150.0,79,4.7768630521736236e-05
credit_limit,112600.0,79,4.7768630521736236e-05
credit_limit,90300.0,79,4.7768630521736236e-05
credit_limit,153900.0,79,4.7768630521736236e-05
credit_limit,108100.0,79,4.7768630521736236e-05
credit_limit,104400.0,79,4.7768630521736236e-05
credit_limit,73920.0,79,4.7768630521736236e-05
credit_limit,116800.0,79,4.7768630521736236e-05
credit_limit,13340.0,79,4.7768630521736236e-05
credit_limit,111300.0,78,4.7163964312600334e-05
credit_limit,14960.0,78,4.7163964312600334e-05
credit_limit,121100.0,78,4.7163964312600334e-05
credit_limit,88900.0,78,4.7163964312600334e-05
credit_limit,179900.0,78,4.7163964312600334e-05
credit_limit,112900.0,77,4.655929810346443e-05
credit_limit,104100.0,77,4.655929810346443e-05
credit_limit,126200.0,77,4.655929810346443e-05
credit_limit,106700.0,77,4.655929810346443e-05
credit_limit,137600.0,77,4.655929810346443e-05
credit_limit,18260.0,77,4.655929810346443e-05
credit_limit,151200.0,77,4.655929810346443e-05
credit_limit,119200.0,76,4.5954631894328536e-05
credit_limit,111900.0,76,4.5954631894328536e-05
credit_limit,23690.0,76,4.5954631894328536e-05
credit_limit,108500.0,76,4.5954631894328536e-05
credit_limit,115800.0,76,4.5954631894328536e-05
credit_limit,16675.0,76,4.5954631894328536e-05
credit_limit,148000.0,76,4.5954631894328536e-05
credit_limit,43470.0,76,4.5954631894328536e-05
credit_limit,23320.0,76,4.5954631894328536e-05
credit_limit,127200.0,76,4.5954631894328536e-05
credit_limit,108400.0,75,4.5349965685192634e-05
credit_limit,5850.0,75,4.5349965685192634e-05
credit_limit,135000.0,75,4.5349965685192634e-05
credit_limit,118000.0,75,4.5349965685192634e-05
credit_limit,37720.0,75,4.5349965685192634e-05
credit_limit,186000.0,75,4.5349965685192634e-05
credit_limit,5175.0,74,4.474529947605673e-05
credit_limit,144100.0,74,4.474529947605673e-05
credit_limit,26220.0,74,4.474529947605673e-05
credit_limit,168900.0,74,4.474529947605673e-05
credit_limit,19090.0,74,4.474529947605673e-05
credit_limit,109800.0,74,4.474529947605673e-05
credit_limit,152100.0,74,4.474529947605673e-05
credit_limit,144200.0,74,4.474529947605673e-05
credit_limit,97405.0,74,4.474529947605673e-05
credit_limit,300000.0,74,4.474529947605673e-05
credit_limit,150700.0,73,4.414063326692083e-05
credit_limit,179600.0,73,4.414063326692083e-05
credit_limit,130600.0,73,4.414063326692083e-05
credit_limit,106400.0,73,4.414063326692083e-05
credit_limit,19550.0,73,4.414063326692083e-05
credit_limit,98400.0,73,4.414063326692083e-05
credit_limit,122600.0,73,4.414063326692083e-05
credit_limit,16445.0,72,4.353596705778493e-05
credit_limit,177900.0,72,4.353596705778493e-05
credit_limit,112100.0,72,4.353596705778493e-05
credit_limit,138800.0,72,4.353596705778493e-05
credit_limit,136400.0,72,4.353596705778493e-05
credit_limit,25760.0,72,4.353596705778493e-05
credit_limit,140400.0,72,4.353596705778493e-05
credit_limit,123800.0,72,4.353596705778493e-05
credit_limit,37950.0,72,4.353596705778493e-05
credit_limit,6785.0,72,4.353596705778493e-05
credit_limit,119700.0,72,4.353596705778493e-05
credit_limit,126000.0,72,4.353596705778493e-05
credit_limit,116900.0,72,4.353596705778493e-05
credit_limit,104300.0,72,4.353596705778493e-05
credit_limit,127500.0,71,4.2931300848649025e-05
credit_limit,19665.0,71,4.2931300848649025e-05
credit_limit,127400.0,71,4.2931300848649025e-05
credit_limit,14260.0,71,4.2931300848649025e-05
credit_limit,113600.0,71,4.2931300848649025e-05
credit_limit,108300.0,71,4.2931300848649025e-05
credit_limit,114200.0,71,4.2931300848649025e-05
credit_limit,17380.0,71,4.2931300848649025e-05
credit_limit,112000.0,71,4.2931300848649025e-05
credit_limit,126700.0,71,4.2931300848649025e-05
credit_limit,156800.0,71,4.2931300848649025e-05
credit_limit,164500.0,70,4.232663463951312e-05
credit_limit,109700.0,70,4.232663463951312e-05
credit_limit,131900.0,70,4.232663463951312e-05
credit_limit,116500.0,70,4.232663463951312e-05
credit_limit,142800.0,70,4.232663463951312e-05
credit_limit,135700.0,70,4.232663463951312e-05
credit_limit,111100.0,70,4.232663463951312e-05
credit_limit,117800.0,70,4.232663463951312e-05
credit_limit,171200.0,70,4.232663463951312e-05
credit_limit,123000.0,70,4.232663463951312e-05
credit_limit,26795.0,70,4.232663463951312e-05
credit_limit,120300.0,70,4.232663463951312e-05
credit_limit,13860.0,70,4.232663463951312e-05
credit_limit,9020.0,70,4.232663463951312e-05
credit_limit,103300.0,70,4.232663463951312e-05
credit_limit,63710.0,70,4.232663463951312e-05
credit_limit,36080.0,69,4.172196843037722e-05
credit_limit,10235.0,69,4.172196843037722e-05
credit_limit,184700.0,69,4.172196843037722e-05
credit_limit,128200.0,69,4.172196843037722e-05
credit_limit,152600.0,69,4.172196843037722e-05
credit_limit,115400.0,69,4.172196843037722e-05
credit_limit,125700.0,69,4.172196843037722e-05
credit_limit,142500.0,69,4.172196843037722e-05
credit_limit,133600.0,69,4.172196843037722e-05
credit_limit,110600.0,69,4.172196843037722e-05
credit_limit,6050.0,69,4.172196843037722e-05
credit_limit,149000.0,68,4.111730222124132e-05
credit_limit,114800.0,68,4.111730222124132e-05
credit_limit,13640.0,68,4.111730222124132e-05
credit_limit,199400.0,68,4.111730222124132e-05
credit_limit,129300.0,68,4.111730222124132e-05
credit_limit,28060.0,68,4.111730222124132e-05
credit_limit,159700.0,68,4.111730222124132e-05
credit_limit,4715.0,68,4.111730222124132e-05
credit_limit,18810.0,68,4.111730222124132e-05
credit_limit,101800.0,68,4.111730222124132e-05
credit_limit,128000.0,67,4.0512636012105416e-05
credit_limit,7040.0,67,4.0512636012105416e-05
credit_limit,159600.0,67,4.0512636012105416e-05
credit_limit,135200.0,67,4.0512636012105416e-05
credit_limit,18480.0,67,4.0512636012105416e-05
credit_limit,10780.0,67,4.0512636012105416e-05
credit_limit,129700.0,67,4.0512636012105416e-05
credit_limit,105300.0,66,3.9907969802969514e-05
credit_limit,130200.0,66,3.9907969802969514e-05
credit_limit,127300.0,66,3.9907969802969514e-05
credit_limit,126470.0,66,3.9907969802969514e-05
credit_limit,117400.0,66,3.9907969802969514e-05
credit_limit,182300.0,66,3.9907969802969514e-05
credit_limit,122000.0,66,3.9907969802969514e-05
credit_limit,113400.0,66,3.9907969802969514e-05
credit_limit,124600.0,66,3.9907969802969514e-05
credit_limit,182100.0,65,3.930330359383361e-05
credit_limit,13915.0,65,3.930330359383361e-05
credit_limit,133000.0,65,3.930330359383361e-05
credit_limit,12760.0,65,3.930330359383361e-05
credit_limit,109400.0,65,3.930330359383361e-05
credit_limit,6450.0,65,3.930330359383361e-05
credit_limit,156000.0,65,3.930330359383361e-05
credit_limit,106100.0,65,3.930330359383361e-05
credit_limit,162400.0,65,3.930330359383361e-05
credit_limit,153200.0,65,3.930330359383361e-05
credit_limit,123100.0,65,3.930330359383361e-05
credit_limit,14720.0,65,3.930330359383361e-05
credit_limit,131500.0,65,3.930330359383361e-05
credit_limit,139700.0,65,3.930330359383361e-05
credit_limit,112500.0,65,3.930330359383361e-05
credit_limit,123700.0,65,3.930330359383361e-05
credit_limit,22440.0,64,3.869863738469771e-05
credit_limit,143000.0,64,3.869863738469771e-05
credit_limit,115500.0,64,3.869863738469771e-05
credit_limit,31395.0,64,3.869863738469771e-05
credit_limit,161600.0,64,3.869863738469771e-05
credit_limit,165500.0,64,3.869863738469771e-05
credit_limit,179800.0,64,3.869863738469771e-05
credit_limit,28490.0,64,3.869863738469771e-05
credit_limit,29555.0,64,3.869863738469771e-05
credit_limit,107900.0,64,3.869863738469771e-05
credit_limit,7480.0,64,3.869863738469771e-05
credit_limit,22080.0,64,3.869863738469771e-05
credit_limit,8970.0,64,3.869863738469771e-05
credit_limit,15870.0,64,3.869863738469771e-05
credit_limit,157800.0,64,3.869863738469771e-05
credit_limit,11385.0,63,3.809397117556181e-05
credit_limit,24380.0,63,3.809397117556181e-05
credit_limit,8580.0,63,3.809397117556181e-05
credit_limit,196200.0,63,3.809397117556181e-05
credit_limit,84065.0,63,3.809397117556181e-05
credit_limit,105900.0,63,3.809397117556181e-05
credit_limit,117700.0,63,3.809397117556181e-05
credit_limit,10695.0,63,3.809397117556181e-05
credit_limit,114900.0,63,3.809397117556181e-05
credit_limit,128300.0,63,3.809397117556181e-05
credit_limit,20570.0,63,3.809397117556181e-05
credit_limit,141600.0,63,3.809397117556181e-05
credit_limit,115200.0,63,3.809397117556181e-05
credit_limit,41580.0,63,3.809397117556181e-05
credit_limit,118700.0,63,3.809397117556181e-05
credit_limit,7820.0,63,3.809397117556181e-05
credit_limit,34270.0,62,3.748930496642591e-05
credit_limit,16330.0,62,3.748930496642591e-05
credit_limit,12995.0,62,3.748930496642591e-05
credit_limit,128800.0,62,3.748930496642591e-05
credit_limit,151700.0,62,3.748930496642591e-05
credit_limit,124300.0,62,3.748930496642591e-05
credit_limit,133200.0,62,3.748930496642591e-05
credit_limit,144000.0,62,3.748930496642591e-05
credit_limit,157700.0,62,3.748930496642591e-05
credit_limit,141000.0,62,3.748930496642591e-05
credit_limit,174100.0,62,3.748930496642591e-05
credit_limit,136100.0,62,3.748930496642591e-05
credit_limit,167900.0,62,3.748930496642591e-05
credit_limit,133900.0,62,3.748930496642591e-05
credit_limit,195900.0,62,3.748930496642591e-05
credit_limit,10230.0,61,3.688463875729001e-05
credit_limit,166800.0,61,3.688463875729001e-05
credit_limit,116700.0,61,3.688463875729001e-05
credit_limit,12980.0,61,3.688463875729001e-05
credit_limit,146100.0,61,3.688463875729001e-05
credit_limit,150900.0,61,3.688463875729001e-05
credit_limit,6490.0,61,3.688463875729001e-05
credit_limit,152400.0,61,3.688463875729001e-05
credit_limit,124000.0,61,3.688463875729001e-05
credit_limit,154100.0,61,3.688463875729001e-05
credit_limit,122800.0,60,3.627997254815411e-05
credit_limit,117200.0,60,3.627997254815411e-05
credit_limit,18150.0,60,3.627997254815411e-05
credit_limit,140700.0,60,3.627997254815411e-05
credit_limit,135500.0,60,3.627997254815411e-05
credit_limit,100395.0,60,3.627997254815411e-05
credit_limit,7935.0,60,3.627997254815411e-05
credit_limit,138500.0,60,3.627997254815411e-05
credit_limit,126300.0,60,3.627997254815411e-05
credit_limit,14080.0,60,3.627997254815411e-05
credit_limit,109100.0,59,3.5675306339018205e-05
credit_limit,115600.0,59,3.5675306339018205e-05
credit_limit,14030.0,59,3.5675306339018205e-05
credit_limit,118200.0,59,3.5675306339018205e-05
credit_limit,142400.0,59,3.5675306339018205e-05
credit_limit,122500.0,59,3.5675306339018205e-05
credit_limit,6555.0,59,3.5675306339018205e-05
credit_limit,166900.0,59,3.5675306339018205e-05
credit_limit,37030.0,59,3.5675306339018205e-05
credit_limit,127800.0,59,3.5675306339018205e-05
credit_limit,17365.0,59,3.5675306339018205e-05
credit_limit,93495.0,59,3.5675306339018205e-05
credit_limit,11330.0,59,3.5675306339018205e-05
credit_limit,161400.0,59,3.5675306339018205e-05
credit_limit,110900.0,59,3.5675306339018205e-05
credit_limit,36915.0,58,3.50706401298823e-05
credit_limit,120600.0,58,3.50706401298823e-05
credit_limit,181900.0,58,3.50706401298823e-05
credit_limit,122100.0,58,3.50706401298823e-05
credit_limit,181400.0,58,3.50706401298823e-05
credit_limit,151100.0,58,3.50706401298823e-05
credit_limit,93170.0,58,3.50706401298823e-05
credit_limit,25990.0,58,3.50706401298823e-05
credit_limit,111700.0,58,3.50706401298823e-05
credit_limit,130400.0,58,3.50706401298823e-05
credit_limit,134500.0,58,3.50706401298823e-05
credit_limit,144800.0,58,3.50706401298823e-05
credit_limit,187400.0,58,3.50706401298823e-05
credit_limit,122300.0,58,3.50706401298823e-05
credit_limit,124900.0,58,3.50706401298823e-05
credit_limit,161900.0,58,3.50706401298823e-05
credit_limit,130900.0,58,3.50706401298823e-05
credit_limit,126900.0,58,3.50706401298823e-05
credit_limit,127900.0,58,3.50706401298823e-05
credit_limit,154800.0,58,3.50706401298823e-05
credit_limit,133700.0,58,3.50706401298823e-05
credit_limit,130700.0,58,3.50706401298823e-05
credit_limit,125300.0,58,3.50706401298823e-05
credit_limit,13310.0,57,3.44659739207464e-05
credit_limit,198600.0,57,3.44659739207464e-05
credit_limit,142000.0,57,3.44659739207464e-05
credit_limit,135100.0,57,3.44659739207464e-05
credit_limit,25630.0,57,3.44659739207464e-05
credit_limit,148500.0,57,3.44659739207464e-05
credit_limit,13570.0,57,3.44659739207464e-05
credit_limit,113900.0,57,3.44659739207464e-05
credit_limit,134000.0,57,3.44659739207464e-05
credit_limit,116400.0,57,3.44659739207464e-05
credit_limit,156200.0,57,3.44659739207464e-05
credit_limit,124700.0,57,3.44659739207464e-05
credit_limit,131700.0,56,3.38613077116105e-05
credit_limit,19320.0,56,3.38613077116105e-05
credit_limit,186800.0,56,3.38613077116105e-05
credit_limit,14835.0,56,3.38613077116105e-05
credit_limit,192600.0,56,3.38613077116105e-05
credit_limit,11960.0,56,3.38613077116105e-05
credit_limit,109900.0,56,3.38613077116105e-05
credit_limit,134400.0,56,3.38613077116105e-05
credit_limit,120400.0,56,3.38613077116105e-05
credit_limit,176800.0,56,3.38613077116105e-05
credit_limit,4350.0,56,3.38613077116105e-05
credit_limit,11845.0,56,3.38613077116105e-05
credit_limit,114500.0,56,3.38613077116105e-05
credit_limit,118600.0,55,3.3256641502474596e-05
credit_limit,126800.0,55,3.3256641502474596e-05
credit_limit,146700.0,55,3.3256641502474596e-05
credit_limit,111400.0,55,3.3256641502474596e-05
credit_limit,121440.0,55,3.3256641502474596e-05
credit_limit,141200.0,55,3.3256641502474596e-05
credit_limit,160600.0,55,3.3256641502474596e-05
credit_limit,138200.0,55,3.3256641502474596e-05
credit_limit,45195.0,55,3.3256641502474596e-05
credit_limit,14145.0,55,3.3256641502474596e-05
credit_limit,196400.0,55,3.3256641502474596e-05
credit_limit,114600.0,55,3.3256641502474596e-05
credit_limit,69460.0,55,3.3256641502474596e-05
credit_limit,129600.0,55,3.3256641502474596e-05
credit_limit,8690.0,55,3.3256641502474596e-05
credit_limit,131600.0,55,3.3256641502474596e-05
credit_limit,167100.0,55,3.3256641502474596e-05
credit_limit,19690.0,55,3.3256641502474596e-05
credit_limit,11660.0,55,3.3256641502474596e-05
credit_limit,167500.0,55,3.3256641502474596e-05
credit_limit,10050.0,55,3.3256641502474596e-05
credit_limit,156700.0,54,3.2651975293338694e-05
credit_limit,10465.0,54,3.2651975293338694e-05
credit_limit,32545.0,54,3.2651975293338694e-05
credit_limit,22540.0,54,3.2651975293338694e-05
credit_limit,134700.0,54,3.2651975293338694e-05
credit_limit,12190.0,54,3.2651975293338694e-05
credit_limit,171300.0,54,3.2651975293338694e-05
credit_limit,116300.0,54,3.2651975293338694e-05
credit_limit,137200.0,54,3.2651975293338694e-05
credit_limit,138900.0,54,3.2651975293338694e-05
credit_limit,127100.0,54,3.2651975293338694e-05
credit_limit,25080.0,54,3.2651975293338694e-05
credit_limit,139000.0,54,3.2651975293338694e-05
credit_limit,145300.0,54,3.2651975293338694e-05
credit_limit,119800.0,54,3.2651975293338694e-05
credit_limit,158700.0,54,3.2651975293338694e-05
credit_limit,127700.0,54,3.2651975293338694e-05
credit_limit,8360.0,54,3.2651975293338694e-05
credit_limit,149200.0,54,3.2651975293338694e-05
credit_limit,7950.0,54,3.2651975293338694e-05
credit_limit,124400.0,54,3.2651975293338694e-05
credit_limit,125400.0,54,3.2651975293338694e-05
credit_limit,134900.0,54,3.2651975293338694e-05
credit_limit,195300.0,53,3.204730908420279e-05
credit_limit,170800.0,53,3.204730908420279e-05
credit_limit,169700.0,53,3.204730908420279e-05
credit_limit,140200.0,53,3.204730908420279e-05
credit_limit,132400.0,53,3.204730908420279e-05
credit_limit,28270.0,53,3.204730908420279e-05
credit_limit,118300.0,53,3.204730908420279e-05
credit_limit,128600.0,53,3.204730908420279e-05
credit_limit,14950.0,53,3.204730908420279e-05
credit_limit,21620.0,53,3.204730908420279e-05
credit_limit,138600.0,53,3.204730908420279e-05
credit_limit,131400.0,53,3.204730908420279e-05
credit_limit,22425.0,53,3.204730908420279e-05
credit_limit,156600.0,53,3.204730908420279e-05
credit_limit,31050.0,53,3.204730908420279e-05
credit_limit,113000.0,53,3.204730908420279e-05
credit_limit,119500.0,53,3.204730908420279e-05
credit_limit,121300.0,53,3.204730908420279e-05
credit_limit,107400.0,53,3.204730908420279e-05
credit_limit,163400.0,53,3.204730908420279e-05
credit_limit,168400.0,53,3.204730908420279e-05
credit_limit,152700.0,52,3.144264287506689e-05
credit_limit,171800.0,52,3.144264287506689e-05
credit_limit,10810.0,52,3.144264287506689e-05
credit_limit,10890.0,52,3.144264287506689e-05
credit_limit,9085.0,52,3.144264287506689e-05
credit_limit,175400.0,52,3.144264287506689e-05
credit_limit,129500.0,52,3.144264287506689e-05
credit_limit,180100.0,52,3.144264287506689e-05
credit_limit,169200.0,52,3.144264287506689e-05
credit_limit,17930.0,52,3.144264287506689e-05
credit_limit,139300.0,52,3.144264287506689e-05
credit_limit,168100.0,52,3.144264287506689e-05
credit_limit,178100.0,52,3.144264287506689e-05
credit_limit,60940.0,52,3.144264287506689e-05
credit_limit,150100.0,52,3.144264287506689e-05
credit_limit,173600.0,51,3.083797666593099e-05
credit_limit,119100.0,51,3.083797666593099e-05
credit_limit,165400.0,51,3.083797666593099e-05
credit_limit,43010.0,51,3.083797666593099e-05
credit_limit,181200.0,51,3.083797666593099e-05
credit_limit,24640.0,51,3.083797666593099e-05
credit_limit,146400.0,51,3.083797666593099e-05
credit_limit,153600.0,51,3.083797666593099e-05
credit_limit,132300.0,51,3.083797666593099e-05
credit_limit,33925.0,51,3.083797666593099e-05
credit_limit,191000.0,51,3.083797666593099e-05
credit_limit,22220.0,51,3.083797666593099e-05
credit_limit,14190.0,51,3.083797666593099e-05
credit_limit,42320.0,51,3.083797666593099e-05
credit_limit,35190.0,51,3.083797666593099e-05
credit_limit,118900.0,51,3.083797666593099e-05
credit_limit,96030.0,50,3.023331045679509e-05
credit_limit,119300.0,50,3.023331045679509e-05
credit_limit,151600.0,50,3.023331045679509e-05
credit_limit,140500.0,50,3.023331045679509e-05
credit_limit,159100.0,50,3.023331045679509e-05
credit_limit,28635.0,50,3.023331045679509e-05
credit_limit,157200.0,50,3.023331045679509e-05
credit_limit,8740.0,50,3.023331045679509e-05
credit_limit,127600.0,50,3.023331045679509e-05
credit_limit,178700.0,50,3.023331045679509e-05
credit_limit,143100.0,50,3.023331045679509e-05
credit_limit,121900.0,50,3.023331045679509e-05
credit_limit,70380.0,50,3.023331045679509e-05
credit_limit,137400.0,50,3.023331045679509e-05
credit_limit,34650.0,50,3.023331045679509e-05
credit_limit,155100.0,50,3.023331045679509e-05
credit_limit,162000.0,50,3.023331045679509e-05
credit_limit,23805.0,50,3.023331045679509e-05
credit_limit,8165.0,50,3.023331045679509e-05
credit_limit,18040.0,50,3.023331045679509e-05
credit_limit,21450.0,50,3.023331045679509e-05
credit_limit,20585.0,50,3.023331045679509e-05
credit_limit,17820.0,50,3.023331045679509e-05
credit_limit,178400.0,50,3.023331045679509e-05
credit_limit,129400.0,50,3.023331045679509e-05
credit_limit,171000.0,50,3.023331045679509e-05
credit_limit,135800.0,50,3.023331045679509e-05
credit_limit,27390.0,50,3.023331045679509e-05
credit_limit,124500.0,50,3.023331045679509e-05
credit_limit,128900.0,50,3.023331045679509e-05
credit_limit,120700.0,49,2.9628644247659186e-05
credit_limit,21120.0,49,2.9628644247659186e-05
credit_limit,8140.0,49,2.9628644247659186e-05
credit_limit,20240.0,49,2.9628644247659186e-05
credit_limit,147300.0,49,2.9628644247659186e-05
credit_limit,11155.0,49,2.9628644247659186e-05
credit_limit,187600.0,49,2.9628644247659186e-05
credit_limit,161200.0,49,2.9628644247659186e-05
credit_limit,163500.0,49,2.9628644247659186e-05
credit_limit,146900.0,49,2.9628644247659186e-05
credit_limit,174900.0,49,2.9628644247659186e-05
credit_limit,147600.0,49,2.9628644247659186e-05
credit_limit,18630.0,49,2.9628644247659186e-05
credit_limit,170400.0,49,2.9628644247659186e-05
credit_limit,152200.0,49,2.9628644247659186e-05
credit_limit,11440.0,49,2.9628644247659186e-05
credit_limit,172100.0,49,2.9628644247659186e-05
credit_limit,209900.0,49,2.9628644247659186e-05
credit_limit,34960.0,49,2.9628644247659186e-05
credit_limit,132800.0,49,2.9628644247659186e-05
credit_limit,164100.0,49,2.9628644247659186e-05
credit_limit,148800.0,49,2.9628644247659186e-05
credit_limit,8470.0,49,2.9628644247659186e-05
credit_limit,153400.0,48,2.9023978038523284e-05
credit_limit,174000.0,48,2.9023978038523284e-05
credit_limit,144300.0,48,2.9023978038523284e-05
credit_limit,117300.0,48,2.9023978038523284e-05
credit_limit,16560.0,48,2.9023978038523284e-05
credit_limit,174800.0,48,2.9023978038523284e-05
credit_limit,135300.0,48,2.9023978038523284e-05
credit_limit,157400.0,48,2.9023978038523284e-05
credit_limit,148900.0,48,2.9023978038523284e-05
credit_limit,136500.0,48,2.9023978038523284e-05
credit_limit,184900.0,48,2.9023978038523284e-05
credit_limit,15620.0,48,2.9023978038523284e-05
credit_limit,142100.0,48,2.9023978038523284e-05
credit_limit,188600.0,48,2.9023978038523284e-05
credit_limit,67965.0,48,2.9023978038523284e-05
credit_limit,139100.0,48,2.9023978038523284e-05
credit_limit,5865.0,48,2.9023978038523284e-05
credit_limit,124100.0,48,2.9023978038523284e-05
credit_limit,16790.0,48,2.9023978038523284e-05
credit_limit,84985.0,48,2.9023978038523284e-05
credit_limit,30130.0,48,2.9023978038523284e-05
credit_limit,155600.0,48,2.9023978038523284e-05
credit_limit,195500.0,48,2.9023978038523284e-05
credit_limit,125800.0,47,2.841931182938738e-05
credit_limit,13455.0,47,2.841931182938738e-05
credit_limit,162200.0,47,2.841931182938738e-05
credit_limit,177100.0,47,2.841931182938738e-05
credit_limit,169800.0,47,2.841931182938738e-05
credit_limit,183600.0,47,2.841931182938738e-05
credit_limit,175200.0,47,2.841931182938738e-05
credit_limit,29440.0,47,2.841931182938738e-05
credit_limit,147000.0,47,2.841931182938738e-05
credit_limit,153000.0,47,2.841931182938738e-05
credit_limit,132700.0,47,2.841931182938738e-05
credit_limit,147900.0,47,2.841931182938738e-05
credit_limit,185500.0,47,2.841931182938738e-05
credit_limit,131300.0,47,2.841931182938738e-05
credit_limit,113500.0,47,2.841931182938738e-05
credit_limit,145700.0,47,2.841931182938738e-05
credit_limit,139400.0,47,2.841931182938738e-05
credit_limit,166000.0,47,2.841931182938738e-05
credit_limit,138400.0,46,2.781464562025148e-05
credit_limit,40710.0,46,2.781464562025148e-05
credit_limit,123600.0,46,2.781464562025148e-05
credit_limit,158200.0,46,2.781464562025148e-05
credit_limit,164400.0,46,2.781464562025148e-05
credit_limit,176500.0,46,2.781464562025148e-05
credit_limit,10340.0,46,2.781464562025148e-05
credit_limit,140900.0,46,2.781464562025148e-05
credit_limit,24860.0,46,2.781464562025148e-05
credit_limit,170100.0,46,2.781464562025148e-05
credit_limit,129800.0,46,2.781464562025148e-05
credit_limit,136800.0,46,2.781464562025148e-05
credit_limit,167400.0,46,2.781464562025148e-05
credit_limit,150500.0,46,2.781464562025148e-05
credit_limit,134800.0,46,2.781464562025148e-05
credit_limit,146000.0,46,2.781464562025148e-05
credit_limit,144600.0,46,2.781464562025148e-05
credit_limit,16170.0,46,2.781464562025148e-05
credit_limit,10670.0,45,2.720997941111558e-05
credit_limit,47725.0,45,2.720997941111558e-05
credit_limit,133870.0,45,2.720997941111558e-05
credit_limit,33660.0,45,2.720997941111558e-05
credit_limit,188900.0,45,2.720997941111558e-05
credit_limit,177600.0,45,2.720997941111558e-05
credit_limit,53130.0,45,2.720997941111558e-05
credit_limit,151400.0,45,2.720997941111558e-05
credit_limit,137800.0,45,2.720997941111558e-05
credit_limit,126100.0,45,2.720997941111558e-05
credit_limit,181000.0,45,2.720997941111558e-05
credit_limit,191100.0,45,2.720997941111558e-05
credit_limit,26565.0,45,2.720997941111558e-05
credit_limit,38065.0,45,2.720997941111558e-05
credit_limit,166600.0,45,2.720997941111558e-05
credit_limit,112700.0,45,2.720997941111558e-05
credit_limit,37490.0,45,2.720997941111558e-05
credit_limit,176300.0,45,2.720997941111558e-05
credit_limit,160800.0,45,2.720997941111558e-05
credit_limit,160700.0,45,2.720997941111558e-05
credit_limit,6710.0,45,2.720997941111558e-05
credit_limit,185000.0,45,2.720997941111558e-05
credit_limit,29480.0,45,2.720997941111558e-05
credit_limit,122900.0,45,2.720997941111558e-05
credit_limit,139600.0,45,2.720997941111558e-05
credit_limit,155500.0,45,2.720997941111558e-05
credit_limit,121110.0,45,2.720997941111558e-05
credit_limit,181500.0,45,2.720997941111558e-05
credit_limit,193800.0,44,2.6605313201979678e-05
credit_limit,123900.0,44,2.6605313201979678e-05
credit_limit,155700.0,44,2.6605313201979678e-05
credit_limit,152900.0,44,2.6605313201979678e-05
credit_limit,163600.0,44,2.6605313201979678e-05
credit_limit,139080.0,44,2.6605313201979678e-05
credit_limit,151900.0,44,2.6605313201979678e-05
credit_limit,136200.0,44,2.6605313201979678e-05
credit_limit,162700.0,44,2.6605313201979678e-05
credit_limit,43560.0,44,2.6605313201979678e-05
credit_limit,194400.0,44,2.6605313201979678e-05
credit_limit,166400.0,44,2.6605313201979678e-05
credit_limit,50380.0,44,2.6605313201979678e-05
credit_limit,146500.0,44,2.6605313201979678e-05
credit_limit,43230.0,44,2.6605313201979678e-05
credit_limit,160300.0,44,2.6605313201979678e-05
credit_limit,180500.0,44,2.6605313201979678e-05
credit_limit,144700.0,44,2.6605313201979678e-05
credit_limit,17135.0,44,2.6605313201979678e-05
credit_limit,147100.0,44,2.6605313201979678e-05
credit_limit,30820.0,44,2.6605313201979678e-05
credit_limit,141100.0,44,2.6605313201979678e-05
credit_limit,163100.0,43,2.6000646992843776e-05
credit_limit,133400.0,43,2.6000646992843776e-05
credit_limit,67320.0,43,2.6000646992843776e-05
credit_limit,145400.0,43,2.6000646992843776e-05
credit_limit,15840.0,43,2.6000646992843776e-05
credit_limit,142600.0,43,2.6000646992843776e-05
credit_limit,16610.0,43,2.6000646992843776e-05
credit_limit,158600.0,43,2.6000646992843776e-05
credit_limit,155200.0,43,2.6000646992843776e-05
credit_limit,164000.0,43,2.6000646992843776e-05
credit_limit,148600.0,43,2.6000646992843776e-05
credit_limit,156100.0,43,2.6000646992843776e-05
credit_limit,31130.0,43,2.6000646992843776e-05
credit_limit,13420.0,43,2.6000646992843776e-05
credit_limit,185800.0,43,2.6000646992843776e-05
credit_limit,145900.0,43,2.6000646992843776e-05
credit_limit,170900.0,43,2.6000646992843776e-05
credit_limit,134300.0,43,2.6000646992843776e-05
credit_limit,172700.0,43,2.6000646992843776e-05
credit_limit,178600.0,43,2.6000646992843776e-05
credit_limit,163300.0,43,2.6000646992843776e-05
credit_limit,150600.0,43,2.6000646992843776e-05
credit_limit,140100.0,43,2.6000646992843776e-05
credit_limit,167200.0,43,2.6000646992843776e-05
credit_limit,155300.0,43,2.6000646992843776e-05
credit_limit,23230.0,43,2.6000646992843776e-05
credit_limit,137900.0,43,2.6000646992843776e-05
credit_limit,25960.0,43,2.6000646992843776e-05
credit_limit,3450.0,43,2.6000646992843776e-05
credit_limit,161500.0,43,2.6000646992843776e-05
credit_limit,149400.0,43,2.6000646992843776e-05
credit_limit,48620.0,43,2.6000646992843776e-05
credit_limit,137000.0,43,2.6000646992843776e-05
credit_limit,30030.0,43,2.6000646992843776e-05
credit_limit,152000.0,43,2.6000646992843776e-05
credit_limit,49220.0,43,2.6000646992843776e-05
credit_limit,160500.0,42,2.5395980783707874e-05
credit_limit,22885.0,42,2.5395980783707874e-05
credit_limit,154400.0,42,2.5395980783707874e-05
credit_limit,141700.0,42,2.5395980783707874e-05
credit_limit,12870.0,42,2.5395980783707874e-05
credit_limit,151300.0,42,2.5395980783707874e-05
credit_limit,26840.0,42,2.5395980783707874e-05
credit_limit,146600.0,42,2.5395980783707874e-05
credit_limit,157300.0,42,2.5395980783707874e-05
credit_limit,130300.0,42,2.5395980783707874e-05
credit_limit,40480.0,42,2.5395980783707874e-05
credit_limit,153500.0,42,2.5395980783707874e-05
credit_limit,13530.0,42,2.5395980783707874e-05
credit_limit,155000.0,42,2.5395980783707874e-05
credit_limit,168200.0,42,2.5395980783707874e-05
credit_limit,145600.0,42,2.5395980783707874e-05
credit_limit,159000.0,42,2.5395980783707874e-05
credit_limit,131000.0,42,2.5395980783707874e-05
credit_limit,154900.0,42,2.5395980783707874e-05
credit_limit,38940.0,42,2.5395980783707874e-05
credit_limit,159900.0,41,2.479131457457197e-05
credit_limit,178000.0,41,2.479131457457197e-05
credit_limit,140600.0,41,2.479131457457197e-05
credit_limit,15730.0,41,2.479131457457197e-05
credit_limit,144500.0,41,2.479131457457197e-05
credit_limit,182700.0,41,2.479131457457197e-05
credit_limit,80410.0,41,2.479131457457197e-05
credit_limit,19780.0,41,2.479131457457197e-05
credit_limit,21890.0,41,2.479131457457197e-05
credit_limit,4950.0,41,2.479131457457197e-05
credit_limit,13225.0,41,2.479131457457197e-05
credit_limit,18920.0,41,2.479131457457197e-05
credit_limit,197400.0,41,2.479131457457197e-05
credit_limit,183200.0,41,2.479131457457197e-05
credit_limit,134200.0,41,2.479131457457197e-05
credit_limit,147400.0,41,2.479131457457197e-05
credit_limit,188100.0,41,2.479131457457197e-05
credit_limit,149100.0,41,2.479131457457197e-05
credit_limit,125520.0,41,2.479131457457197e-05
credit_limit,192200.0,41,2.479131457457197e-05
credit_limit,151000.0,41,2.479131457457197e-05
credit_limit,181800.0,41,2.479131457457197e-05
credit_limit,157900.0,41,2.479131457457197e-05
credit_limit,193200.0,41,2.479131457457197e-05
credit_limit,136300.0,41,2.479131457457197e-05
credit_limit,19895.0,41,2.479131457457197e-05
credit_limit,119400.0,41,2.479131457457197e-05
credit_limit,177000.0,40,2.418664836543607e-05
credit_limit,28930.0,40,2.418664836543607e-05
credit_limit,140300.0,40,2.418664836543607e-05
credit_limit,155800.0,40,2.418664836543607e-05
credit_limit,158100.0,40,2.418664836543607e-05
credit_limit,141300.0,40,2.418664836543607e-05
credit_limit,18860.0,40,2.418664836543607e-05
credit_limit,143300.0,40,2.418664836543607e-05
credit_limit,141800.0,40,2.418664836543607e-05
credit_limit,7245.0,40,2.418664836543607e-05
credit_limit,152800.0,40,2.418664836543607e-05
credit_limit,154000.0,40,2.418664836543607e-05
credit_limit,7475.0,40,2.418664836543607e-05
credit_limit,142200.0,40,2.418664836543607e-05
credit_limit,137500.0,40,2.418664836543607e-05
credit_limit,180200.0,40,2.418664836543607e-05
credit_limit,191300.0,40,2.418664836543607e-05
credit_limit,139800.0,40,2.418664836543607e-05
credit_limit,159300.0,40,2.418664836543607e-05
credit_limit,15295.0,39,2.3581982156300167e-05
credit_limit,29670.0,39,2.3581982156300167e-05
credit_limit,183800.0,39,2.3581982156300167e-05
credit_limit,129100.0,39,2.3581982156300167e-05
credit_limit,35310.0,39,2.3581982156300167e-05
credit_limit,150800.0,39,2.3581982156300167e-05
credit_limit,11110.0,39,2.3581982156300167e-05
credit_limit,25410.0,39,2.3581982156300167e-05
credit_limit,161800.0,39,2.3581982156300167e-05
credit_limit,140800.0,39,2.3581982156300167e-05
credit_limit,176100.0,39,2.3581982156300167e-05
credit_limit,134100.0,39,2.3581982156300167e-05
credit_limit,154500.0,39,2.3581982156300167e-05
credit_limit,143500.0,39,2.3581982156300167e-05
credit_limit,170300.0,39,2.3581982156300167e-05
credit_limit,164700.0,39,2.3581982156300167e-05
credit_limit,11615.0,39,2.3581982156300167e-05
credit_limit,133500.0,39,2.3581982156300167e-05
credit_limit,164200.0,39,2.3581982156300167e-05
credit_limit,21735.0,39,2.3581982156300167e-05
credit_limit,153100.0,39,2.3581982156300167e-05
credit_limit,185400.0,39,2.3581982156300167e-05
credit_limit,35860.0,39,2.3581982156300167e-05
credit_limit,136700.0,39,2.3581982156300167e-05
credit_limit,32780.0,38,2.2977315947164268e-05
credit_limit,129900.0,38,2.2977315947164268e-05
credit_limit,141400.0,38,2.2977315947164268e-05
credit_limit,142900.0,38,2.2977315947164268e-05
credit_limit,169100.0,38,2.2977315947164268e-05
credit_limit,193100.0,38,2.2977315947164268e-05
credit_limit,149800.0,38,2.2977315947164268e-05
credit_limit,19360.0,38,2.2977315947164268e-05
credit_limit,7150.0,38,2.2977315947164268e-05
credit_limit,161100.0,38,2.2977315947164268e-05
credit_limit,27830.0,38,2.2977315947164268e-05
credit_limit,187200.0,38,2.2977315947164268e-05
credit_limit,149700.0,38,2.2977315947164268e-05
credit_limit,50945.0,38,2.2977315947164268e-05
credit_limit,157500.0,38,2.2977315947164268e-05
credit_limit,144400.0,38,2.2977315947164268e-05
credit_limit,165200.0,38,2.2977315947164268e-05
credit_limit,28160.0,38,2.2977315947164268e-05
credit_limit,34320.0,38,2.2977315947164268e-05
credit_limit,126500.0,38,2.2977315947164268e-05
credit_limit,166300.0,38,2.2977315947164268e-05
credit_limit,165100.0,38,2.2977315947164268e-05
credit_limit,143200.0,38,2.2977315947164268e-05
credit_limit,131280.0,38,2.2977315947164268e-05
credit_limit,32450.0,38,2.2977315947164268e-05
credit_limit,151800.0,38,2.2977315947164268e-05
credit_limit,139200.0,38,2.2977315947164268e-05
credit_limit,135400.0,38,2.2977315947164268e-05
credit_limit,179100.0,38,2.2977315947164268e-05
credit_limit,18285.0,38,2.2977315947164268e-05
credit_limit,37260.0,38,2.2977315947164268e-05
credit_limit,154600.0,38,2.2977315947164268e-05
credit_limit,168800.0,38,2.2977315947164268e-05
credit_limit,161300.0,37,2.2372649738028366e-05
credit_limit,20125.0,37,2.2372649738028366e-05
credit_limit,29095.0,37,2.2372649738028366e-05
credit_limit,131800.0,37,2.2372649738028366e-05
credit_limit,128500.0,37,2.2372649738028366e-05
credit_limit,129000.0,37,2.2372649738028366e-05
credit_limit,166100.0,37,2.2372649738028366e-05
credit_limit,62330.0,37,2.2372649738028366e-05
credit_limit,193600.0,37,2.2372649738028366e-05
credit_limit,16905.0,37,2.2372649738028366e-05
credit_limit,5610.0,37,2.2372649738028366e-05
credit_limit,199100.0,37,2.2372649738028366e-05
credit_limit,13110.0,37,2.2372649738028366e-05
credit_limit,51920.0,37,2.2372649738028366e-05
credit_limit,7810.0,37,2.2372649738028366e-05
credit_limit,19030.0,37,2.2372649738028366e-05
credit_limit,81290.0,37,2.2372649738028366e-05
credit_limit,171700.0,37,2.2372649738028366e-05
credit_limit,173500.0,37,2.2372649738028366e-05
credit_limit,137700.0,37,2.2372649738028366e-05
credit_limit,170600.0,37,2.2372649738028366e-05
credit_limit,177500.0,37,2.2372649738028366e-05
credit_limit,173300.0,37,2.2372649738028366e-05
credit_limit,178200.0,37,2.2372649738028366e-05
credit_limit,6930.0,37,2.2372649738028366e-05
credit_limit,18515.0,36,2.1767983528892464e-05
credit_limit,28820.0,36,2.1767983528892464e-05
credit_limit,163000.0,36,2.1767983528892464e-05
credit_limit,33330.0,36,2.1767983528892464e-05
credit_limit,25185.0,36,2.1767983528892464e-05
credit_limit,162600.0,36,2.1767983528892464e-05
credit_limit,116840.0,36,2.1767983528892464e-05
credit_limit,155400.0,36,2.1767983528892464e-05
credit_limit,180400.0,36,2.1767983528892464e-05
credit_limit,154700.0,36,2.1767983528892464e-05
credit_limit,152500.0,36,2.1767983528892464e-05
credit_limit,132500.0,36,2.1767983528892464e-05
credit_limit,23650.0,36,2.1767983528892464e-05
credit_limit,15065.0,36,2.1767983528892464e-05
credit_limit,128100.0,36,2.1767983528892464e-05
credit_limit,158000.0,36,2.1767983528892464e-05
credit_limit,57270.0,36,2.1767983528892464e-05
credit_limit,14850.0,36,2.1767983528892464e-05
credit_limit,23920.0,36,2.1767983528892464e-05
credit_limit,177700.0,36,2.1767983528892464e-05
credit_limit,144900.0,36,2.1767983528892464e-05
credit_limit,138700.0,36,2.1767983528892464e-05
credit_limit,17250.0,36,2.1767983528892464e-05
credit_limit,194200.0,36,2.1767983528892464e-05
credit_limit,169300.0,36,2.1767983528892464e-05
credit_limit,186400.0,36,2.1767983528892464e-05
credit_limit,128355.0,36,2.1767983528892464e-05
credit_limit,24840.0,36,2.1767983528892464e-05
credit_limit,146800.0,35,2.116331731975656e-05
credit_limit,59620.0,35,2.116331731975656e-05
credit_limit,24495.0,35,2.116331731975656e-05
credit_limit,143600.0,35,2.116331731975656e-05
credit_limit,16060.0,35,2.116331731975656e-05
credit_limit,25645.0,35,2.116331731975656e-05
credit_limit,54780.0,35,2.116331731975656e-05
credit_limit,31350.0,35,2.116331731975656e-05
credit_limit,149500.0,35,2.116331731975656e-05
credit_limit,192400.0,35,2.116331731975656e-05
credit_limit,67275.0,35,2.116331731975656e-05
credit_limit,141900.0,35,2.116331731975656e-05
credit_limit,24090.0,35,2.116331731975656e-05
credit_limit,27140.0,35,2.116331731975656e-05
credit_limit,38640.0,35,2.116331731975656e-05
credit_limit,38525.0,35,2.116331731975656e-05
credit_limit,9545.0,35,2.116331731975656e-05
credit_limit,45650.0,35,2.116331731975656e-05
credit_limit,159800.0,35,2.116331731975656e-05
credit_limit,174600.0,35,2.116331731975656e-05
credit_limit,24610.0,35,2.116331731975656e-05
credit_limit,36960.0,35,2.116331731975656e-05
credit_limit,181600.0,34,2.055865111062066e-05
credit_limit,10010.0,34,2.055865111062066e-05
credit_limit,54165.0,34,2.055865111062066e-05
credit_limit,183500.0,34,2.055865111062066e-05
credit_limit,28520.0,34,2.055865111062066e-05
credit_limit,116160.0,34,2.055865111062066e-05
credit_limit,59570.0,34,2.055865111062066e-05
credit_limit,10925.0,34,2.055865111062066e-05
credit_limit,34845.0,34,2.055865111062066e-05
credit_limit,50820.0,34,2.055865111062066e-05
credit_limit,166500.0,34,2.055865111062066e-05
credit_limit,164900.0,34,2.055865111062066e-05
credit_limit,163700.0,34,2.055865111062066e-05
credit_limit,172200.0,34,2.055865111062066e-05
credit_limit,160400.0,34,2.055865111062066e-05
credit_limit,173800.0,34,2.055865111062066e-05
credit_limit,194000.0,34,2.055865111062066e-05
credit_limit,145500.0,34,2.055865111062066e-05
credit_limit,137100.0,34,2.055865111062066e-05
credit_limit,126615.0,34,2.055865111062066e-05
credit_limit,165300.0,34,2.055865111062066e-05
credit_limit,168300.0,34,2.055865111062066e-05
credit_limit,98710.0,34,2.055865111062066e-05
credit_limit,163800.0,34,2.055865111062066e-05
credit_limit,12540.0,34,2.055865111062066e-05
credit_limit,153800.0,34,2.055865111062066e-05
credit_limit,24725.0,34,2.055865111062066e-05
credit_limit,168600.0,34,2.055865111062066e-05
credit_limit,22655.0,34,2.055865111062066e-05
credit_limit,174300.0,34,2.055865111062066e-05
credit_limit,165000.0,34,2.055865111062066e-05
credit_limit,16830.0,34,2.055865111062066e-05
credit_limit,21390.0,34,2.055865111062066e-05
credit_limit,30245.0,34,2.055865111062066e-05
credit_limit,35880.0,34,2.055865111062066e-05
credit_limit,148700.0,33,1.9953984901484757e-05
credit_limit,8510.0,33,1.9953984901484757e-05
credit_limit,44220.0,33,1.9953984901484757e-05
credit_limit,20680.0,33,1.9953984901484757e-05
credit_limit,41515.0,33,1.9953984901484757e-05
credit_limit,162900.0,33,1.9953984901484757e-05
credit_limit,186200.0,33,1.9953984901484757e-05
credit_limit,41745.0,33,1.9953984901484757e-05
credit_limit,22195.0,33,1.9953984901484757e-05
credit_limit,157600.0,33,1.9953984901484757e-05
credit_limit,167800.0,33,1.9953984901484757e-05
credit_limit,88880.0,33,1.9953984901484757e-05
credit_limit,21340.0,33,1.9953984901484757e-05
credit_limit,179000.0,33,1.9953984901484757e-05
credit_limit,28050.0,33,1.9953984901484757e-05
credit_limit,36110.0,33,1.9953984901484757e-05
credit_limit,195400.0,33,1.9953984901484757e-05
credit_limit,172400.0,33,1.9953984901484757e-05
credit_limit,179500.0,33,1.9953984901484757e-05
credit_limit,159200.0,33,1.9953984901484757e-05
credit_limit,18590.0,33,1.9953984901484757e-05
credit_limit,41860.0,33,1.9953984901484757e-05
credit_limit,148400.0,33,1.9953984901484757e-05
credit_limit,41030.0,33,1.9953984901484757e-05
credit_limit,42090.0,33,1.9953984901484757e-05
credit_limit,25650.0,33,1.9953984901484757e-05
credit_limit,183700.0,33,1.9953984901484757e-05
credit_limit,162300.0,33,1.9953984901484757e-05
credit_limit,151500.0,33,1.9953984901484757e-05
credit_limit,162100.0,33,1.9953984901484757e-05
credit_limit,23430.0,33,1.9953984901484757e-05
credit_limit,171100.0,33,1.9953984901484757e-05
credit_limit,20010.0,33,1.9953984901484757e-05
credit_limit,183900.0,33,1.9953984901484757e-05
credit_limit,159400.0,33,1.9953984901484757e-05
credit_limit,142300.0,33,1.9953984901484757e-05
credit_limit,32890.0,33,1.9953984901484757e-05
credit_limit,195000.0,32,1.9349318692348855e-05
credit_limit,185900.0,32,1.9349318692348855e-05
credit_limit,172000.0,32,1.9349318692348855e-05
credit_limit,16390.0,32,1.9349318692348855e-05
credit_limit,158500.0,32,1.9349318692348855e-05
credit_limit,155900.0,32,1.9349318692348855e-05
credit_limit,174400.0,32,1.9349318692348855e-05
credit_limit,6270.0,32,1.9349318692348855e-05
credit_limit,176000.0,32,1.9349318692348855e-05
credit_limit,204000.0,32,1.9349318692348855e-05
credit_limit,170000.0,32,1.9349318692348855e-05
credit_limit,170200.0,32,1.9349318692348855e-05
credit_limit,12305.0,32,1.9349318692348855e-05
credit_limit,143400.0,32,1.9349318692348855e-05
credit_limit,162800.0,32,1.9349318692348855e-05
credit_limit,221900.0,32,1.9349318692348855e-05
credit_limit,197100.0,32,1.9349318692348855e-05
credit_limit,188800.0,32,1.9349318692348855e-05
credit_limit,36410.0,32,1.9349318692348855e-05
credit_limit,21230.0,32,1.9349318692348855e-05
credit_limit,197200.0,32,1.9349318692348855e-05
credit_limit,56695.0,32,1.9349318692348855e-05
credit_limit,64975.0,32,1.9349318692348855e-05
credit_limit,186600.0,32,1.9349318692348855e-05
credit_limit,175600.0,32,1.9349318692348855e-05
credit_limit,62905.0,32,1.9349318692348855e-05
credit_limit,66440.0,32,1.9349318692348855e-05
credit_limit,147700.0,32,1.9349318692348855e-05
credit_limit,173200.0,32,1.9349318692348855e-05
credit_limit,23540.0,32,1.9349318692348855e-05
credit_limit,92920.0,32,1.9349318692348855e-05
credit_limit,135600.0,32,1.9349318692348855e-05
credit_limit,89470.0,32,1.9349318692348855e-05
credit_limit,168500.0,31,1.8744652483212956e-05
credit_limit,156300.0,31,1.8744652483212956e-05
credit_limit,156400.0,31,1.8744652483212956e-05
credit_limit,147200.0,31,1.8744652483212956e-05
credit_limit,34155.0,31,1.8744652483212956e-05
credit_limit,26730.0,31,1.8744652483212956e-05
credit_limit,160200.0,31,1.8744652483212956e-05
credit_limit,12430.0,31,1.8744652483212956e-05
credit_limit,45310.0,31,1.8744652483212956e-05
credit_limit,182600.0,31,1.8744652483212956e-05
credit_limit,20470.0,31,1.8744652483212956e-05
credit_limit,198400.0,31,1.8744652483212956e-05
credit_limit,183300.0,31,1.8744652483212956e-05
credit_limit,171600.0,31,1.8744652483212956e-05
credit_limit,31510.0,31,1.8744652483212956e-05
credit_limit,174500.0,31,1.8744652483212956e-05
credit_limit,185100.0,31,1.8744652483212956e-05
credit_limit,143800.0,31,1.8744652483212956e-05
credit_limit,21780.0,31,1.8744652483212956e-05
credit_limit,17490.0,31,1.8744652483212956e-05
credit_limit,156900.0,31,1.8744652483212956e-05
credit_limit,121555.0,31,1.8744652483212956e-05
credit_limit,154200.0,31,1.8744652483212956e-05
credit_limit,153300.0,31,1.8744652483212956e-05
credit_limit,158800.0,30,1.8139986274077054e-05
credit_limit,161000.0,30,1.8139986274077054e-05
credit_limit,33120.0,30,1.8139986274077054e-05
credit_limit,11770.0,30,1.8139986274077054e-05
credit_limit,147500.0,30,1.8139986274077054e-05
credit_limit,181700.0,30,1.8139986274077054e-05
credit_limit,19250.0,30,1.8139986274077054e-05
credit_limit,137300.0,30,1.8139986274077054e-05
credit_limit,40260.0,30,1.8139986274077054e-05
credit_limit,181300.0,30,1.8139986274077054e-05
credit_limit,189600.0,30,1.8139986274077054e-05
credit_limit,14630.0,30,1.8139986274077054e-05
credit_limit,198000.0,30,1.8139986274077054e-05
credit_limit,51520.0,30,1.8139986274077054e-05
credit_limit,175900.0,30,1.8139986274077054e-05
credit_limit,169900.0,30,1.8139986274077054e-05
credit_limit,191600.0,30,1.8139986274077054e-05
credit_limit,188400.0,30,1.8139986274077054e-05
credit_limit,27940.0,30,1.8139986274077054e-05
credit_limit,23115.0,30,1.8139986274077054e-05
credit_limit,171500.0,30,1.8139986274077054e-05
credit_limit,175100.0,30,1.8139986274077054e-05
credit_limit,16940.0,30,1.8139986274077054e-05
credit_limit,15755.0,30,1.8139986274077054e-05
credit_limit,165505.0,29,1.753532006494115e-05
credit_limit,187300.0,29,1.753532006494115e-05
credit_limit,197700.0,29,1.753532006494115e-05
credit_limit,7015.0,29,1.753532006494115e-05
credit_limit,48730.0,29,1.753532006494115e-05
credit_limit,180900.0,29,1.753532006494115e-05
credit_limit,132920.0,29,1.753532006494115e-05
credit_limit,22310.0,29,1.753532006494115e-05
credit_limit,19435.0,29,1.753532006494115e-05
credit_limit,182200.0,29,1.753532006494115e-05
credit_limit,179200.0,29,1.753532006494115e-05
credit_limit,4650.0,29,1.753532006494115e-05
credit_limit,172900.0,29,1.753532006494115e-05
credit_limit,23575.0,29,1.753532006494115e-05
credit_limit,33440.0,29,1.753532006494115e-05
credit_limit,3150.0,29,1.753532006494115e-05
credit_limit,17595.0,29,1.753532006494115e-05
credit_limit,185700.0,29,1.753532006494115e-05
credit_limit,165600.0,29,1.753532006494115e-05
credit_limit,172300.0,29,1.753532006494115e-05
credit_limit,185600.0,29,1.753532006494115e-05
credit_limit,20460.0,29,1.753532006494115e-05
credit_limit,47610.0,29,1.753532006494115e-05
credit_limit,188000.0,29,1.753532006494115e-05
credit_limit,187000.0,29,1.753532006494115e-05
credit_limit,22550.0,29,1.753532006494115e-05
credit_limit,68425.0,29,1.753532006494115e-05
credit_limit,187900.0,28,1.693065385580525e-05
credit_limit,28380.0,28,1.693065385580525e-05
credit_limit,85580.0,28,1.693065385580525e-05
credit_limit,182500.0,28,1.693065385580525e-05
credit_limit,184500.0,28,1.693065385580525e-05
credit_limit,18975.0,28,1.693065385580525e-05
credit_limit,186900.0,28,1.693065385580525e-05
credit_limit,183100.0,28,1.693065385580525e-05
credit_limit,192100.0,28,1.693065385580525e-05
credit_limit,189500.0,28,1.693065385580525e-05
credit_limit,169000.0,28,1.693065385580525e-05
credit_limit,45080.0,28,1.693065385580525e-05
credit_limit,176200.0,28,1.693065385580525e-05
credit_limit,160100.0,28,1.693065385580525e-05
credit_limit,34540.0,28,1.693065385580525e-05
credit_limit,170500.0,28,1.693065385580525e-05
credit_limit,184100.0,28,1.693065385580525e-05
credit_limit,74030.0,28,1.693065385580525e-05
credit_limit,178500.0,28,1.693065385580525e-05
credit_limit,186700.0,28,1.693065385580525e-05
credit_limit,143700.0,28,1.693065385580525e-05
credit_limit,196800.0,28,1.693065385580525e-05
credit_limit,39330.0,28,1.693065385580525e-05
credit_limit,197500.0,28,1.693065385580525e-05
credit_limit,163900.0,28,1.693065385580525e-05
credit_limit,69895.0,28,1.693065385580525e-05
credit_limit,47080.0,27,1.6325987646669347e-05
credit_limit,19580.0,27,1.6325987646669347e-05
credit_limit,199700.0,27,1.6325987646669347e-05
credit_limit,21750.0,27,1.6325987646669347e-05
credit_limit,54280.0,27,1.6325987646669347e-05
credit_limit,178900.0,27,1.6325987646669347e-05
credit_limit,111760.0,27,1.6325987646669347e-05
credit_limit,164600.0,27,1.6325987646669347e-05
credit_limit,34730.0,27,1.6325987646669347e-05
credit_limit,167600.0,27,1.6325987646669347e-05
credit_limit,11990.0,27,1.6325987646669347e-05
credit_limit,167700.0,27,1.6325987646669347e-05
credit_limit,27255.0,27,1.6325987646669347e-05
credit_limit,161700.0,27,1.6325987646669347e-05
credit_limit,59685.0,27,1.6325987646669347e-05
credit_limit,30935.0,27,1.6325987646669347e-05
credit_limit,57155.0,27,1.6325987646669347e-05
credit_limit,194900.0,27,1.6325987646669347e-05
credit_limit,15750.0,27,1.6325987646669347e-05
credit_limit,5550.0,27,1.6325987646669347e-05
credit_limit,27280.0,27,1.6325987646669347e-05
credit_limit,27945.0,27,1.6325987646669347e-05
credit_limit,10005.0,27,1.6325987646669347e-05
credit_limit,178300.0,27,1.6325987646669347e-05
credit_limit,176400.0,27,1.6325987646669347e-05
credit_limit,34950.0,27,1.6325987646669347e-05
credit_limit,67760.0,27,1.6325987646669347e-05
credit_limit,17020.0,27,1.6325987646669347e-05
credit_limit,188700.0,27,1.6325987646669347e-05
credit_limit,164800.0,27,1.6325987646669347e-05
credit_limit,71645.0,27,1.6325987646669347e-05
credit_limit,184800.0,26,1.5721321437533445e-05
credit_limit,193300.0,26,1.5721321437533445e-05
credit_limit,180600.0,26,1.5721321437533445e-05
credit_limit,11250.0,26,1.5721321437533445e-05
credit_limit,42895.0,26,1.5721321437533445e-05
credit_limit,191200.0,26,1.5721321437533445e-05
credit_limit,173000.0,26,1.5721321437533445e-05
credit_limit,154300.0,26,1.5721321437533445e-05
credit_limit,193700.0,26,1.5721321437533445e-05
credit_limit,196000.0,26,1.5721321437533445e-05
credit_limit,58420.0,26,1.5721321437533445e-05
credit_limit,70840.0,26,1.5721321437533445e-05
credit_limit,89430.0,26,1.5721321437533445e-05
credit_limit,9130.0,26,1.5721321437533445e-05
credit_limit,196300.0,26,1.5721321437533445e-05
credit_limit,153700.0,26,1.5721321437533445e-05
credit_limit,189000.0,26,1.5721321437533445e-05
credit_limit,55880.0,26,1.5721321437533445e-05
credit_limit,160900.0,26,1.5721321437533445e-05
credit_limit,64350.0,26,1.5721321437533445e-05
credit_limit,46920.0,26,1.5721321437533445e-05
credit_limit,171400.0,26,1.5721321437533445e-05
credit_limit,22110.0,26,1.5721321437533445e-05
credit_limit,184000.0,26,1.5721321437533445e-05
credit_limit,198500.0,26,1.5721321437533445e-05
credit_limit,74750.0,26,1.5721321437533445e-05
credit_limit,49910.0,26,1.5721321437533445e-05
credit_limit,50160.0,26,1.5721321437533445e-05
credit_limit,169600.0,26,1.5721321437533445e-05
credit_limit,94340.0,26,1.5721321437533445e-05
credit_limit,24530.0,26,1.5721321437533445e-05
credit_limit,33220.0,26,1.5721321437533445e-05
credit_limit,156500.0,25,1.5116655228397544e-05
credit_limit,41170.0,25,1.5116655228397544e-05
credit_limit,42435.0,25,1.5116655228397544e-05
credit_limit,40940.0,25,1.5116655228397544e-05
credit_limit,177200.0,25,1.5116655228397544e-05
credit_limit,33880.0,25,1.5116655228397544e-05
credit_limit,20815.0,25,1.5116655228397544e-05
credit_limit,158900.0,25,1.5116655228397544e-05
credit_limit,182400.0,25,1.5116655228397544e-05
credit_limit,22330.0,25,1.5116655228397544e-05
credit_limit,13685.0,25,1.5116655228397544e-05
credit_limit,12150.0,25,1.5116655228397544e-05
credit_limit,46230.0,25,1.5116655228397544e-05
credit_limit,23980.0,25,1.5116655228397544e-05
credit_limit,184300.0,25,1.5116655228397544e-05
credit_limit,30475.0,25,1.5116655228397544e-05
credit_limit,73040.0,25,1.5116655228397544e-05
credit_limit,16280.0,25,1.5116655228397544e-05
credit_limit,138300.0,25,1.5116655228397544e-05
credit_limit,169400.0,25,1.5116655228397544e-05
credit_limit,181100.0,25,1.5116655228397544e-05
credit_limit,35765.0,25,1.5116655228397544e-05
credit_limit,31165.0,25,1.5116655228397544e-05
credit_limit,180800.0,25,1.5116655228397544e-05
credit_limit,189800.0,25,1.5116655228397544e-05
credit_limit,173400.0,25,1.5116655228397544e-05
credit_limit,15070.0,25,1.5116655228397544e-05
credit_limit,168095.0,24,1.4511989019261642e-05
credit_limit,175000.0,24,1.4511989019261642e-05
credit_limit,39930.0,24,1.4511989019261642e-05
credit_limit,65450.0,24,1.4511989019261642e-05
credit_limit,43340.0,24,1.4511989019261642e-05
credit_limit,50025.0,24,1.4511989019261642e-05
credit_limit,149300.0,24,1.4511989019261642e-05
credit_limit,195100.0,24,1.4511989019261642e-05
credit_limit,122770.0,24,1.4511989019261642e-05
credit_limit,176700.0,24,1.4511989019261642e-05
credit_limit,196100.0,24,1.4511989019261642e-05
credit_limit,32775.0,24,1.4511989019261642e-05
credit_limit,47520.0,24,1.4511989019261642e-05
credit_limit,175700.0,24,1.4511989019261642e-05
credit_limit,44880.0,24,1.4511989019261642e-05
credit_limit,44390.0,24,1.4511989019261642e-05
credit_limit,28405.0,24,1.4511989019261642e-05
credit_limit,81650.0,24,1.4511989019261642e-05
credit_limit,190500.0,24,1.4511989019261642e-05
credit_limit,21560.0,24,1.4511989019261642e-05
credit_limit,28865.0,24,1.4511989019261642e-05
credit_limit,77395.0,24,1.4511989019261642e-05
credit_limit,55660.0,24,1.4511989019261642e-05
credit_limit,14605.0,24,1.4511989019261642e-05
credit_limit,167000.0,24,1.4511989019261642e-05
credit_limit,149900.0,24,1.4511989019261642e-05
credit_limit,14410.0,24,1.4511989019261642e-05
credit_limit,76360.0,23,1.390732281012574e-05
credit_limit,80960.0,23,1.390732281012574e-05
credit_limit,6750.0,23,1.390732281012574e-05
credit_limit,190200.0,23,1.390732281012574e-05
credit_limit,30140.0,23,1.390732281012574e-05
credit_limit,175500.0,23,1.390732281012574e-05
credit_limit,175205.0,23,1.390732281012574e-05
credit_limit,56980.0,23,1.390732281012574e-05
credit_limit,196600.0,23,1.390732281012574e-05
credit_limit,190400.0,23,1.390732281012574e-05
credit_limit,39710.0,23,1.390732281012574e-05
credit_limit,25070.0,23,1.390732281012574e-05
credit_limit,63250.0,23,1.390732281012574e-05
credit_limit,52095.0,23,1.390732281012574e-05
credit_limit,177300.0,23,1.390732281012574e-05
credit_limit,182900.0,23,1.390732281012574e-05
credit_limit,184400.0,23,1.390732281012574e-05
credit_limit,55890.0,23,1.390732281012574e-05
credit_limit,65010.0,23,1.390732281012574e-05
credit_limit,192300.0,23,1.390732281012574e-05
credit_limit,199200.0,23,1.390732281012574e-05
credit_limit,24265.0,23,1.390732281012574e-05
credit_limit,26450.0,23,1.390732281012574e-05
credit_limit,40590.0,23,1.390732281012574e-05
credit_limit,81940.0,23,1.390732281012574e-05
credit_limit,70035.0,23,1.390732281012574e-05
credit_limit,165900.0,23,1.390732281012574e-05
credit_limit,175800.0,23,1.390732281012574e-05
credit_limit,26680.0,23,1.390732281012574e-05
credit_limit,190600.0,23,1.390732281012574e-05
credit_limit,199000.0,23,1.390732281012574e-05
credit_limit,7350.0,23,1.390732281012574e-05
credit_limit,44550.0,23,1.390732281012574e-05
credit_limit,169500.0,23,1.390732281012574e-05
credit_limit,170595.0,22,1.3302656600989839e-05
credit_limit,179700.0,22,1.3302656600989839e-05
credit_limit,170700.0,22,1.3302656600989839e-05
credit_limit,176600.0,22,1.3302656600989839e-05
credit_limit,196900.0,22,1.3302656600989839e-05
credit_limit,187500.0,22,1.3302656600989839e-05
credit_limit,192700.0,22,1.3302656600989839e-05
credit_limit,165800.0,22,1.3302656600989839e-05
credit_limit,15525.0,22,1.3302656600989839e-05
credit_limit,127380.0,22,1.3302656600989839e-05
credit_limit,189300.0,22,1.3302656600989839e-05
credit_limit,24970.0,22,1.3302656600989839e-05
credit_limit,185300.0,22,1.3302656600989839e-05
credit_limit,12535.0,22,1.3302656600989839e-05
credit_limit,27170.0,22,1.3302656600989839e-05
credit_limit,52440.0,22,1.3302656600989839e-05
credit_limit,199900.0,22,1.3302656600989839e-05
credit_limit,46750.0,22,1.3302656600989839e-05
credit_limit,36225.0,22,1.3302656600989839e-05
credit_limit,3750.0,22,1.3302656600989839e-05
credit_limit,35970.0,22,1.3302656600989839e-05
credit_limit,196700.0,22,1.3302656600989839e-05
credit_limit,39380.0,22,1.3302656600989839e-05
credit_limit,164300.0,22,1.3302656600989839e-05
credit_limit,21670.0,22,1.3302656600989839e-05
credit_limit,172500.0,22,1.3302656600989839e-05
credit_limit,178800.0,22,1.3302656600989839e-05
credit_limit,50830.0,22,1.3302656600989839e-05
credit_limit,199800.0,22,1.3302656600989839e-05
credit_limit,186500.0,22,1.3302656600989839e-05
credit_limit,124860.0,22,1.3302656600989839e-05
credit_limit,23760.0,22,1.3302656600989839e-05
credit_limit,189400.0,22,1.3302656600989839e-05
credit_limit,180300.0,22,1.3302656600989839e-05
credit_limit,174700.0,22,1.3302656600989839e-05
credit_limit,42460.0,22,1.3302656600989839e-05
credit_limit,189200.0,22,1.3302656600989839e-05
credit_limit,58950.0,22,1.3302656600989839e-05
credit_limit,184200.0,22,1.3302656600989839e-05
credit_limit,28750.0,22,1.3302656600989839e-05
credit_limit,21850.0,22,1.3302656600989839e-05
credit_limit,29810.0,21,1.2697990391853937e-05
credit_limit,37620.0,21,1.2697990391853937e-05
credit_limit,186100.0,21,1.2697990391853937e-05
credit_limit,92690.0,21,1.2697990391853937e-05
credit_limit,62370.0,21,1.2697990391853937e-05
credit_limit,66930.0,21,1.2697990391853937e-05
credit_limit,29210.0,21,1.2697990391853937e-05
credit_limit,180595.0,21,1.2697990391853937e-05
credit_limit,47850.0,21,1.2697990391853937e-05
credit_limit,13970.0,21,1.2697990391853937e-05
credit_limit,49280.0,21,1.2697990391853937e-05
credit_limit,166700.0,21,1.2697990391853937e-05
credit_limit,32670.0,21,1.2697990391853937e-05
credit_limit,31460.0,21,1.2697990391853937e-05
credit_limit,27610.0,21,1.2697990391853937e-05
credit_limit,194700.0,21,1.2697990391853937e-05
credit_limit,177400.0,21,1.2697990391853937e-05
credit_limit,116270.0,21,1.2697990391853937e-05
credit_limit,26510.0,21,1.2697990391853937e-05
credit_limit,49830.0,21,1.2697990391853937e-05
credit_limit,65205.0,21,1.2697990391853937e-05
credit_limit,51810.0,21,1.2697990391853937e-05
credit_limit,25520.0,21,1.2697990391853937e-05
credit_limit,16720.0,21,1.2697990391853937e-05
credit_limit,184600.0,21,1.2697990391853937e-05
credit_limit,151930.0,21,1.2697990391853937e-05
credit_limit,192000.0,21,1.2697990391853937e-05
credit_limit,176900.0,21,1.2697990391853937e-05
credit_limit,191400.0,21,1.2697990391853937e-05
credit_limit,188500.0,20,1.2093324182718035e-05
credit_limit,192800.0,20,1.2093324182718035e-05
credit_limit,18450.0,20,1.2093324182718035e-05
credit_limit,117960.0,20,1.2093324182718035e-05
credit_limit,21010.0,20,1.2093324182718035e-05
credit_limit,177800.0,20,1.2093324182718035e-05
credit_limit,28175.0,20,1.2093324182718035e-05
credit_limit,94670.0,20,1.2093324182718035e-05
credit_limit,24750.0,20,1.2093324182718035e-05
credit_limit,152785.0,20,1.2093324182718035e-05
credit_limit,20355.0,20,1.2093324182718035e-05
credit_limit,68530.0,20,1.2093324182718035e-05
credit_limit,60170.0,20,1.2093324182718035e-05
credit_limit,38850.0,20,1.2093324182718035e-05
credit_limit,35640.0,20,1.2093324182718035e-05
credit_limit,187800.0,20,1.2093324182718035e-05
credit_limit,196500.0,20,1.2093324182718035e-05
credit_limit,90580.0,20,1.2093324182718035e-05
credit_limit,198900.0,20,1.2093324182718035e-05
credit_limit,9570.0,20,1.2093324182718035e-05
credit_limit,42780.0,20,1.2093324182718035e-05
credit_limit,26070.0,20,1.2093324182718035e-05
credit_limit,39160.0,20,1.2093324182718035e-05
credit_limit,25950.0,20,1.2093324182718035e-05
credit_limit,44275.0,20,1.2093324182718035e-05
credit_limit,22880.0,20,1.2093324182718035e-05
credit_limit,47150.0,20,1.2093324182718035e-05
credit_limit,30150.0,20,1.2093324182718035e-05
credit_limit,47740.0,20,1.2093324182718035e-05
credit_limit,175300.0,20,1.2093324182718035e-05
credit_limit,167300.0,20,1.2093324182718035e-05
credit_limit,13350.0,19,1.1488657973582134e-05
credit_limit,10450.0,19,1.1488657973582134e-05
credit_limit,193500.0,19,1.1488657973582134e-05
credit_limit,26290.0,19,1.1488657973582134e-05
credit_limit,34210.0,19,1.1488657973582134e-05
credit_limit,57090.0,19,1.1488657973582134e-05
credit_limit,29590.0,19,1.1488657973582134e-05
credit_limit,36340.0,19,1.1488657973582134e-05
credit_limit,183400.0,19,1.1488657973582134e-05
credit_limit,40250.0,19,1.1488657973582134e-05
credit_limit,84525.0,19,1.1488657973582134e-05
credit_limit,145310.0,19,1.1488657973582134e-05
credit_limit,66990.0,19,1.1488657973582134e-05
credit_limit,30580.0,19,1.1488657973582134e-05
credit_limit,199300.0,19,1.1488657973582134e-05
credit_limit,198200.0,19,1.1488657973582134e-05
credit_limit,187700.0,19,1.1488657973582134e-05
credit_limit,15510.0,19,1.1488657973582134e-05
credit_limit,31680.0,19,1.1488657973582134e-05
credit_limit,20790.0,19,1.1488657973582134e-05
credit_limit,124610.0,19,1.1488657973582134e-05
credit_limit,17550.0,19,1.1488657973582134e-05
credit_limit,194500.0,19,1.1488657973582134e-05
credit_limit,192900.0,18,1.0883991764446232e-05
credit_limit,89815.0,18,1.0883991764446232e-05
credit_limit,36850.0,18,1.0883991764446232e-05
credit_limit,7050.0,18,1.0883991764446232e-05
credit_limit,101640.0,18,1.0883991764446232e-05
credit_limit,190900.0,18,1.0883991764446232e-05
credit_limit,168700.0,18,1.0883991764446232e-05
credit_limit,195200.0,18,1.0883991764446232e-05
credit_limit,186300.0,18,1.0883991764446232e-05
credit_limit,44250.0,18,1.0883991764446232e-05
credit_limit,130265.0,18,1.0883991764446232e-05
credit_limit,13950.0,18,1.0883991764446232e-05
credit_limit,112840.0,18,1.0883991764446232e-05
credit_limit,194600.0,18,1.0883991764446232e-05
credit_limit,23870.0,18,1.0883991764446232e-05
credit_limit,28980.0,18,1.0883991764446232e-05
credit_limit,191500.0,18,1.0883991764446232e-05
credit_limit,197300.0,18,1.0883991764446232e-05
credit_limit,217400.0,18,1.0883991764446232e-05
credit_limit,198700.0,18,1.0883991764446232e-05
credit_limit,29040.0,18,1.0883991764446232e-05
credit_limit,39750.0,18,1.0883991764446232e-05
credit_limit,41140.0,18,1.0883991764446232e-05
credit_limit,48875.0,18,1.0883991764446232e-05
credit_limit,193000.0,18,1.0883991764446232e-05
credit_limit,38180.0,18,1.0883991764446232e-05
credit_limit,108980.0,18,1.0883991764446232e-05
credit_limit,61755.0,18,1.0883991764446232e-05
credit_limit,39445.0,18,1.0883991764446232e-05
credit_limit,189900.0,18,1.0883991764446232e-05
credit_limit,115920.0,18,1.0883991764446232e-05
credit_limit,190700.0,17,1.027932555531033e-05
credit_limit,27485.0,17,1.027932555531033e-05
credit_limit,115780.0,17,1.027932555531033e-05
credit_limit,106260.0,17,1.027932555531033e-05
credit_limit,158270.0,17,1.027932555531033e-05
credit_limit,31970.0,17,1.027932555531033e-05
credit_limit,19650.0,17,1.027932555531033e-05
credit_limit,80850.0,17,1.027932555531033e-05
credit_limit,194300.0,17,1.027932555531033e-05
credit_limit,35305.0,17,1.027932555531033e-05
credit_limit,38550.0,17,1.027932555531033e-05
credit_limit,85910.0,17,1.027932555531033e-05
credit_limit,19910.0,17,1.027932555531033e-05
credit_limit,197000.0,17,1.027932555531033e-05
credit_limit,179300.0,17,1.027932555531033e-05
credit_limit,189100.0,17,1.027932555531033e-05
credit_limit,16215.0,17,1.027932555531033e-05
credit_limit,192500.0,17,1.027932555531033e-05
credit_limit,53240.0,17,1.027932555531033e-05
credit_limit,262400.0,17,1.027932555531033e-05
credit_limit,21275.0,17,1.027932555531033e-05
credit_limit,64170.0,17,1.027932555531033e-05
credit_limit,77340.0,17,1.027932555531033e-05
credit_limit,183000.0,17,1.027932555531033e-05
credit_limit,21160.0,17,1.027932555531033e-05
credit_limit,191700.0,17,1.027932555531033e-05
credit_limit,13650.0,17,1.027932555531033e-05
credit_limit,173100.0,17,1.027932555531033e-05
credit_limit,17480.0,17,1.027932555531033e-05
credit_limit,21965.0,17,1.027932555531033e-05
credit_limit,45885.0,17,1.027932555531033e-05
credit_limit,42350.0,17,1.027932555531033e-05
credit_limit,49680.0,17,1.027932555531033e-05
credit_limit,195700.0,17,1.027932555531033e-05
credit_limit,44660.0,16,9.674659346174427e-06
credit_limit,199500.0,16,9.674659346174427e-06
credit_limit,25350.0,16,9.674659346174427e-06
credit_limit,151915.0,16,9.674659346174427e-06
credit_limit,29920.0,16,9.674659346174427e-06
credit_limit,40950.0,16,9.674659346174427e-06
credit_limit,6150.0,16,9.674659346174427e-06
credit_limit,32560.0,16,9.674659346174427e-06
credit_limit,13090.0,16,9.674659346174427e-06
credit_limit,24955.0,16,9.674659346174427e-06
credit_limit,197600.0,16,9.674659346174427e-06
credit_limit,15290.0,16,9.674659346174427e-06
credit_limit,193900.0,16,9.674659346174427e-06
credit_limit,27720.0,16,9.674659346174427e-06
credit_limit,42790.0,16,9.674659346174427e-06
credit_limit,173700.0,16,9.674659346174427e-06
credit_limit,51290.0,16,9.674659346174427e-06
credit_limit,29150.0,16,9.674659346174427e-06
credit_limit,37605.0,16,9.674659346174427e-06
credit_limit,12765.0,16,9.674659346174427e-06
credit_limit,16950.0,16,9.674659346174427e-06
credit_limit,56470.0,16,9.674659346174427e-06
credit_limit,197800.0,16,9.674659346174427e-06
credit_limit,46690.0,16,9.674659346174427e-06
credit_limit,198300.0,16,9.674659346174427e-06
credit_limit,165700.0,16,9.674659346174427e-06
credit_limit,39450.0,16,9.674659346174427e-06
credit_limit,190300.0,16,9.674659346174427e-06
credit_limit,43890.0,16,9.674659346174427e-06
credit_limit,26950.0,16,9.674659346174427e-06
credit_limit,41630.0,16,9.674659346174427e-06
credit_limit,54230.0,16,9.674659346174427e-06
credit_limit,195600.0,16,9.674659346174427e-06
credit_limit,42450.0,16,9.674659346174427e-06
credit_limit,63365.0,15,9.069993137038527e-06
credit_limit,58580.0,15,9.069993137038527e-06
credit_limit,43240.0,15,9.069993137038527e-06
credit_limit,198800.0,15,9.069993137038527e-06
credit_limit,17050.0,15,9.069993137038527e-06
credit_limit,23345.0,15,9.069993137038527e-06
credit_limit,22050.0,15,9.069993137038527e-06
credit_limit,199600.0,15,9.069993137038527e-06
credit_limit,36520.0,15,9.069993137038527e-06
credit_limit,71220.0,15,9.069993137038527e-06
credit_limit,62150.0,15,9.069993137038527e-06
credit_limit,73710.0,15,9.069993137038527e-06
credit_limit,193400.0,15,9.069993137038527e-06
credit_limit,191800.0,15,9.069993137038527e-06
credit_limit,86870.0,15,9.069993137038527e-06
credit_limit,78360.0,15,9.069993137038527e-06
credit_limit,83375.0,15,9.069993137038527e-06
credit_limit,31950.0,15,9.069993137038527e-06
credit_limit,13750.0,15,9.069993137038527e-06
credit_limit,8850.0,15,9.069993137038527e-06
credit_limit,158795.0,15,9.069993137038527e-06
credit_limit,180700.0,15,9.069993137038527e-06
credit_limit,51780.0,15,9.069993137038527e-06
credit_limit,9775.0,15,9.069993137038527e-06
credit_limit,88660.0,15,9.069993137038527e-06
credit_limit,59110.0,15,9.069993137038527e-06
credit_limit,19140.0,15,9.069993137038527e-06
credit_limit,41055.0,14,8.465326927902625e-06
credit_limit,65895.0,14,8.465326927902625e-06
credit_limit,24420.0,14,8.465326927902625e-06
credit_limit,165595.0,14,8.465326927902625e-06
credit_limit,64710.0,14,8.465326927902625e-06
credit_limit,144285.0,14,8.465326927902625e-06
credit_limit,53460.0,14,8.465326927902625e-06
credit_limit,87795.0,14,8.465326927902625e-06
credit_limit,132595.0,14,8.465326927902625e-06
credit_limit,24450.0,14,8.465326927902625e-06
credit_limit,65550.0,14,8.465326927902625e-06
credit_limit,58650.0,14,8.465326927902625e-06
credit_limit,44160.0,14,8.465326927902625e-06
credit_limit,121820.0,14,8.465326927902625e-06
credit_limit,82870.0,14,8.465326927902625e-06
credit_limit,55950.0,14,8.465326927902625e-06
credit_limit,12210.0,14,8.465326927902625e-06
credit_limit,194800.0,14,8.465326927902625e-06
credit_limit,38830.0,14,8.465326927902625e-06
credit_limit,26620.0,14,8.465326927902625e-06
credit_limit,88180.0,14,8.465326927902625e-06
credit_limit,38985.0,14,8.465326927902625e-06
credit_limit,19470.0,14,8.465326927902625e-06
credit_limit,29850.0,14,8.465326927902625e-06
credit_limit,116655.0,14,8.465326927902625e-06
credit_limit,68570.0,14,8.465326927902625e-06
credit_limit,104170.0,14,8.465326927902625e-06
credit_limit,40370.0,14,8.465326927902625e-06
credit_limit,34760.0,14,8.465326927902625e-06
credit_limit,72105.0,14,8.465326927902625e-06
credit_limit,49335.0,14,8.465326927902625e-06
credit_limit,40040.0,14,8.465326927902625e-06
credit_limit,56005.0,14,8.465326927902625e-06
credit_limit,31280.0,14,8.465326927902625e-06
credit_limit,190800.0,14,8.465326927902625e-06
credit_limit,54670.0,14,8.465326927902625e-06
credit_limit,27715.0,14,8.465326927902625e-06
credit_limit,11850.0,14,8.465326927902625e-06
credit_limit,83160.0,13,7.860660718766722e-06
credit_limit,127420.0,13,7.860660718766722e-06
credit_limit,29250.0,13,7.860660718766722e-06
credit_limit,37840.0,13,7.860660718766722e-06
credit_limit,26940.0,13,7.860660718766722e-06
credit_limit,34230.0,13,7.860660718766722e-06
credit_limit,44735.0,13,7.860660718766722e-06
credit_limit,23210.0,13,7.860660718766722e-06
credit_limit,42205.0,13,7.860660718766722e-06
credit_limit,56235.0,13,7.860660718766722e-06
credit_limit,29550.0,13,7.860660718766722e-06
credit_limit,44965.0,13,7.860660718766722e-06
credit_limit,64860.0,13,7.860660718766722e-06
credit_limit,216000.0,13,7.860660718766722e-06
credit_limit,53570.0,13,7.860660718766722e-06
credit_limit,18370.0,13,7.860660718766722e-06
credit_limit,40920.0,13,7.860660718766722e-06
credit_limit,32850.0,13,7.860660718766722e-06
credit_limit,26105.0,13,7.860660718766722e-06
credit_limit,33350.0,13,7.860660718766722e-06
credit_limit,54395.0,13,7.860660718766722e-06
credit_limit,17270.0,13,7.860660718766722e-06
credit_limit,27025.0,13,7.860660718766722e-06
credit_limit,185200.0,13,7.860660718766722e-06
credit_limit,14550.0,13,7.860660718766722e-06
credit_limit,195800.0,13,7.860660718766722e-06
credit_limit,46575.0,13,7.860660718766722e-06
credit_limit,180560.0,13,7.860660718766722e-06
credit_limit,40595.0,13,7.860660718766722e-06
credit_limit,26850.0,13,7.860660718766722e-06
credit_limit,10950.0,13,7.860660718766722e-06
credit_limit,15985.0,13,7.860660718766722e-06
credit_limit,9750.0,13,7.860660718766722e-06
credit_limit,146290.0,13,7.860660718766722e-06
credit_limit,51260.0,13,7.860660718766722e-06
credit_limit,120520.0,13,7.860660718766722e-06
credit_limit,33465.0,13,7.860660718766722e-06
credit_limit,4050.0,13,7.860660718766722e-06
credit_limit,61380.0,13,7.860660718766722e-06
credit_limit,46480.0,13,7.860660718766722e-06
credit_limit,34615.0,13,7.860660718766722e-06
credit_limit,26960.0,13,7.860660718766722e-06
credit_limit,35995.0,13,7.860660718766722e-06
credit_limit,44330.0,13,7.860660718766722e-06
credit_limit,58880.0,13,7.860660718766722e-06
credit_limit,112510.0,12,7.255994509630821e-06
credit_limit,33810.0,12,7.255994509630821e-06
credit_limit,25875.0,12,7.255994509630821e-06
credit_limit,245900.0,12,7.255994509630821e-06
credit_limit,28210.0,12,7.255994509630821e-06
credit_limit,8550.0,12,7.255994509630821e-06
credit_limit,95105.0,12,7.255994509630821e-06
credit_limit,277400.0,12,7.255994509630821e-06
credit_limit,53590.0,12,7.255994509630821e-06
credit_limit,76980.0,12,7.255994509630821e-06
credit_limit,79235.0,12,7.255994509630821e-06
credit_limit,85240.0,12,7.255994509630821e-06
credit_limit,9350.0,12,7.255994509630821e-06
credit_limit,197570.0,12,7.255994509630821e-06
credit_limit,111570.0,12,7.255994509630821e-06
credit_limit,92170.0,12,7.255994509630821e-06
credit_limit,167570.0,12,7.255994509630821e-06
credit_limit,33235.0,12,7.255994509630821e-06
credit_limit,252000.0,12,7.255994509630821e-06
credit_limit,20130.0,12,7.255994509630821e-06
credit_limit,126830.0,12,7.255994509630821e-06
credit_limit,90230.0,12,7.255994509630821e-06
credit_limit,104160.0,12,7.255994509630821e-06
credit_limit,21045.0,12,7.255994509630821e-06
credit_limit,22650.0,12,7.255994509630821e-06
credit_limit,62040.0,12,7.255994509630821e-06
credit_limit,39270.0,12,7.255994509630821e-06
credit_limit,104175.0,12,7.255994509630821e-06
credit_limit,32085.0,12,7.255994509630821e-06
credit_limit,30705.0,12,7.255994509630821e-06
credit_limit,48760.0,12,7.255994509630821e-06
credit_limit,40020.0,12,7.255994509630821e-06
credit_limit,45065.0,12,7.255994509630821e-06
credit_limit,19350.0,12,7.255994509630821e-06
credit_limit,33450.0,12,7.255994509630821e-06
credit_limit,96470.0,12,7.255994509630821e-06
credit_limit,114560.0,12,7.255994509630821e-06
credit_limit,52555.0,12,7.255994509630821e-06
credit_limit,22505.0,12,7.255994509630821e-06
credit_limit,10650.0,12,7.255994509630821e-06
credit_limit,157490.0,12,7.255994509630821e-06
credit_limit,115160.0,12,7.255994509630821e-06
credit_limit,100855.0,12,7.255994509630821e-06
credit_limit,28950.0,12,7.255994509630821e-06
credit_limit,82890.0,11,6.6513283004949196e-06
credit_limit,29890.0,11,6.6513283004949196e-06
credit_limit,48920.0,11,6.6513283004949196e-06
credit_limit,104220.0,11,6.6513283004949196e-06
credit_limit,61180.0,11,6.6513283004949196e-06
credit_limit,55545.0,11,6.6513283004949196e-06
credit_limit,49050.0,11,6.6513283004949196e-06
credit_limit,45450.0,11,6.6513283004949196e-06
credit_limit,90970.0,11,6.6513283004949196e-06
credit_limit,88455.0,11,6.6513283004949196e-06
credit_limit,217100.0,11,6.6513283004949196e-06
credit_limit,73960.0,11,6.6513283004949196e-06
credit_limit,160830.0,11,6.6513283004949196e-06
credit_limit,105165.0,11,6.6513283004949196e-06
credit_limit,50040.0,11,6.6513283004949196e-06
credit_limit,15450.0,11,6.6513283004949196e-06
credit_limit,31855.0,11,6.6513283004949196e-06
credit_limit,23850.0,11,6.6513283004949196e-06
credit_limit,108955.0,11,6.6513283004949196e-06
credit_limit,43355.0,11,6.6513283004949196e-06
credit_limit,30910.0,11,6.6513283004949196e-06
credit_limit,84670.0,11,6.6513283004949196e-06
credit_limit,39675.0,11,6.6513283004949196e-06
credit_limit,49450.0,11,6.6513283004949196e-06
credit_limit,54740.0,11,6.6513283004949196e-06
credit_limit,30035.0,11,6.6513283004949196e-06
credit_limit,32250.0,11,6.6513283004949196e-06
credit_limit,120340.0,11,6.6513283004949196e-06
credit_limit,67695.0,11,6.6513283004949196e-06
credit_limit,26250.0,11,6.6513283004949196e-06
credit_limit,47020.0,11,6.6513283004949196e-06
credit_limit,156255.0,11,6.6513283004949196e-06
credit_limit,83930.0,11,6.6513283004949196e-06
credit_limit,34385.0,11,6.6513283004949196e-06
credit_limit,197360.0,11,6.6513283004949196e-06
credit_limit,54050.0,11,6.6513283004949196e-06
credit_limit,46880.0,11,6.6513283004949196e-06
credit_limit,30590.0,11,6.6513283004949196e-06
credit_limit,241400.0,11,6.6513283004949196e-06
credit_limit,113850.0,11,6.6513283004949196e-06
credit_limit,9150.0,11,6.6513283004949196e-06
credit_limit,110880.0,11,6.6513283004949196e-06
credit_limit,19950.0,11,6.6513283004949196e-06
credit_limit,194100.0,10,6.046662091359017e-06
credit_limit,116225.0,10,6.046662091359017e-06
credit_limit,41480.0,10,6.046662091359017e-06
credit_limit,37880.0,10,6.046662091359017e-06
credit_limit,130925.0,10,6.046662091359017e-06
credit_limit,61870.0,10,6.046662091359017e-06
credit_limit,166690.0,10,6.046662091359017e-06
credit_limit,115280.0,10,6.046662091359017e-06
credit_limit,127440.0,10,6.046662091359017e-06
credit_limit,32010.0,10,6.046662091359017e-06
credit_limit,63820.0,10,6.046662091359017e-06
credit_limit,33820.0,10,6.046662091359017e-06
credit_limit,55440.0,10,6.046662091359017e-06
credit_limit,33770.0,10,6.046662091359017e-06
credit_limit,52250.0,10,6.046662091359017e-06
credit_limit,56430.0,10,6.046662091359017e-06
credit_limit,32430.0,10,6.046662091359017e-06
credit_limit,31625.0,10,6.046662091359017e-06
credit_limit,99650.0,10,6.046662091359017e-06
credit_limit,106240.0,10,6.046662091359017e-06
credit_limit,111150.0,10,6.046662091359017e-06
credit_limit,17825.0,10,6.046662091359017e-06
credit_limit,61270.0,10,6.046662091359017e-06
credit_limit,50540.0,10,6.046662091359017e-06
credit_limit,89110.0,10,6.046662091359017e-06
credit_limit,34430.0,10,6.046662091359017e-06
credit_limit,79750.0,10,6.046662091359017e-06
credit_limit,35650.0,10,6.046662091359017e-06
credit_limit,99220.0,10,6.046662091359017e-06
credit_limit,189700.0,10,6.046662091359017e-06
credit_limit,29325.0,10,6.046662091359017e-06
credit_limit,75570.0,10,6.046662091359017e-06
credit_limit,97160.0,10,6.046662091359017e-06
credit_limit,115750.0,10,6.046662091359017e-06
credit_limit,40050.0,10,6.046662091359017e-06
credit_limit,41360.0,10,6.046662091359017e-06
credit_limit,102005.0,10,6.046662091359017e-06
credit_limit,56320.0,10,6.046662091359017e-06
credit_limit,100710.0,10,6.046662091359017e-06
credit_limit,65940.0,10,6.046662091359017e-06
credit_limit,44850.0,10,6.046662091359017e-06
credit_limit,40365.0,10,6.046662091359017e-06
credit_limit,53915.0,10,6.046662091359017e-06
credit_limit,14375.0,10,6.046662091359017e-06
credit_limit,56550.0,10,6.046662091359017e-06
credit_limit,150560.0,10,6.046662091359017e-06
credit_limit,64730.0,10,6.046662091359017e-06
credit_limit,83080.0,10,6.046662091359017e-06
credit_limit,114730.0,10,6.046662091359017e-06
credit_limit,188200.0,10,6.046662091359017e-06
credit_limit,20350.0,10,6.046662091359017e-06
credit_limit,57960.0,10,6.046662091359017e-06
credit_limit,68970.0,10,6.046662091359017e-06
credit_limit,60830.0,10,6.046662091359017e-06
credit_limit,45770.0,9,5.441995882223116e-06
credit_limit,173405.0,9,5.441995882223116e-06
credit_limit,78580.0,9,5.441995882223116e-06
credit_limit,20565.0,9,5.441995882223116e-06
credit_limit,56395.0,9,5.441995882223116e-06
credit_limit,243800.0,9,5.441995882223116e-06
credit_limit,54450.0,9,5.441995882223116e-06
credit_limit,65770.0,9,5.441995882223116e-06
credit_limit,172830.0,9,5.441995882223116e-06
credit_limit,90050.0,9,5.441995882223116e-06
credit_limit,126450.0,9,5.441995882223116e-06
credit_limit,37730.0,9,5.441995882223116e-06
credit_limit,21570.0,9,5.441995882223116e-06
credit_limit,54620.0,9,5.441995882223116e-06
credit_limit,224400.0,9,5.441995882223116e-06
credit_limit,39820.0,9,5.441995882223116e-06
credit_limit,64055.0,9,5.441995882223116e-06
credit_limit,37835.0,9,5.441995882223116e-06
credit_limit,36750.0,9,5.441995882223116e-06
credit_limit,51405.0,9,5.441995882223116e-06
credit_limit,25050.0,9,5.441995882223116e-06
credit_limit,48070.0,9,5.441995882223116e-06
credit_limit,59070.0,9,5.441995882223116e-06
credit_limit,163230.0,9,5.441995882223116e-06
credit_limit,78970.0,9,5.441995882223116e-06
credit_limit,48150.0,9,5.441995882223116e-06
credit_limit,110720.0,9,5.441995882223116e-06
credit_limit,32315.0,9,5.441995882223116e-06
credit_limit,96430.0,9,5.441995882223116e-06
credit_limit,40525.0,9,5.441995882223116e-06
credit_limit,39560.0,9,5.441995882223116e-06
credit_limit,79380.0,9,5.441995882223116e-06
credit_limit,18055.0,9,5.441995882223116e-06
credit_limit,53790.0,9,5.441995882223116e-06
credit_limit,31790.0,9,5.441995882223116e-06
credit_limit,113140.0,9,5.441995882223116e-06
credit_limit,37250.0,9,5.441995882223116e-06
credit_limit,86940.0,9,5.441995882223116e-06
credit_limit,31020.0,9,5.441995882223116e-06
credit_limit,38610.0,9,5.441995882223116e-06
credit_limit,56350.0,9,5.441995882223116e-06
credit_limit,57750.0,9,5.441995882223116e-06
credit_limit,40150.0,9,5.441995882223116e-06
credit_limit,91250.0,9,5.441995882223116e-06
credit_limit,32330.0,9,5.441995882223116e-06
credit_limit,47680.0,9,5.441995882223116e-06
credit_limit,24035.0,9,5.441995882223116e-06
credit_limit,121960.0,9,5.441995882223116e-06
credit_limit,117650.0,9,5.441995882223116e-06
credit_limit,53980.0,9,5.441995882223116e-06
credit_limit,52910.0,9,5.441995882223116e-06
credit_limit,20850.0,9,5.441995882223116e-06
credit_limit,67045.0,9,5.441995882223116e-06
credit_limit,60180.0,9,5.441995882223116e-06
credit_limit,35850.0,9,5.441995882223116e-06
credit_limit,58995.0,9,5.441995882223116e-06
credit_limit,100440.0,9,5.441995882223116e-06
credit_limit,26180.0,9,5.441995882223116e-06
credit_limit,42240.0,9,5.441995882223116e-06
credit_limit,35535.0,9,5.441995882223116e-06
credit_limit,36920.0,9,5.441995882223116e-06
credit_limit,81840.0,9,5.441995882223116e-06
credit_limit,20220.0,9,5.441995882223116e-06
credit_limit,29690.0,9,5.441995882223116e-06
credit_limit,58230.0,9,5.441995882223116e-06
credit_limit,32340.0,9,5.441995882223116e-06
credit_limit,28095.0,9,5.441995882223116e-06
credit_limit,82140.0,9,5.441995882223116e-06
credit_limit,14250.0,9,5.441995882223116e-06
credit_limit,77485.0,9,5.441995882223116e-06
credit_limit,26550.0,8,4.837329673087214e-06
credit_limit,46650.0,8,4.837329673087214e-06
credit_limit,24330.0,8,4.837329673087214e-06
credit_limit,53705.0,8,4.837329673087214e-06
credit_limit,33720.0,8,4.837329673087214e-06
credit_limit,86020.0,8,4.837329673087214e-06
credit_limit,19205.0,8,4.837329673087214e-06
credit_limit,183605.0,8,4.837329673087214e-06
credit_limit,30015.0,8,4.837329673087214e-06
credit_limit,270000.0,8,4.837329673087214e-06
credit_limit,60430.0,8,4.837329673087214e-06
credit_limit,68180.0,8,4.837329673087214e-06
credit_limit,71530.0,8,4.837329673087214e-06
credit_limit,169940.0,8,4.837329673087214e-06
credit_limit,40350.0,8,4.837329673087214e-06
credit_limit,28350.0,8,4.837329673087214e-06
credit_limit,140085.0,8,4.837329673087214e-06
credit_limit,58750.0,8,4.837329673087214e-06
credit_limit,202900.0,8,4.837329673087214e-06
credit_limit,34980.0,8,4.837329673087214e-06
credit_limit,49795.0,8,4.837329673087214e-06
credit_limit,45610.0,8,4.837329673087214e-06
credit_limit,44225.0,8,4.837329673087214e-06
credit_limit,49970.0,8,4.837329673087214e-06
credit_limit,255200.0,8,4.837329673087214e-06
credit_limit,40720.0,8,4.837329673087214e-06
credit_limit,56540.0,8,4.837329673087214e-06
credit_limit,107220.0,8,4.837329673087214e-06
credit_limit,175570.0,8,4.837329673087214e-06
credit_limit,87515.0,8,4.837329673087214e-06
credit_limit,191260.0,8,4.837329673087214e-06
credit_limit,98360.0,8,4.837329673087214e-06
credit_limit,49650.0,8,4.837329673087214e-06
credit_limit,118260.0,8,4.837329673087214e-06
credit_limit,55110.0,8,4.837329673087214e-06
credit_limit,25850.0,8,4.837329673087214e-06
credit_limit,43220.0,8,4.837329673087214e-06
credit_limit,27980.0,8,4.837329673087214e-06
credit_limit,94870.0,8,4.837329673087214e-06
credit_limit,69850.0,8,4.837329673087214e-06
credit_limit,244900.0,8,4.837329673087214e-06
credit_limit,86480.0,8,4.837329673087214e-06
credit_limit,29560.0,8,4.837329673087214e-06
credit_limit,43650.0,8,4.837329673087214e-06
credit_limit,125580.0,8,4.837329673087214e-06
credit_limit,112825.0,8,4.837329673087214e-06
credit_limit,37180.0,8,4.837329673087214e-06
credit_limit,59250.0,8,4.837329673087214e-06
credit_limit,105010.0,8,4.837329673087214e-06
credit_limit,25530.0,8,4.837329673087214e-06
credit_limit,21930.0,8,4.837329673087214e-06
credit_limit,41285.0,8,4.837329673087214e-06
credit_limit,94075.0,8,4.837329673087214e-06
credit_limit,60030.0,8,4.837329673087214e-06
credit_limit,34040.0,8,4.837329673087214e-06
credit_limit,266200.0,8,4.837329673087214e-06
credit_limit,20450.0,8,4.837329673087214e-06
credit_limit,16340.0,8,4.837329673087214e-06
credit_limit,117665.0,8,4.837329673087214e-06
credit_limit,73340.0,8,4.837329673087214e-06
credit_limit,56870.0,8,4.837329673087214e-06
credit_limit,131540.0,8,4.837329673087214e-06
credit_limit,38870.0,8,4.837329673087214e-06
credit_limit,70480.0,8,4.837329673087214e-06
credit_limit,43780.0,8,4.837329673087214e-06
credit_limit,37350.0,8,4.837329673087214e-06
credit_limit,25725.0,8,4.837329673087214e-06
credit_limit,111895.0,8,4.837329673087214e-06
credit_limit,22950.0,8,4.837329673087214e-06
credit_limit,67375.0,8,4.837329673087214e-06
credit_limit,149470.0,8,4.837329673087214e-06
credit_limit,82280.0,8,4.837329673087214e-06
credit_limit,61080.0,8,4.837329673087214e-06
credit_limit,59455.0,8,4.837329673087214e-06
credit_limit,39680.0,8,4.837329673087214e-06
credit_limit,15150.0,8,4.837329673087214e-06
credit_limit,250000.0,8,4.837329673087214e-06
credit_limit,40650.0,8,4.837329673087214e-06
credit_limit,35280.0,8,4.837329673087214e-06
credit_limit,43120.0,8,4.837329673087214e-06
credit_limit,238000.0,8,4.837329673087214e-06
credit_limit,59180.0,8,4.837329673087214e-06
credit_limit,15660.0,8,4.837329673087214e-06
credit_limit,47630.0,8,4.837329673087214e-06
credit_limit,25840.0,8,4.837329673087214e-06
credit_limit,52480.0,8,4.837329673087214e-06
credit_limit,61065.0,8,4.837329673087214e-06
credit_limit,125250.0,8,4.837329673087214e-06
credit_limit,42550.0,8,4.837329673087214e-06
credit_limit,16350.0,8,4.837329673087214e-06
credit_limit,28240.0,8,4.837329673087214e-06
credit_limit,38295.0,8,4.837329673087214e-06
credit_limit,69805.0,8,4.837329673087214e-06
credit_limit,37290.0,8,4.837329673087214e-06
credit_limit,77970.0,7,4.232663463951312e-06
credit_limit,43110.0,7,4.232663463951312e-06
credit_limit,38280.0,7,4.232663463951312e-06
credit_limit,51880.0,7,4.232663463951312e-06
credit_limit,55050.0,7,4.232663463951312e-06
credit_limit,38250.0,7,4.232663463951312e-06
credit_limit,75040.0,7,4.232663463951312e-06
credit_limit,35320.0,7,4.232663463951312e-06
credit_limit,109540.0,7,4.232663463951312e-06
credit_limit,24675.0,7,4.232663463951312e-06
credit_limit,105830.0,7,4.232663463951312e-06
credit_limit,19660.0,7,4.232663463951312e-06
credit_limit,44620.0,7,4.232663463951312e-06
credit_limit,55910.0,7,4.232663463951312e-06
credit_limit,147530.0,7,4.232663463951312e-06
credit_limit,95510.0,7,4.232663463951312e-06
credit_limit,138090.0,7,4.232663463951312e-06
credit_limit,31185.0,7,4.232663463951312e-06
credit_limit,38355.0,7,4.232663463951312e-06
credit_limit,52070.0,7,4.232663463951312e-06
credit_limit,37120.0,7,4.232663463951312e-06
credit_limit,133990.0,7,4.232663463951312e-06
credit_limit,32835.0,7,4.232663463951312e-06
credit_limit,44505.0,7,4.232663463951312e-06
credit_limit,70870.0,7,4.232663463951312e-06
credit_limit,223800.0,7,4.232663463951312e-06
credit_limit,46345.0,7,4.232663463951312e-06
credit_limit,54150.0,7,4.232663463951312e-06
credit_limit,52650.0,7,4.232663463951312e-06
credit_limit,75790.0,7,4.232663463951312e-06
credit_limit,36630.0,7,4.232663463951312e-06
credit_limit,71450.0,7,4.232663463951312e-06
credit_limit,27160.0,7,4.232663463951312e-06
credit_limit,104505.0,7,4.232663463951312e-06
credit_limit,74090.0,7,4.232663463951312e-06
credit_limit,120510.0,7,4.232663463951312e-06
credit_limit,57730.0,7,4.232663463951312e-06
credit_limit,191560.0,7,4.232663463951312e-06
credit_limit,152890.0,7,4.232663463951312e-06
credit_limit,78845.0,7,4.232663463951312e-06
credit_limit,31650.0,7,4.232663463951312e-06
credit_limit,60115.0,7,4.232663463951312e-06
credit_limit,73025.0,7,4.232663463951312e-06
credit_limit,84410.0,7,4.232663463951312e-06
credit_limit,67210.0,7,4.232663463951312e-06
credit_limit,50270.0,7,4.232663463951312e-06
credit_limit,24705.0,7,4.232663463951312e-06
credit_limit,62380.0,7,4.232663463951312e-06
credit_limit,56520.0,7,4.232663463951312e-06
credit_limit,77050.0,7,4.232663463951312e-06
credit_limit,29510.0,7,4.232663463951312e-06
credit_limit,39370.0,7,4.232663463951312e-06
credit_limit,79295.0,7,4.232663463951312e-06
credit_limit,73485.0,7,4.232663463951312e-06
credit_limit,83270.0,7,4.232663463951312e-06
credit_limit,17130.0,7,4.232663463951312e-06
credit_limit,47380.0,7,4.232663463951312e-06
credit_limit,38010.0,7,4.232663463951312e-06
credit_limit,74270.0,7,4.232663463951312e-06
credit_limit,58350.0,7,4.232663463951312e-06
credit_limit,18740.0,7,4.232663463951312e-06
credit_limit,76780.0,7,4.232663463951312e-06
credit_limit,35540.0,7,4.232663463951312e-06
credit_limit,41470.0,7,4.232663463951312e-06
credit_limit,33990.0,7,4.232663463951312e-06
credit_limit,41550.0,7,4.232663463951312e-06
credit_limit,95770.0,7,4.232663463951312e-06
credit_limit,13250.0,7,4.232663463951312e-06
credit_limit,13710.0,7,4.232663463951312e-06
credit_limit,32720.0,7,4.232663463951312e-06
credit_limit,22350.0,7,4.232663463951312e-06
credit_limit,61940.0,7,4.232663463951312e-06
credit_limit,7650.0,7,4.232663463951312e-06
credit_limit,27370.0,7,4.232663463951312e-06
credit_limit,53440.0,7,4.232663463951312e-06
credit_limit,120120.0,7,4.232663463951312e-06
credit_limit,25190.0,7,4.232663463951312e-06
credit_limit,78730.0,7,4.232663463951312e-06
credit_limit,33780.0,7,4.232663463951312e-06
credit_limit,46640.0,7,4.232663463951312e-06
credit_limit,53820.0,7,4.232663463951312e-06
credit_limit,50250.0,7,4.232663463951312e-06
credit_limit,143920.0,7,4.232663463951312e-06
credit_limit,55820.0,7,4.232663463951312e-06
credit_limit,47770.0,7,4.232663463951312e-06
credit_limit,30450.0,7,4.232663463951312e-06
credit_limit,105065.0,7,4.232663463951312e-06
credit_limit,68130.0,7,4.232663463951312e-06
credit_limit,230900.0,7,4.232663463951312e-06
credit_limit,91240.0,7,4.232663463951312e-06
credit_limit,82225.0,7,4.232663463951312e-06
credit_limit,70365.0,7,4.232663463951312e-06
credit_limit,58410.0,7,4.232663463951312e-06
credit_limit,68770.0,7,4.232663463951312e-06
credit_limit,53120.0,7,4.232663463951312e-06
credit_limit,79005.0,7,4.232663463951312e-06
credit_limit,44990.0,7,4.232663463951312e-06
credit_limit,74405.0,7,4.232663463951312e-06
credit_limit,98540.0,7,4.232663463951312e-06
credit_limit,89215.0,7,4.232663463951312e-06
credit_limit,92460.0,7,4.232663463951312e-06
credit_limit,158430.0,7,4.232663463951312e-06
credit_limit,17245.0,7,4.232663463951312e-06
credit_limit,119680.0,7,4.232663463951312e-06
credit_limit,217800.0,7,4.232663463951312e-06
credit_limit,63030.0,7,4.232663463951312e-06
credit_limit,150495.0,7,4.232663463951312e-06
credit_limit,46350.0,7,4.232663463951312e-06
credit_limit,30690.0,7,4.232663463951312e-06
credit_limit,44560.0,7,4.232663463951312e-06
credit_limit,132610.0,7,4.232663463951312e-06
credit_limit,60375.0,7,4.232663463951312e-06
credit_limit,84480.0,7,4.232663463951312e-06
credit_limit,62840.0,7,4.232663463951312e-06
credit_limit,70440.0,7,4.232663463951312e-06
credit_limit,33005.0,7,4.232663463951312e-06
credit_limit,112130.0,7,4.232663463951312e-06
credit_limit,61980.0,7,4.232663463951312e-06
credit_limit,60895.0,7,4.232663463951312e-06
credit_limit,65780.0,7,4.232663463951312e-06
credit_limit,73595.0,7,4.232663463951312e-06
credit_limit,82720.0,7,4.232663463951312e-06
credit_limit,137680.0,7,4.232663463951312e-06
credit_limit,108535.0,6,3.6279972548154105e-06
credit_limit,21125.0,6,3.6279972548154105e-06
credit_limit,118495.0,6,3.6279972548154105e-06
credit_limit,17590.0,6,3.6279972548154105e-06
credit_limit,31320.0,6,3.6279972548154105e-06
credit_limit,54920.0,6,3.6279972548154105e-06
credit_limit,75765.0,6,3.6279972548154105e-06
credit_limit,64610.0,6,3.6279972548154105e-06
credit_limit,37580.0,6,3.6279972548154105e-06
credit_limit,38755.0,6,3.6279972548154105e-06
credit_limit,88665.0,6,3.6279972548154105e-06
credit_limit,64290.0,6,3.6279972548154105e-06
credit_limit,210000.0,6,3.6279972548154105e-06
credit_limit,32895.0,6,3.6279972548154105e-06
credit_limit,33110.0,6,3.6279972548154105e-06
credit_limit,27750.0,6,3.6279972548154105e-06
credit_limit,101430.0,6,3.6279972548154105e-06
credit_limit,47615.0,6,3.6279972548154105e-06
credit_limit,58595.0,6,3.6279972548154105e-06
credit_limit,48805.0,6,3.6279972548154105e-06
credit_limit,70725.0,6,3.6279972548154105e-06
credit_limit,30250.0,6,3.6279972548154105e-06
credit_limit,22990.0,6,3.6279972548154105e-06
credit_limit,43030.0,6,3.6279972548154105e-06
credit_limit,55160.0,6,3.6279972548154105e-06
credit_limit,47250.0,6,3.6279972548154105e-06
credit_limit,37050.0,6,3.6279972548154105e-06
credit_limit,110975.0,6,3.6279972548154105e-06
credit_limit,54080.0,6,3.6279972548154105e-06
credit_limit,5260.0,6,3.6279972548154105e-06
credit_limit,67895.0,6,3.6279972548154105e-06
credit_limit,30975.0,6,3.6279972548154105e-06
credit_limit,48950.0,6,3.6279972548154105e-06
credit_limit,50255.0,6,3.6279972548154105e-06
credit_limit,102140.0,6,3.6279972548154105e-06
credit_limit,57385.0,6,3.6279972548154105e-06
credit_limit,115980.0,6,3.6279972548154105e-06
credit_limit,21585.0,6,3.6279972548154105e-06
credit_limit,30470.0,6,3.6279972548154105e-06
credit_limit,141675.0,6,3.6279972548154105e-06
credit_limit,34050.0,6,3.6279972548154105e-06
credit_limit,80210.0,6,3.6279972548154105e-06
credit_limit,69390.0,6,3.6279972548154105e-06
credit_limit,70110.0,6,3.6279972548154105e-06
credit_limit,59485.0,6,3.6279972548154105e-06
credit_limit,83260.0,6,3.6279972548154105e-06
credit_limit,269900.0,6,3.6279972548154105e-06
credit_limit,99230.0,6,3.6279972548154105e-06
credit_limit,172640.0,6,3.6279972548154105e-06
credit_limit,16050.0,6,3.6279972548154105e-06
credit_limit,62970.0,6,3.6279972548154105e-06
credit_limit,68240.0,6,3.6279972548154105e-06
credit_limit,130370.0,6,3.6279972548154105e-06
credit_limit,24560.0,6,3.6279972548154105e-06
credit_limit,48690.0,6,3.6279972548154105e-06
credit_limit,97570.0,6,3.6279972548154105e-06
credit_limit,59510.0,6,3.6279972548154105e-06
credit_limit,19710.0,6,3.6279972548154105e-06
credit_limit,35180.0,6,3.6279972548154105e-06
credit_limit,48925.0,6,3.6279972548154105e-06
credit_limit,67730.0,6,3.6279972548154105e-06
credit_limit,107450.0,6,3.6279972548154105e-06
credit_limit,153220.0,6,3.6279972548154105e-06
credit_limit,107210.0,6,3.6279972548154105e-06
credit_limit,17850.0,6,3.6279972548154105e-06
credit_limit,255000.0,6,3.6279972548154105e-06
credit_limit,63960.0,6,3.6279972548154105e-06
credit_limit,109525.0,6,3.6279972548154105e-06
credit_limit,50850.0,6,3.6279972548154105e-06
credit_limit,66030.0,6,3.6279972548154105e-06
credit_limit,20150.0,6,3.6279972548154105e-06
credit_limit,38410.0,6,3.6279972548154105e-06
credit_limit,240000.0,6,3.6279972548154105e-06
credit_limit,65320.0,6,3.6279972548154105e-06
credit_limit,56840.0,6,3.6279972548154105e-06
credit_limit,37225.0,6,3.6279972548154105e-06
credit_limit,32550.0,6,3.6279972548154105e-06
credit_limit,111550.0,6,3.6279972548154105e-06
credit_limit,48185.0,6,3.6279972548154105e-06
credit_limit,45120.0,6,3.6279972548154105e-06
credit_limit,16430.0,6,3.6279972548154105e-06
credit_limit,46420.0,6,3.6279972548154105e-06
credit_limit,18730.0,6,3.6279972548154105e-06
credit_limit,45130.0,6,3.6279972548154105e-06
credit_limit,48030.0,6,3.6279972548154105e-06
credit_limit,81970.0,6,3.6279972548154105e-06
credit_limit,109940.0,6,3.6279972548154105e-06
credit_limit,56340.0,6,3.6279972548154105e-06
credit_limit,67620.0,6,3.6279972548154105e-06
credit_limit,77650.0,6,3.6279972548154105e-06
credit_limit,58520.0,6,3.6279972548154105e-06
credit_limit,77440.0,6,3.6279972548154105e-06
credit_limit,75430.0,6,3.6279972548154105e-06
credit_limit,38170.0,6,3.6279972548154105e-06
credit_limit,189960.0,6,3.6279972548154105e-06
credit_limit,98380.0,6,3.6279972548154105e-06
credit_limit,63640.0,6,3.6279972548154105e-06
credit_limit,18460.0,6,3.6279972548154105e-06
credit_limit,246100.0,6,3.6279972548154105e-06
credit_limit,41420.0,6,3.6279972548154105e-06
credit_limit,26040.0,6,3.6279972548154105e-06
credit_limit,52280.0,6,3.6279972548154105e-06
credit_limit,52425.0,6,3.6279972548154105e-06
credit_limit,104955.0,6,3.6279972548154105e-06
credit_limit,138665.0,6,3.6279972548154105e-06
credit_limit,28780.0,6,3.6279972548154105e-06
credit_limit,68640.0,6,3.6279972548154105e-06
credit_limit,29260.0,6,3.6279972548154105e-06
credit_limit,21020.0,6,3.6279972548154105e-06
credit_limit,35695.0,6,3.6279972548154105e-06
credit_limit,41975.0,6,3.6279972548154105e-06
credit_limit,47190.0,6,3.6279972548154105e-06
credit_limit,39905.0,6,3.6279972548154105e-06
credit_limit,19990.0,6,3.6279972548154105e-06
credit_limit,44640.0,6,3.6279972548154105e-06
credit_limit,57615.0,6,3.6279972548154105e-06
credit_limit,107520.0,6,3.6279972548154105e-06
credit_limit,40620.0,6,3.6279972548154105e-06
credit_limit,9450.0,6,3.6279972548154105e-06
credit_limit,53475.0,6,3.6279972548154105e-06
credit_limit,35550.0,6,3.6279972548154105e-06
credit_limit,39420.0,6,3.6279972548154105e-06
credit_limit,36450.0,6,3.6279972548154105e-06
credit_limit,87710.0,6,3.6279972548154105e-06
credit_limit,25380.0,6,3.6279972548154105e-06
credit_limit,108180.0,6,3.6279972548154105e-06
credit_limit,30990.0,6,3.6279972548154105e-06
credit_limit,21150.0,6,3.6279972548154105e-06
credit_limit,62445.0,6,3.6279972548154105e-06
credit_limit,70650.0,6,3.6279972548154105e-06
credit_limit,71760.0,6,3.6279972548154105e-06
credit_limit,48290.0,6,3.6279972548154105e-06
credit_limit,119440.0,6,3.6279972548154105e-06
credit_limit,75120.0,6,3.6279972548154105e-06
credit_limit,203900.0,6,3.6279972548154105e-06
credit_limit,55350.0,6,3.6279972548154105e-06
credit_limit,31975.0,6,3.6279972548154105e-06
credit_limit,140495.0,6,3.6279972548154105e-06
credit_limit,36855.0,6,3.6279972548154105e-06
credit_limit,40450.0,6,3.6279972548154105e-06
credit_limit,89570.0,6,3.6279972548154105e-06
credit_limit,83710.0,6,3.6279972548154105e-06
credit_limit,29540.0,6,3.6279972548154105e-06
credit_limit,27075.0,6,3.6279972548154105e-06
credit_limit,36095.0,6,3.6279972548154105e-06
credit_limit,46590.0,6,3.6279972548154105e-06
credit_limit,60070.0,6,3.6279972548154105e-06
credit_limit,80750.0,6,3.6279972548154105e-06
credit_limit,56040.0,6,3.6279972548154105e-06
credit_limit,68420.0,5,3.0233310456795087e-06
credit_limit,39030.0,5,3.0233310456795087e-06
credit_limit,54190.0,5,3.0233310456795087e-06
credit_limit,22930.0,5,3.0233310456795087e-06
credit_limit,47155.0,5,3.0233310456795087e-06
credit_limit,57420.0,5,3.0233310456795087e-06
credit_limit,47780.0,5,3.0233310456795087e-06
credit_limit,25415.0,5,3.0233310456795087e-06
credit_limit,84805.0,5,3.0233310456795087e-06
credit_limit,14730.0,5,3.0233310456795087e-06
credit_limit,17960.0,5,3.0233310456795087e-06
credit_limit,62530.0,5,3.0233310456795087e-06
credit_limit,74890.0,5,3.0233310456795087e-06
credit_limit,72710.0,5,3.0233310456795087e-06
credit_limit,28430.0,5,3.0233310456795087e-06
credit_limit,210100.0,5,3.0233310456795087e-06
credit_limit,36670.0,5,3.0233310456795087e-06
credit_limit,41305.0,5,3.0233310456795087e-06
credit_limit,32660.0,5,3.0233310456795087e-06
credit_limit,28710.0,5,3.0233310456795087e-06
credit_limit,61320.0,5,3.0233310456795087e-06
credit_limit,13910.0,5,3.0233310456795087e-06
credit_limit,27450.0,5,3.0233310456795087e-06
credit_limit,170155.0,5,3.0233310456795087e-06
credit_limit,55430.0,5,3.0233310456795087e-06
credit_limit,45570.0,5,3.0233310456795087e-06
credit_limit,53930.0,5,3.0233310456795087e-06
credit_limit,264000.0,5,3.0233310456795087e-06
credit_limit,43280.0,5,3.0233310456795087e-06
credit_limit,83865.0,5,3.0233310456795087e-06
credit_limit,20090.0,5,3.0233310456795087e-06
credit_limit,50930.0,5,3.0233310456795087e-06
credit_limit,74330.0,5,3.0233310456795087e-06
credit_limit,54625.0,5,3.0233310456795087e-06
credit_limit,43665.0,5,3.0233310456795087e-06
credit_limit,203200.0,5,3.0233310456795087e-06
credit_limit,57310.0,5,3.0233310456795087e-06
credit_limit,31530.0,5,3.0233310456795087e-06
credit_limit,51020.0,5,3.0233310456795087e-06
credit_limit,50015.0,5,3.0233310456795087e-06
credit_limit,68470.0,5,3.0233310456795087e-06
credit_limit,71245.0,5,3.0233310456795087e-06
credit_limit,30550.0,5,3.0233310456795087e-06
credit_limit,6350.0,5,3.0233310456795087e-06
credit_limit,51510.0,5,3.0233310456795087e-06
credit_limit,94345.0,5,3.0233310456795087e-06
credit_limit,106270.0,5,3.0233310456795087e-06
credit_limit,45320.0,5,3.0233310456795087e-06
credit_limit,25695.0,5,3.0233310456795087e-06
credit_limit,65190.0,5,3.0233310456795087e-06
credit_limit,58220.0,5,3.0233310456795087e-06
credit_limit,19645.0,5,3.0233310456795087e-06
credit_limit,56580.0,5,3.0233310456795087e-06
credit_limit,49060.0,5,3.0233310456795087e-06
credit_limit,58430.0,5,3.0233310456795087e-06
credit_limit,80970.0,5,3.0233310456795087e-06
credit_limit,33955.0,5,3.0233310456795087e-06
credit_limit,74575.0,5,3.0233310456795087e-06
credit_limit,54810.0,5,3.0233310456795087e-06
credit_limit,110730.0,5,3.0233310456795087e-06
credit_limit,39060.0,5,3.0233310456795087e-06
credit_limit,80740.0,5,3.0233310456795087e-06
credit_limit,20335.0,5,3.0233310456795087e-06
credit_limit,258900.0,5,3.0233310456795087e-06
credit_limit,244100.0,5,3.0233310456795087e-06
credit_limit,17410.0,5,3.0233310456795087e-06
credit_limit,58575.0,5,3.0233310456795087e-06
credit_limit,72050.0,5,3.0233310456795087e-06
credit_limit,59140.0,5,3.0233310456795087e-06
credit_limit,36780.0,5,3.0233310456795087e-06
credit_limit,46710.0,5,3.0233310456795087e-06
credit_limit,43930.0,5,3.0233310456795087e-06
credit_limit,44740.0,5,3.0233310456795087e-06
credit_limit,28140.0,5,3.0233310456795087e-06
credit_limit,28325.0,5,3.0233310456795087e-06
credit_limit,63595.0,5,3.0233310456795087e-06
credit_limit,57150.0,5,3.0233310456795087e-06
credit_limit,26930.0,5,3.0233310456795087e-06
credit_limit,33360.0,5,3.0233310456795087e-06
credit_limit,20550.0,5,3.0233310456795087e-06
credit_limit,45495.0,5,3.0233310456795087e-06
credit_limit,49105.0,5,3.0233310456795087e-06
credit_limit,31240.0,5,3.0233310456795087e-06
credit_limit,86485.0,5,3.0233310456795087e-06
credit_limit,75440.0,5,3.0233310456795087e-06
credit_limit,61220.0,5,3.0233310456795087e-06
credit_limit,70350.0,5,3.0233310456795087e-06
credit_limit,32630.0,5,3.0233310456795087e-06
credit_limit,34185.0,5,3.0233310456795087e-06
credit_limit,37595.0,5,3.0233310456795087e-06
credit_limit,44340.0,5,3.0233310456795087e-06
credit_limit,29460.0,5,3.0233310456795087e-06
credit_limit,63020.0,5,3.0233310456795087e-06
credit_limit,139670.0,5,3.0233310456795087e-06
credit_limit,28180.0,5,3.0233310456795087e-06
credit_limit,62410.0,5,3.0233310456795087e-06
credit_limit,85465.0,5,3.0233310456795087e-06
credit_limit,136955.0,5,3.0233310456795087e-06
credit_limit,70795.0,5,3.0233310456795087e-06
credit_limit,33230.0,5,3.0233310456795087e-06
credit_limit,62560.0,5,3.0233310456795087e-06
credit_limit,49950.0,5,3.0233310456795087e-06
credit_limit,44420.0,5,3.0233310456795087e-06
credit_limit,36150.0,5,3.0233310456795087e-06
credit_limit,29760.0,5,3.0233310456795087e-06
credit_limit,45210.0,5,3.0233310456795087e-06
credit_limit,73450.0,5,3.0233310456795087e-06
credit_limit,63645.0,5,3.0233310456795087e-06
credit_limit,48735.0,5,3.0233310456795087e-06
credit_limit,65680.0,5,3.0233310456795087e-06
credit_limit,64210.0,5,3.0233310456795087e-06
credit_limit,6030.0,5,3.0233310456795087e-06
credit_limit,91080.0,5,3.0233310456795087e-06
credit_limit,198540.0,5,3.0233310456795087e-06
credit_limit,49025.0,5,3.0233310456795087e-06
credit_limit,99870.0,5,3.0233310456795087e-06
credit_limit,61440.0,5,3.0233310456795087e-06
credit_limit,38230.0,5,3.0233310456795087e-06
credit_limit,38060.0,5,3.0233310456795087e-06
credit_limit,150905.0,5,3.0233310456795087e-06
credit_limit,79640.0,5,3.0233310456795087e-06
credit_limit,242800.0,5,3.0233310456795087e-06
credit_limit,24310.0,5,3.0233310456795087e-06
credit_limit,104305.0,5,3.0233310456795087e-06
credit_limit,56910.0,5,3.0233310456795087e-06
credit_limit,62120.0,5,3.0233310456795087e-06
credit_limit,30750.0,5,3.0233310456795087e-06
credit_limit,64680.0,5,3.0233310456795087e-06
credit_limit,93810.0,5,3.0233310456795087e-06
credit_limit,76820.0,5,3.0233310456795087e-06
credit_limit,100850.0,5,3.0233310456795087e-06
credit_limit,60285.0,5,3.0233310456795087e-06
credit_limit,101765.0,5,3.0233310456795087e-06
credit_limit,74370.0,5,3.0233310456795087e-06
credit_limit,29450.0,5,3.0233310456795087e-06
credit_limit,85310.0,5,3.0233310456795087e-06
credit_limit,103070.0,5,3.0233310456795087e-06
credit_limit,54195.0,5,3.0233310456795087e-06
credit_limit,27190.0,5,3.0233310456795087e-06
credit_limit,76015.0,5,3.0233310456795087e-06
credit_limit,73925.0,5,3.0233310456795087e-06
credit_limit,36660.0,5,3.0233310456795087e-06
credit_limit,224800.0,5,3.0233310456795087e-06
credit_limit,55270.0,5,3.0233310456795087e-06
credit_limit,59010.0,5,3.0233310456795087e-06
credit_limit,51370.0,5,3.0233310456795087e-06
credit_limit,42150.0,5,3.0233310456795087e-06
credit_limit,42050.0,5,3.0233310456795087e-06
credit_limit,33695.0,5,3.0233310456795087e-06
credit_limit,42950.0,5,3.0233310456795087e-06
credit_limit,54120.0,5,3.0233310456795087e-06
credit_limit,121115.0,5,3.0233310456795087e-06
credit_limit,38715.0,5,3.0233310456795087e-06
credit_limit,123025.0,5,3.0233310456795087e-06
credit_limit,22670.0,5,3.0233310456795087e-06
credit_limit,51865.0,5,3.0233310456795087e-06
credit_limit,29245.0,5,3.0233310456795087e-06
credit_limit,62480.0,5,3.0233310456795087e-06
credit_limit,208800.0,5,3.0233310456795087e-06
credit_limit,67155.0,5,3.0233310456795087e-06
credit_limit,20250.0,5,3.0233310456795087e-06
credit_limit,26720.0,5,3.0233310456795087e-06
credit_limit,75010.0,5,3.0233310456795087e-06
credit_limit,46240.0,5,3.0233310456795087e-06
credit_limit,126065.0,5,3.0233310456795087e-06
credit_limit,59850.0,5,3.0233310456795087e-06
credit_limit,42570.0,5,3.0233310456795087e-06
credit_limit,62265.0,5,3.0233310456795087e-06
credit_limit,93350.0,5,3.0233310456795087e-06
credit_limit,31290.0,5,3.0233310456795087e-06
credit_limit,38920.0,5,3.0233310456795087e-06
credit_limit,55840.0,5,3.0233310456795087e-06
credit_limit,50715.0,5,3.0233310456795087e-06
credit_limit,105625.0,5,3.0233310456795087e-06
credit_limit,51450.0,5,3.0233310456795087e-06
credit_limit,43445.0,5,3.0233310456795087e-06
credit_limit,260000.0,5,3.0233310456795087e-06
credit_limit,40795.0,5,3.0233310456795087e-06
credit_limit,78745.0,5,3.0233310456795087e-06
credit_limit,82690.0,5,3.0233310456795087e-06
credit_limit,12920.0,5,3.0233310456795087e-06
credit_limit,46905.0,5,3.0233310456795087e-06
credit_limit,43580.0,5,3.0233310456795087e-06
credit_limit,41190.0,5,3.0233310456795087e-06
credit_limit,47265.0,5,3.0233310456795087e-06
credit_limit,91420.0,5,3.0233310456795087e-06
credit_limit,57020.0,5,3.0233310456795087e-06
credit_limit,32695.0,5,3.0233310456795087e-06
credit_limit,102695.0,5,3.0233310456795087e-06
credit_limit,159460.0,5,3.0233310456795087e-06
credit_limit,55035.0,5,3.0233310456795087e-06
credit_limit,19050.0,5,3.0233310456795087e-06
credit_limit,71180.0,5,3.0233310456795087e-06
credit_limit,76595.0,5,3.0233310456795087e-06
credit_limit,16570.0,5,3.0233310456795087e-06
credit_limit,92555.0,5,3.0233310456795087e-06
credit_limit,42420.0,5,3.0233310456795087e-06
credit_limit,17935.0,5,3.0233310456795087e-06
credit_limit,149975.0,5,3.0233310456795087e-06
credit_limit,62250.0,5,3.0233310456795087e-06
credit_limit,59525.0,5,3.0233310456795087e-06
credit_limit,102525.0,5,3.0233310456795087e-06
credit_limit,23410.0,5,3.0233310456795087e-06
credit_limit,28130.0,5,3.0233310456795087e-06
credit_limit,45655.0,5,3.0233310456795087e-06
credit_limit,268500.0,5,3.0233310456795087e-06
credit_limit,44535.0,5,3.0233310456795087e-06
credit_limit,81465.0,5,3.0233310456795087e-06
credit_limit,19290.0,4,2.418664836543607e-06
credit_limit,49520.0,4,2.418664836543607e-06
credit_limit,33245.0,4,2.418664836543607e-06
credit_limit,67980.0,4,2.418664836543607e-06
credit_limit,64515.0,4,2.418664836543607e-06
credit_limit,27130.0,4,2.418664836543607e-06
credit_limit,70050.0,4,2.418664836543607e-06
credit_limit,10060.0,4,2.418664836543607e-06
credit_limit,215600.0,4,2.418664836543607e-06
credit_limit,66725.0,4,2.418664836543607e-06
credit_limit,91180.0,4,2.418664836543607e-06
credit_limit,42760.0,4,2.418664836543607e-06
credit_limit,80290.0,4,2.418664836543607e-06
credit_limit,94880.0,4,2.418664836543607e-06
credit_limit,101220.0,4,2.418664836543607e-06
credit_limit,24905.0,4,2.418664836543607e-06
credit_limit,72210.0,4,2.418664836543607e-06
credit_limit,241500.0,4,2.418664836543607e-06
credit_limit,68290.0,4,2.418664836543607e-06
credit_limit,86440.0,4,2.418664836543607e-06
credit_limit,36190.0,4,2.418664836543607e-06
credit_limit,22275.0,4,2.418664836543607e-06
credit_limit,98165.0,4,2.418664836543607e-06
credit_limit,52030.0,4,2.418664836543607e-06
credit_limit,27270.0,4,2.418664836543607e-06
credit_limit,81240.0,4,2.418664836543607e-06
credit_limit,51895.0,4,2.418664836543607e-06
credit_limit,44480.0,4,2.418664836543607e-06
credit_limit,108410.0,4,2.418664836543607e-06
credit_limit,112215.0,4,2.418664836543607e-06
credit_limit,106140.0,4,2.418664836543607e-06
credit_limit,54290.0,4,2.418664836543607e-06
credit_limit,127385.0,4,2.418664836543607e-06
credit_limit,103745.0,4,2.418664836543607e-06
credit_limit,56810.0,4,2.418664836543607e-06
credit_limit,37670.0,4,2.418664836543607e-06
credit_limit,29220.0,4,2.418664836543607e-06
credit_limit,82130.0,4,2.418664836543607e-06
credit_limit,29130.0,4,2.418664836543607e-06
credit_limit,49720.0,4,2.418664836543607e-06
credit_limit,43140.0,4,2.418664836543607e-06
credit_limit,40910.0,4,2.418664836543607e-06
credit_limit,55220.0,4,2.418664836543607e-06
credit_limit,138990.0,4,2.418664836543607e-06
credit_limit,84375.0,4,2.418664836543607e-06
credit_limit,57210.0,4,2.418664836543607e-06
credit_limit,69590.0,4,2.418664836543607e-06
credit_limit,45705.0,4,2.418664836543607e-06
credit_limit,90290.0,4,2.418664836543607e-06
credit_limit,66180.0,4,2.418664836543607e-06
credit_limit,54110.0,4,2.418664836543607e-06
credit_limit,23570.0,4,2.418664836543607e-06
credit_limit,95530.0,4,2.418664836543607e-06
credit_limit,48540.0,4,2.418664836543607e-06
credit_limit,23890.0,4,2.418664836543607e-06
credit_limit,78650.0,4,2.418664836543607e-06
credit_limit,42680.0,4,2.418664836543607e-06
credit_limit,67370.0,4,2.418664836543607e-06
credit_limit,113465.0,4,2.418664836543607e-06
credit_limit,81075.0,4,2.418664836543607e-06
credit_limit,54405.0,4,2.418664836543607e-06
credit_limit,32470.0,4,2.418664836543607e-06
credit_limit,72130.0,4,2.418664836543607e-06
credit_limit,33340.0,4,2.418664836543607e-06
credit_limit,44995.0,4,2.418664836543607e-06
credit_limit,68645.0,4,2.418664836543607e-06
credit_limit,104610.0,4,2.418664836543607e-06
credit_limit,109230.0,4,2.418664836543607e-06
credit_limit,70950.0,4,2.418664836543607e-06
credit_limit,107130.0,4,2.418664836543607e-06
credit_limit,74550.0,4,2.418664836543607e-06
credit_limit,92320.0,4,2.418664836543607e-06
credit_limit,38825.0,4,2.418664836543607e-06
credit_limit,82245.0,4,2.418664836543607e-06
credit_limit,93880.0,4,2.418664836543607e-06
credit_limit,51175.0,4,2.418664836543607e-06
credit_limit,94140.0,4,2.418664836543607e-06
credit_limit,23470.0,4,2.418664836543607e-06
credit_limit,19750.0,4,2.418664836543607e-06
credit_limit,119920.0,4,2.418664836543607e-06
credit_limit,41120.0,4,2.418664836543607e-06
credit_limit,49170.0,4,2.418664836543607e-06
credit_limit,27040.0,4,2.418664836543607e-06
credit_limit,46050.0,4,2.418664836543607e-06
credit_limit,80270.0,4,2.418664836543607e-06
credit_limit,39310.0,4,2.418664836543607e-06
credit_limit,88320.0,4,2.418664836543607e-06
credit_limit,70070.0,4,2.418664836543607e-06
credit_limit,29780.0,4,2.418664836543607e-06
credit_limit,214800.0,4,2.418664836543607e-06
credit_limit,36650.0,4,2.418664836543607e-06
credit_limit,76810.0,4,2.418664836543607e-06
credit_limit,30120.0,4,2.418664836543607e-06
credit_limit,141260.0,4,2.418664836543607e-06
credit_limit,19415.0,4,2.418664836543607e-06
credit_limit,209000.0,4,2.418664836543607e-06
credit_limit,20260.0,4,2.418664836543607e-06
credit_limit,118885.0,4,2.418664836543607e-06
credit_limit,12450.0,4,2.418664836543607e-06
credit_limit,19520.0,4,2.418664836543607e-06
credit_limit,30630.0,4,2.418664836543607e-06
credit_limit,77980.0,4,2.418664836543607e-06
credit_limit,51980.0,4,2.418664836543607e-06
credit_limit,42710.0,4,2.418664836543607e-06
credit_limit,72180.0,4,2.418664836543607e-06
credit_limit,98035.0,4,2.418664836543607e-06
credit_limit,7340.0,4,2.418664836543607e-06
credit_limit,56410.0,4,2.418664836543607e-06
credit_limit,33010.0,4,2.418664836543607e-06
credit_limit,36885.0,4,2.418664836543607e-06
credit_limit,114420.0,4,2.418664836543607e-06
credit_limit,80630.0,4,2.418664836543607e-06
credit_limit,81170.0,4,2.418664836543607e-06
credit_limit,11060.0,4,2.418664836543607e-06
credit_limit,54510.0,4,2.418664836543607e-06
credit_limit,145560.0,4,2.418664836543607e-06
credit_limit,41230.0,4,2.418664836543607e-06
credit_limit,114735.0,4,2.418664836543607e-06
credit_limit,56170.0,4,2.418664836543607e-06
credit_limit,42250.0,4,2.418664836543607e-06
credit_limit,18120.0,4,2.418664836543607e-06
credit_limit,150020.0,4,2.418664836543607e-06
credit_limit,73770.0,4,2.418664836543607e-06
credit_limit,36740.0,4,2.418664836543607e-06
credit_limit,26780.0,4,2.418664836543607e-06
credit_limit,76470.0,4,2.418664836543607e-06
credit_limit,35750.0,4,2.418664836543607e-06
credit_limit,115995.0,4,2.418664836543607e-06
credit_limit,28990.0,4,2.418664836543607e-06
credit_limit,45110.0,4,2.418664836543607e-06
credit_limit,58920.0,4,2.418664836543607e-06
credit_limit,43585.0,4,2.418664836543607e-06
credit_limit,18660.0,4,2.418664836543607e-06
credit_limit,46020.0,4,2.418664836543607e-06
credit_limit,26385.0,4,2.418664836543607e-06
credit_limit,119550.0,4,2.418664836543607e-06
credit_limit,12675.0,4,2.418664836543607e-06
credit_limit,64450.0,4,2.418664836543607e-06
credit_limit,139425.0,4,2.418664836543607e-06
credit_limit,49715.0,4,2.418664836543607e-06
credit_limit,18050.0,4,2.418664836543607e-06
credit_limit,22340.0,4,2.418664836543607e-06
credit_limit,9640.0,4,2.418664836543607e-06
credit_limit,114685.0,4,2.418664836543607e-06
credit_limit,34450.0,4,2.418664836543607e-06
credit_limit,53015.0,4,2.418664836543607e-06
credit_limit,84075.0,4,2.418664836543607e-06
credit_limit,57510.0,4,2.418664836543607e-06
credit_limit,54690.0,4,2.418664836543607e-06
credit_limit,80370.0,4,2.418664836543607e-06
credit_limit,116740.0,4,2.418664836543607e-06
credit_limit,44760.0,4,2.418664836543607e-06
credit_limit,201800.0,4,2.418664836543607e-06
credit_limit,113790.0,4,2.418664836543607e-06
credit_limit,102730.0,4,2.418664836543607e-06
credit_limit,48645.0,4,2.418664836543607e-06
credit_limit,56865.0,4,2.418664836543607e-06
credit_limit,45425.0,4,2.418664836543607e-06
credit_limit,50510.0,4,2.418664836543607e-06
credit_limit,43745.0,4,2.418664836543607e-06
credit_limit,88770.0,4,2.418664836543607e-06
credit_limit,43690.0,4,2.418664836543607e-06
credit_limit,96780.0,4,2.418664836543607e-06
credit_limit,6260.0,4,2.418664836543607e-06
credit_limit,103320.0,4,2.418664836543607e-06
credit_limit,48240.0,4,2.418664836543607e-06
credit_limit,22590.0,4,2.418664836543607e-06
credit_limit,119880.0,4,2.418664836543607e-06
credit_limit,73535.0,4,2.418664836543607e-06
credit_limit,22450.0,4,2.418664836543607e-06
credit_limit,46520.0,4,2.418664836543607e-06
credit_limit,89270.0,4,2.418664836543607e-06
credit_limit,71170.0,4,2.418664836543607e-06
credit_limit,207800.0,4,2.418664836543607e-06
credit_limit,37240.0,4,2.418664836543607e-06
credit_limit,121790.0,4,2.418664836543607e-06
credit_limit,84605.0,4,2.418664836543607e-06
credit_limit,92805.0,4,2.418664836543607e-06
credit_limit,63550.0,4,2.418664836543607e-06
credit_limit,18955.0,4,2.418664836543607e-06
credit_limit,154195.0,4,2.418664836543607e-06
credit_limit,101155.0,4,2.418664836543607e-06
credit_limit,66890.0,4,2.418664836543607e-06
credit_limit,66585.0,4,2.418664836543607e-06
credit_limit,56750.0,4,2.418664836543607e-06
credit_limit,108295.0,4,2.418664836543607e-06
credit_limit,22230.0,4,2.418664836543607e-06
credit_limit,24760.0,4,2.418664836543607e-06
credit_limit,37650.0,4,2.418664836543607e-06
credit_limit,118170.0,4,2.418664836543607e-06
credit_limit,44235.0,4,2.418664836543607e-06
credit_limit,255100.0,4,2.418664836543607e-06
credit_limit,49925.0,4,2.418664836543607e-06
credit_limit,47495.0,4,2.418664836543607e-06
credit_limit,79360.0,4,2.418664836543607e-06
credit_limit,50550.0,4,2.418664836543607e-06
credit_limit,67660.0,4,2.418664836543607e-06
credit_limit,86320.0,4,2.418664836543607e-06
credit_limit,153670.0,4,2.418664836543607e-06
credit_limit,42990.0,4,2.418664836543607e-06
credit_limit,44260.0,4,2.418664836543607e-06
credit_limit,183005.0,4,2.418664836543607e-06
credit_limit,71070.0,4,2.418664836543607e-06
credit_limit,69115.0,4,2.418664836543607e-06
credit_limit,60010.0,4,2.418664836543607e-06
credit_limit,45510.0,4,2.418664836543607e-06
credit_limit,75325.0,4,2.418664836543607e-06
credit_limit,145180.0,4,2.418664836543607e-06
credit_limit,34310.0,4,2.418664836543607e-06
credit_limit,248400.0,4,2.418664836543607e-06
credit_limit,147640.0,4,2.418664836543607e-06
credit_limit,63430.0,4,2.418664836543607e-06
credit_limit,106760.0,4,2.418664836543607e-06
credit_limit,232800.0,4,2.418664836543607e-06
credit_limit,81570.0,4,2.418664836543607e-06
credit_limit,58965.0,4,2.418664836543607e-06
credit_limit,32320.0,4,2.418664836543607e-06
credit_limit,92940.0,4,2.418664836543607e-06
credit_limit,49580.0,4,2.418664836543607e-06
credit_limit,71355.0,4,2.418664836543607e-06
credit_limit,26490.0,4,2.418664836543607e-06
credit_limit,17190.0,4,2.418664836543607e-06
credit_limit,49870.0,4,2.418664836543607e-06
credit_limit,99910.0,4,2.418664836543607e-06
credit_limit,81850.0,4,2.418664836543607e-06
credit_limit,400.0,4,2.418664836543607e-06
credit_limit,52590.0,4,2.418664836543607e-06
credit_limit,54270.0,4,2.418664836543607e-06
credit_limit,39830.0,4,2.418664836543607e-06
credit_limit,201400.0,4,2.418664836543607e-06
credit_limit,260900.0,4,2.418664836543607e-06
credit_limit,89330.0,4,2.418664836543607e-06
credit_limit,42595.0,4,2.418664836543607e-06
credit_limit,37470.0,4,2.418664836543607e-06
credit_limit,61670.0,4,2.418664836543607e-06
credit_limit,18750.0,4,2.418664836543607e-06
credit_limit,115365.0,4,2.418664836543607e-06
credit_limit,74905.0,4,2.418664836543607e-06
credit_limit,46250.0,4,2.418664836543607e-06
credit_limit,37530.0,4,2.418664836543607e-06
credit_limit,49630.0,4,2.418664836543607e-06
credit_limit,64795.0,4,2.418664836543607e-06
credit_limit,18165.0,4,2.418664836543607e-06
credit_limit,46860.0,4,2.418664836543607e-06
credit_limit,70320.0,4,2.418664836543607e-06
credit_limit,11280.0,4,2.418664836543607e-06
credit_limit,94965.0,4,2.418664836543607e-06
credit_limit,87860.0,4,2.418664836543607e-06
credit_limit,215900.0,4,2.418664836543607e-06
credit_limit,60160.0,4,2.418664836543607e-06
credit_limit,112050.0,4,2.418664836543607e-06
credit_limit,105480.0,4,2.418664836543607e-06
credit_limit,125130.0,4,2.418664836543607e-06
credit_limit,83290.0,4,2.418664836543607e-06
credit_limit,28690.0,4,2.418664836543607e-06
credit_limit,62130.0,4,2.418664836543607e-06
credit_limit,34630.0,4,2.418664836543607e-06
credit_limit,61985.0,4,2.418664836543607e-06
credit_limit,32580.0,4,2.418664836543607e-06
credit_limit,32095.0,4,2.418664836543607e-06
credit_limit,6695.0,4,2.418664836543607e-06
credit_limit,139240.0,4,2.418664836543607e-06
credit_limit,6740.0,4,2.418664836543607e-06
credit_limit,111155.0,4,2.418664836543607e-06
credit_limit,20590.0,4,2.418664836543607e-06
credit_limit,225200.0,4,2.418664836543607e-06
credit_limit,210500.0,4,2.418664836543607e-06
credit_limit,11540.0,4,2.418664836543607e-06
credit_limit,100510.0,4,2.418664836543607e-06
credit_limit,45150.0,4,2.418664836543607e-06
credit_limit,58280.0,4,2.418664836543607e-06
credit_limit,33355.0,4,2.418664836543607e-06
credit_limit,15420.0,4,2.418664836543607e-06
credit_limit,101120.0,4,2.418664836543607e-06
credit_limit,18045.0,4,2.418664836543607e-06
credit_limit,67780.0,4,2.418664836543607e-06
credit_limit,105055.0,4,2.418664836543607e-06
credit_limit,19070.0,4,2.418664836543607e-06
credit_limit,67140.0,4,2.418664836543607e-06
credit_limit,93760.0,4,2.418664836543607e-06
credit_limit,36570.0,4,2.418664836543607e-06
credit_limit,46980.0,4,2.418664836543607e-06
credit_limit,67665.0,4,2.418664836543607e-06
credit_limit,19490.0,4,2.418664836543607e-06
credit_limit,254000.0,4,2.418664836543607e-06
credit_limit,66145.0,4,2.418664836543607e-06
credit_limit,88550.0,4,2.418664836543607e-06
credit_limit,20660.0,4,2.418664836543607e-06
credit_limit,78465.0,4,2.418664836543607e-06
credit_limit,22160.0,4,2.418664836543607e-06
credit_limit,51280.0,4,2.418664836543607e-06
credit_limit,50760.0,4,2.418664836543607e-06
credit_limit,217300.0,4,2.418664836543607e-06
credit_limit,16650.0,4,2.418664836543607e-06
credit_limit,38880.0,4,2.418664836543607e-06
credit_limit,59320.0,4,2.418664836543607e-06
credit_limit,12750.0,4,2.418664836543607e-06
credit_limit,182255.0,4,2.418664836543607e-06
credit_limit,37860.0,4,2.418664836543607e-06
credit_limit,120555.0,4,2.418664836543607e-06
credit_limit,61190.0,4,2.418664836543607e-06
credit_limit,211700.0,4,2.418664836543607e-06
credit_limit,83420.0,4,2.418664836543607e-06
credit_limit,64130.0,4,2.418664836543607e-06
credit_limit,41250.0,4,2.418664836543607e-06
credit_limit,117850.0,4,2.418664836543607e-06
credit_limit,40840.0,4,2.418664836543607e-06
credit_limit,32375.0,4,2.418664836543607e-06
credit_limit,282800.0,4,2.418664836543607e-06
credit_limit,57860.0,4,2.418664836543607e-06
credit_limit,105020.0,4,2.418664836543607e-06
credit_limit,10620.0,4,2.418664836543607e-06
credit_limit,43950.0,4,2.418664836543607e-06
credit_limit,62980.0,4,2.418664836543607e-06
credit_limit,146005.0,4,2.418664836543607e-06
credit_limit,84020.0,4,2.418664836543607e-06
credit_limit,115270.0,4,2.418664836543607e-06
credit_limit,32490.0,4,2.418664836543607e-06
credit_limit,60550.0,4,2.418664836543607e-06
credit_limit,22565.0,4,2.418664836543607e-06
credit_limit,88780.0,4,2.418664836543607e-06
credit_limit,121880.0,4,2.418664836543607e-06
credit_limit,45020.0,4,2.418664836543607e-06
credit_limit,42740.0,3,1.8139986274077052e-06
credit_limit,112280.0,3,1.8139986274077052e-06
credit_limit,56760.0,3,1.8139986274077052e-06
credit_limit,32260.0,3,1.8139986274077052e-06
credit_limit,54420.0,3,1.8139986274077052e-06
credit_limit,61850.0,3,1.8139986274077052e-06
credit_limit,98680.0,3,1.8139986274077052e-06
credit_limit,52010.0,3,1.8139986274077052e-06
credit_limit,10395.0,3,1.8139986274077052e-06
credit_limit,165495.0,3,1.8139986274077052e-06
credit_limit,44190.0,3,1.8139986274077052e-06
credit_limit,146255.0,3,1.8139986274077052e-06
credit_limit,72170.0,3,1.8139986274077052e-06
credit_limit,115305.0,3,1.8139986274077052e-06
credit_limit,106020.0,3,1.8139986274077052e-06
credit_limit,47420.0,3,1.8139986274077052e-06
credit_limit,77660.0,3,1.8139986274077052e-06
credit_limit,47565.0,3,1.8139986274077052e-06
credit_limit,30220.0,3,1.8139986274077052e-06
credit_limit,46460.0,3,1.8139986274077052e-06
credit_limit,58805.0,3,1.8139986274077052e-06
credit_limit,127595.0,3,1.8139986274077052e-06
credit_limit,83145.0,3,1.8139986274077052e-06
credit_limit,195880.0,3,1.8139986274077052e-06
credit_limit,10360.0,3,1.8139986274077052e-06
credit_limit,49620.0,3,1.8139986274077052e-06
credit_limit,267700.0,3,1.8139986274077052e-06
credit_limit,36685.0,3,1.8139986274077052e-06
credit_limit,54580.0,3,1.8139986274077052e-06
credit_limit,82610.0,3,1.8139986274077052e-06
credit_limit,93720.0,3,1.8139986274077052e-06
credit_limit,50390.0,3,1.8139986274077052e-06
credit_limit,79450.0,3,1.8139986274077052e-06
credit_limit,50835.0,3,1.8139986274077052e-06
credit_limit,49670.0,3,1.8139986274077052e-06
credit_limit,70580.0,3,1.8139986274077052e-06
credit_limit,40160.0,3,1.8139986274077052e-06
credit_limit,55250.0,3,1.8139986274077052e-06
credit_limit,156340.0,3,1.8139986274077052e-06
credit_limit,50710.0,3,1.8139986274077052e-06
credit_limit,64965.0,3,1.8139986274077052e-06
credit_limit,209800.0,3,1.8139986274077052e-06
credit_limit,37750.0,3,1.8139986274077052e-06
credit_limit,60915.0,3,1.8139986274077052e-06
credit_limit,100830.0,3,1.8139986274077052e-06
credit_limit,116675.0,3,1.8139986274077052e-06
credit_limit,165770.0,3,1.8139986274077052e-06
credit_limit,4540.0,3,1.8139986274077052e-06
credit_limit,25610.0,3,1.8139986274077052e-06
credit_limit,43925.0,3,1.8139986274077052e-06
credit_limit,144270.0,3,1.8139986274077052e-06
credit_limit,91550.0,3,1.8139986274077052e-06
credit_limit,48025.0,3,1.8139986274077052e-06
credit_limit,19820.0,3,1.8139986274077052e-06
credit_limit,79855.0,3,1.8139986274077052e-06
credit_limit,42480.0,3,1.8139986274077052e-06
credit_limit,53020.0,3,1.8139986274077052e-06
credit_limit,28570.0,3,1.8139986274077052e-06
credit_limit,37035.0,3,1.8139986274077052e-06
credit_limit,55770.0,3,1.8139986274077052e-06
credit_limit,224200.0,3,1.8139986274077052e-06
credit_limit,23605.0,3,1.8139986274077052e-06
credit_limit,238600.0,3,1.8139986274077052e-06
credit_limit,58075.0,3,1.8139986274077052e-06
credit_limit,20440.0,3,1.8139986274077052e-06
credit_limit,15110.0,3,1.8139986274077052e-06
credit_limit,176595.0,3,1.8139986274077052e-06
credit_limit,80575.0,3,1.8139986274077052e-06
credit_limit,113180.0,3,1.8139986274077052e-06
credit_limit,42530.0,3,1.8139986274077052e-06
credit_limit,106050.0,3,1.8139986274077052e-06
credit_limit,10140.0,3,1.8139986274077052e-06
credit_limit,231700.0,3,1.8139986274077052e-06
credit_limit,85480.0,3,1.8139986274077052e-06
credit_limit,42325.0,3,1.8139986274077052e-06
credit_limit,96255.0,3,1.8139986274077052e-06
credit_limit,91565.0,3,1.8139986274077052e-06
credit_limit,171305.0,3,1.8139986274077052e-06
credit_limit,143550.0,3,1.8139986274077052e-06
credit_limit,16110.0,3,1.8139986274077052e-06
credit_limit,50480.0,3,1.8139986274077052e-06
credit_limit,53330.0,3,1.8139986274077052e-06
credit_limit,56950.0,3,1.8139986274077052e-06
credit_limit,220700.0,3,1.8139986274077052e-06
credit_limit,60280.0,3,1.8139986274077052e-06
credit_limit,13940.0,3,1.8139986274077052e-06
credit_limit,11340.0,3,1.8139986274077052e-06
credit_limit,58480.0,3,1.8139986274077052e-06
credit_limit,95460.0,3,1.8139986274077052e-06
credit_limit,27240.0,3,1.8139986274077052e-06
credit_limit,25925.0,3,1.8139986274077052e-06
credit_limit,90170.0,3,1.8139986274077052e-06
credit_limit,146160.0,3,1.8139986274077052e-06
credit_limit,16540.0,3,1.8139986274077052e-06
credit_limit,25290.0,3,1.8139986274077052e-06
credit_limit,59520.0,3,1.8139986274077052e-06
credit_limit,219700.0,3,1.8139986274077052e-06
credit_limit,41065.0,3,1.8139986274077052e-06
credit_limit,30795.0,3,1.8139986274077052e-06
credit_limit,73480.0,3,1.8139986274077052e-06
credit_limit,33030.0,3,1.8139986274077052e-06
credit_limit,21680.0,3,1.8139986274077052e-06
credit_limit,160605.0,3,1.8139986274077052e-06
credit_limit,82710.0,3,1.8139986274077052e-06
credit_limit,58190.0,3,1.8139986274077052e-06
credit_limit,137460.0,3,1.8139986274077052e-06
credit_limit,119895.0,3,1.8139986274077052e-06
credit_limit,63310.0,3,1.8139986274077052e-06
credit_limit,68380.0,3,1.8139986274077052e-06
credit_limit,245000.0,3,1.8139986274077052e-06
credit_limit,103420.0,3,1.8139986274077052e-06
credit_limit,27810.0,3,1.8139986274077052e-06
credit_limit,39620.0,3,1.8139986274077052e-06
credit_limit,78540.0,3,1.8139986274077052e-06
credit_limit,15210.0,3,1.8139986274077052e-06
credit_limit,239500.0,3,1.8139986274077052e-06
credit_limit,15860.0,3,1.8139986274077052e-06
credit_limit,162560.0,3,1.8139986274077052e-06
credit_limit,135980.0,3,1.8139986274077052e-06
credit_limit,104750.0,3,1.8139986274077052e-06
credit_limit,28360.0,3,1.8139986274077052e-06
credit_limit,124380.0,3,1.8139986274077052e-06
credit_limit,45430.0,3,1.8139986274077052e-06
credit_limit,247500.0,3,1.8139986274077052e-06
credit_limit,34910.0,3,1.8139986274077052e-06
credit_limit,48530.0,3,1.8139986274077052e-06
credit_limit,73670.0,3,1.8139986274077052e-06
credit_limit,84120.0,3,1.8139986274077052e-06
credit_limit,134970.0,3,1.8139986274077052e-06
credit_limit,33240.0,3,1.8139986274077052e-06
credit_limit,94430.0,3,1.8139986274077052e-06
credit_limit,21470.0,3,1.8139986274077052e-06
credit_limit,60610.0,3,1.8139986274077052e-06
credit_limit,111520.0,3,1.8139986274077052e-06
credit_limit,29370.0,3,1.8139986274077052e-06
credit_limit,53245.0,3,1.8139986274077052e-06
credit_limit,53380.0,3,1.8139986274077052e-06
credit_limit,15995.0,3,1.8139986274077052e-06
credit_limit,65280.0,3,1.8139986274077052e-06
credit_limit,31840.0,3,1.8139986274077052e-06
credit_limit,26280.0,3,1.8139986274077052e-06
credit_limit,54390.0,3,1.8139986274077052e-06
credit_limit,57690.0,3,1.8139986274077052e-06
credit_limit,55725.0,3,1.8139986274077052e-06
credit_limit,29295.0,3,1.8139986274077052e-06
credit_limit,100290.0,3,1.8139986274077052e-06
credit_limit,46940.0,3,1.8139986274077052e-06
credit_limit,63095.0,3,1.8139986274077052e-06
credit_limit,53445.0,3,1.8139986274077052e-06
credit_limit,11830.0,3,1.8139986274077052e-06
credit_limit,18395.0,3,1.8139986274077052e-06
credit_limit,16860.0,3,1.8139986274077052e-06
credit_limit,35090.0,3,1.8139986274077052e-06
credit_limit,87350.0,3,1.8139986274077052e-06
credit_limit,77170.0,3,1.8139986274077052e-06
credit_limit,86805.0,3,1.8139986274077052e-06
credit_limit,135515.0,3,1.8139986274077052e-06
credit_limit,224500.0,3,1.8139986274077052e-06
credit_limit,100180.0,3,1.8139986274077052e-06
credit_limit,51480.0,3,1.8139986274077052e-06
credit_limit,155460.0,3,1.8139986274077052e-06
credit_limit,34145.0,3,1.8139986274077052e-06
credit_limit,188380.0,3,1.8139986274077052e-06
credit_limit,43530.0,3,1.8139986274077052e-06
credit_limit,139870.0,3,1.8139986274077052e-06
credit_limit,187610.0,3,1.8139986274077052e-06
credit_limit,64940.0,3,1.8139986274077052e-06
credit_limit,41435.0,3,1.8139986274077052e-06
credit_limit,42640.0,3,1.8139986274077052e-06
credit_limit,49565.0,3,1.8139986274077052e-06
credit_limit,52340.0,3,1.8139986274077052e-06
credit_limit,11655.0,3,1.8139986274077052e-06
credit_limit,35730.0,3,1.8139986274077052e-06
credit_limit,30880.0,3,1.8139986274077052e-06
credit_limit,64720.0,3,1.8139986274077052e-06
credit_limit,9830.0,3,1.8139986274077052e-06
credit_limit,41160.0,3,1.8139986274077052e-06
credit_limit,44710.0,3,1.8139986274077052e-06
credit_limit,74395.0,3,1.8139986274077052e-06
credit_limit,53920.0,3,1.8139986274077052e-06
credit_limit,33395.0,3,1.8139986274077052e-06
credit_limit,166955.0,3,1.8139986274077052e-06
credit_limit,46090.0,3,1.8139986274077052e-06
credit_limit,13740.0,3,1.8139986274077052e-06
credit_limit,28220.0,3,1.8139986274077052e-06
credit_limit,32585.0,3,1.8139986274077052e-06
credit_limit,18070.0,3,1.8139986274077052e-06
credit_limit,51815.0,3,1.8139986274077052e-06
credit_limit,52950.0,3,1.8139986274077052e-06
credit_limit,35580.0,3,1.8139986274077052e-06
credit_limit,52360.0,3,1.8139986274077052e-06
credit_limit,27580.0,3,1.8139986274077052e-06
credit_limit,9920.0,3,1.8139986274077052e-06
credit_limit,44920.0,3,1.8139986274077052e-06
credit_limit,31255.0,3,1.8139986274077052e-06
credit_limit,138820.0,3,1.8139986274077052e-06
credit_limit,142205.0,3,1.8139986274077052e-06
credit_limit,93430.0,3,1.8139986274077052e-06
credit_limit,15330.0,3,1.8139986274077052e-06
credit_limit,159670.0,3,1.8139986274077052e-06
credit_limit,70020.0,3,1.8139986274077052e-06
credit_limit,35635.0,3,1.8139986274077052e-06
credit_limit,70540.0,3,1.8139986274077052e-06
credit_limit,59580.0,3,1.8139986274077052e-06
credit_limit,30960.0,3,1.8139986274077052e-06
credit_limit,53650.0,3,1.8139986274077052e-06
credit_limit,14170.0,3,1.8139986274077052e-06
credit_limit,70230.0,3,1.8139986274077052e-06
credit_limit,122130.0,3,1.8139986274077052e-06
credit_limit,18940.0,3,1.8139986274077052e-06
credit_limit,58760.0,3,1.8139986274077052e-06
credit_limit,42360.0,3,1.8139986274077052e-06
credit_limit,78510.0,3,1.8139986274077052e-06
credit_limit,141860.0,3,1.8139986274077052e-06
credit_limit,108595.0,3,1.8139986274077052e-06
credit_limit,29015.0,3,1.8139986274077052e-06
credit_limit,6980.0,3,1.8139986274077052e-06
credit_limit,46950.0,3,1.8139986274077052e-06
credit_limit,77830.0,3,1.8139986274077052e-06
credit_limit,55550.0,3,1.8139986274077052e-06
credit_limit,50190.0,3,1.8139986274077052e-06
credit_limit,40750.0,3,1.8139986274077052e-06
credit_limit,60145.0,3,1.8139986274077052e-06
credit_limit,61710.0,3,1.8139986274077052e-06
credit_limit,28260.0,3,1.8139986274077052e-06
credit_limit,75405.0,3,1.8139986274077052e-06
credit_limit,76920.0,3,1.8139986274077052e-06
credit_limit,67550.0,3,1.8139986274077052e-06
credit_limit,31730.0,3,1.8139986274077052e-06
credit_limit,36245.0,3,1.8139986274077052e-06
credit_limit,57110.0,3,1.8139986274077052e-06
credit_limit,141155.0,3,1.8139986274077052e-06
credit_limit,41980.0,3,1.8139986274077052e-06
credit_limit,82310.0,3,1.8139986274077052e-06
credit_limit,204200.0,3,1.8139986274077052e-06
credit_limit,36350.0,3,1.8139986274077052e-06
credit_limit,164130.0,3,1.8139986274077052e-06
credit_limit,20480.0,3,1.8139986274077052e-06
credit_limit,39640.0,3,1.8139986274077052e-06
credit_limit,31570.0,3,1.8139986274077052e-06
credit_limit,75170.0,3,1.8139986274077052e-06
credit_limit,140195.0,3,1.8139986274077052e-06
credit_limit,63090.0,3,1.8139986274077052e-06
credit_limit,37230.0,3,1.8139986274077052e-06
credit_limit,120540.0,3,1.8139986274077052e-06
credit_limit,37340.0,3,1.8139986274077052e-06
credit_limit,43350.0,3,1.8139986274077052e-06
credit_limit,92325.0,3,1.8139986274077052e-06
credit_limit,23250.0,3,1.8139986274077052e-06
credit_limit,63650.0,3,1.8139986274077052e-06
credit_limit,254400.0,3,1.8139986274077052e-06
credit_limit,61925.0,3,1.8139986274077052e-06
credit_limit,30410.0,3,1.8139986274077052e-06
credit_limit,24280.0,3,1.8139986274077052e-06
credit_limit,83540.0,3,1.8139986274077052e-06
credit_limit,139350.0,3,1.8139986274077052e-06
credit_limit,18570.0,3,1.8139986274077052e-06
credit_limit,32150.0,3,1.8139986274077052e-06
credit_limit,58455.0,3,1.8139986274077052e-06
credit_limit,51850.0,3,1.8139986274077052e-06
credit_limit,117010.0,3,1.8139986274077052e-06
credit_limit,66050.0,3,1.8139986274077052e-06
credit_limit,91580.0,3,1.8139986274077052e-06
credit_limit,99085.0,3,1.8139986274077052e-06
credit_limit,55060.0,3,1.8139986274077052e-06
credit_limit,23125.0,3,1.8139986274077052e-06
credit_limit,122350.0,3,1.8139986274077052e-06
credit_limit,119035.0,3,1.8139986274077052e-06
credit_limit,246400.0,3,1.8139986274077052e-06
credit_limit,22890.0,3,1.8139986274077052e-06
credit_limit,43450.0,3,1.8139986274077052e-06
credit_limit,60920.0,3,1.8139986274077052e-06
credit_limit,58530.0,3,1.8139986274077052e-06
credit_limit,25220.0,3,1.8139986274077052e-06
credit_limit,31710.0,3,1.8139986274077052e-06
credit_limit,76120.0,3,1.8139986274077052e-06
credit_limit,110810.0,3,1.8139986274077052e-06
credit_limit,59450.0,3,1.8139986274077052e-06
credit_limit,73520.0,3,1.8139986274077052e-06
credit_limit,33280.0,3,1.8139986274077052e-06
credit_limit,78515.0,3,1.8139986274077052e-06
credit_limit,26860.0,3,1.8139986274077052e-06
credit_limit,35250.0,3,1.8139986274077052e-06
credit_limit,53680.0,3,1.8139986274077052e-06
credit_limit,15650.0,3,1.8139986274077052e-06
credit_limit,35410.0,3,1.8139986274077052e-06
credit_limit,85610.0,3,1.8139986274077052e-06
credit_limit,25490.0,3,1.8139986274077052e-06
credit_limit,32440.0,3,1.8139986274077052e-06
credit_limit,55775.0,3,1.8139986274077052e-06
credit_limit,101560.0,3,1.8139986274077052e-06
credit_limit,24590.0,3,1.8139986274077052e-06
credit_limit,97150.0,3,1.8139986274077052e-06
credit_limit,61460.0,3,1.8139986274077052e-06
credit_limit,63060.0,3,1.8139986274077052e-06
credit_limit,20540.0,3,1.8139986274077052e-06
credit_limit,59135.0,3,1.8139986274077052e-06
credit_limit,25810.0,3,1.8139986274077052e-06
credit_limit,42440.0,3,1.8139986274077052e-06
credit_limit,56360.0,3,1.8139986274077052e-06
credit_limit,72350.0,3,1.8139986274077052e-06
credit_limit,261200.0,3,1.8139986274077052e-06
credit_limit,41650.0,3,1.8139986274077052e-06
credit_limit,31580.0,3,1.8139986274077052e-06
credit_limit,46125.0,3,1.8139986274077052e-06
credit_limit,280000.0,3,1.8139986274077052e-06
credit_limit,130020.0,3,1.8139986274077052e-06
credit_limit,64285.0,3,1.8139986274077052e-06
credit_limit,60750.0,3,1.8139986274077052e-06
credit_limit,66610.0,3,1.8139986274077052e-06
credit_limit,28650.0,3,1.8139986274077052e-06
credit_limit,65670.0,3,1.8139986274077052e-06
credit_limit,53550.0,3,1.8139986274077052e-06
credit_limit,40560.0,3,1.8139986274077052e-06
credit_limit,13030.0,3,1.8139986274077052e-06
credit_limit,235000.0,3,1.8139986274077052e-06
credit_limit,38720.0,3,1.8139986274077052e-06
credit_limit,177215.0,3,1.8139986274077052e-06
credit_limit,130340.0,3,1.8139986274077052e-06
credit_limit,81520.0,3,1.8139986274077052e-06
credit_limit,48260.0,3,1.8139986274077052e-06
credit_limit,213600.0,3,1.8139986274077052e-06
credit_limit,58780.0,3,1.8139986274077052e-06
credit_limit,81825.0,3,1.8139986274077052e-06
credit_limit,68350.0,3,1.8139986274077052e-06
credit_limit,26845.0,3,1.8139986274077052e-06
credit_limit,40135.0,3,1.8139986274077052e-06
credit_limit,16680.0,3,1.8139986274077052e-06
credit_limit,26580.0,3,1.8139986274077052e-06
credit_limit,93045.0,3,1.8139986274077052e-06
credit_limit,35260.0,3,1.8139986274077052e-06
credit_limit,72490.0,3,1.8139986274077052e-06
credit_limit,82450.0,3,1.8139986274077052e-06
credit_limit,56790.0,3,1.8139986274077052e-06
credit_limit,96410.0,3,1.8139986274077052e-06
credit_limit,84170.0,3,1.8139986274077052e-06
credit_limit,7120.0,3,1.8139986274077052e-06
credit_limit,125360.0,3,1.8139986274077052e-06
credit_limit,203500.0,3,1.8139986274077052e-06
credit_limit,14240.0,3,1.8139986274077052e-06
credit_limit,5370.0,3,1.8139986274077052e-06
credit_limit,77460.0,3,1.8139986274077052e-06
credit_limit,43880.0,3,1.8139986274077052e-06
credit_limit,28540.0,3,1.8139986274077052e-06
credit_limit,83550.0,3,1.8139986274077052e-06
credit_limit,163870.0,3,1.8139986274077052e-06
credit_limit,183950.0,3,1.8139986274077052e-06
credit_limit,27520.0,3,1.8139986274077052e-06
credit_limit,100370.0,3,1.8139986274077052e-06
credit_limit,19760.0,3,1.8139986274077052e-06
credit_limit,84260.0,3,1.8139986274077052e-06
credit_limit,104510.0,3,1.8139986274077052e-06
credit_limit,9160.0,3,1.8139986274077052e-06
credit_limit,33475.0,3,1.8139986274077052e-06
credit_limit,25030.0,3,1.8139986274077052e-06
credit_limit,96980.0,3,1.8139986274077052e-06
credit_limit,35065.0,3,1.8139986274077052e-06
credit_limit,10190.0,3,1.8139986274077052e-06
credit_limit,8680.0,3,1.8139986274077052e-06
credit_limit,47765.0,3,1.8139986274077052e-06
credit_limit,78750.0,3,1.8139986274077052e-06
credit_limit,253300.0,3,1.8139986274077052e-06
credit_limit,94205.0,3,1.8139986274077052e-06
credit_limit,88960.0,3,1.8139986274077052e-06
credit_limit,96530.0,3,1.8139986274077052e-06
credit_limit,38350.0,3,1.8139986274077052e-06
credit_limit,91445.0,3,1.8139986274077052e-06
credit_limit,7830.0,3,1.8139986274077052e-06
credit_limit,61045.0,3,1.8139986274077052e-06
credit_limit,24605.0,3,1.8139986274077052e-06
credit_limit,5560.0,3,1.8139986274077052e-06
credit_limit,85845.0,3,1.8139986274077052e-06
credit_limit,59370.0,3,1.8139986274077052e-06
credit_limit,205500.0,3,1.8139986274077052e-06
credit_limit,216100.0,3,1.8139986274077052e-06
credit_limit,26060.0,3,1.8139986274077052e-06
credit_limit,99935.0,3,1.8139986274077052e-06
credit_limit,88265.0,3,1.8139986274077052e-06
credit_limit,38910.0,3,1.8139986274077052e-06
credit_limit,72410.0,3,1.8139986274077052e-06
credit_limit,51970.0,3,1.8139986274077052e-06
credit_limit,79780.0,3,1.8139986274077052e-06
credit_limit,34955.0,3,1.8139986274077052e-06
credit_limit,55830.0,3,1.8139986274077052e-06
credit_limit,41060.0,3,1.8139986274077052e-06
credit_limit,60720.0,3,1.8139986274077052e-06
credit_limit,95280.0,3,1.8139986274077052e-06
credit_limit,35175.0,3,1.8139986274077052e-06
credit_limit,22620.0,3,1.8139986274077052e-06
credit_limit,70255.0,3,1.8139986274077052e-06
credit_limit,32455.0,3,1.8139986274077052e-06
credit_limit,65480.0,3,1.8139986274077052e-06
credit_limit,78450.0,3,1.8139986274077052e-06
credit_limit,41970.0,3,1.8139986274077052e-06
credit_limit,16360.0,3,1.8139986274077052e-06
credit_limit,43630.0,3,1.8139986274077052e-06
credit_limit,106255.0,3,1.8139986274077052e-06
credit_limit,50625.0,3,1.8139986274077052e-06
credit_limit,95725.0,3,1.8139986274077052e-06
credit_limit,232200.0,3,1.8139986274077052e-06
credit_limit,182840.0,3,1.8139986274077052e-06
credit_limit,67650.0,3,1.8139986274077052e-06
credit_limit,17360.0,3,1.8139986274077052e-06
credit_limit,32040.0,3,1.8139986274077052e-06
credit_limit,57125.0,3,1.8139986274077052e-06
credit_limit,57360.0,3,1.8139986274077052e-06
credit_limit,75480.0,3,1.8139986274077052e-06
credit_limit,29980.0,3,1.8139986274077052e-06
credit_limit,27570.0,3,1.8139986274077052e-06
credit_limit,26480.0,3,1.8139986274077052e-06
credit_limit,36130.0,3,1.8139986274077052e-06
credit_limit,39245.0,3,1.8139986274077052e-06
credit_limit,71490.0,3,1.8139986274077052e-06
credit_limit,85670.0,3,1.8139986274077052e-06
credit_limit,38925.0,3,1.8139986274077052e-06
credit_limit,31745.0,3,1.8139986274077052e-06
credit_limit,100030.0,3,1.8139986274077052e-06
credit_limit,45660.0,3,1.8139986274077052e-06
credit_limit,202600.0,3,1.8139986274077052e-06
credit_limit,28250.0,3,1.8139986274077052e-06
credit_limit,41310.0,3,1.8139986274077052e-06
credit_limit,47410.0,3,1.8139986274077052e-06
credit_limit,6020.0,3,1.8139986274077052e-06
credit_limit,87250.0,3,1.8139986274077052e-06
credit_limit,50150.0,3,1.8139986274077052e-06
credit_limit,62260.0,3,1.8139986274077052e-06
credit_limit,51270.0,3,1.8139986274077052e-06
credit_limit,33760.0,3,1.8139986274077052e-06
credit_limit,83605.0,3,1.8139986274077052e-06
credit_limit,47035.0,3,1.8139986274077052e-06
credit_limit,130795.0,3,1.8139986274077052e-06
credit_limit,80420.0,3,1.8139986274077052e-06
credit_limit,48350.0,3,1.8139986274077052e-06
credit_limit,73730.0,3,1.8139986274077052e-06
credit_limit,35040.0,3,1.8139986274077052e-06
credit_limit,44770.0,3,1.8139986274077052e-06
credit_limit,30530.0,3,1.8139986274077052e-06
credit_limit,104280.0,3,1.8139986274077052e-06
credit_limit,37345.0,3,1.8139986274077052e-06
credit_limit,56060.0,3,1.8139986274077052e-06
credit_limit,7890.0,3,1.8139986274077052e-06
credit_limit,62210.0,3,1.8139986274077052e-06
credit_limit,174270.0,3,1.8139986274077052e-06
credit_limit,48990.0,3,1.8139986274077052e-06
credit_limit,99540.0,3,1.8139986274077052e-06
credit_limit,179570.0,3,1.8139986274077052e-06
credit_limit,169970.0,3,1.8139986274077052e-06
credit_limit,81860.0,3,1.8139986274077052e-06
credit_limit,222500.0,3,1.8139986274077052e-06
credit_limit,21350.0,3,1.8139986274077052e-06
credit_limit,126055.0,3,1.8139986274077052e-06
credit_limit,66945.0,3,1.8139986274077052e-06
credit_limit,85180.0,3,1.8139986274077052e-06
credit_limit,13360.0,3,1.8139986274077052e-06
credit_limit,56280.0,3,1.8139986274077052e-06
credit_limit,70845.0,3,1.8139986274077052e-06
credit_limit,66940.0,3,1.8139986274077052e-06
credit_limit,125320.0,3,1.8139986274077052e-06
credit_limit,6145.0,3,1.8139986274077052e-06
credit_limit,31490.0,3,1.8139986274077052e-06
credit_limit,42755.0,3,1.8139986274077052e-06
credit_limit,125090.0,3,1.8139986274077052e-06
credit_limit,19540.0,3,1.8139986274077052e-06
credit_limit,71670.0,3,1.8139986274077052e-06
credit_limit,9255.0,3,1.8139986274077052e-06
credit_limit,131585.0,3,1.8139986274077052e-06
credit_limit,47960.0,3,1.8139986274077052e-06
credit_limit,36810.0,3,1.8139986274077052e-06
credit_limit,64030.0,3,1.8139986274077052e-06
credit_limit,89370.0,3,1.8139986274077052e-06
credit_limit,53150.0,3,1.8139986274077052e-06
credit_limit,42820.0,3,1.8139986274077052e-06
credit_limit,54825.0,3,1.8139986274077052e-06
credit_limit,56770.0,3,1.8139986274077052e-06
credit_limit,211200.0,3,1.8139986274077052e-06
credit_limit,76140.0,3,1.8139986274077052e-06
credit_limit,58010.0,3,1.8139986274077052e-06
credit_limit,6460.0,3,1.8139986274077052e-06
credit_limit,70610.0,3,1.8139986274077052e-06
credit_limit,75495.0,3,1.8139986274077052e-06
credit_limit,33550.0,3,1.8139986274077052e-06
credit_limit,210800.0,3,1.8139986274077052e-06
credit_limit,36030.0,3,1.8139986274077052e-06
credit_limit,41180.0,3,1.8139986274077052e-06
credit_limit,122165.0,3,1.8139986274077052e-06
credit_limit,58330.0,3,1.8139986274077052e-06
credit_limit,89320.0,3,1.8139986274077052e-06
credit_limit,228000.0,3,1.8139986274077052e-06
credit_limit,101660.0,3,1.8139986274077052e-06
credit_limit,139115.0,3,1.8139986274077052e-06
credit_limit,39230.0,3,1.8139986274077052e-06
credit_limit,90370.0,3,1.8139986274077052e-06
credit_limit,34380.0,3,1.8139986274077052e-06
credit_limit,54890.0,3,1.8139986274077052e-06
credit_limit,237500.0,3,1.8139986274077052e-06
credit_limit,59680.0,3,1.8139986274077052e-06
credit_limit,40510.0,3,1.8139986274077052e-06
credit_limit,68280.0,3,1.8139986274077052e-06
credit_limit,61490.0,3,1.8139986274077052e-06
credit_limit,68270.0,3,1.8139986274077052e-06
credit_limit,89950.0,3,1.8139986274077052e-06
credit_limit,203700.0,3,1.8139986274077052e-06
credit_limit,35710.0,3,1.8139986274077052e-06
credit_limit,37640.0,3,1.8139986274077052e-06
credit_limit,6250.0,3,1.8139986274077052e-06
credit_limit,172750.0,3,1.8139986274077052e-06
credit_limit,69690.0,3,1.8139986274077052e-06
credit_limit,50370.0,3,1.8139986274077052e-06
credit_limit,99255.0,3,1.8139986274077052e-06
credit_limit,8290.0,3,1.8139986274077052e-06
credit_limit,54260.0,3,1.8139986274077052e-06
credit_limit,249600.0,2,1.2093324182718034e-06
credit_limit,74170.0,2,1.2093324182718034e-06
credit_limit,9820.0,2,1.2093324182718034e-06
credit_limit,37465.0,2,1.2093324182718034e-06
credit_limit,64830.0,2,1.2093324182718034e-06
credit_limit,82855.0,2,1.2093324182718034e-06
credit_limit,57795.0,2,1.2093324182718034e-06
credit_limit,9170.0,2,1.2093324182718034e-06
credit_limit,39860.0,2,1.2093324182718034e-06
credit_limit,68520.0,2,1.2093324182718034e-06
credit_limit,33870.0,2,1.2093324182718034e-06
credit_limit,75830.0,2,1.2093324182718034e-06
credit_limit,72075.0,2,1.2093324182718034e-06
credit_limit,69260.0,2,1.2093324182718034e-06
credit_limit,72240.0,2,1.2093324182718034e-06
credit_limit,84865.0,2,1.2093324182718034e-06
credit_limit,105260.0,2,1.2093324182718034e-06
credit_limit,64365.0,2,1.2093324182718034e-06
credit_limit,76150.0,2,1.2093324182718034e-06
credit_limit,51680.0,2,1.2093324182718034e-06
credit_limit,98870.0,2,1.2093324182718034e-06
credit_limit,16140.0,2,1.2093324182718034e-06
credit_limit,48810.0,2,1.2093324182718034e-06
credit_limit,87130.0,2,1.2093324182718034e-06
credit_limit,73050.0,2,1.2093324182718034e-06
credit_limit,74980.0,2,1.2093324182718034e-06
credit_limit,28910.0,2,1.2093324182718034e-06
credit_limit,76760.0,2,1.2093324182718034e-06
credit_limit,292400.0,2,1.2093324182718034e-06
credit_limit,86470.0,2,1.2093324182718034e-06
credit_limit,113150.0,2,1.2093324182718034e-06
credit_limit,13270.0,2,1.2093324182718034e-06
credit_limit,91770.0,2,1.2093324182718034e-06
credit_limit,99170.0,2,1.2093324182718034e-06
credit_limit,71705.0,2,1.2093324182718034e-06
credit_limit,45680.0,2,1.2093324182718034e-06
credit_limit,110510.0,2,1.2093324182718034e-06
credit_limit,93690.0,2,1.2093324182718034e-06
credit_limit,97680.0,2,1.2093324182718034e-06
credit_limit,35530.0,2,1.2093324182718034e-06
credit_limit,80890.0,2,1.2093324182718034e-06
credit_limit,49850.0,2,1.2093324182718034e-06
credit_limit,20545.0,2,1.2093324182718034e-06
credit_limit,99720.0,2,1.2093324182718034e-06
credit_limit,36145.0,2,1.2093324182718034e-06
credit_limit,30085.0,2,1.2093324182718034e-06
credit_limit,84380.0,2,1.2093324182718034e-06
credit_limit,22510.0,2,1.2093324182718034e-06
credit_limit,128370.0,2,1.2093324182718034e-06
credit_limit,101070.0,2,1.2093324182718034e-06
credit_limit,94620.0,2,1.2093324182718034e-06
credit_limit,44795.0,2,1.2093324182718034e-06
credit_limit,74585.0,2,1.2093324182718034e-06
credit_limit,48870.0,2,1.2093324182718034e-06
credit_limit,40880.0,2,1.2093324182718034e-06
credit_limit,58980.0,2,1.2093324182718034e-06
credit_limit,51705.0,2,1.2093324182718034e-06
credit_limit,214100.0,2,1.2093324182718034e-06
credit_limit,98920.0,2,1.2093324182718034e-06
credit_limit,83415.0,2,1.2093324182718034e-06
credit_limit,49150.0,2,1.2093324182718034e-06
credit_limit,38670.0,2,1.2093324182718034e-06
credit_limit,20315.0,2,1.2093324182718034e-06
credit_limit,25235.0,2,1.2093324182718034e-06
credit_limit,36475.0,2,1.2093324182718034e-06
credit_limit,73650.0,2,1.2093324182718034e-06
credit_limit,46450.0,2,1.2093324182718034e-06
credit_limit,63380.0,2,1.2093324182718034e-06
credit_limit,208100.0,2,1.2093324182718034e-06
credit_limit,19980.0,2,1.2093324182718034e-06
credit_limit,223700.0,2,1.2093324182718034e-06
credit_limit,49090.0,2,1.2093324182718034e-06
credit_limit,51210.0,2,1.2093324182718034e-06
credit_limit,50485.0,2,1.2093324182718034e-06
credit_limit,125370.0,2,1.2093324182718034e-06
credit_limit,77540.0,2,1.2093324182718034e-06
credit_limit,248000.0,2,1.2093324182718034e-06
credit_limit,300.0,2,1.2093324182718034e-06
credit_limit,130460.0,2,1.2093324182718034e-06
credit_limit,4340.0,2,1.2093324182718034e-06
credit_limit,26825.0,2,1.2093324182718034e-06
credit_limit,72525.0,2,1.2093324182718034e-06
credit_limit,39150.0,2,1.2093324182718034e-06
credit_limit,12380.0,2,1.2093324182718034e-06
credit_limit,84995.0,2,1.2093324182718034e-06
credit_limit,87090.0,2,1.2093324182718034e-06
credit_limit,29870.0,2,1.2093324182718034e-06
credit_limit,57970.0,2,1.2093324182718034e-06
credit_limit,54750.0,2,1.2093324182718034e-06
credit_limit,34895.0,2,1.2093324182718034e-06
credit_limit,243200.0,2,1.2093324182718034e-06
credit_limit,144470.0,2,1.2093324182718034e-06
credit_limit,99140.0,2,1.2093324182718034e-06
credit_limit,30980.0,2,1.2093324182718034e-06
credit_limit,64595.0,2,1.2093324182718034e-06
credit_limit,40960.0,2,1.2093324182718034e-06
credit_limit,48710.0,2,1.2093324182718034e-06
credit_limit,73620.0,2,1.2093324182718034e-06
credit_limit,47510.0,2,1.2093324182718034e-06
credit_limit,69125.0,2,1.2093324182718034e-06
credit_limit,96020.0,2,1.2093324182718034e-06
credit_limit,59710.0,2,1.2093324182718034e-06
credit_limit,22010.0,2,1.2093324182718034e-06
credit_limit,18180.0,2,1.2093324182718034e-06
credit_limit,18870.0,2,1.2093324182718034e-06
credit_limit,43610.0,2,1.2093324182718034e-06
credit_limit,9310.0,2,1.2093324182718034e-06
credit_limit,52370.0,2,1.2093324182718034e-06
credit_limit,31815.0,2,1.2093324182718034e-06
credit_limit,187705.0,2,1.2093324182718034e-06
credit_limit,57480.0,2,1.2093324182718034e-06
credit_limit,56130.0,2,1.2093324182718034e-06
credit_limit,49080.0,2,1.2093324182718034e-06
credit_limit,30955.0,2,1.2093324182718034e-06
credit_limit,76970.0,2,1.2093324182718034e-06
credit_limit,92195.0,2,1.2093324182718034e-06
credit_limit,236700.0,2,1.2093324182718034e-06
credit_limit,46170.0,2,1.2093324182718034e-06
credit_limit,51750.0,2,1.2093324182718034e-06
credit_limit,42095.0,2,1.2093324182718034e-06
credit_limit,92530.0,2,1.2093324182718034e-06
credit_limit,30840.0,2,1.2093324182718034e-06
credit_limit,30565.0,2,1.2093324182718034e-06
credit_limit,26895.0,2,1.2093324182718034e-06
credit_limit,49135.0,2,1.2093324182718034e-06
credit_limit,32790.0,2,1.2093324182718034e-06
credit_limit,40870.0,2,1.2093324182718034e-06
credit_limit,37210.0,2,1.2093324182718034e-06
credit_limit,83370.0,2,1.2093324182718034e-06
credit_limit,43995.0,2,1.2093324182718034e-06
credit_limit,59335.0,2,1.2093324182718034e-06
credit_limit,30350.0,2,1.2093324182718034e-06
credit_limit,37310.0,2,1.2093324182718034e-06
credit_limit,30265.0,2,1.2093324182718034e-06
credit_limit,131425.0,2,1.2093324182718034e-06
credit_limit,212700.0,2,1.2093324182718034e-06
credit_limit,19380.0,2,1.2093324182718034e-06
credit_limit,98320.0,2,1.2093324182718034e-06
credit_limit,167540.0,2,1.2093324182718034e-06
credit_limit,108210.0,2,1.2093324182718034e-06
credit_limit,52050.0,2,1.2093324182718034e-06
credit_limit,68040.0,2,1.2093324182718034e-06
credit_limit,52960.0,2,1.2093324182718034e-06
credit_limit,31810.0,2,1.2093324182718034e-06
credit_limit,119160.0,2,1.2093324182718034e-06
credit_limit,30770.0,2,1.2093324182718034e-06
credit_limit,64750.0,2,1.2093324182718034e-06
credit_limit,30415.0,2,1.2093324182718034e-06
credit_limit,121150.0,2,1.2093324182718034e-06
credit_limit,112560.0,2,1.2093324182718034e-06
credit_limit,114460.0,2,1.2093324182718034e-06
credit_limit,53320.0,2,1.2093324182718034e-06
credit_limit,19640.0,2,1.2093324182718034e-06
credit_limit,21130.0,2,1.2093324182718034e-06
credit_limit,71535.0,2,1.2093324182718034e-06
credit_limit,5145.0,2,1.2093324182718034e-06
credit_limit,38245.0,2,1.2093324182718034e-06
credit_limit,76725.0,2,1.2093324182718034e-06
credit_limit,20890.0,2,1.2093324182718034e-06
credit_limit,9425.0,2,1.2093324182718034e-06
credit_limit,7545.0,2,1.2093324182718034e-06
credit_limit,65350.0,2,1.2093324182718034e-06
credit_limit,226400.0,2,1.2093324182718034e-06
credit_limit,97370.0,2,1.2093324182718034e-06
credit_limit,34890.0,2,1.2093324182718034e-06
credit_limit,12510.0,2,1.2093324182718034e-06
credit_limit,45390.0,2,1.2093324182718034e-06
credit_limit,296900.0,2,1.2093324182718034e-06
credit_limit,99020.0,2,1.2093324182718034e-06
credit_limit,12735.0,2,1.2093324182718034e-06
credit_limit,85380.0,2,1.2093324182718034e-06
credit_limit,229900.0,2,1.2093324182718034e-06
credit_limit,54870.0,2,1.2093324182718034e-06
credit_limit,94230.0,2,1.2093324182718034e-06
credit_limit,78720.0,2,1.2093324182718034e-06
credit_limit,261700.0,2,1.2093324182718034e-06
credit_limit,60260.0,2,1.2093324182718034e-06
credit_limit,55150.0,2,1.2093324182718034e-06
credit_limit,42070.0,2,1.2093324182718034e-06
credit_limit,9485.0,2,1.2093324182718034e-06
credit_limit,120720.0,2,1.2093324182718034e-06
credit_limit,222000.0,2,1.2093324182718034e-06
credit_limit,24395.0,2,1.2093324182718034e-06
credit_limit,66880.0,2,1.2093324182718034e-06
credit_limit,94120.0,2,1.2093324182718034e-06
credit_limit,58570.0,2,1.2093324182718034e-06
credit_limit,248700.0,2,1.2093324182718034e-06
credit_limit,7085.0,2,1.2093324182718034e-06
credit_limit,7825.0,2,1.2093324182718034e-06
credit_limit,99640.0,2,1.2093324182718034e-06
credit_limit,205700.0,2,1.2093324182718034e-06
credit_limit,49695.0,2,1.2093324182718034e-06
credit_limit,23140.0,2,1.2093324182718034e-06
credit_limit,38025.0,2,1.2093324182718034e-06
credit_limit,39665.0,2,1.2093324182718034e-06
credit_limit,54140.0,2,1.2093324182718034e-06
credit_limit,32370.0,2,1.2093324182718034e-06
credit_limit,27585.0,2,1.2093324182718034e-06
credit_limit,48820.0,2,1.2093324182718034e-06
credit_limit,56890.0,2,1.2093324182718034e-06
credit_limit,67810.0,2,1.2093324182718034e-06
credit_limit,74255.0,2,1.2093324182718034e-06
credit_limit,23985.0,2,1.2093324182718034e-06
credit_limit,27820.0,2,1.2093324182718034e-06
credit_limit,22125.0,2,1.2093324182718034e-06
credit_limit,55990.0,2,1.2093324182718034e-06
credit_limit,70630.0,2,1.2093324182718034e-06
credit_limit,163540.0,2,1.2093324182718034e-06
credit_limit,61475.0,2,1.2093324182718034e-06
credit_limit,33570.0,2,1.2093324182718034e-06
credit_limit,63720.0,2,1.2093324182718034e-06
credit_limit,48590.0,2,1.2093324182718034e-06
credit_limit,120425.0,2,1.2093324182718034e-06
credit_limit,133055.0,2,1.2093324182718034e-06
credit_limit,90070.0,2,1.2093324182718034e-06
credit_limit,91440.0,2,1.2093324182718034e-06
credit_limit,39720.0,2,1.2093324182718034e-06
credit_limit,71525.0,2,1.2093324182718034e-06
credit_limit,59120.0,2,1.2093324182718034e-06
credit_limit,111160.0,2,1.2093324182718034e-06
credit_limit,90910.0,2,1.2093324182718034e-06
credit_limit,51940.0,2,1.2093324182718034e-06
credit_limit,39255.0,2,1.2093324182718034e-06
credit_limit,45870.0,2,1.2093324182718034e-06
credit_limit,176630.0,2,1.2093324182718034e-06
credit_limit,56735.0,2,1.2093324182718034e-06
credit_limit,29120.0,2,1.2093324182718034e-06
credit_limit,19410.0,2,1.2093324182718034e-06
credit_limit,74730.0,2,1.2093324182718034e-06
credit_limit,73945.0,2,1.2093324182718034e-06
credit_limit,19080.0,2,1.2093324182718034e-06
credit_limit,231500.0,2,1.2093324182718034e-06
credit_limit,65470.0,2,1.2093324182718034e-06
credit_limit,125890.0,2,1.2093324182718034e-06
credit_limit,113690.0,2,1.2093324182718034e-06
credit_limit,24790.0,2,1.2093324182718034e-06
credit_limit,38360.0,2,1.2093324182718034e-06
credit_limit,45915.0,2,1.2093324182718034e-06
credit_limit,87880.0,2,1.2093324182718034e-06
credit_limit,56465.0,2,1.2093324182718034e-06
credit_limit,34640.0,2,1.2093324182718034e-06
credit_limit,56690.0,2,1.2093324182718034e-06
credit_limit,66330.0,2,1.2093324182718034e-06
credit_limit,14055.0,2,1.2093324182718034e-06
credit_limit,85095.0,2,1.2093324182718034e-06
credit_limit,61835.0,2,1.2093324182718034e-06
credit_limit,8450.0,2,1.2093324182718034e-06
credit_limit,59895.0,2,1.2093324182718034e-06
credit_limit,10280.0,2,1.2093324182718034e-06
credit_limit,270100.0,2,1.2093324182718034e-06
credit_limit,226200.0,2,1.2093324182718034e-06
credit_limit,42580.0,2,1.2093324182718034e-06
credit_limit,142560.0,2,1.2093324182718034e-06
credit_limit,114025.0,2,1.2093324182718034e-06
credit_limit,131215.0,2,1.2093324182718034e-06
credit_limit,34820.0,2,1.2093324182718034e-06
credit_limit,23355.0,2,1.2093324182718034e-06
credit_limit,109365.0,2,1.2093324182718034e-06
credit_limit,203100.0,2,1.2093324182718034e-06
credit_limit,69270.0,2,1.2093324182718034e-06
credit_limit,5230.0,2,1.2093324182718034e-06
credit_limit,24585.0,2,1.2093324182718034e-06
credit_limit,107560.0,2,1.2093324182718034e-06
credit_limit,115535.0,2,1.2093324182718034e-06
credit_limit,43205.0,2,1.2093324182718034e-06
credit_limit,49570.0,2,1.2093324182718034e-06
credit_limit,58710.0,2,1.2093324182718034e-06
credit_limit,70450.0,2,1.2093324182718034e-06
credit_limit,200600.0,2,1.2093324182718034e-06
credit_limit,67205.0,2,1.2093324182718034e-06
credit_limit,209700.0,2,1.2093324182718034e-06
credit_limit,91545.0,2,1.2093324182718034e-06
credit_limit,28705.0,2,1.2093324182718034e-06
credit_limit,30850.0,2,1.2093324182718034e-06
credit_limit,110150.0,2,1.2093324182718034e-06
credit_limit,57170.0,2,1.2093324182718034e-06
credit_limit,47165.0,2,1.2093324182718034e-06
credit_limit,213700.0,2,1.2093324182718034e-06
credit_limit,64635.0,2,1.2093324182718034e-06
credit_limit,31380.0,2,1.2093324182718034e-06
credit_limit,20795.0,2,1.2093324182718034e-06
credit_limit,127760.0,2,1.2093324182718034e-06
credit_limit,151680.0,2,1.2093324182718034e-06
credit_limit,35590.0,2,1.2093324182718034e-06
credit_limit,70850.0,2,1.2093324182718034e-06
credit_limit,41830.0,2,1.2093324182718034e-06
credit_limit,36210.0,2,1.2093324182718034e-06
credit_limit,19930.0,2,1.2093324182718034e-06
credit_limit,69450.0,2,1.2093324182718034e-06
credit_limit,29020.0,2,1.2093324182718034e-06
credit_limit,50445.0,2,1.2093324182718034e-06
credit_limit,59840.0,2,1.2093324182718034e-06
credit_limit,244200.0,2,1.2093324182718034e-06
credit_limit,238200.0,2,1.2093324182718034e-06
credit_limit,211300.0,2,1.2093324182718034e-06
credit_limit,43810.0,2,1.2093324182718034e-06
credit_limit,14515.0,2,1.2093324182718034e-06
credit_limit,289400.0,2,1.2093324182718034e-06
credit_limit,211500.0,2,1.2093324182718034e-06
credit_limit,209300.0,2,1.2093324182718034e-06
credit_limit,34515.0,2,1.2093324182718034e-06
credit_limit,228400.0,2,1.2093324182718034e-06
credit_limit,31330.0,2,1.2093324182718034e-06
credit_limit,55180.0,2,1.2093324182718034e-06
credit_limit,64630.0,2,1.2093324182718034e-06
credit_limit,130970.0,2,1.2093324182718034e-06
credit_limit,47650.0,2,1.2093324182718034e-06
credit_limit,58890.0,2,1.2093324182718034e-06
credit_limit,119130.0,2,1.2093324182718034e-06
credit_limit,30010.0,2,1.2093324182718034e-06
credit_limit,65250.0,2,1.2093324182718034e-06
credit_limit,43210.0,2,1.2093324182718034e-06
credit_limit,218300.0,2,1.2093324182718034e-06
credit_limit,51550.0,2,1.2093324182718034e-06
credit_limit,52985.0,2,1.2093324182718034e-06
credit_limit,81665.0,2,1.2093324182718034e-06
credit_limit,110390.0,2,1.2093324182718034e-06
credit_limit,83490.0,2,1.2093324182718034e-06
credit_limit,168720.0,2,1.2093324182718034e-06
credit_limit,84195.0,2,1.2093324182718034e-06
credit_limit,87360.0,2,1.2093324182718034e-06
credit_limit,76410.0,2,1.2093324182718034e-06
credit_limit,23270.0,2,1.2093324182718034e-06
credit_limit,127740.0,2,1.2093324182718034e-06
credit_limit,73255.0,2,1.2093324182718034e-06
credit_limit,21660.0,2,1.2093324182718034e-06
credit_limit,37375.0,2,1.2093324182718034e-06
credit_limit,225900.0,2,1.2093324182718034e-06
credit_limit,100410.0,2,1.2093324182718034e-06
credit_limit,179960.0,2,1.2093324182718034e-06
credit_limit,87560.0,2,1.2093324182718034e-06
credit_limit,227600.0,2,1.2093324182718034e-06
credit_limit,163440.0,2,1.2093324182718034e-06
credit_limit,45070.0,2,1.2093324182718034e-06
credit_limit,50950.0,2,1.2093324182718034e-06
credit_limit,132860.0,2,1.2093324182718034e-06
credit_limit,128525.0,2,1.2093324182718034e-06
credit_limit,101170.0,2,1.2093324182718034e-06
credit_limit,79305.0,2,1.2093324182718034e-06
credit_limit,65810.0,2,1.2093324182718034e-06
credit_limit,89655.0,2,1.2093324182718034e-06
credit_limit,75160.0,2,1.2093324182718034e-06
credit_limit,81210.0,2,1.2093324182718034e-06
credit_limit,200.0,2,1.2093324182718034e-06
credit_limit,112755.0,2,1.2093324182718034e-06
credit_limit,65440.0,2,1.2093324182718034e-06
credit_limit,33980.0,2,1.2093324182718034e-06
credit_limit,31640.0,2,1.2093324182718034e-06
credit_limit,30520.0,2,1.2093324182718034e-06
credit_limit,12230.0,2,1.2093324182718034e-06
credit_limit,71930.0,2,1.2093324182718034e-06
credit_limit,242700.0,2,1.2093324182718034e-06
credit_limit,202700.0,2,1.2093324182718034e-06
credit_limit,46055.0,2,1.2093324182718034e-06
credit_limit,43620.0,2,1.2093324182718034e-06
credit_limit,217600.0,2,1.2093324182718034e-06
credit_limit,30170.0,2,1.2093324182718034e-06
credit_limit,38750.0,2,1.2093324182718034e-06
credit_limit,80845.0,2,1.2093324182718034e-06
credit_limit,66750.0,2,1.2093324182718034e-06
credit_limit,100575.0,2,1.2093324182718034e-06
credit_limit,37510.0,2,1.2093324182718034e-06
credit_limit,68080.0,2,1.2093324182718034e-06
credit_limit,34090.0,2,1.2093324182718034e-06
credit_limit,89540.0,2,1.2093324182718034e-06
credit_limit,18195.0,2,1.2093324182718034e-06
credit_limit,75330.0,2,1.2093324182718034e-06
credit_limit,62080.0,2,1.2093324182718034e-06
credit_limit,205100.0,2,1.2093324182718034e-06
credit_limit,23660.0,2,1.2093324182718034e-06
credit_limit,74710.0,2,1.2093324182718034e-06
credit_limit,95885.0,2,1.2093324182718034e-06
credit_limit,17475.0,2,1.2093324182718034e-06
credit_limit,116020.0,2,1.2093324182718034e-06
credit_limit,63940.0,2,1.2093324182718034e-06
credit_limit,45155.0,2,1.2093324182718034e-06
credit_limit,17760.0,2,1.2093324182718034e-06
credit_limit,175595.0,2,1.2093324182718034e-06
credit_limit,40860.0,2,1.2093324182718034e-06
credit_limit,94155.0,2,1.2093324182718034e-06
credit_limit,79285.0,2,1.2093324182718034e-06
credit_limit,37920.0,2,1.2093324182718034e-06
credit_limit,53420.0,2,1.2093324182718034e-06
credit_limit,13595.0,2,1.2093324182718034e-06
credit_limit,114005.0,2,1.2093324182718034e-06
credit_limit,39715.0,2,1.2093324182718034e-06
credit_limit,59625.0,2,1.2093324182718034e-06
credit_limit,7230.0,2,1.2093324182718034e-06
credit_limit,89650.0,2,1.2093324182718034e-06
credit_limit,66770.0,2,1.2093324182718034e-06
credit_limit,55945.0,2,1.2093324182718034e-06
credit_limit,39520.0,2,1.2093324182718034e-06
credit_limit,20060.0,2,1.2093324182718034e-06
credit_limit,45560.0,2,1.2093324182718034e-06
credit_limit,272000.0,2,1.2093324182718034e-06
credit_limit,57640.0,2,1.2093324182718034e-06
credit_limit,182140.0,2,1.2093324182718034e-06
credit_limit,106040.0,2,1.2093324182718034e-06
credit_limit,62755.0,2,1.2093324182718034e-06
credit_limit,74815.0,2,1.2093324182718034e-06
credit_limit,54540.0,2,1.2093324182718034e-06
credit_limit,48180.0,2,1.2093324182718034e-06
credit_limit,56050.0,2,1.2093324182718034e-06
credit_limit,15810.0,2,1.2093324182718034e-06
credit_limit,51770.0,2,1.2093324182718034e-06
credit_limit,43990.0,2,1.2093324182718034e-06
credit_limit,199710.0,2,1.2093324182718034e-06
credit_limit,26610.0,2,1.2093324182718034e-06
credit_limit,39525.0,2,1.2093324182718034e-06
credit_limit,97240.0,2,1.2093324182718034e-06
credit_limit,35290.0,2,1.2093324182718034e-06
credit_limit,56210.0,2,1.2093324182718034e-06
credit_limit,60950.0,2,1.2093324182718034e-06
credit_limit,65230.0,2,1.2093324182718034e-06
credit_limit,23490.0,2,1.2093324182718034e-06
credit_limit,31435.0,2,1.2093324182718034e-06
credit_limit,35525.0,2,1.2093324182718034e-06
credit_limit,9605.0,2,1.2093324182718034e-06
credit_limit,53935.0,2,1.2093324182718034e-06
credit_limit,64060.0,2,1.2093324182718034e-06
credit_limit,73140.0,2,1.2093324182718034e-06
credit_limit,147825.0,2,1.2093324182718034e-06
credit_limit,21545.0,2,1.2093324182718034e-06
credit_limit,26750.0,2,1.2093324182718034e-06
credit_limit,33625.0,2,1.2093324182718034e-06
credit_limit,66020.0,2,1.2093324182718034e-06
credit_limit,43035.0,2,1.2093324182718034e-06
credit_limit,57590.0,2,1.2093324182718034e-06
credit_limit,39945.0,2,1.2093324182718034e-06
credit_limit,35520.0,2,1.2093324182718034e-06
credit_limit,100060.0,2,1.2093324182718034e-06
credit_limit,51830.0,2,1.2093324182718034e-06
credit_limit,60110.0,2,1.2093324182718034e-06
credit_limit,42920.0,2,1.2093324182718034e-06
credit_limit,72980.0,2,1.2093324182718034e-06
credit_limit,13140.0,2,1.2093324182718034e-06
credit_limit,22585.0,2,1.2093324182718034e-06
credit_limit,214500.0,2,1.2093324182718034e-06
credit_limit,102120.0,2,1.2093324182718034e-06
credit_limit,39490.0,2,1.2093324182718034e-06
credit_limit,49780.0,2,1.2093324182718034e-06
credit_limit,131550.0,2,1.2093324182718034e-06
credit_limit,40695.0,2,1.2093324182718034e-06
credit_limit,138530.0,2,1.2093324182718034e-06
credit_limit,29695.0,2,1.2093324182718034e-06
credit_limit,27385.0,2,1.2093324182718034e-06
credit_limit,68820.0,2,1.2093324182718034e-06
credit_limit,38740.0,2,1.2093324182718034e-06
credit_limit,102840.0,2,1.2093324182718034e-06
credit_limit,43860.0,2,1.2093324182718034e-06
credit_limit,73260.0,2,1.2093324182718034e-06
credit_limit,24130.0,2,1.2093324182718034e-06
credit_limit,40080.0,2,1.2093324182718034e-06
credit_limit,63865.0,2,1.2093324182718034e-06
credit_limit,20775.0,2,1.2093324182718034e-06
credit_limit,239300.0,2,1.2093324182718034e-06
credit_limit,13120.0,2,1.2093324182718034e-06
credit_limit,47795.0,2,1.2093324182718034e-06
credit_limit,58215.0,2,1.2093324182718034e-06
credit_limit,11080.0,2,1.2093324182718034e-06
credit_limit,36805.0,2,1.2093324182718034e-06
credit_limit,40730.0,2,1.2093324182718034e-06
credit_limit,34495.0,2,1.2093324182718034e-06
credit_limit,169465.0,2,1.2093324182718034e-06
credit_limit,162990.0,2,1.2093324182718034e-06
credit_limit,37235.0,2,1.2093324182718034e-06
credit_limit,55540.0,2,1.2093324182718034e-06
credit_limit,104470.0,2,1.2093324182718034e-06
credit_limit,113430.0,2,1.2093324182718034e-06
credit_limit,95710.0,2,1.2093324182718034e-06
credit_limit,58445.0,2,1.2093324182718034e-06
credit_limit,137805.0,2,1.2093324182718034e-06
credit_limit,116550.0,2,1.2093324182718034e-06
credit_limit,53370.0,2,1.2093324182718034e-06
credit_limit,241800.0,2,1.2093324182718034e-06
credit_limit,134305.0,2,1.2093324182718034e-06
credit_limit,76040.0,2,1.2093324182718034e-06
credit_limit,86585.0,2,1.2093324182718034e-06
credit_limit,42750.0,2,1.2093324182718034e-06
credit_limit,48040.0,2,1.2093324182718034e-06
credit_limit,16080.0,2,1.2093324182718034e-06
credit_limit,77045.0,2,1.2093324182718034e-06
credit_limit,109050.0,2,1.2093324182718034e-06
credit_limit,122280.0,2,1.2093324182718034e-06
credit_limit,26710.0,2,1.2093324182718034e-06
credit_limit,70290.0,2,1.2093324182718034e-06
credit_limit,109070.0,2,1.2093324182718034e-06
credit_limit,66420.0,2,1.2093324182718034e-06
credit_limit,57370.0,2,1.2093324182718034e-06
credit_limit,46150.0,2,1.2093324182718034e-06
credit_limit,33470.0,2,1.2093324182718034e-06
credit_limit,5345.0,2,1.2093324182718034e-06
credit_limit,86550.0,2,1.2093324182718034e-06
credit_limit,53515.0,2,1.2093324182718034e-06
credit_limit,64135.0,2,1.2093324182718034e-06
credit_limit,18950.0,2,1.2093324182718034e-06
credit_limit,63440.0,2,1.2093324182718034e-06
credit_limit,133460.0,2,1.2093324182718034e-06
credit_limit,148960.0,2,1.2093324182718034e-06
credit_limit,88440.0,2,1.2093324182718034e-06
credit_limit,29750.0,2,1.2093324182718034e-06
credit_limit,126720.0,2,1.2093324182718034e-06
credit_limit,37145.0,2,1.2093324182718034e-06
credit_limit,47910.0,2,1.2093324182718034e-06
credit_limit,198795.0,2,1.2093324182718034e-06
credit_limit,62470.0,2,1.2093324182718034e-06
credit_limit,103630.0,2,1.2093324182718034e-06
credit_limit,66760.0,2,1.2093324182718034e-06
credit_limit,141930.0,2,1.2093324182718034e-06
credit_limit,109740.0,2,1.2093324182718034e-06
credit_limit,49465.0,2,1.2093324182718034e-06
credit_limit,203000.0,2,1.2093324182718034e-06
credit_limit,142240.0,2,1.2093324182718034e-06
credit_limit,45805.0,2,1.2093324182718034e-06
credit_limit,27150.0,2,1.2093324182718034e-06
credit_limit,38980.0,2,1.2093324182718034e-06
credit_limit,18550.0,2,1.2093324182718034e-06
credit_limit,163880.0,2,1.2093324182718034e-06
credit_limit,80715.0,2,1.2093324182718034e-06
credit_limit,42315.0,2,1.2093324182718034e-06
credit_limit,87535.0,2,1.2093324182718034e-06
credit_limit,247100.0,2,1.2093324182718034e-06
credit_limit,82170.0,2,1.2093324182718034e-06
credit_limit,15770.0,2,1.2093324182718034e-06
credit_limit,88020.0,2,1.2093324182718034e-06
credit_limit,87045.0,2,1.2093324182718034e-06
credit_limit,227500.0,2,1.2093324182718034e-06
credit_limit,43320.0,2,1.2093324182718034e-06
credit_limit,32290.0,2,1.2093324182718034e-06
credit_limit,13295.0,2,1.2093324182718034e-06
credit_limit,36385.0,2,1.2093324182718034e-06
credit_limit,33150.0,2,1.2093324182718034e-06
credit_limit,49155.0,2,1.2093324182718034e-06
credit_limit,129410.0,2,1.2093324182718034e-06
credit_limit,46365.0,2,1.2093324182718034e-06
credit_limit,153960.0,2,1.2093324182718034e-06
credit_limit,110980.0,2,1.2093324182718034e-06
credit_limit,213100.0,2,1.2093324182718034e-06
credit_limit,49610.0,2,1.2093324182718034e-06
credit_limit,219800.0,2,1.2093324182718034e-06
credit_limit,46970.0,2,1.2093324182718034e-06
credit_limit,76495.0,2,1.2093324182718034e-06
credit_limit,51350.0,2,1.2093324182718034e-06
credit_limit,107980.0,2,1.2093324182718034e-06
credit_limit,65730.0,2,1.2093324182718034e-06
credit_limit,48390.0,2,1.2093324182718034e-06
credit_limit,155270.0,2,1.2093324182718034e-06
credit_limit,129630.0,2,1.2093324182718034e-06
credit_limit,111965.0,2,1.2093324182718034e-06
credit_limit,30805.0,2,1.2093324182718034e-06
credit_limit,36460.0,2,1.2093324182718034e-06
credit_limit,63740.0,2,1.2093324182718034e-06
credit_limit,180170.0,2,1.2093324182718034e-06
credit_limit,26830.0,2,1.2093324182718034e-06
credit_limit,102780.0,2,1.2093324182718034e-06
credit_limit,29330.0,2,1.2093324182718034e-06
credit_limit,84030.0,2,1.2093324182718034e-06
credit_limit,50230.0,2,1.2093324182718034e-06
credit_limit,196920.0,2,1.2093324182718034e-06
credit_limit,44150.0,2,1.2093324182718034e-06
credit_limit,196115.0,2,1.2093324182718034e-06
credit_limit,112115.0,2,1.2093324182718034e-06
credit_limit,68195.0,2,1.2093324182718034e-06
credit_limit,68655.0,2,1.2093324182718034e-06
credit_limit,173160.0,2,1.2093324182718034e-06
credit_limit,12790.0,2,1.2093324182718034e-06
credit_limit,136305.0,2,1.2093324182718034e-06
credit_limit,77755.0,2,1.2093324182718034e-06
credit_limit,190130.0,2,1.2093324182718034e-06
credit_limit,64980.0,2,1.2093324182718034e-06
credit_limit,25580.0,2,1.2093324182718034e-06
credit_limit,227000.0,2,1.2093324182718034e-06
credit_limit,48060.0,2,1.2093324182718034e-06
credit_limit,41965.0,2,1.2093324182718034e-06
credit_limit,44950.0,2,1.2093324182718034e-06
credit_limit,43345.0,2,1.2093324182718034e-06
credit_limit,287300.0,2,1.2093324182718034e-06
credit_limit,45760.0,2,1.2093324182718034e-06
credit_limit,203400.0,2,1.2093324182718034e-06
credit_limit,73030.0,2,1.2093324182718034e-06
credit_limit,51395.0,2,1.2093324182718034e-06
credit_limit,59040.0,2,1.2093324182718034e-06
credit_limit,32230.0,2,1.2093324182718034e-06
credit_limit,74580.0,2,1.2093324182718034e-06
credit_limit,32970.0,2,1.2093324182718034e-06
credit_limit,103055.0,2,1.2093324182718034e-06
credit_limit,77095.0,2,1.2093324182718034e-06
credit_limit,56075.0,2,1.2093324182718034e-06
credit_limit,77730.0,2,1.2093324182718034e-06
credit_limit,35060.0,2,1.2093324182718034e-06
credit_limit,207400.0,2,1.2093324182718034e-06
credit_limit,46570.0,2,1.2093324182718034e-06
credit_limit,75110.0,2,1.2093324182718034e-06
credit_limit,38050.0,2,1.2093324182718034e-06
credit_limit,87530.0,2,1.2093324182718034e-06
credit_limit,30005.0,2,1.2093324182718034e-06
credit_limit,65930.0,2,1.2093324182718034e-06
credit_limit,99945.0,2,1.2093324182718034e-06
credit_limit,42190.0,2,1.2093324182718034e-06
credit_limit,84920.0,2,1.2093324182718034e-06
credit_limit,19525.0,2,1.2093324182718034e-06
credit_limit,25620.0,2,1.2093324182718034e-06
credit_limit,202500.0,2,1.2093324182718034e-06
credit_limit,68395.0,2,1.2093324182718034e-06
credit_limit,125770.0,2,1.2093324182718034e-06
credit_limit,80480.0,2,1.2093324182718034e-06
credit_limit,5490.0,2,1.2093324182718034e-06
credit_limit,175160.0,2,1.2093324182718034e-06
credit_limit,208200.0,2,1.2093324182718034e-06
credit_limit,248300.0,2,1.2093324182718034e-06
credit_limit,58050.0,2,1.2093324182718034e-06
credit_limit,77285.0,2,1.2093324182718034e-06
credit_limit,79140.0,2,1.2093324182718034e-06
credit_limit,53350.0,2,1.2093324182718034e-06
credit_limit,190080.0,2,1.2093324182718034e-06
credit_limit,57065.0,2,1.2093324182718034e-06
credit_limit,192640.0,2,1.2093324182718034e-06
credit_limit,97130.0,2,1.2093324182718034e-06
credit_limit,26270.0,2,1.2093324182718034e-06
credit_limit,39250.0,2,1.2093324182718034e-06
credit_limit,37010.0,2,1.2093324182718034e-06
credit_limit,76605.0,2,1.2093324182718034e-06
credit_limit,119180.0,2,1.2093324182718034e-06
credit_limit,227800.0,2,1.2093324182718034e-06
credit_limit,117815.0,2,1.2093324182718034e-06
credit_limit,44785.0,2,1.2093324182718034e-06
credit_limit,31170.0,2,1.2093324182718034e-06
credit_limit,125280.0,2,1.2093324182718034e-06
credit_limit,85560.0,2,1.2093324182718034e-06
credit_limit,57660.0,2,1.2093324182718034e-06
credit_limit,126630.0,2,1.2093324182718034e-06
credit_limit,28510.0,2,1.2093324182718034e-06
credit_limit,59630.0,2,1.2093324182718034e-06
credit_limit,18760.0,2,1.2093324182718034e-06
credit_limit,36890.0,2,1.2093324182718034e-06
credit_limit,17630.0,2,1.2093324182718034e-06
credit_limit,24010.0,2,1.2093324182718034e-06
credit_limit,67850.0,2,1.2093324182718034e-06
credit_limit,98695.0,2,1.2093324182718034e-06
credit_limit,76070.0,2,1.2093324182718034e-06
credit_limit,67420.0,2,1.2093324182718034e-06
credit_limit,99770.0,2,1.2093324182718034e-06
credit_limit,41080.0,2,1.2093324182718034e-06
credit_limit,213200.0,2,1.2093324182718034e-06
credit_limit,32480.0,2,1.2093324182718034e-06
credit_limit,100865.0,2,1.2093324182718034e-06
credit_limit,15880.0,2,1.2093324182718034e-06
credit_limit,58305.0,2,1.2093324182718034e-06
credit_limit,105655.0,2,1.2093324182718034e-06
credit_limit,60185.0,2,1.2093324182718034e-06
credit_limit,49840.0,2,1.2093324182718034e-06
credit_limit,152030.0,2,1.2093324182718034e-06
credit_limit,46805.0,2,1.2093324182718034e-06
credit_limit,116905.0,2,1.2093324182718034e-06
credit_limit,202300.0,2,1.2093324182718034e-06
credit_limit,32995.0,2,1.2093324182718034e-06
credit_limit,27125.0,2,1.2093324182718034e-06
credit_limit,34530.0,2,1.2093324182718034e-06
credit_limit,47130.0,2,1.2093324182718034e-06
credit_limit,28030.0,2,1.2093324182718034e-06
credit_limit,69305.0,2,1.2093324182718034e-06
credit_limit,71310.0,2,1.2093324182718034e-06
credit_limit,76710.0,2,1.2093324182718034e-06
credit_limit,37990.0,2,1.2093324182718034e-06
credit_limit,61435.0,2,1.2093324182718034e-06
credit_limit,114195.0,2,1.2093324182718034e-06
credit_limit,23740.0,2,1.2093324182718034e-06
credit_limit,144570.0,2,1.2093324182718034e-06
credit_limit,148020.0,2,1.2093324182718034e-06
credit_limit,29430.0,2,1.2093324182718034e-06
credit_limit,101350.0,2,1.2093324182718034e-06
credit_limit,80730.0,2,1.2093324182718034e-06
credit_limit,22970.0,2,1.2093324182718034e-06
credit_limit,129710.0,2,1.2093324182718034e-06
credit_limit,72930.0,2,1.2093324182718034e-06
credit_limit,153005.0,2,1.2093324182718034e-06
credit_limit,57530.0,2,1.2093324182718034e-06
credit_limit,8870.0,2,1.2093324182718034e-06
credit_limit,53250.0,2,1.2093324182718034e-06
credit_limit,56220.0,2,1.2093324182718034e-06
credit_limit,245200.0,2,1.2093324182718034e-06
credit_limit,88495.0,2,1.2093324182718034e-06
credit_limit,34465.0,2,1.2093324182718034e-06
credit_limit,90730.0,2,1.2093324182718034e-06
credit_limit,52160.0,2,1.2093324182718034e-06
credit_limit,216600.0,2,1.2093324182718034e-06
credit_limit,31980.0,2,1.2093324182718034e-06
credit_limit,50050.0,2,1.2093324182718034e-06
credit_limit,6680.0,2,1.2093324182718034e-06
credit_limit,23525.0,2,1.2093324182718034e-06
credit_limit,28770.0,2,1.2093324182718034e-06
credit_limit,99915.0,2,1.2093324182718034e-06
credit_limit,6590.0,2,1.2093324182718034e-06
credit_limit,67755.0,2,1.2093324182718034e-06
credit_limit,14460.0,2,1.2093324182718034e-06
credit_limit,91320.0,2,1.2093324182718034e-06
credit_limit,235400.0,2,1.2093324182718034e-06
credit_limit,52970.0,2,1.2093324182718034e-06
credit_limit,87120.0,2,1.2093324182718034e-06
credit_limit,90390.0,2,1.2093324182718034e-06
credit_limit,32380.0,2,1.2093324182718034e-06
credit_limit,228300.0,2,1.2093324182718034e-06
credit_limit,119620.0,2,1.2093324182718034e-06
credit_limit,125650.0,2,1.2093324182718034e-06
credit_limit,122415.0,2,1.2093324182718034e-06
credit_limit,65850.0,2,1.2093324182718034e-06
credit_limit,91790.0,2,1.2093324182718034e-06
credit_limit,32665.0,2,1.2093324182718034e-06
credit_limit,105865.0,2,1.2093324182718034e-06
credit_limit,54340.0,2,1.2093324182718034e-06
credit_limit,209500.0,2,1.2093324182718034e-06
credit_limit,15190.0,2,1.2093324182718034e-06
credit_limit,75810.0,2,1.2093324182718034e-06
credit_limit,8965.0,2,1.2093324182718034e-06
credit_limit,188355.0,2,1.2093324182718034e-06
credit_limit,102520.0,2,1.2093324182718034e-06
credit_limit,71720.0,2,1.2093324182718034e-06
credit_limit,19175.0,2,1.2093324182718034e-06
credit_limit,127925.0,2,1.2093324182718034e-06
credit_limit,57450.0,2,1.2093324182718034e-06
credit_limit,44470.0,2,1.2093324182718034e-06
credit_limit,75670.0,2,1.2093324182718034e-06
credit_limit,109305.0,2,1.2093324182718034e-06
credit_limit,39825.0,2,1.2093324182718034e-06
credit_limit,22045.0,2,1.2093324182718034e-06
credit_limit,65030.0,2,1.2093324182718034e-06
credit_limit,11560.0,2,1.2093324182718034e-06
credit_limit,98170.0,2,1.2093324182718034e-06
credit_limit,7310.0,2,1.2093324182718034e-06
credit_limit,64105.0,2,1.2093324182718034e-06
credit_limit,62360.0,2,1.2093324182718034e-06
credit_limit,111020.0,2,1.2093324182718034e-06
credit_limit,32125.0,2,1.2093324182718034e-06
credit_limit,58140.0,2,1.2093324182718034e-06
credit_limit,60655.0,2,1.2093324182718034e-06
credit_limit,46635.0,2,1.2093324182718034e-06
credit_limit,61075.0,2,1.2093324182718034e-06
credit_limit,134650.0,2,1.2093324182718034e-06
credit_limit,23620.0,2,1.2093324182718034e-06
credit_limit,223900.0,2,1.2093324182718034e-06
credit_limit,74235.0,2,1.2093324182718034e-06
credit_limit,79925.0,2,1.2093324182718034e-06
credit_limit,80535.0,2,1.2093324182718034e-06
credit_limit,114250.0,2,1.2093324182718034e-06
credit_limit,83430.0,2,1.2093324182718034e-06
credit_limit,33510.0,2,1.2093324182718034e-06
credit_limit,64845.0,2,1.2093324182718034e-06
credit_limit,48415.0,2,1.2093324182718034e-06
credit_limit,23640.0,2,1.2093324182718034e-06
credit_limit,53255.0,2,1.2093324182718034e-06
credit_limit,32360.0,2,1.2093324182718034e-06
credit_limit,53635.0,2,1.2093324182718034e-06
credit_limit,75930.0,2,1.2093324182718034e-06
credit_limit,234600.0,2,1.2093324182718034e-06
credit_limit,57230.0,2,1.2093324182718034e-06
credit_limit,101950.0,2,1.2093324182718034e-06
credit_limit,83820.0,2,1.2093324182718034e-06
credit_limit,71980.0,2,1.2093324182718034e-06
credit_limit,72595.0,2,1.2093324182718034e-06
credit_limit,46550.0,2,1.2093324182718034e-06
credit_limit,77875.0,2,1.2093324182718034e-06
credit_limit,89450.0,2,1.2093324182718034e-06
credit_limit,41910.0,2,1.2093324182718034e-06
credit_limit,76750.0,2,1.2093324182718034e-06
credit_limit,26335.0,2,1.2093324182718034e-06
credit_limit,34745.0,2,1.2093324182718034e-06
credit_limit,73120.0,2,1.2093324182718034e-06
credit_limit,59410.0,2,1.2093324182718034e-06
credit_limit,43050.0,2,1.2093324182718034e-06
credit_limit,156720.0,2,1.2093324182718034e-06
credit_limit,36440.0,2,1.2093324182718034e-06
credit_limit,45980.0,2,1.2093324182718034e-06
credit_limit,97510.0,2,1.2093324182718034e-06
credit_limit,74675.0,2,1.2093324182718034e-06
credit_limit,42970.0,2,1.2093324182718034e-06
credit_limit,17150.0,2,1.2093324182718034e-06
credit_limit,204900.0,2,1.2093324182718034e-06
credit_limit,21860.0,2,1.2093324182718034e-06
credit_limit,51150.0,2,1.2093324182718034e-06
credit_limit,132080.0,2,1.2093324182718034e-06
credit_limit,18845.0,2,1.2093324182718034e-06
credit_limit,50260.0,2,1.2093324182718034e-06
credit_limit,48840.0,2,1.2093324182718034e-06
credit_limit,73630.0,2,1.2093324182718034e-06
credit_limit,109265.0,2,1.2093324182718034e-06
credit_limit,39790.0,2,1.2093324182718034e-06
credit_limit,80070.0,2,1.2093324182718034e-06
credit_limit,27590.0,2,1.2093324182718034e-06
credit_limit,47270.0,2,1.2093324182718034e-06
credit_limit,96625.0,2,1.2093324182718034e-06
credit_limit,6810.0,2,1.2093324182718034e-06
credit_limit,56355.0,2,1.2093324182718034e-06
credit_limit,182880.0,2,1.2093324182718034e-06
credit_limit,42770.0,2,1.2093324182718034e-06
credit_limit,55510.0,2,1.2093324182718034e-06
credit_limit,72405.0,2,1.2093324182718034e-06
credit_limit,18320.0,2,1.2093324182718034e-06
credit_limit,8620.0,2,1.2093324182718034e-06
credit_limit,50910.0,2,1.2093324182718034e-06
credit_limit,108260.0,2,1.2093324182718034e-06
credit_limit,103730.0,2,1.2093324182718034e-06
credit_limit,12830.0,2,1.2093324182718034e-06
credit_limit,58670.0,2,1.2093324182718034e-06
credit_limit,30380.0,2,1.2093324182718034e-06
credit_limit,293700.0,2,1.2093324182718034e-06
credit_limit,181510.0,2,1.2093324182718034e-06
credit_limit,59780.0,2,1.2093324182718034e-06
credit_limit,131770.0,2,1.2093324182718034e-06
credit_limit,20390.0,2,1.2093324182718034e-06
credit_limit,23750.0,2,1.2093324182718034e-06
credit_limit,94240.0,2,1.2093324182718034e-06
credit_limit,59220.0,2,1.2093324182718034e-06
credit_limit,18625.0,2,1.2093324182718034e-06
credit_limit,125070.0,2,1.2093324182718034e-06
credit_limit,47720.0,2,1.2093324182718034e-06
credit_limit,48020.0,2,1.2093324182718034e-06
credit_limit,48650.0,2,1.2093324182718034e-06
credit_limit,93395.0,2,1.2093324182718034e-06
credit_limit,226700.0,2,1.2093324182718034e-06
credit_limit,63330.0,2,1.2093324182718034e-06
credit_limit,72780.0,2,1.2093324182718034e-06
credit_limit,41050.0,2,1.2093324182718034e-06
credit_limit,43430.0,2,1.2093324182718034e-06
credit_limit,79610.0,2,1.2093324182718034e-06
credit_limit,73065.0,2,1.2093324182718034e-06
credit_limit,87790.0,2,1.2093324182718034e-06
credit_limit,43640.0,2,1.2093324182718034e-06
credit_limit,71080.0,2,1.2093324182718034e-06
credit_limit,216400.0,2,1.2093324182718034e-06
credit_limit,61140.0,2,1.2093324182718034e-06
credit_limit,56155.0,2,1.2093324182718034e-06
credit_limit,37070.0,2,1.2093324182718034e-06
credit_limit,52720.0,2,1.2093324182718034e-06
credit_limit,143340.0,2,1.2093324182718034e-06
credit_limit,107950.0,2,1.2093324182718034e-06
credit_limit,40230.0,2,1.2093324182718034e-06
credit_limit,85680.0,2,1.2093324182718034e-06
credit_limit,12490.0,2,1.2093324182718034e-06
credit_limit,156675.0,2,1.2093324182718034e-06
credit_limit,87030.0,2,1.2093324182718034e-06
credit_limit,81070.0,2,1.2093324182718034e-06
credit_limit,111030.0,2,1.2093324182718034e-06
credit_limit,50720.0,2,1.2093324182718034e-06
credit_limit,35745.0,2,1.2093324182718034e-06
credit_limit,34375.0,2,1.2093324182718034e-06
credit_limit,118805.0,2,1.2093324182718034e-06
credit_limit,14845.0,2,1.2093324182718034e-06
credit_limit,112820.0,2,1.2093324182718034e-06
credit_limit,70250.0,2,1.2093324182718034e-06
credit_limit,42885.0,2,1.2093324182718034e-06
credit_limit,54630.0,2,1.2093324182718034e-06
credit_limit,104960.0,2,1.2093324182718034e-06
credit_limit,6135.0,2,1.2093324182718034e-06
credit_limit,77770.0,2,1.2093324182718034e-06
credit_limit,56255.0,2,1.2093324182718034e-06
credit_limit,66980.0,2,1.2093324182718034e-06
credit_limit,71470.0,2,1.2093324182718034e-06
credit_limit,51250.0,2,1.2093324182718034e-06
credit_limit,218600.0,2,1.2093324182718034e-06
credit_limit,43360.0,2,1.2093324182718034e-06
credit_limit,223500.0,2,1.2093324182718034e-06
credit_limit,162220.0,2,1.2093324182718034e-06
credit_limit,137475.0,2,1.2093324182718034e-06
credit_limit,191670.0,2,1.2093324182718034e-06
credit_limit,36280.0,2,1.2093324182718034e-06
credit_limit,72380.0,2,1.2093324182718034e-06
credit_limit,29445.0,2,1.2093324182718034e-06
credit_limit,91680.0,2,1.2093324182718034e-06
credit_limit,30740.0,2,1.2093324182718034e-06
credit_limit,91855.0,2,1.2093324182718034e-06
credit_limit,55240.0,2,1.2093324182718034e-06
credit_limit,26630.0,2,1.2093324182718034e-06
credit_limit,33960.0,2,1.2093324182718034e-06
credit_limit,179520.0,2,1.2093324182718034e-06
credit_limit,70810.0,2,1.2093324182718034e-06
credit_limit,77745.0,2,1.2093324182718034e-06
credit_limit,107755.0,2,1.2093324182718034e-06
credit_limit,35910.0,2,1.2093324182718034e-06
credit_limit,104105.0,2,1.2093324182718034e-06
credit_limit,35585.0,2,1.2093324182718034e-06
credit_limit,67750.0,2,1.2093324182718034e-06
credit_limit,29625.0,2,1.2093324182718034e-06
credit_limit,81060.0,2,1.2093324182718034e-06
credit_limit,95360.0,2,1.2093324182718034e-06
credit_limit,41610.0,2,1.2093324182718034e-06
credit_limit,37760.0,2,1.2093324182718034e-06
credit_limit,69140.0,2,1.2093324182718034e-06
credit_limit,15305.0,2,1.2093324182718034e-06
credit_limit,109690.0,2,1.2093324182718034e-06
credit_limit,25780.0,2,1.2093324182718034e-06
credit_limit,14350.0,2,1.2093324182718034e-06
credit_limit,65590.0,2,1.2093324182718034e-06
credit_limit,175070.0,2,1.2093324182718034e-06
credit_limit,33750.0,2,1.2093324182718034e-06
credit_limit,54840.0,2,1.2093324182718034e-06
credit_limit,242200.0,2,1.2093324182718034e-06
credit_limit,33890.0,2,1.2093324182718034e-06
credit_limit,54930.0,2,1.2093324182718034e-06
credit_limit,125860.0,2,1.2093324182718034e-06
credit_limit,146860.0,2,1.2093324182718034e-06
credit_limit,99670.0,2,1.2093324182718034e-06
credit_limit,70160.0,2,1.2093324182718034e-06
credit_limit,201700.0,2,1.2093324182718034e-06
credit_limit,53595.0,2,1.2093324182718034e-06
credit_limit,72290.0,2,1.2093324182718034e-06
credit_limit,47530.0,2,1.2093324182718034e-06
credit_limit,63850.0,2,1.2093324182718034e-06
credit_limit,72950.0,2,1.2093324182718034e-06
credit_limit,36950.0,2,1.2093324182718034e-06
credit_limit,74770.0,2,1.2093324182718034e-06
credit_limit,260400.0,2,1.2093324182718034e-06
credit_limit,4425.0,2,1.2093324182718034e-06
credit_limit,117540.0,2,1.2093324182718034e-06
credit_limit,45950.0,2,1.2093324182718034e-06
credit_limit,67505.0,2,1.2093324182718034e-06
credit_limit,8120.0,2,1.2093324182718034e-06
credit_limit,32090.0,2,1.2093324182718034e-06
credit_limit,45220.0,2,1.2093324182718034e-06
credit_limit,81730.0,2,1.2093324182718034e-06
credit_limit,51255.0,2,1.2093324182718034e-06
credit_limit,30710.0,2,1.2093324182718034e-06
credit_limit,29705.0,2,1.2093324182718034e-06
credit_limit,155495.0,2,1.2093324182718034e-06
credit_limit,126320.0,2,1.2093324182718034e-06
credit_limit,166560.0,2,1.2093324182718034e-06
credit_limit,79490.0,2,1.2093324182718034e-06
credit_limit,50870.0,2,1.2093324182718034e-06
credit_limit,138010.0,2,1.2093324182718034e-06
credit_limit,159260.0,2,1.2093324182718034e-06
credit_limit,79530.0,2,1.2093324182718034e-06
credit_limit,74630.0,2,1.2093324182718034e-06
credit_limit,247400.0,2,1.2093324182718034e-06
credit_limit,88690.0,2,1.2093324182718034e-06
credit_limit,77020.0,2,1.2093324182718034e-06
credit_limit,65080.0,2,1.2093324182718034e-06
credit_limit,47325.0,2,1.2093324182718034e-06
credit_limit,52820.0,2,1.2093324182718034e-06
credit_limit,33905.0,2,1.2093324182718034e-06
credit_limit,62430.0,1,6.046662091359017e-07
credit_limit,110085.0,1,6.046662091359017e-07
credit_limit,279000.0,1,6.046662091359017e-07
credit_limit,80285.0,1,6.046662091359017e-07
credit_limit,57185.0,1,6.046662091359017e-07
credit_limit,20535.0,1,6.046662091359017e-07
credit_limit,94170.0,1,6.046662091359017e-07
credit_limit,53950.0,1,6.046662091359017e-07
credit_limit,27080.0,1,6.046662091359017e-07
credit_limit,63490.0,1,6.046662091359017e-07
credit_limit,69345.0,1,6.046662091359017e-07
credit_limit,58460.0,1,6.046662091359017e-07
credit_limit,4740.0,1,6.046662091359017e-07
credit_limit,13585.0,1,6.046662091359017e-07
credit_limit,93330.0,1,6.046662091359017e-07
credit_limit,163965.0,1,6.046662091359017e-07
credit_limit,61250.0,1,6.046662091359017e-07
credit_limit,50470.0,1,6.046662091359017e-07
credit_limit,94070.0,1,6.046662091359017e-07
credit_limit,53265.0,1,6.046662091359017e-07
credit_limit,79290.0,1,6.046662091359017e-07
credit_limit,110440.0,1,6.046662091359017e-07
credit_limit,23190.0,1,6.046662091359017e-07
credit_limit,19480.0,1,6.046662091359017e-07
credit_limit,37680.0,1,6.046662091359017e-07
credit_limit,5280.0,1,6.046662091359017e-07
credit_limit,139730.0,1,6.046662091359017e-07
credit_limit,7270.0,1,6.046662091359017e-07
credit_limit,92290.0,1,6.046662091359017e-07
credit_limit,178740.0,1,6.046662091359017e-07
credit_limit,14450.0,1,6.046662091359017e-07
credit_limit,86080.0,1,6.046662091359017e-07
credit_limit,61150.0,1,6.046662091359017e-07
credit_limit,24765.0,1,6.046662091359017e-07
credit_limit,16225.0,1,6.046662091359017e-07
credit_limit,24345.0,1,6.046662091359017e-07
credit_limit,33165.0,1,6.046662091359017e-07
credit_limit,27925.0,1,6.046662091359017e-07
credit_limit,17640.0,1,6.046662091359017e-07
credit_limit,280900.0,1,6.046662091359017e-07
credit_limit,59255.0,1,6.046662091359017e-07
credit_limit,113910.0,1,6.046662091359017e-07
credit_limit,71905.0,1,6.046662091359017e-07
credit_limit,34855.0,1,6.046662091359017e-07
credit_limit,231400.0,1,6.046662091359017e-07
credit_limit,51125.0,1,6.046662091359017e-07
credit_limit,258400.0,1,6.046662091359017e-07
credit_limit,67995.0,1,6.046662091359017e-07
credit_limit,46115.0,1,6.046662091359017e-07
credit_limit,29340.0,1,6.046662091359017e-07
credit_limit,17990.0,1,6.046662091359017e-07
credit_limit,129505.0,1,6.046662091359017e-07
credit_limit,92510.0,1,6.046662091359017e-07
credit_limit,54250.0,1,6.046662091359017e-07
credit_limit,16910.0,1,6.046662091359017e-07
credit_limit,50355.0,1,6.046662091359017e-07
credit_limit,151880.0,1,6.046662091359017e-07
credit_limit,103155.0,1,6.046662091359017e-07
credit_limit,87230.0,1,6.046662091359017e-07
credit_limit,22560.0,1,6.046662091359017e-07
credit_limit,99180.0,1,6.046662091359017e-07
credit_limit,16130.0,1,6.046662091359017e-07
credit_limit,104550.0,1,6.046662091359017e-07
credit_limit,81550.0,1,6.046662091359017e-07
credit_limit,34150.0,1,6.046662091359017e-07
credit_limit,160870.0,1,6.046662091359017e-07
credit_limit,202100.0,1,6.046662091359017e-07
credit_limit,41865.0,1,6.046662091359017e-07
credit_limit,70615.0,1,6.046662091359017e-07
credit_limit,58150.0,1,6.046662091359017e-07
credit_limit,108940.0,1,6.046662091359017e-07
credit_limit,46525.0,1,6.046662091359017e-07
credit_limit,11425.0,1,6.046662091359017e-07
credit_limit,100115.0,1,6.046662091359017e-07
credit_limit,55870.0,1,6.046662091359017e-07
credit_limit,15220.0,1,6.046662091359017e-07
credit_limit,209200.0,1,6.046662091359017e-07
credit_limit,34520.0,1,6.046662091359017e-07
credit_limit,50385.0,1,6.046662091359017e-07
credit_limit,37115.0,1,6.046662091359017e-07
credit_limit,52510.0,1,6.046662091359017e-07
credit_limit,63855.0,1,6.046662091359017e-07
credit_limit,12370.0,1,6.046662091359017e-07
credit_limit,68140.0,1,6.046662091359017e-07
credit_limit,68160.0,1,6.046662091359017e-07
credit_limit,132560.0,1,6.046662091359017e-07
credit_limit,56920.0,1,6.046662091359017e-07
credit_limit,32690.0,1,6.046662091359017e-07
credit_limit,41415.0,1,6.046662091359017e-07
credit_limit,35915.0,1,6.046662091359017e-07
credit_limit,142440.0,1,6.046662091359017e-07
credit_limit,129255.0,1,6.046662091359017e-07
credit_limit,152790.0,1,6.046662091359017e-07
credit_limit,33685.0,1,6.046662091359017e-07
credit_limit,75995.0,1,6.046662091359017e-07
credit_limit,58540.0,1,6.046662091359017e-07
credit_limit,21580.0,1,6.046662091359017e-07
credit_limit,20985.0,1,6.046662091359017e-07
credit_limit,36420.0,1,6.046662091359017e-07
credit_limit,75920.0,1,6.046662091359017e-07
credit_limit,71290.0,1,6.046662091359017e-07
credit_limit,114510.0,1,6.046662091359017e-07
credit_limit,25705.0,1,6.046662091359017e-07
credit_limit,89930.0,1,6.046662091359017e-07
credit_limit,13065.0,1,6.046662091359017e-07
credit_limit,112260.0,1,6.046662091359017e-07
credit_limit,201100.0,1,6.046662091359017e-07
credit_limit,19220.0,1,6.046662091359017e-07
credit_limit,141060.0,1,6.046662091359017e-07
credit_limit,81710.0,1,6.046662091359017e-07
credit_limit,22470.0,1,6.046662091359017e-07
credit_limit,29025.0,1,6.046662091359017e-07
credit_limit,95425.0,1,6.046662091359017e-07
credit_limit,27365.0,1,6.046662091359017e-07
credit_limit,54010.0,1,6.046662091359017e-07
credit_limit,64650.0,1,6.046662091359017e-07
credit_limit,129330.0,1,6.046662091359017e-07
credit_limit,46475.0,1,6.046662091359017e-07
credit_limit,7035.0,1,6.046662091359017e-07
credit_limit,75065.0,1,6.046662091359017e-07
credit_limit,145070.0,1,6.046662091359017e-07
credit_limit,80720.0,1,6.046662091359017e-07
credit_limit,45520.0,1,6.046662091359017e-07
credit_limit,78480.0,1,6.046662091359017e-07
credit_limit,13480.0,1,6.046662091359017e-07
credit_limit,48510.0,1,6.046662091359017e-07
credit_limit,50175.0,1,6.046662091359017e-07
credit_limit,105550.0,1,6.046662091359017e-07
credit_limit,47240.0,1,6.046662091359017e-07
credit_limit,72865.0,1,6.046662091359017e-07
credit_limit,75605.0,1,6.046662091359017e-07
credit_limit,21790.0,1,6.046662091359017e-07
credit_limit,71375.0,1,6.046662091359017e-07
credit_limit,4885.0,1,6.046662091359017e-07
credit_limit,8940.0,1,6.046662091359017e-07
credit_limit,120740.0,1,6.046662091359017e-07
credit_limit,87380.0,1,6.046662091359017e-07
credit_limit,98960.0,1,6.046662091359017e-07
credit_limit,92840.0,1,6.046662091359017e-07
credit_limit,5450.0,1,6.046662091359017e-07
credit_limit,46455.0,1,6.046662091359017e-07
credit_limit,36775.0,1,6.046662091359017e-07
credit_limit,136470.0,1,6.046662091359017e-07
credit_limit,44840.0,1,6.046662091359017e-07
credit_limit,43820.0,1,6.046662091359017e-07
credit_limit,38420.0,1,6.046662091359017e-07
credit_limit,35355.0,1,6.046662091359017e-07
credit_limit,77270.0,1,6.046662091359017e-07
credit_limit,118850.0,1,6.046662091359017e-07
credit_limit,62920.0,1,6.046662091359017e-07
credit_limit,69990.0,1,6.046662091359017e-07
credit_limit,64665.0,1,6.046662091359017e-07
credit_limit,29530.0,1,6.046662091359017e-07
credit_limit,103690.0,1,6.046662091359017e-07
credit_limit,79065.0,1,6.046662091359017e-07
credit_limit,116710.0,1,6.046662091359017e-07
credit_limit,16120.0,1,6.046662091359017e-07
credit_limit,94850.0,1,6.046662091359017e-07
credit_limit,227300.0,1,6.046662091359017e-07
credit_limit,135330.0,1,6.046662091359017e-07
credit_limit,44630.0,1,6.046662091359017e-07
credit_limit,78375.0,1,6.046662091359017e-07
credit_limit,18850.0,1,6.046662091359017e-07
credit_limit,59290.0,1,6.046662091359017e-07
credit_limit,237700.0,1,6.046662091359017e-07
credit_limit,14860.0,1,6.046662091359017e-07
credit_limit,78505.0,1,6.046662091359017e-07
credit_limit,23145.0,1,6.046662091359017e-07
credit_limit,239700.0,1,6.046662091359017e-07
credit_limit,72310.0,1,6.046662091359017e-07
credit_limit,43105.0,1,6.046662091359017e-07
credit_limit,18830.0,1,6.046662091359017e-07
credit_limit,98220.0,1,6.046662091359017e-07
credit_limit,29545.0,1,6.046662091359017e-07
credit_limit,79510.0,1,6.046662091359017e-07
credit_limit,53035.0,1,6.046662091359017e-07
credit_limit,43020.0,1,6.046662091359017e-07
credit_limit,14780.0,1,6.046662091359017e-07
credit_limit,99850.0,1,6.046662091359017e-07
credit_limit,91560.0,1,6.046662091359017e-07
credit_limit,60450.0,1,6.046662091359017e-07
credit_limit,238800.0,1,6.046662091359017e-07
credit_limit,145365.0,1,6.046662091359017e-07
credit_limit,156760.0,1,6.046662091359017e-07
credit_limit,37520.0,1,6.046662091359017e-07
credit_limit,25880.0,1,6.046662091359017e-07
credit_limit,71570.0,1,6.046662091359017e-07
credit_limit,57040.0,1,6.046662091359017e-07
credit_limit,37110.0,1,6.046662091359017e-07
credit_limit,124370.0,1,6.046662091359017e-07
credit_limit,9520.0,1,6.046662091359017e-07
credit_limit,79670.0,1,6.046662091359017e-07
credit_limit,25510.0,1,6.046662091359017e-07
credit_limit,48120.0,1,6.046662091359017e-07
credit_limit,64645.0,1,6.046662091359017e-07
credit_limit,118115.0,1,6.046662091359017e-07
credit_limit,37360.0,1,6.046662091359017e-07
credit_limit,20435.0,1,6.046662091359017e-07
credit_limit,12350.0,1,6.046662091359017e-07
credit_limit,24660.0,1,6.046662091359017e-07
credit_limit,24215.0,1,6.046662091359017e-07
credit_limit,66375.0,1,6.046662091359017e-07
credit_limit,60150.0,1,6.046662091359017e-07
credit_limit,203300.0,1,6.046662091359017e-07
credit_limit,96830.0,1,6.046662091359017e-07
credit_limit,43815.0,1,6.046662091359017e-07
credit_limit,238700.0,1,6.046662091359017e-07
credit_limit,98925.0,1,6.046662091359017e-07
credit_limit,100480.0,1,6.046662091359017e-07
credit_limit,47920.0,1,6.046662091359017e-07
credit_limit,27530.0,1,6.046662091359017e-07
credit_limit,119660.0,1,6.046662091359017e-07
credit_limit,10510.0,1,6.046662091359017e-07
credit_limit,74420.0,1,6.046662091359017e-07
credit_limit,105425.0,1,6.046662091359017e-07
credit_limit,77760.0,1,6.046662091359017e-07
credit_limit,36625.0,1,6.046662091359017e-07
credit_limit,46630.0,1,6.046662091359017e-07
credit_limit,45590.0,1,6.046662091359017e-07
credit_limit,133180.0,1,6.046662091359017e-07
credit_limit,76850.0,1,6.046662091359017e-07
credit_limit,75450.0,1,6.046662091359017e-07
credit_limit,66320.0,1,6.046662091359017e-07
credit_limit,6510.0,1,6.046662091359017e-07
credit_limit,123695.0,1,6.046662091359017e-07
credit_limit,58290.0,1,6.046662091359017e-07
credit_limit,60960.0,1,6.046662091359017e-07
credit_limit,86970.0,1,6.046662091359017e-07
credit_limit,54755.0,1,6.046662091359017e-07
credit_limit,56925.0,1,6.046662091359017e-07
credit_limit,22630.0,1,6.046662091359017e-07
credit_limit,96460.0,1,6.046662091359017e-07
credit_limit,112380.0,1,6.046662091359017e-07
credit_limit,5340.0,1,6.046662091359017e-07
credit_limit,63630.0,1,6.046662091359017e-07
credit_limit,39610.0,1,6.046662091359017e-07
credit_limit,6850.0,1,6.046662091359017e-07
credit_limit,31440.0,1,6.046662091359017e-07
credit_limit,56025.0,1,6.046662091359017e-07
credit_limit,40180.0,1,6.046662091359017e-07
credit_limit,93415.0,1,6.046662091359017e-07
credit_limit,30080.0,1,6.046662091359017e-07
credit_limit,23915.0,1,6.046662091359017e-07
credit_limit,61330.0,1,6.046662091359017e-07
credit_limit,214000.0,1,6.046662091359017e-07
credit_limit,177205.0,1,6.046662091359017e-07
credit_limit,92450.0,1,6.046662091359017e-07
credit_limit,13060.0,1,6.046662091359017e-07
credit_limit,31180.0,1,6.046662091359017e-07
credit_limit,58110.0,1,6.046662091359017e-07
credit_limit,59350.0,1,6.046662091359017e-07
credit_limit,36140.0,1,6.046662091359017e-07
credit_limit,103705.0,1,6.046662091359017e-07
credit_limit,18510.0,1,6.046662091359017e-07
credit_limit,50080.0,1,6.046662091359017e-07
credit_limit,264600.0,1,6.046662091359017e-07
credit_limit,106950.0,1,6.046662091359017e-07
credit_limit,123170.0,1,6.046662091359017e-07
credit_limit,99370.0,1,6.046662091359017e-07
credit_limit,83690.0,1,6.046662091359017e-07
credit_limit,65395.0,1,6.046662091359017e-07
credit_limit,138360.0,1,6.046662091359017e-07
credit_limit,34195.0,1,6.046662091359017e-07
credit_limit,40810.0,1,6.046662091359017e-07
credit_limit,22360.0,1,6.046662091359017e-07
credit_limit,16590.0,1,6.046662091359017e-07
credit_limit,63320.0,1,6.046662091359017e-07
credit_limit,55115.0,1,6.046662091359017e-07
credit_limit,82460.0,1,6.046662091359017e-07
credit_limit,4770.0,1,6.046662091359017e-07
credit_limit,35855.0,1,6.046662091359017e-07
credit_limit,222900.0,1,6.046662091359017e-07
credit_limit,106670.0,1,6.046662091359017e-07
credit_limit,97275.0,1,6.046662091359017e-07
credit_limit,211000.0,1,6.046662091359017e-07
credit_limit,113240.0,1,6.046662091359017e-07
credit_limit,73810.0,1,6.046662091359017e-07
credit_limit,75880.0,1,6.046662091359017e-07
credit_limit,50490.0,1,6.046662091359017e-07
credit_limit,62010.0,1,6.046662091359017e-07
credit_limit,42080.0,1,6.046662091359017e-07
credit_limit,87630.0,1,6.046662091359017e-07
credit_limit,66935.0,1,6.046662091359017e-07
credit_limit,21720.0,1,6.046662091359017e-07
credit_limit,29395.0,1,6.046662091359017e-07
credit_limit,22735.0,1,6.046662091359017e-07
credit_limit,17920.0,1,6.046662091359017e-07
credit_limit,79605.0,1,6.046662091359017e-07
credit_limit,42910.0,1,6.046662091359017e-07
credit_limit,38040.0,1,6.046662091359017e-07
credit_limit,32205.0,1,6.046662091359017e-07
credit_limit,126405.0,1,6.046662091359017e-07
credit_limit,39460.0,1,6.046662091359017e-07
credit_limit,30420.0,1,6.046662091359017e-07
credit_limit,59475.0,1,6.046662091359017e-07
credit_limit,10250.0,1,6.046662091359017e-07
credit_limit,256800.0,1,6.046662091359017e-07
credit_limit,21610.0,1,6.046662091359017e-07
credit_limit,57095.0,1,6.046662091359017e-07
credit_limit,81880.0,1,6.046662091359017e-07
credit_limit,12155.0,1,6.046662091359017e-07
credit_limit,34610.0,1,6.046662091359017e-07
credit_limit,5835.0,1,6.046662091359017e-07
credit_limit,11940.0,1,6.046662091359017e-07
credit_limit,48110.0,1,6.046662091359017e-07
credit_limit,64180.0,1,6.046662091359017e-07
credit_limit,60570.0,1,6.046662091359017e-07
credit_limit,90020.0,1,6.046662091359017e-07
credit_limit,46660.0,1,6.046662091359017e-07
credit_limit,18560.0,1,6.046662091359017e-07
credit_limit,266300.0,1,6.046662091359017e-07
credit_limit,263600.0,1,6.046662091359017e-07
credit_limit,13160.0,1,6.046662091359017e-07
credit_limit,65570.0,1,6.046662091359017e-07
credit_limit,87450.0,1,6.046662091359017e-07
credit_limit,27205.0,1,6.046662091359017e-07
credit_limit,24950.0,1,6.046662091359017e-07
credit_limit,126555.0,1,6.046662091359017e-07
credit_limit,25895.0,1,6.046662091359017e-07
credit_limit,38190.0,1,6.046662091359017e-07
credit_limit,299200.0,1,6.046662091359017e-07
credit_limit,47280.0,1,6.046662091359017e-07
credit_limit,32020.0,1,6.046662091359017e-07
credit_limit,24220.0,1,6.046662091359017e-07
credit_limit,80055.0,1,6.046662091359017e-07
credit_limit,139570.0,1,6.046662091359017e-07
credit_limit,7870.0,1,6.046662091359017e-07
credit_limit,23130.0,1,6.046662091359017e-07
credit_limit,57070.0,1,6.046662091359017e-07
credit_limit,158990.0,1,6.046662091359017e-07
credit_limit,35370.0,1,6.046662091359017e-07
credit_limit,56370.0,1,6.046662091359017e-07
credit_limit,9340.0,1,6.046662091359017e-07
credit_limit,38595.0,1,6.046662091359017e-07
credit_limit,82345.0,1,6.046662091359017e-07
credit_limit,53910.0,1,6.046662091359017e-07
credit_limit,10690.0,1,6.046662091359017e-07
credit_limit,110160.0,1,6.046662091359017e-07
credit_limit,7685.0,1,6.046662091359017e-07
credit_limit,149385.0,1,6.046662091359017e-07
credit_limit,47350.0,1,6.046662091359017e-07
credit_limit,50140.0,1,6.046662091359017e-07
credit_limit,43390.0,1,6.046662091359017e-07
credit_limit,75840.0,1,6.046662091359017e-07
credit_limit,63010.0,1,6.046662091359017e-07
credit_limit,80250.0,1,6.046662091359017e-07
credit_limit,28010.0,1,6.046662091359017e-07
credit_limit,39035.0,1,6.046662091359017e-07
credit_limit,204800.0,1,6.046662091359017e-07
credit_limit,54660.0,1,6.046662091359017e-07
credit_limit,14255.0,1,6.046662091359017e-07
credit_limit,120110.0,1,6.046662091359017e-07
credit_limit,113040.0,1,6.046662091359017e-07
credit_limit,143480.0,1,6.046662091359017e-07
credit_limit,38580.0,1,6.046662091359017e-07
credit_limit,57060.0,1,6.046662091359017e-07
credit_limit,24620.0,1,6.046662091359017e-07
credit_limit,90620.0,1,6.046662091359017e-07
credit_limit,16180.0,1,6.046662091359017e-07
credit_limit,17265.0,1,6.046662091359017e-07
credit_limit,50680.0,1,6.046662091359017e-07
credit_limit,48575.0,1,6.046662091359017e-07
credit_limit,211100.0,1,6.046662091359017e-07
credit_limit,68920.0,1,6.046662091359017e-07
credit_limit,169510.0,1,6.046662091359017e-07
credit_limit,47430.0,1,6.046662091359017e-07
credit_limit,144820.0,1,6.046662091359017e-07
credit_limit,25125.0,1,6.046662091359017e-07
credit_limit,276200.0,1,6.046662091359017e-07
credit_limit,37960.0,1,6.046662091359017e-07
credit_limit,74415.0,1,6.046662091359017e-07
credit_limit,59995.0,1,6.046662091359017e-07
credit_limit,124125.0,1,6.046662091359017e-07
credit_limit,80190.0,1,6.046662091359017e-07
credit_limit,14130.0,1,6.046662091359017e-07
credit_limit,39180.0,1,6.046662091359017e-07
credit_limit,59260.0,1,6.046662091359017e-07
credit_limit,49510.0,1,6.046662091359017e-07
credit_limit,119020.0,1,6.046662091359017e-07
credit_limit,105540.0,1,6.046662091359017e-07
credit_limit,259400.0,1,6.046662091359017e-07
credit_limit,58320.0,1,6.046662091359017e-07
credit_limit,36315.0,1,6.046662091359017e-07
credit_limit,67290.0,1,6.046662091359017e-07
credit_limit,26020.0,1,6.046662091359017e-07
credit_limit,87905.0,1,6.046662091359017e-07
credit_limit,96335.0,1,6.046662091359017e-07
credit_limit,110050.0,1,6.046662091359017e-07
credit_limit,91425.0,1,6.046662091359017e-07
credit_limit,23610.0,1,6.046662091359017e-07
credit_limit,87015.0,1,6.046662091359017e-07
credit_limit,13960.0,1,6.046662091359017e-07
credit_limit,25250.0,1,6.046662091359017e-07
credit_limit,140555.0,1,6.046662091359017e-07
credit_limit,12460.0,1,6.046662091359017e-07
credit_limit,26805.0,1,6.046662091359017e-07
credit_limit,87245.0,1,6.046662091359017e-07
credit_limit,74155.0,1,6.046662091359017e-07
credit_limit,84740.0,1,6.046662091359017e-07
credit_limit,131405.0,1,6.046662091359017e-07
credit_limit,149520.0,1,6.046662091359017e-07
credit_limit,8270.0,1,6.046662091359017e-07
credit_limit,46745.0,1,6.046662091359017e-07
credit_limit,75690.0,1,6.046662091359017e-07
credit_limit,65050.0,1,6.046662091359017e-07
credit_limit,13020.0,1,6.046662091359017e-07
credit_limit,83730.0,1,6.046662091359017e-07
credit_limit,144795.0,1,6.046662091359017e-07
credit_limit,47480.0,1,6.046662091359017e-07
credit_limit,29030.0,1,6.046662091359017e-07
credit_limit,31430.0,1,6.046662091359017e-07
credit_limit,112390.0,1,6.046662091359017e-07
credit_limit,29605.0,1,6.046662091359017e-07
credit_limit,54730.0,1,6.046662091359017e-07
credit_limit,94760.0,1,6.046662091359017e-07
credit_limit,88125.0,1,6.046662091359017e-07
credit_limit,70655.0,1,6.046662091359017e-07
credit_limit,28070.0,1,6.046662091359017e-07
credit_limit,49350.0,1,6.046662091359017e-07
credit_limit,74520.0,1,6.046662091359017e-07
credit_limit,132470.0,1,6.046662091359017e-07
credit_limit,44960.0,1,6.046662091359017e-07
credit_limit,21325.0,1,6.046662091359017e-07
credit_limit,95040.0,1,6.046662091359017e-07
credit_limit,33830.0,1,6.046662091359017e-07
credit_limit,18535.0,1,6.046662091359017e-07
credit_limit,24375.0,1,6.046662091359017e-07
credit_limit,264300.0,1,6.046662091359017e-07
credit_limit,129690.0,1,6.046662091359017e-07
credit_limit,65310.0,1,6.046662091359017e-07
credit_limit,193450.0,1,6.046662091359017e-07
credit_limit,74740.0,1,6.046662091359017e-07
credit_limit,207600.0,1,6.046662091359017e-07
credit_limit,205900.0,1,6.046662091359017e-07
credit_limit,111460.0,1,6.046662091359017e-07
credit_limit,24980.0,1,6.046662091359017e-07
credit_limit,23330.0,1,6.046662091359017e-07
credit_limit,144930.0,1,6.046662091359017e-07
credit_limit,182680.0,1,6.046662091359017e-07
credit_limit,43570.0,1,6.046662091359017e-07
credit_limit,83945.0,1,6.046662091359017e-07
credit_limit,66875.0,1,6.046662091359017e-07
credit_limit,59595.0,1,6.046662091359017e-07
credit_limit,17040.0,1,6.046662091359017e-07
credit_limit,226300.0,1,6.046662091359017e-07
credit_limit,46945.0,1,6.046662091359017e-07
credit_limit,15250.0,1,6.046662091359017e-07
credit_limit,120440.0,1,6.046662091359017e-07
credit_limit,52450.0,1,6.046662091359017e-07
credit_limit,61855.0,1,6.046662091359017e-07
credit_limit,132340.0,1,6.046662091359017e-07
credit_limit,79165.0,1,6.046662091359017e-07
credit_limit,81080.0,1,6.046662091359017e-07
credit_limit,103560.0,1,6.046662091359017e-07
credit_limit,17260.0,1,6.046662091359017e-07
credit_limit,41880.0,1,6.046662091359017e-07
credit_limit,126340.0,1,6.046662091359017e-07
credit_limit,56140.0,1,6.046662091359017e-07
credit_limit,13620.0,1,6.046662091359017e-07
credit_limit,18880.0,1,6.046662091359017e-07
credit_limit,201000.0,1,6.046662091359017e-07
credit_limit,18620.0,1,6.046662091359017e-07
credit_limit,34595.0,1,6.046662091359017e-07
credit_limit,136495.0,1,6.046662091359017e-07
credit_limit,160020.0,1,6.046662091359017e-07
credit_limit,72560.0,1,6.046662091359017e-07
credit_limit,24510.0,1,6.046662091359017e-07
credit_limit,117675.0,1,6.046662091359017e-07
credit_limit,7385.0,1,6.046662091359017e-07
credit_limit,237000.0,1,6.046662091359017e-07
credit_limit,262700.0,1,6.046662091359017e-07
credit_limit,114110.0,1,6.046662091359017e-07
credit_limit,55475.0,1,6.046662091359017e-07
credit_limit,123505.0,1,6.046662091359017e-07
credit_limit,51320.0,1,6.046662091359017e-07
credit_limit,50990.0,1,6.046662091359017e-07
credit_limit,86150.0,1,6.046662091359017e-07
credit_limit,29110.0,1,6.046662091359017e-07
credit_limit,101820.0,1,6.046662091359017e-07
credit_limit,148830.0,1,6.046662091359017e-07
credit_limit,61010.0,1,6.046662091359017e-07
credit_limit,26310.0,1,6.046662091359017e-07
credit_limit,12170.0,1,6.046662091359017e-07
credit_limit,49740.0,1,6.046662091359017e-07
credit_limit,17740.0,1,6.046662091359017e-07
credit_limit,22335.0,1,6.046662091359017e-07
credit_limit,85695.0,1,6.046662091359017e-07
credit_limit,130780.0,1,6.046662091359017e-07
credit_limit,46110.0,1,6.046662091359017e-07
credit_limit,59650.0,1,6.046662091359017e-07
credit_limit,15320.0,1,6.046662091359017e-07
credit_limit,78550.0,1,6.046662091359017e-07
credit_limit,207000.0,1,6.046662091359017e-07
credit_limit,41460.0,1,6.046662091359017e-07
credit_limit,37975.0,1,6.046662091359017e-07
credit_limit,204400.0,1,6.046662091359017e-07
credit_limit,41810.0,1,6.046662091359017e-07
credit_limit,84070.0,1,6.046662091359017e-07
credit_limit,27525.0,1,6.046662091359017e-07
credit_limit,74880.0,1,6.046662091359017e-07
credit_limit,146270.0,1,6.046662091359017e-07
credit_limit,106570.0,1,6.046662091359017e-07
credit_limit,57560.0,1,6.046662091359017e-07
credit_limit,103010.0,1,6.046662091359017e-07
credit_limit,34140.0,1,6.046662091359017e-07
credit_limit,81380.0,1,6.046662091359017e-07
credit_limit,84245.0,1,6.046662091359017e-07
credit_limit,13425.0,1,6.046662091359017e-07
credit_limit,75230.0,1,6.046662091359017e-07
credit_limit,199640.0,1,6.046662091359017e-07
credit_limit,84765.0,1,6.046662091359017e-07
credit_limit,62020.0,1,6.046662091359017e-07
credit_limit,86555.0,1,6.046662091359017e-07
credit_limit,103225.0,1,6.046662091359017e-07
credit_limit,56305.0,1,6.046662091359017e-07
credit_limit,56635.0,1,6.046662091359017e-07
credit_limit,10330.0,1,6.046662091359017e-07
credit_limit,13630.0,1,6.046662091359017e-07
credit_limit,61160.0,1,6.046662091359017e-07
credit_limit,61610.0,1,6.046662091359017e-07
credit_limit,57340.0,1,6.046662091359017e-07
credit_limit,245400.0,1,6.046662091359017e-07
credit_limit,34720.0,1,6.046662091359017e-07
credit_limit,43250.0,1,6.046662091359017e-07
credit_limit,63050.0,1,6.046662091359017e-07
credit_limit,256500.0,1,6.046662091359017e-07
credit_limit,69050.0,1,6.046662091359017e-07
credit_limit,54960.0,1,6.046662091359017e-07
credit_limit,16730.0,1,6.046662091359017e-07
credit_limit,36320.0,1,6.046662091359017e-07
credit_limit,45440.0,1,6.046662091359017e-07
credit_limit,96840.0,1,6.046662091359017e-07
credit_limit,50650.0,1,6.046662091359017e-07
credit_limit,63140.0,1,6.046662091359017e-07
credit_limit,58660.0,1,6.046662091359017e-07
credit_limit,39690.0,1,6.046662091359017e-07
credit_limit,69060.0,1,6.046662091359017e-07
credit_limit,61510.0,1,6.046662091359017e-07
credit_limit,9650.0,1,6.046662091359017e-07
credit_limit,33670.0,1,6.046662091359017e-07
credit_limit,59235.0,1,6.046662091359017e-07
credit_limit,98230.0,1,6.046662091359017e-07
credit_limit,38380.0,1,6.046662091359017e-07
credit_limit,31945.0,1,6.046662091359017e-07
credit_limit,170620.0,1,6.046662091359017e-07
credit_limit,63770.0,1,6.046662091359017e-07
credit_limit,151560.0,1,6.046662091359017e-07
credit_limit,109825.0,1,6.046662091359017e-07
credit_limit,69375.0,1,6.046662091359017e-07
credit_limit,61305.0,1,6.046662091359017e-07
credit_limit,53025.0,1,6.046662091359017e-07
credit_limit,71340.0,1,6.046662091359017e-07
credit_limit,57955.0,1,6.046662091359017e-07
credit_limit,92150.0,1,6.046662091359017e-07
credit_limit,81045.0,1,6.046662091359017e-07
credit_limit,76265.0,1,6.046662091359017e-07
credit_limit,65270.0,1,6.046662091359017e-07
credit_limit,29350.0,1,6.046662091359017e-07
credit_limit,141495.0,1,6.046662091359017e-07
credit_limit,51120.0,1,6.046662091359017e-07
credit_limit,229000.0,1,6.046662091359017e-07
credit_limit,42390.0,1,6.046662091359017e-07
credit_limit,66695.0,1,6.046662091359017e-07
credit_limit,70005.0,1,6.046662091359017e-07
credit_limit,43505.0,1,6.046662091359017e-07
credit_limit,61580.0,1,6.046662091359017e-07
credit_limit,214400.0,1,6.046662091359017e-07
credit_limit,127675.0,1,6.046662091359017e-07
credit_limit,91205.0,1,6.046662091359017e-07
credit_limit,156360.0,1,6.046662091359017e-07
credit_limit,19510.0,1,6.046662091359017e-07
credit_limit,64440.0,1,6.046662091359017e-07
credit_limit,51285.0,1,6.046662091359017e-07
credit_limit,50060.0,1,6.046662091359017e-07
credit_limit,43090.0,1,6.046662091359017e-07
credit_limit,78635.0,1,6.046662091359017e-07
credit_limit,58740.0,1,6.046662091359017e-07
credit_limit,92785.0,1,6.046662091359017e-07
credit_limit,52710.0,1,6.046662091359017e-07
credit_limit,44625.0,1,6.046662091359017e-07
credit_limit,22570.0,1,6.046662091359017e-07
credit_limit,107635.0,1,6.046662091359017e-07
credit_limit,281900.0,1,6.046662091359017e-07
credit_limit,47180.0,1,6.046662091359017e-07
credit_limit,186415.0,1,6.046662091359017e-07
credit_limit,80170.0,1,6.046662091359017e-07
credit_limit,87050.0,1,6.046662091359017e-07
credit_limit,25795.0,1,6.046662091359017e-07
credit_limit,27850.0,1,6.046662091359017e-07
credit_limit,64080.0,1,6.046662091359017e-07
credit_limit,19235.0,1,6.046662091359017e-07
credit_limit,41025.0,1,6.046662091359017e-07
credit_limit,29660.0,1,6.046662091359017e-07
credit_limit,43765.0,1,6.046662091359017e-07
credit_limit,29970.0,1,6.046662091359017e-07
credit_limit,59240.0,1,6.046662091359017e-07
credit_limit,22790.0,1,6.046662091359017e-07
credit_limit,31070.0,1,6.046662091359017e-07
credit_limit,20380.0,1,6.046662091359017e-07
credit_limit,164515.0,1,6.046662091359017e-07
credit_limit,53675.0,1,6.046662091359017e-07
credit_limit,45665.0,1,6.046662091359017e-07
credit_limit,40120.0,1,6.046662091359017e-07
credit_limit,98890.0,1,6.046662091359017e-07
credit_limit,25240.0,1,6.046662091359017e-07
credit_limit,42180.0,1,6.046662091359017e-07
credit_limit,115030.0,1,6.046662091359017e-07
credit_limit,74230.0,1,6.046662091359017e-07
credit_limit,62870.0,1,6.046662091359017e-07
credit_limit,38865.0,1,6.046662091359017e-07
credit_limit,78850.0,1,6.046662091359017e-07
credit_limit,56030.0,1,6.046662091359017e-07
credit_limit,44780.0,1,6.046662091359017e-07
credit_limit,52240.0,1,6.046662091359017e-07
credit_limit,176350.0,1,6.046662091359017e-07
credit_limit,45140.0,1,6.046662091359017e-07
credit_limit,12345.0,1,6.046662091359017e-07
credit_limit,56895.0,1,6.046662091359017e-07
credit_limit,102085.0,1,6.046662091359017e-07
credit_limit,78110.0,1,6.046662091359017e-07
credit_limit,36690.0,1,6.046662091359017e-07
credit_limit,28730.0,1,6.046662091359017e-07
credit_limit,113540.0,1,6.046662091359017e-07
credit_limit,100450.0,1,6.046662091359017e-07
credit_limit,97365.0,1,6.046662091359017e-07
credit_limit,97440.0,1,6.046662091359017e-07
credit_limit,100820.0,1,6.046662091359017e-07
credit_limit,41295.0,1,6.046662091359017e-07
credit_limit,121070.0,1,6.046662091359017e-07
credit_limit,73290.0,1,6.046662091359017e-07
credit_limit,92930.0,1,6.046662091359017e-07
credit_limit,64120.0,1,6.046662091359017e-07
credit_limit,48340.0,1,6.046662091359017e-07
credit_limit,67720.0,1,6.046662091359017e-07
credit_limit,66670.0,1,6.046662091359017e-07
credit_limit,36295.0,1,6.046662091359017e-07
credit_limit,240700.0,1,6.046662091359017e-07
credit_limit,275900.0,1,6.046662091359017e-07
credit_limit,64810.0,1,6.046662091359017e-07
credit_limit,98580.0,1,6.046662091359017e-07
credit_limit,24855.0,1,6.046662091359017e-07
credit_limit,106695.0,1,6.046662091359017e-07
credit_limit,239900.0,1,6.046662091359017e-07
credit_limit,92040.0,1,6.046662091359017e-07
credit_limit,120570.0,1,6.046662091359017e-07
credit_limit,14195.0,1,6.046662091359017e-07
credit_limit,13580.0,1,6.046662091359017e-07
credit_limit,32355.0,1,6.046662091359017e-07
credit_limit,156405.0,1,6.046662091359017e-07
credit_limit,58640.0,1,6.046662091359017e-07
credit_limit,77010.0,1,6.046662091359017e-07
credit_limit,64380.0,1,6.046662091359017e-07
credit_limit,140130.0,1,6.046662091359017e-07
credit_limit,52690.0,1,6.046662091359017e-07
credit_limit,151265.0,1,6.046662091359017e-07
credit_limit,27865.0,1,6.046662091359017e-07
credit_limit,207900.0,1,6.046662091359017e-07
credit_limit,217200.0,1,6.046662091359017e-07
credit_limit,72370.0,1,6.046662091359017e-07
credit_limit,37695.0,1,6.046662091359017e-07
credit_limit,74250.0,1,6.046662091359017e-07
credit_limit,208900.0,1,6.046662091359017e-07
credit_limit,65355.0,1,6.046662091359017e-07
credit_limit,71020.0,1,6.046662091359017e-07
credit_limit,136370.0,1,6.046662091359017e-07
credit_limit,96545.0,1,6.046662091359017e-07
credit_limit,50020.0,1,6.046662091359017e-07
credit_limit,255700.0,1,6.046662091359017e-07
credit_limit,61570.0,1,6.046662091359017e-07
credit_limit,30240.0,1,6.046662091359017e-07
credit_limit,54210.0,1,6.046662091359017e-07
credit_limit,42610.0,1,6.046662091359017e-07
credit_limit,31250.0,1,6.046662091359017e-07
credit_limit,67330.0,1,6.046662091359017e-07
credit_limit,107015.0,1,6.046662091359017e-07
credit_limit,41220.0,1,6.046662091359017e-07
credit_limit,81120.0,1,6.046662091359017e-07
credit_limit,92795.0,1,6.046662091359017e-07
credit_limit,106705.0,1,6.046662091359017e-07
credit_limit,105615.0,1,6.046662091359017e-07
credit_limit,28255.0,1,6.046662091359017e-07
credit_limit,77055.0,1,6.046662091359017e-07
credit_limit,19530.0,1,6.046662091359017e-07
credit_limit,136570.0,1,6.046662091359017e-07
credit_limit,53050.0,1,6.046662091359017e-07
credit_limit,54360.0,1,6.046662091359017e-07
credit_limit,67460.0,1,6.046662091359017e-07
credit_limit,52210.0,1,6.046662091359017e-07
credit_limit,65210.0,1,6.046662091359017e-07
credit_limit,122635.0,1,6.046662091359017e-07
credit_limit,46405.0,1,6.046662091359017e-07
credit_limit,133350.0,1,6.046662091359017e-07
credit_limit,116120.0,1,6.046662091359017e-07
credit_limit,67540.0,1,6.046662091359017e-07
credit_limit,99830.0,1,6.046662091359017e-07
credit_limit,112370.0,1,6.046662091359017e-07
credit_limit,134555.0,1,6.046662091359017e-07
credit_limit,55790.0,1,6.046662091359017e-07
credit_limit,42020.0,1,6.046662091359017e-07
credit_limit,109315.0,1,6.046662091359017e-07
credit_limit,279800.0,1,6.046662091359017e-07
credit_limit,260300.0,1,6.046662091359017e-07
credit_limit,157130.0,1,6.046662091359017e-07
credit_limit,180430.0,1,6.046662091359017e-07
credit_limit,225000.0,1,6.046662091359017e-07
credit_limit,104480.0,1,6.046662091359017e-07
credit_limit,33180.0,1,6.046662091359017e-07
credit_limit,84035.0,1,6.046662091359017e-07
credit_limit,72280.0,1,6.046662091359017e-07
credit_limit,61990.0,1,6.046662091359017e-07
credit_limit,53630.0,1,6.046662091359017e-07
credit_limit,98150.0,1,6.046662091359017e-07
credit_limit,92405.0,1,6.046662091359017e-07
credit_limit,57025.0,1,6.046662091359017e-07
credit_limit,29570.0,1,6.046662091359017e-07
credit_limit,51245.0,1,6.046662091359017e-07
credit_limit,246500.0,1,6.046662091359017e-07
credit_limit,24030.0,1,6.046662091359017e-07
credit_limit,64520.0,1,6.046662091359017e-07
credit_limit,13695.0,1,6.046662091359017e-07
credit_limit,30640.0,1,6.046662091359017e-07
credit_limit,11980.0,1,6.046662091359017e-07
credit_limit,101810.0,1,6.046662091359017e-07
credit_limit,15215.0,1,6.046662091359017e-07
credit_limit,34605.0,1,6.046662091359017e-07
credit_limit,9770.0,1,6.046662091359017e-07
credit_limit,105970.0,1,6.046662091359017e-07
credit_limit,218100.0,1,6.046662091359017e-07
credit_limit,129770.0,1,6.046662091359017e-07
credit_limit,92570.0,1,6.046662091359017e-07
credit_limit,28680.0,1,6.046662091359017e-07
credit_limit,110110.0,1,6.046662091359017e-07
credit_limit,84350.0,1,6.046662091359017e-07
credit_limit,213000.0,1,6.046662091359017e-07
credit_limit,25730.0,1,6.046662091359017e-07
credit_limit,59150.0,1,6.046662091359017e-07
credit_limit,46685.0,1,6.046662091359017e-07
credit_limit,99360.0,1,6.046662091359017e-07
credit_limit,51620.0,1,6.046662091359017e-07
credit_limit,72610.0,1,6.046662091359017e-07
credit_limit,224700.0,1,6.046662091359017e-07
credit_limit,53870.0,1,6.046662091359017e-07
credit_limit,17580.0,1,6.046662091359017e-07
credit_limit,102280.0,1,6.046662091359017e-07
credit_limit,88250.0,1,6.046662091359017e-07
credit_limit,73980.0,1,6.046662091359017e-07
credit_limit,12890.0,1,6.046662091359017e-07
credit_limit,75650.0,1,6.046662091359017e-07
credit_limit,65610.0,1,6.046662091359017e-07
credit_limit,40330.0,1,6.046662091359017e-07
credit_limit,85810.0,1,6.046662091359017e-07
credit_limit,28390.0,1,6.046662091359017e-07
credit_limit,224600.0,1,6.046662091359017e-07
credit_limit,44020.0,1,6.046662091359017e-07
credit_limit,122760.0,1,6.046662091359017e-07
credit_limit,149560.0,1,6.046662091359017e-07
credit_limit,63515.0,1,6.046662091359017e-07
credit_limit,105850.0,1,6.046662091359017e-07
credit_limit,133140.0,1,6.046662091359017e-07
credit_limit,201600.0,1,6.046662091359017e-07
credit_limit,233900.0,1,6.046662091359017e-07
credit_limit,39195.0,1,6.046662091359017e-07
credit_limit,23420.0,1,6.046662091359017e-07
credit_limit,19160.0,1,6.046662091359017e-07
credit_limit,70640.0,1,6.046662091359017e-07
credit_limit,132040.0,1,6.046662091359017e-07
credit_limit,49815.0,1,6.046662091359017e-07
credit_limit,53080.0,1,6.046662091359017e-07
credit_limit,53530.0,1,6.046662091359017e-07
credit_limit,29035.0,1,6.046662091359017e-07
credit_limit,30230.0,1,6.046662091359017e-07
credit_limit,20280.0,1,6.046662091359017e-07
credit_limit,223000.0,1,6.046662091359017e-07
credit_limit,40640.0,1,6.046662091359017e-07
credit_limit,47555.0,1,6.046662091359017e-07
credit_limit,5790.0,1,6.046662091359017e-07
credit_limit,7420.0,1,6.046662091359017e-07
credit_limit,76570.0,1,6.046662091359017e-07
credit_limit,90675.0,1,6.046662091359017e-07
credit_limit,43060.0,1,6.046662091359017e-07
credit_limit,89970.0,1,6.046662091359017e-07
credit_limit,27635.0,1,6.046662091359017e-07
credit_limit,65540.0,1,6.046662091359017e-07
credit_limit,116615.0,1,6.046662091359017e-07
credit_limit,170610.0,1,6.046662091359017e-07
credit_limit,165255.0,1,6.046662091359017e-07
credit_limit,48140.0,1,6.046662091359017e-07
credit_limit,259700.0,1,6.046662091359017e-07
credit_limit,53710.0,1,6.046662091359017e-07
credit_limit,69575.0,1,6.046662091359017e-07
credit_limit,72745.0,1,6.046662091359017e-07
credit_limit,18765.0,1,6.046662091359017e-07
credit_limit,51160.0,1,6.046662091359017e-07
credit_limit,73020.0,1,6.046662091359017e-07
credit_limit,32140.0,1,6.046662091359017e-07
credit_limit,93825.0,1,6.046662091359017e-07
credit_limit,41165.0,1,6.046662091359017e-07
credit_limit,80450.0,1,6.046662091359017e-07
credit_limit,72015.0,1,6.046662091359017e-07
credit_limit,241700.0,1,6.046662091359017e-07
credit_limit,43975.0,1,6.046662091359017e-07
credit_limit,44775.0,1,6.046662091359017e-07
credit_limit,115040.0,1,6.046662091359017e-07
credit_limit,45940.0,1,6.046662091359017e-07
credit_limit,124740.0,1,6.046662091359017e-07
credit_limit,75250.0,1,6.046662091359017e-07
credit_limit,61555.0,1,6.046662091359017e-07
credit_limit,54570.0,1,6.046662091359017e-07
credit_limit,11120.0,1,6.046662091359017e-07
credit_limit,41750.0,1,6.046662091359017e-07
credit_limit,13850.0,1,6.046662091359017e-07
credit_limit,29805.0,1,6.046662091359017e-07
credit_limit,79680.0,1,6.046662091359017e-07
credit_limit,64325.0,1,6.046662091359017e-07
credit_limit,18650.0,1,6.046662091359017e-07
credit_limit,51660.0,1,6.046662091359017e-07
credit_limit,31660.0,1,6.046662091359017e-07
credit_limit,63475.0,1,6.046662091359017e-07
credit_limit,60395.0,1,6.046662091359017e-07
credit_limit,38320.0,1,6.046662091359017e-07
credit_limit,76610.0,1,6.046662091359017e-07
credit_limit,52685.0,1,6.046662091359017e-07
credit_limit,147240.0,1,6.046662091359017e-07
credit_limit,58535.0,1,6.046662091359017e-07
credit_limit,34020.0,1,6.046662091359017e-07
credit_limit,77130.0,1,6.046662091359017e-07
credit_limit,28425.0,1,6.046662091359017e-07
credit_limit,67310.0,1,6.046662091359017e-07
credit_limit,85365.0,1,6.046662091359017e-07
credit_limit,231600.0,1,6.046662091359017e-07
credit_limit,51335.0,1,6.046662091359017e-07
credit_limit,44050.0,1,6.046662091359017e-07
credit_limit,90435.0,1,6.046662091359017e-07
credit_limit,41150.0,1,6.046662091359017e-07
credit_limit,227900.0,1,6.046662091359017e-07
credit_limit,28020.0,1,6.046662091359017e-07
credit_limit,12620.0,1,6.046662091359017e-07
credit_limit,18385.0,1,6.046662091359017e-07
credit_limit,89445.0,1,6.046662091359017e-07
credit_limit,75310.0,1,6.046662091359017e-07
credit_limit,35920.0,1,6.046662091359017e-07
credit_limit,37805.0,1,6.046662091359017e-07
credit_limit,16755.0,1,6.046662091359017e-07
credit_limit,168305.0,1,6.046662091359017e-07
credit_limit,21355.0,1,6.046662091359017e-07
credit_limit,78030.0,1,6.046662091359017e-07
credit_limit,56490.0,1,6.046662091359017e-07
credit_limit,67645.0,1,6.046662091359017e-07
credit_limit,46615.0,1,6.046662091359017e-07
credit_limit,56435.0,1,6.046662091359017e-07
credit_limit,69960.0,1,6.046662091359017e-07
credit_limit,39350.0,1,6.046662091359017e-07
credit_limit,7640.0,1,6.046662091359017e-07
credit_limit,59590.0,1,6.046662091359017e-07
credit_limit,18030.0,1,6.046662091359017e-07
credit_limit,100960.0,1,6.046662091359017e-07
credit_limit,84630.0,1,6.046662091359017e-07
credit_limit,36060.0,1,6.046662091359017e-07
credit_limit,53750.0,1,6.046662091359017e-07
credit_limit,167420.0,1,6.046662091359017e-07
credit_limit,45125.0,1,6.046662091359017e-07
credit_limit,90445.0,1,6.046662091359017e-07
credit_limit,38305.0,1,6.046662091359017e-07
credit_limit,10850.0,1,6.046662091359017e-07
credit_limit,100470.0,1,6.046662091359017e-07
credit_limit,85655.0,1,6.046662091359017e-07
credit_limit,77740.0,1,6.046662091359017e-07
credit_limit,34350.0,1,6.046662091359017e-07
credit_limit,45750.0,1,6.046662091359017e-07
credit_limit,56405.0,1,6.046662091359017e-07
credit_limit,53940.0,1,6.046662091359017e-07
credit_limit,68930.0,1,6.046662091359017e-07
credit_limit,29685.0,1,6.046662091359017e-07
credit_limit,64150.0,1,6.046662091359017e-07
credit_limit,157980.0,1,6.046662091359017e-07
credit_limit,80470.0,1,6.046662091359017e-07
credit_limit,41740.0,1,6.046662091359017e-07
credit_limit,175780.0,1,6.046662091359017e-07
credit_limit,12045.0,1,6.046662091359017e-07
credit_limit,82365.0,1,6.046662091359017e-07
credit_limit,216900.0,1,6.046662091359017e-07
credit_limit,79265.0,1,6.046662091359017e-07
credit_limit,93510.0,1,6.046662091359017e-07
credit_limit,208000.0,1,6.046662091359017e-07
credit_limit,90720.0,1,6.046662091359017e-07
credit_limit,23340.0,1,6.046662091359017e-07
credit_limit,96950.0,1,6.046662091359017e-07
credit_limit,66850.0,1,6.046662091359017e-07
credit_limit,69030.0,1,6.046662091359017e-07
credit_limit,257900.0,1,6.046662091359017e-07
credit_limit,105015.0,1,6.046662091359017e-07
credit_limit,48560.0,1,6.046662091359017e-07
credit_limit,40885.0,1,6.046662091359017e-07
credit_limit,21070.0,1,6.046662091359017e-07
credit_limit,95145.0,1,6.046662091359017e-07
credit_limit,39470.0,1,6.046662091359017e-07
credit_limit,91355.0,1,6.046662091359017e-07
credit_limit,266900.0,1,6.046662091359017e-07
credit_limit,44820.0,1,6.046662091359017e-07
credit_limit,33855.0,1,6.046662091359017e-07
credit_limit,113270.0,1,6.046662091359017e-07
credit_limit,8430.0,1,6.046662091359017e-07
credit_limit,37150.0,1,6.046662091359017e-07
credit_limit,16030.0,1,6.046662091359017e-07
credit_limit,37810.0,1,6.046662091359017e-07
credit_limit,31390.0,1,6.046662091359017e-07
credit_limit,94580.0,1,6.046662091359017e-07
credit_limit,75150.0,1,6.046662091359017e-07
credit_limit,28815.0,1,6.046662091359017e-07
credit_limit,44450.0,1,6.046662091359017e-07
credit_limit,52130.0,1,6.046662091359017e-07
credit_limit,43130.0,1,6.046662091359017e-07
credit_limit,46310.0,1,6.046662091359017e-07
credit_limit,69740.0,1,6.046662091359017e-07
credit_limit,96520.0,1,6.046662091359017e-07
credit_limit,60050.0,1,6.046662091359017e-07
credit_limit,82080.0,1,6.046662091359017e-07
credit_limit,110605.0,1,6.046662091359017e-07
credit_limit,49295.0,1,6.046662091359017e-07
credit_limit,65885.0,1,6.046662091359017e-07
credit_limit,13990.0,1,6.046662091359017e-07
credit_limit,7550.0,1,6.046662091359017e-07
credit_limit,74310.0,1,6.046662091359017e-07
credit_limit,19770.0,1,6.046662091359017e-07
credit_limit,290400.0,1,6.046662091359017e-07
credit_limit,8135.0,1,6.046662091359017e-07
credit_limit,74175.0,1,6.046662091359017e-07
credit_limit,139625.0,1,6.046662091359017e-07
credit_limit,93965.0,1,6.046662091359017e-07
credit_limit,62545.0,1,6.046662091359017e-07
credit_limit,78430.0,1,6.046662091359017e-07
credit_limit,67840.0,1,6.046662091359017e-07
credit_limit,45225.0,1,6.046662091359017e-07
credit_limit,16195.0,1,6.046662091359017e-07
credit_limit,86250.0,1,6.046662091359017e-07
credit_limit,56225.0,1,6.046662091359017e-07
credit_limit,66360.0,1,6.046662091359017e-07
credit_limit,70620.0,1,6.046662091359017e-07
credit_limit,82915.0,1,6.046662091359017e-07
credit_limit,100775.0,1,6.046662091359017e-07
credit_limit,100330.0,1,6.046662091359017e-07
credit_limit,82470.0,1,6.046662091359017e-07
credit_limit,75950.0,1,6.046662091359017e-07
credit_limit,50280.0,1,6.046662091359017e-07
credit_limit,24355.0,1,6.046662091359017e-07
credit_limit,43325.0,1,6.046662091359017e-07
credit_limit,80930.0,1,6.046662091359017e-07
credit_limit,24845.0,1,6.046662091359017e-07
credit_limit,66115.0,1,6.046662091359017e-07
credit_limit,145360.0,1,6.046662091359017e-07
credit_limit,43115.0,1,6.046662091359017e-07
credit_limit,67145.0,1,6.046662091359017e-07
credit_limit,154520.0,1,6.046662091359017e-07
credit_limit,274500.0,1,6.046662091359017e-07
credit_limit,48130.0,1,6.046662091359017e-07
credit_limit,47830.0,1,6.046662091359017e-07
credit_limit,77940.0,1,6.046662091359017e-07
credit_limit,15440.0,1,6.046662091359017e-07
credit_limit,47640.0,1,6.046662091359017e-07
credit_limit,124060.0,1,6.046662091359017e-07
credit_limit,13470.0,1,6.046662091359017e-07
credit_limit,112610.0,1,6.046662091359017e-07
credit_limit,148660.0,1,6.046662091359017e-07
credit_limit,151745.0,1,6.046662091359017e-07
credit_limit,78150.0,1,6.046662091359017e-07
credit_limit,46540.0,1,6.046662091359017e-07
credit_limit,33250.0,1,6.046662091359017e-07
credit_limit,102260.0,1,6.046662091359017e-07
credit_limit,13255.0,1,6.046662091359017e-07
credit_limit,212300.0,1,6.046662091359017e-07
credit_limit,72755.0,1,6.046662091359017e-07
credit_limit,96715.0,1,6.046662091359017e-07
credit_limit,71685.0,1,6.046662091359017e-07
credit_limit,63840.0,1,6.046662091359017e-07
credit_limit,62760.0,1,6.046662091359017e-07
credit_limit,68485.0,1,6.046662091359017e-07
credit_limit,26530.0,1,6.046662091359017e-07
credit_limit,96285.0,1,6.046662091359017e-07
credit_limit,84755.0,1,6.046662091359017e-07
credit_limit,55695.0,1,6.046662091359017e-07
credit_limit,12290.0,1,6.046662091359017e-07
credit_limit,40445.0,1,6.046662091359017e-07
credit_limit,81250.0,1,6.046662091359017e-07
credit_limit,56240.0,1,6.046662091359017e-07
credit_limit,47050.0,1,6.046662091359017e-07
credit_limit,58360.0,1,6.046662091359017e-07
credit_limit,30650.0,1,6.046662091359017e-07
credit_limit,52905.0,1,6.046662091359017e-07
credit_limit,65150.0,1,6.046662091359017e-07
credit_limit,184540.0,1,6.046662091359017e-07
credit_limit,23350.0,1,6.046662091359017e-07
credit_limit,102615.0,1,6.046662091359017e-07
credit_limit,243600.0,1,6.046662091359017e-07
credit_limit,46810.0,1,6.046662091359017e-07
credit_limit,15540.0,1,6.046662091359017e-07
credit_limit,71750.0,1,6.046662091359017e-07
credit_limit,188280.0,1,6.046662091359017e-07
credit_limit,63690.0,1,6.046662091359017e-07
credit_limit,94840.0,1,6.046662091359017e-07
credit_limit,108445.0,1,6.046662091359017e-07
credit_limit,75960.0,1,6.046662091359017e-07
credit_limit,69265.0,1,6.046662091359017e-07
credit_limit,94935.0,1,6.046662091359017e-07
credit_limit,75240.0,1,6.046662091359017e-07
credit_limit,24540.0,1,6.046662091359017e-07
credit_limit,121030.0,1,6.046662091359017e-07
credit_limit,221100.0,1,6.046662091359017e-07
credit_limit,72880.0,1,6.046662091359017e-07
credit_limit,85130.0,1,6.046662091359017e-07
credit_limit,144380.0,1,6.046662091359017e-07
credit_limit,61090.0,1,6.046662091359017e-07
credit_limit,45880.0,1,6.046662091359017e-07
credit_limit,85755.0,1,6.046662091359017e-07
credit_limit,13050.0,1,6.046662091359017e-07
credit_limit,89640.0,1,6.046662091359017e-07
credit_limit,25315.0,1,6.046662091359017e-07
credit_limit,13625.0,1,6.046662091359017e-07
credit_limit,88070.0,1,6.046662091359017e-07
credit_limit,61525.0,1,6.046662091359017e-07
credit_limit,72160.0,1,6.046662091359017e-07
credit_limit,254600.0,1,6.046662091359017e-07
credit_limit,71480.0,1,6.046662091359017e-07
credit_limit,34970.0,1,6.046662091359017e-07
credit_limit,55290.0,1,6.046662091359017e-07
credit_limit,51890.0,1,6.046662091359017e-07
credit_limit,87580.0,1,6.046662091359017e-07
credit_limit,18505.0,1,6.046662091359017e-07
credit_limit,15430.0,1,6.046662091359017e-07
credit_limit,32435.0,1,6.046662091359017e-07
credit_limit,22965.0,1,6.046662091359017e-07
credit_limit,55330.0,1,6.046662091359017e-07
credit_limit,62425.0,1,6.046662091359017e-07
credit_limit,43805.0,1,6.046662091359017e-07
credit_limit,74635.0,1,6.046662091359017e-07
credit_limit,43960.0,1,6.046662091359017e-07
credit_limit,88230.0,1,6.046662091359017e-07
credit_limit,12905.0,1,6.046662091359017e-07
credit_limit,105035.0,1,6.046662091359017e-07
credit_limit,12730.0,1,6.046662091359017e-07
credit_limit,113695.0,1,6.046662091359017e-07
credit_limit,17015.0,1,6.046662091359017e-07
credit_limit,65510.0,1,6.046662091359017e-07
credit_limit,234400.0,1,6.046662091359017e-07
credit_limit,159070.0,1,6.046662091359017e-07
credit_limit,198720.0,1,6.046662091359017e-07
credit_limit,69595.0,1,6.046662091359017e-07
credit_limit,92410.0,1,6.046662091359017e-07
credit_limit,48085.0,1,6.046662091359017e-07
credit_limit,73230.0,1,6.046662091359017e-07
credit_limit,120860.0,1,6.046662091359017e-07
credit_limit,90795.0,1,6.046662091359017e-07
credit_limit,57650.0,1,6.046662091359017e-07
credit_limit,59955.0,1,6.046662091359017e-07
credit_limit,65195.0,1,6.046662091359017e-07
credit_limit,50640.0,1,6.046662091359017e-07
credit_limit,79070.0,1,6.046662091359017e-07
credit_limit,185595.0,1,6.046662091359017e-07
credit_limit,36990.0,1,6.046662091359017e-07
credit_limit,38465.0,1,6.046662091359017e-07
credit_limit,68610.0,1,6.046662091359017e-07
credit_limit,58255.0,1,6.046662091359017e-07
credit_limit,6925.0,1,6.046662091359017e-07
credit_limit,59080.0,1,6.046662091359017e-07
credit_limit,69080.0,1,6.046662091359017e-07
credit_limit,123630.0,1,6.046662091359017e-07
credit_limit,43985.0,1,6.046662091359017e-07
credit_limit,52260.0,1,6.046662091359017e-07
credit_limit,170570.0,1,6.046662091359017e-07
credit_limit,70925.0,1,6.046662091359017e-07
credit_limit,15675.0,1,6.046662091359017e-07
credit_limit,60390.0,1,6.046662091359017e-07
credit_limit,41850.0,1,6.046662091359017e-07
credit_limit,5675.0,1,6.046662091359017e-07
credit_limit,35240.0,1,6.046662091359017e-07
credit_limit,124720.0,1,6.046662091359017e-07
credit_limit,113740.0,1,6.046662091359017e-07
credit_limit,11890.0,1,6.046662091359017e-07
credit_limit,241600.0,1,6.046662091359017e-07
credit_limit,97920.0,1,6.046662091359017e-07
credit_limit,26360.0,1,6.046662091359017e-07
credit_limit,14755.0,1,6.046662091359017e-07
credit_limit,89545.0,1,6.046662091359017e-07
credit_limit,180620.0,1,6.046662091359017e-07
credit_limit,42210.0,1,6.046662091359017e-07
credit_limit,96770.0,1,6.046662091359017e-07
credit_limit,207700.0,1,6.046662091359017e-07
credit_limit,11710.0,1,6.046662091359017e-07
credit_limit,132530.0,1,6.046662091359017e-07
credit_limit,32950.0,1,6.046662091359017e-07
credit_limit,26285.0,1,6.046662091359017e-07
credit_limit,70730.0,1,6.046662091359017e-07
credit_limit,103710.0,1,6.046662091359017e-07
credit_limit,52330.0,1,6.046662091359017e-07
credit_limit,25680.0,1,6.046662091359017e-07
credit_limit,215800.0,1,6.046662091359017e-07
credit_limit,70990.0,1,6.046662091359017e-07
credit_limit,50330.0,1,6.046662091359017e-07
credit_limit,219000.0,1,6.046662091359017e-07
credit_limit,95120.0,1,6.046662091359017e-07
credit_limit,69550.0,1,6.046662091359017e-07
credit_limit,8385.0,1,6.046662091359017e-07
credit_limit,35975.0,1,6.046662091359017e-07
credit_limit,75290.0,1,6.046662091359017e-07
credit_limit,50660.0,1,6.046662091359017e-07
credit_limit,146260.0,1,6.046662091359017e-07
credit_limit,120960.0,1,6.046662091359017e-07
credit_limit,72795.0,1,6.046662091359017e-07
credit_limit,114265.0,1,6.046662091359017e-07
credit_limit,100230.0,1,6.046662091359017e-07
credit_limit,243100.0,1,6.046662091359017e-07
credit_limit,93180.0,1,6.046662091359017e-07
credit_limit,41625.0,1,6.046662091359017e-07
credit_limit,23880.0,1,6.046662091359017e-07
credit_limit,18275.0,1,6.046662091359017e-07
credit_limit,71510.0,1,6.046662091359017e-07
credit_limit,77320.0,1,6.046662091359017e-07
credit_limit,60345.0,1,6.046662091359017e-07
credit_limit,18160.0,1,6.046662091359017e-07
credit_limit,80615.0,1,6.046662091359017e-07
credit_limit,109790.0,1,6.046662091359017e-07
credit_limit,290600.0,1,6.046662091359017e-07
credit_limit,118760.0,1,6.046662091359017e-07
credit_limit,120210.0,1,6.046662091359017e-07
credit_limit,192615.0,1,6.046662091359017e-07
credit_limit,135450.0,1,6.046662091359017e-07
credit_limit,252500.0,1,6.046662091359017e-07
credit_limit,69780.0,1,6.046662091359017e-07
credit_limit,219600.0,1,6.046662091359017e-07
credit_limit,27380.0,1,6.046662091359017e-07
credit_limit,78460.0,1,6.046662091359017e-07
credit_limit,236900.0,1,6.046662091359017e-07
credit_limit,67910.0,1,6.046662091359017e-07
credit_limit,55920.0,1,6.046662091359017e-07
credit_limit,65585.0,1,6.046662091359017e-07
credit_limit,108160.0,1,6.046662091359017e-07
credit_limit,74350.0,1,6.046662091359017e-07
credit_limit,23990.0,1,6.046662091359017e-07
credit_limit,77530.0,1,6.046662091359017e-07
credit_limit,44650.0,1,6.046662091359017e-07
credit_limit,256000.0,1,6.046662091359017e-07
credit_limit,55615.0,1,6.046662091359017e-07
credit_limit,209400.0,1,6.046662091359017e-07
credit_limit,9420.0,1,6.046662091359017e-07
credit_limit,80350.0,1,6.046662091359017e-07
credit_limit,141450.0,1,6.046662091359017e-07
credit_limit,53210.0,1,6.046662091359017e-07
credit_limit,232500.0,1,6.046662091359017e-07
credit_limit,17510.0,1,6.046662091359017e-07
credit_limit,16250.0,1,6.046662091359017e-07
credit_limit,5815.0,1,6.046662091359017e-07
credit_limit,39890.0,1,6.046662091359017e-07
credit_limit,36995.0,1,6.046662091359017e-07
credit_limit,116525.0,1,6.046662091359017e-07
credit_limit,48480.0,1,6.046662091359017e-07
credit_limit,63750.0,1,6.046662091359017e-07
credit_limit,85350.0,1,6.046662091359017e-07
credit_limit,59440.0,1,6.046662091359017e-07
credit_limit,164480.0,1,6.046662091359017e-07
credit_limit,18735.0,1,6.046662091359017e-07
credit_limit,143360.0,1,6.046662091359017e-07
credit_limit,86685.0,1,6.046662091359017e-07
credit_limit,54695.0,1,6.046662091359017e-07
credit_limit,70180.0,1,6.046662091359017e-07
credit_limit,23680.0,1,6.046662091359017e-07
credit_limit,28440.0,1,6.046662091359017e-07
credit_limit,41720.0,1,6.046662091359017e-07
credit_limit,64190.0,1,6.046662091359017e-07
credit_limit,71175.0,1,6.046662091359017e-07
credit_limit,49905.0,1,6.046662091359017e-07
credit_limit,76665.0,1,6.046662091359017e-07
credit_limit,26460.0,1,6.046662091359017e-07
credit_limit,17345.0,1,6.046662091359017e-07
credit_limit,242000.0,1,6.046662091359017e-07
credit_limit,33195.0,1,6.046662091359017e-07
credit_limit,243000.0,1,6.046662091359017e-07
credit_limit,37570.0,1,6.046662091359017e-07
credit_limit,29650.0,1,6.046662091359017e-07
credit_limit,12160.0,1,6.046662091359017e-07
credit_limit,200500.0,1,6.046662091359017e-07
credit_limit,206200.0,1,6.046662091359017e-07
credit_limit,51230.0,1,6.046662091359017e-07
credit_limit,119465.0,1,6.046662091359017e-07
credit_limit,59530.0,1,6.046662091359017e-07
credit_limit,62950.0,1,6.046662091359017e-07
credit_limit,9045.0,1,6.046662091359017e-07
credit_limit,77040.0,1,6.046662091359017e-07
credit_limit,85795.0,1,6.046662091359017e-07
credit_limit,47140.0,1,6.046662091359017e-07
credit_limit,78530.0,1,6.046662091359017e-07
credit_limit,33415.0,1,6.046662091359017e-07
credit_limit,32605.0,1,6.046662091359017e-07
credit_limit,61280.0,1,6.046662091359017e-07
credit_limit,145620.0,1,6.046662091359017e-07
credit_limit,51505.0,1,6.046662091359017e-07
credit_limit,62750.0,1,6.046662091359017e-07
credit_limit,74460.0,1,6.046662091359017e-07
credit_limit,69015.0,1,6.046662091359017e-07
credit_limit,91880.0,1,6.046662091359017e-07
credit_limit,23295.0,1,6.046662091359017e-07
credit_limit,144155.0,1,6.046662091359017e-07
credit_limit,92810.0,1,6.046662091359017e-07
credit_limit,16640.0,1,6.046662091359017e-07
credit_limit,20990.0,1,6.046662091359017e-07
credit_limit,75020.0,1,6.046662091359017e-07
credit_limit,34930.0,1,6.046662091359017e-07
credit_limit,103120.0,1,6.046662091359017e-07
credit_limit,134430.0,1,6.046662091359017e-07
credit_limit,102935.0,1,6.046662091359017e-07
credit_limit,69095.0,1,6.046662091359017e-07
credit_limit,143110.0,1,6.046662091359017e-07
credit_limit,69235.0,1,6.046662091359017e-07
credit_limit,104465.0,1,6.046662091359017e-07
credit_limit,97050.0,1,6.046662091359017e-07
credit_limit,158840.0,1,6.046662091359017e-07
credit_limit,108240.0,1,6.046662091359017e-07
credit_limit,218700.0,1,6.046662091359017e-07
credit_limit,63545.0,1,6.046662091359017e-07
credit_limit,248900.0,1,6.046662091359017e-07
credit_limit,21080.0,1,6.046662091359017e-07
credit_limit,144030.0,1,6.046662091359017e-07
credit_limit,64490.0,1,6.046662091359017e-07
credit_limit,75750.0,1,6.046662091359017e-07
credit_limit,26390.0,1,6.046662091359017e-07
credit_limit,56940.0,1,6.046662091359017e-07
credit_limit,27690.0,1,6.046662091359017e-07
credit_limit,10965.0,1,6.046662091359017e-07
credit_limit,56880.0,1,6.046662091359017e-07
credit_limit,71680.0,1,6.046662091359017e-07
credit_limit,70695.0,1,6.046662091359017e-07
credit_limit,41695.0,1,6.046662091359017e-07
credit_limit,24890.0,1,6.046662091359017e-07
credit_limit,98340.0,1,6.046662091359017e-07
credit_limit,20215.0,1,6.046662091359017e-07
credit_limit,40190.0,1,6.046662091359017e-07
credit_limit,95590.0,1,6.046662091359017e-07
credit_limit,271400.0,1,6.046662091359017e-07
credit_limit,22240.0,1,6.046662091359017e-07
credit_limit,84850.0,1,6.046662091359017e-07
credit_limit,36455.0,1,6.046662091359017e-07
credit_limit,29740.0,1,6.046662091359017e-07
credit_limit,57460.0,1,6.046662091359017e-07
credit_limit,20420.0,1,6.046662091359017e-07
credit_limit,61420.0,1,6.046662091359017e-07
credit_limit,287900.0,1,6.046662091359017e-07
credit_limit,83255.0,1,6.046662091359017e-07
credit_limit,76640.0,1,6.046662091359017e-07
credit_limit,279400.0,1,6.046662091359017e-07
credit_limit,68590.0,1,6.046662091359017e-07
credit_limit,145220.0,1,6.046662091359017e-07
credit_limit,71820.0,1,6.046662091359017e-07
credit_limit,27145.0,1,6.046662091359017e-07
credit_limit,257200.0,1,6.046662091359017e-07
credit_limit,200400.0,1,6.046662091359017e-07
credit_limit,49960.0,1,6.046662091359017e-07
credit_limit,17320.0,1,6.046662091359017e-07
credit_limit,17430.0,1,6.046662091359017e-07
credit_limit,299300.0,1,6.046662091359017e-07
credit_limit,74945.0,1,6.046662091359017e-07
credit_limit,159455.0,1,6.046662091359017e-07
credit_limit,74910.0,1,6.046662091359017e-07
credit_limit,87640.0,1,6.046662091359017e-07
credit_limit,224000.0,1,6.046662091359017e-07
credit_limit,10840.0,1,6.046662091359017e-07
credit_limit,33620.0,1,6.046662091359017e-07
credit_limit,37830.0,1,6.046662091359017e-07
credit_limit,14870.0,1,6.046662091359017e-07
credit_limit,73150.0,1,6.046662091359017e-07
credit_limit,77150.0,1,6.046662091359017e-07
credit_limit,26170.0,1,6.046662091359017e-07
credit_limit,84550.0,1,6.046662091359017e-07
credit_limit,83150.0,1,6.046662091359017e-07
credit_limit,38760.0,1,6.046662091359017e-07
credit_limit,80570.0,1,6.046662091359017e-07
credit_limit,111780.0,1,6.046662091359017e-07
credit_limit,49550.0,1,6.046662091359017e-07
credit_limit,11885.0,1,6.046662091359017e-07
credit_limit,231200.0,1,6.046662091359017e-07
credit_limit,48475.0,1,6.046662091359017e-07
credit_limit,172005.0,1,6.046662091359017e-07
credit_limit,35380.0,1,6.046662091359017e-07
credit_limit,60850.0,1,6.046662091359017e-07
credit_limit,218000.0,1,6.046662091359017e-07
credit_limit,58545.0,1,6.046662091359017e-07
credit_limit,118360.0,1,6.046662091359017e-07
credit_limit,25420.0,1,6.046662091359017e-07
credit_limit,44815.0,1,6.046662091359017e-07
credit_limit,225600.0,1,6.046662091359017e-07
credit_limit,6140.0,1,6.046662091359017e-07
credit_limit,233100.0,1,6.046662091359017e-07
credit_limit,30070.0,1,6.046662091359017e-07
credit_limit,38990.0,1,6.046662091359017e-07
credit_limit,101740.0,1,6.046662091359017e-07
credit_limit,87650.0,1,6.046662091359017e-07
credit_limit,68030.0,1,6.046662091359017e-07
credit_limit,73590.0,1,6.046662091359017e-07
credit_limit,68550.0,1,6.046662091359017e-07
credit_limit,33060.0,1,6.046662091359017e-07
credit_limit,47030.0,1,6.046662091359017e-07
credit_limit,129230.0,1,6.046662091359017e-07
credit_limit,58830.0,1,6.046662091359017e-07
credit_limit,38390.0,1,6.046662091359017e-07
credit_limit,115460.0,1,6.046662091359017e-07
credit_limit,36880.0,1,6.046662091359017e-07
credit_limit,105770.0,1,6.046662091359017e-07
credit_limit,81180.0,1,6.046662091359017e-07
credit_limit,99970.0,1,6.046662091359017e-07
credit_limit,86455.0,1,6.046662091359017e-07
credit_limit,10215.0,1,6.046662091359017e-07
credit_limit,15520.0,1,6.046662091359017e-07
credit_limit,151155.0,1,6.046662091359017e-07
credit_limit,89960.0,1,6.046662091359017e-07
credit_limit,52740.0,1,6.046662091359017e-07
credit_limit,41440.0,1,6.046662091359017e-07
credit_limit,42280.0,1,6.046662091359017e-07
credit_limit,62025.0,1,6.046662091359017e-07
credit_limit,31385.0,1,6.046662091359017e-07
credit_limit,18230.0,1,6.046662091359017e-07
credit_limit,7380.0,1,6.046662091359017e-07
credit_limit,55930.0,1,6.046662091359017e-07
credit_limit,23585.0,1,6.046662091359017e-07
credit_limit,22120.0,1,6.046662091359017e-07
credit_limit,132820.0,1,6.046662091359017e-07
credit_limit,56460.0,1,6.046662091359017e-07
credit_limit,35570.0,1,6.046662091359017e-07
credit_limit,295000.0,1,6.046662091359017e-07
credit_limit,76290.0,1,6.046662091359017e-07
credit_limit,267900.0,1,6.046662091359017e-07
credit_limit,122670.0,1,6.046662091359017e-07
credit_limit,74595.0,1,6.046662091359017e-07
credit_limit,124290.0,1,6.046662091359017e-07
credit_limit,18835.0,1,6.046662091359017e-07
credit_limit,70775.0,1,6.046662091359017e-07
credit_limit,31445.0,1,6.046662091359017e-07
credit_limit,88290.0,1,6.046662091359017e-07
credit_limit,206600.0,1,6.046662091359017e-07
credit_limit,79150.0,1,6.046662091359017e-07
credit_limit,137905.0,1,6.046662091359017e-07
credit_limit,12060.0,1,6.046662091359017e-07
credit_limit,137160.0,1,6.046662091359017e-07
credit_limit,84235.0,1,6.046662091359017e-07
credit_limit,62585.0,1,6.046662091359017e-07
credit_limit,9060.0,1,6.046662091359017e-07
credit_limit,71230.0,1,6.046662091359017e-07
credit_limit,220100.0,1,6.046662091359017e-07
credit_limit,45990.0,1,6.046662091359017e-07
credit_limit,33740.0,1,6.046662091359017e-07
credit_limit,56175.0,1,6.046662091359017e-07
credit_limit,26470.0,1,6.046662091359017e-07
credit_limit,157440.0,1,6.046662091359017e-07
credit_limit,31060.0,1,6.046662091359017e-07
credit_limit,102720.0,1,6.046662091359017e-07
credit_limit,74045.0,1,6.046662091359017e-07
credit_limit,81810.0,1,6.046662091359017e-07
credit_limit,52230.0,1,6.046662091359017e-07
credit_limit,20320.0,1,6.046662091359017e-07
credit_limit,58690.0,1,6.046662091359017e-07
credit_limit,55140.0,1,6.046662091359017e-07
credit_limit,26435.0,1,6.046662091359017e-07
credit_limit,34340.0,1,6.046662091359017e-07
credit_limit,39045.0,1,6.046662091359017e-07
credit_limit,28145.0,1,6.046662091359017e-07
credit_limit,99685.0,1,6.046662091359017e-07
credit_limit,91035.0,1,6.046662091359017e-07
credit_limit,147270.0,1,6.046662091359017e-07
credit_limit,113260.0,1,6.046662091359017e-07
credit_limit,85570.0,1,6.046662091359017e-07
credit_limit,95720.0,1,6.046662091359017e-07
credit_limit,98755.0,1,6.046662091359017e-07
credit_limit,21330.0,1,6.046662091359017e-07
credit_limit,53890.0,1,6.046662091359017e-07
credit_limit,34795.0,1,6.046662091359017e-07
credit_limit,38370.0,1,6.046662091359017e-07
credit_limit,60930.0,1,6.046662091359017e-07
credit_limit,114540.0,1,6.046662091359017e-07
credit_limit,131710.0,1,6.046662091359017e-07
credit_limit,41350.0,1,6.046662091359017e-07
credit_limit,5225.0,1,6.046662091359017e-07
credit_limit,34850.0,1,6.046662091359017e-07
credit_limit,138620.0,1,6.046662091359017e-07
credit_limit,79785.0,1,6.046662091359017e-07
credit_limit,47540.0,1,6.046662091359017e-07
credit_limit,10960.0,1,6.046662091359017e-07
credit_limit,45340.0,1,6.046662091359017e-07
credit_limit,116920.0,1,6.046662091359017e-07
credit_limit,77630.0,1,6.046662091359017e-07
credit_limit,148905.0,1,6.046662091359017e-07
credit_limit,46840.0,1,6.046662091359017e-07
credit_limit,128120.0,1,6.046662091359017e-07
credit_limit,94535.0,1,6.046662091359017e-07
credit_limit,34235.0,1,6.046662091359017e-07
credit_limit,28580.0,1,6.046662091359017e-07
credit_limit,23020.0,1,6.046662091359017e-07
credit_limit,49560.0,1,6.046662091359017e-07
credit_limit,102960.0,1,6.046662091359017e-07
credit_limit,39740.0,1,6.046662091359017e-07
credit_limit,94425.0,1,6.046662091359017e-07
credit_limit,19170.0,1,6.046662091359017e-07
credit_limit,69380.0,1,6.046662091359017e-07
credit_limit,75580.0,1,6.046662091359017e-07
credit_limit,40045.0,1,6.046662091359017e-07
credit_limit,70660.0,1,6.046662091359017e-07
credit_limit,51265.0,1,6.046662091359017e-07
credit_limit,51950.0,1,6.046662091359017e-07
credit_limit,28150.0,1,6.046662091359017e-07
credit_limit,38090.0,1,6.046662091359017e-07
credit_limit,38950.0,1,6.046662091359017e-07
credit_limit,83330.0,1,6.046662091359017e-07
credit_limit,42060.0,1,6.046662091359017e-07
credit_limit,48465.0,1,6.046662091359017e-07
credit_limit,111505.0,1,6.046662091359017e-07
credit_limit,117130.0,1,6.046662091359017e-07
credit_limit,85540.0,1,6.046662091359017e-07
credit_limit,107650.0,1,6.046662091359017e-07
credit_limit,225100.0,1,6.046662091359017e-07
credit_limit,9025.0,1,6.046662091359017e-07
credit_limit,34975.0,1,6.046662091359017e-07
credit_limit,44970.0,1,6.046662091359017e-07
credit_limit,177220.0,1,6.046662091359017e-07
credit_limit,84825.0,1,6.046662091359017e-07
credit_limit,229400.0,1,6.046662091359017e-07
credit_limit,162770.0,1,6.046662091359017e-07
credit_limit,295300.0,1,6.046662091359017e-07
credit_limit,119610.0,1,6.046662091359017e-07
credit_limit,24490.0,1,6.046662091359017e-07
credit_limit,75130.0,1,6.046662091359017e-07
credit_limit,136025.0,1,6.046662091359017e-07
credit_limit,93370.0,1,6.046662091359017e-07
credit_limit,38780.0,1,6.046662091359017e-07
credit_limit,90510.0,1,6.046662091359017e-07
credit_limit,98570.0,1,6.046662091359017e-07
credit_limit,18390.0,1,6.046662091359017e-07
credit_limit,69085.0,1,6.046662091359017e-07
credit_limit,36050.0,1,6.046662091359017e-07
credit_limit,46080.0,1,6.046662091359017e-07
credit_limit,142805.0,1,6.046662091359017e-07
credit_limit,69915.0,1,6.046662091359017e-07
credit_limit,24915.0,1,6.046662091359017e-07
credit_limit,82230.0,1,6.046662091359017e-07
credit_limit,62495.0,1,6.046662091359017e-07
credit_limit,62630.0,1,6.046662091359017e-07
credit_limit,80810.0,1,6.046662091359017e-07
credit_limit,124975.0,1,6.046662091359017e-07
credit_limit,34045.0,1,6.046662091359017e-07
credit_limit,40310.0,1,6.046662091359017e-07
credit_limit,207100.0,1,6.046662091359017e-07
credit_limit,92725.0,1,6.046662091359017e-07
credit_limit,91280.0,1,6.046662091359017e-07
credit_limit,50290.0,1,6.046662091359017e-07
credit_limit,32255.0,1,6.046662091359017e-07
credit_limit,71110.0,1,6.046662091359017e-07
credit_limit,46910.0,1,6.046662091359017e-07
credit_limit,111980.0,1,6.046662091359017e-07
credit_limit,84275.0,1,6.046662091359017e-07
credit_limit,14230.0,1,6.046662091359017e-07
credit_limit,210200.0,1,6.046662091359017e-07
credit_limit,51275.0,1,6.046662091359017e-07
credit_limit,65095.0,1,6.046662091359017e-07
credit_limit,59910.0,1,6.046662091359017e-07
credit_limit,244800.0,1,6.046662091359017e-07
credit_limit,62215.0,1,6.046662091359017e-07
credit_limit,32225.0,1,6.046662091359017e-07
credit_limit,249700.0,1,6.046662091359017e-07
credit_limit,37925.0,1,6.046662091359017e-07
credit_limit,57080.0,1,6.046662091359017e-07
credit_limit,23840.0,1,6.046662091359017e-07
credit_limit,8090.0,1,6.046662091359017e-07
credit_limit,65580.0,1,6.046662091359017e-07
credit_limit,20640.0,1,6.046662091359017e-07
credit_limit,8830.0,1,6.046662091359017e-07
credit_limit,10730.0,1,6.046662091359017e-07
credit_limit,202800.0,1,6.046662091359017e-07
credit_limit,127360.0,1,6.046662091359017e-07
credit_limit,62440.0,1,6.046662091359017e-07
credit_limit,53760.0,1,6.046662091359017e-07
credit_limit,167560.0,1,6.046662091359017e-07
credit_limit,225800.0,1,6.046662091359017e-07
credit_limit,94860.0,1,6.046662091359017e-07
credit_limit,40550.0,1,6.046662091359017e-07
credit_limit,71620.0,1,6.046662091359017e-07
credit_limit,69630.0,1,6.046662091359017e-07
credit_limit,47255.0,1,6.046662091359017e-07
credit_limit,145140.0,1,6.046662091359017e-07
credit_limit,93915.0,1,6.046662091359017e-07
credit_limit,30490.0,1,6.046662091359017e-07
credit_limit,66130.0,1,6.046662091359017e-07
credit_limit,29990.0,1,6.046662091359017e-07
credit_limit,54950.0,1,6.046662091359017e-07
credit_limit,246700.0,1,6.046662091359017e-07
credit_limit,96760.0,1,6.046662091359017e-07
credit_limit,119570.0,1,6.046662091359017e-07
credit_limit,107730.0,1,6.046662091359017e-07
credit_limit,10445.0,1,6.046662091359017e-07
credit_limit,115810.0,1,6.046662091359017e-07
credit_limit,14340.0,1,6.046662091359017e-07
credit_limit,75060.0,1,6.046662091359017e-07
credit_limit,57235.0,1,6.046662091359017e-07
credit_limit,39225.0,1,6.046662091359017e-07
credit_limit,11965.0,1,6.046662091359017e-07
credit_limit,253600.0,1,6.046662091359017e-07
credit_limit,86135.0,1,6.046662091359017e-07
credit_limit,64955.0,1,6.046662091359017e-07
credit_limit,62765.0,1,6.046662091359017e-07
credit_limit,158920.0,1,6.046662091359017e-07
credit_limit,35025.0,1,6.046662091359017e-07
credit_limit,15270.0,1,6.046662091359017e-07
credit_limit,75720.0,1,6.046662091359017e-07
credit_limit,51090.0,1,6.046662091359017e-07
credit_limit,46530.0,1,6.046662091359017e-07
credit_limit,16245.0,1,6.046662091359017e-07
credit_limit,14280.0,1,6.046662091359017e-07
credit_limit,13825.0,1,6.046662091359017e-07
credit_limit,65370.0,1,6.046662091359017e-07
credit_limit,62570.0,1,6.046662091359017e-07
credit_limit,76340.0,1,6.046662091359017e-07
credit_limit,59540.0,1,6.046662091359017e-07
credit_limit,83360.0,1,6.046662091359017e-07
credit_limit,84560.0,1,6.046662091359017e-07
credit_limit,53485.0,1,6.046662091359017e-07
credit_limit,70980.0,1,6.046662091359017e-07
credit_limit,19010.0,1,6.046662091359017e-07
credit_limit,20040.0,1,6.046662091359017e-07
credit_limit,117320.0,1,6.046662091359017e-07
credit_limit,42030.0,1,6.046662091359017e-07
credit_limit,45180.0,1,6.046662091359017e-07
credit_limit,54480.0,1,6.046662091359017e-07
credit_limit,85990.0,1,6.046662091359017e-07
credit_limit,17790.0,1,6.046662091359017e-07
credit_limit,122015.0,1,6.046662091359017e-07
credit_limit,82095.0,1,6.046662091359017e-07
credit_limit,34120.0,1,6.046662091359017e-07
credit_limit,274000.0,1,6.046662091359017e-07
credit_limit,104650.0,1,6.046662091359017e-07
credit_limit,118590.0,1,6.046662091359017e-07
credit_limit,92775.0,1,6.046662091359017e-07
credit_limit,70040.0,1,6.046662091359017e-07
credit_limit,96620.0,1,6.046662091359017e-07
credit_limit,212500.0,1,6.046662091359017e-07
credit_limit,56260.0,1,6.046662091359017e-07
credit_limit,6180.0,1,6.046662091359017e-07
credit_limit,17840.0,1,6.046662091359017e-07
credit_limit,74485.0,1,6.046662091359017e-07
credit_limit,107715.0,1,6.046662091359017e-07
credit_limit,97950.0,1,6.046662091359017e-07
credit_limit,54410.0,1,6.046662091359017e-07
credit_limit,72070.0,1,6.046662091359017e-07
credit_limit,287700.0,1,6.046662091359017e-07
credit_limit,47290.0,1,6.046662091359017e-07
credit_limit,64870.0,1,6.046662091359017e-07
credit_limit,34750.0,1,6.046662091359017e-07
credit_limit,136155.0,1,6.046662091359017e-07
credit_limit,101290.0,1,6.046662091359017e-07
credit_limit,78520.0,1,6.046662091359017e-07
credit_limit,50840.0,1,6.046662091359017e-07
credit_limit,86705.0,1,6.046662091359017e-07
credit_limit,84180.0,1,6.046662091359017e-07
credit_limit,234900.0,1,6.046662091359017e-07
credit_limit,50905.0,1,6.046662091359017e-07
credit_limit,64215.0,1,6.046662091359017e-07
credit_limit,43170.0,1,6.046662091359017e-07
credit_limit,89715.0,1,6.046662091359017e-07
credit_limit,73370.0,1,6.046662091359017e-07
credit_limit,200900.0,1,6.046662091359017e-07
credit_limit,68405.0,1,6.046662091359017e-07
credit_limit,59880.0,1,6.046662091359017e-07
credit_limit,113870.0,1,6.046662091359017e-07
credit_limit,99125.0,1,6.046662091359017e-07
credit_limit,31630.0,1,6.046662091359017e-07
credit_limit,15480.0,1,6.046662091359017e-07
credit_limit,80230.0,1,6.046662091359017e-07
credit_limit,45585.0,1,6.046662091359017e-07
credit_limit,23560.0,1,6.046662091359017e-07
credit_limit,251900.0,1,6.046662091359017e-07
credit_limit,102510.0,1,6.046662091359017e-07
credit_limit,156430.0,1,6.046662091359017e-07
credit_limit,259000.0,1,6.046662091359017e-07
credit_limit,74560.0,1,6.046662091359017e-07
credit_limit,21550.0,1,6.046662091359017e-07
credit_limit,144655.0,1,6.046662091359017e-07
credit_limit,99460.0,1,6.046662091359017e-07
credit_limit,56820.0,1,6.046662091359017e-07
credit_limit,93080.0,1,6.046662091359017e-07
credit_limit,17140.0,1,6.046662091359017e-07
credit_limit,66805.0,1,6.046662091359017e-07
credit_limit,24735.0,1,6.046662091359017e-07
credit_limit,100495.0,1,6.046662091359017e-07
credit_limit,68650.0,1,6.046662091359017e-07
credit_limit,13465.0,1,6.046662091359017e-07
credit_limit,256400.0,1,6.046662091359017e-07
credit_limit,87635.0,1,6.046662091359017e-07
credit_limit,11460.0,1,6.046662091359017e-07
credit_limit,30460.0,1,6.046662091359017e-07
credit_limit,66010.0,1,6.046662091359017e-07
credit_limit,79465.0,1,6.046662091359017e-07
credit_limit,29915.0,1,6.046662091359017e-07
credit_limit,36575.0,1,6.046662091359017e-07
credit_limit,69610.0,1,6.046662091359017e-07
credit_limit,102835.0,1,6.046662091359017e-07
credit_limit,124640.0,1,6.046662091359017e-07
credit_limit,65525.0,1,6.046662091359017e-07
credit_limit,65160.0,1,6.046662091359017e-07
credit_limit,78605.0,1,6.046662091359017e-07
credit_limit,54465.0,1,6.046662091359017e-07
credit_limit,15010.0,1,6.046662091359017e-07
credit_limit,4685.0,1,6.046662091359017e-07
credit_limit,28785.0,1,6.046662091359017e-07
credit_limit,10030.0,1,6.046662091359017e-07
credit_limit,71520.0,1,6.046662091359017e-07
credit_limit,78405.0,1,6.046662091359017e-07
credit_limit,213400.0,1,6.046662091359017e-07
credit_limit,42650.0,1,6.046662091359017e-07
credit_limit,108145.0,1,6.046662091359017e-07
credit_limit,25495.0,1,6.046662091359017e-07
credit_limit,78395.0,1,6.046662091359017e-07
credit_limit,82670.0,1,6.046662091359017e-07
credit_limit,30610.0,1,6.046662091359017e-07
credit_limit,22460.0,1,6.046662091359017e-07
credit_limit,56930.0,1,6.046662091359017e-07
credit_limit,19325.0,1,6.046662091359017e-07
credit_limit,25685.0,1,6.046662091359017e-07
credit_limit,43720.0,1,6.046662091359017e-07
credit_limit,23220.0,1,6.046662091359017e-07
credit_limit,68255.0,1,6.046662091359017e-07
credit_limit,69045.0,1,6.046662091359017e-07
credit_limit,32945.0,1,6.046662091359017e-07
credit_limit,30190.0,1,6.046662091359017e-07
credit_limit,6970.0,1,6.046662091359017e-07
credit_limit,87280.0,1,6.046662091359017e-07
credit_limit,64930.0,1,6.046662091359017e-07
credit_limit,83830.0,1,6.046662091359017e-07
credit_limit,77140.0,1,6.046662091359017e-07
credit_limit,158390.0,1,6.046662091359017e-07
credit_limit,10830.0,1,6.046662091359017e-07
credit_limit,121970.0,1,6.046662091359017e-07
credit_limit,48090.0,1,6.046662091359017e-07
credit_limit,275200.0,1,6.046662091359017e-07
credit_limit,84130.0,1,6.046662091359017e-07
credit_limit,6570.0,1,6.046662091359017e-07
credit_limit,31675.0,1,6.046662091359017e-07
credit_limit,95560.0,1,6.046662091359017e-07
credit_limit,102130.0,1,6.046662091359017e-07
credit_limit,85220.0,1,6.046662091359017e-07
credit_limit,60120.0,1,6.046662091359017e-07
credit_limit,71870.0,1,6.046662091359017e-07
credit_limit,62855.0,1,6.046662091359017e-07
credit_limit,81375.0,1,6.046662091359017e-07
credit_limit,50170.0,1,6.046662091359017e-07
credit_limit,108805.0,1,6.046662091359017e-07
credit_limit,249500.0,1,6.046662091359017e-07
credit_limit,34680.0,1,6.046662091359017e-07
credit_limit,214700.0,1,6.046662091359017e-07
credit_limit,89155.0,1,6.046662091359017e-07
credit_limit,221400.0,1,6.046662091359017e-07
credit_limit,84590.0,1,6.046662091359017e-07
credit_limit,46210.0,1,6.046662091359017e-07
credit_limit,87950.0,1,6.046662091359017e-07
credit_limit,8635.0,1,6.046662091359017e-07
credit_limit,206300.0,1,6.046662091359017e-07
credit_limit,19845.0,1,6.046662091359017e-07
credit_limit,34780.0,1,6.046662091359017e-07
credit_limit,72860.0,1,6.046662091359017e-07
credit_limit,126785.0,1,6.046662091359017e-07
credit_limit,23480.0,1,6.046662091359017e-07
credit_limit,107230.0,1,6.046662091359017e-07
credit_limit,70165.0,1,6.046662091359017e-07
credit_limit,97080.0,1,6.046662091359017e-07
credit_limit,48550.0,1,6.046662091359017e-07
credit_limit,76580.0,1,6.046662091359017e-07
credit_limit,85420.0,1,6.046662091359017e-07
credit_limit,62940.0,1,6.046662091359017e-07
credit_limit,32555.0,1,6.046662091359017e-07
credit_limit,25750.0,1,6.046662091359017e-07
credit_limit,111840.0,1,6.046662091359017e-07
credit_limit,175140.0,1,6.046662091359017e-07
credit_limit,76880.0,1,6.046662091359017e-07
credit_limit,59025.0,1,6.046662091359017e-07
credit_limit,99630.0,1,6.046662091359017e-07
credit_limit,16240.0,1,6.046662091359017e-07
credit_limit,77275.0,1,6.046662091359017e-07
credit_limit,20765.0,1,6.046662091359017e-07
credit_limit,25590.0,1,6.046662091359017e-07
credit_limit,25330.0,1,6.046662091359017e-07
credit_limit,74820.0,1,6.046662091359017e-07
credit_limit,45845.0,1,6.046662091359017e-07
credit_limit,39425.0,1,6.046662091359017e-07
credit_limit,63930.0,1,6.046662091359017e-07
credit_limit,60240.0,1,6.046662091359017e-07
credit_limit,17675.0,1,6.046662091359017e-07
credit_limit,29820.0,1,6.046662091359017e-07
credit_limit,58250.0,1,6.046662091359017e-07
credit_limit,29410.0,1,6.046662091359017e-07
credit_limit,73950.0,1,6.046662091359017e-07
credit_limit,57050.0,1,6.046662091359017e-07
credit_limit,59730.0,1,6.046662091359017e-07
credit_limit,98935.0,1,6.046662091359017e-07
credit_limit,134465.0,1,6.046662091359017e-07
credit_limit,15260.0,1,6.046662091359017e-07
credit_limit,104350.0,1,6.046662091359017e-07
credit_limit,71050.0,1,6.046662091359017e-07
credit_limit,42660.0,1,6.046662091359017e-07
credit_limit,72220.0,1,6.046662091359017e-07
credit_limit,9390.0,1,6.046662091359017e-07
credit_limit,45780.0,1,6.046662091359017e-07
credit_limit,35350.0,1,6.046662091359017e-07
credit_limit,17705.0,1,6.046662091359017e-07
credit_limit,82905.0,1,6.046662091359017e-07
credit_limit,67920.0,1,6.046662091359017e-07
credit_limit,46935.0,1,6.046662091359017e-07
credit_limit,40890.0,1,6.046662091359017e-07
credit_limit,91195.0,1,6.046662091359017e-07
credit_limit,80040.0,1,6.046662091359017e-07
credit_limit,125510.0,1,6.046662091359017e-07
credit_limit,73095.0,1,6.046662091359017e-07
credit_limit,88260.0,1,6.046662091359017e-07
credit_limit,54440.0,1,6.046662091359017e-07
credit_limit,30785.0,1,6.046662091359017e-07
credit_limit,82150.0,1,6.046662091359017e-07
credit_limit,51435.0,1,6.046662091359017e-07
credit_limit,89660.0,1,6.046662091359017e-07
credit_limit,38805.0,1,6.046662091359017e-07
credit_limit,41510.0,1,6.046662091359017e-07
credit_limit,78625.0,1,6.046662091359017e-07
credit_limit,100540.0,1,6.046662091359017e-07
credit_limit,66680.0,1,6.046662091359017e-07
credit_limit,67740.0,1,6.046662091359017e-07
credit_limit,27685.0,1,6.046662091359017e-07
credit_limit,6760.0,1,6.046662091359017e-07
credit_limit,12660.0,1,6.046662091359017e-07
credit_limit,33130.0,1,6.046662091359017e-07
credit_limit,52935.0,1,6.046662091359017e-07
credit_limit,67270.0,1,6.046662091359017e-07
credit_limit,35395.0,1,6.046662091359017e-07
credit_limit,235200.0,1,6.046662091359017e-07
credit_limit,162020.0,1,6.046662091359017e-07
credit_limit,59145.0,1,6.046662091359017e-07
credit_limit,31830.0,1,6.046662091359017e-07
credit_limit,86780.0,1,6.046662091359017e-07
credit_limit,88930.0,1,6.046662091359017e-07
credit_limit,24880.0,1,6.046662091359017e-07
credit_limit,94555.0,1,6.046662091359017e-07
credit_limit,273700.0,1,6.046662091359017e-07
credit_limit,31140.0,1,6.046662091359017e-07
credit_limit,94940.0,1,6.046662091359017e-07
credit_limit,77380.0,1,6.046662091359017e-07
credit_limit,104720.0,1,6.046662091359017e-07
credit_limit,60975.0,1,6.046662091359017e-07
credit_limit,46925.0,1,6.046662091359017e-07
credit_limit,66560.0,1,6.046662091359017e-07
credit_limit,85280.0,1,6.046662091359017e-07
credit_limit,56120.0,1,6.046662091359017e-07
credit_limit,40775.0,1,6.046662091359017e-07
credit_limit,75445.0,1,6.046662091359017e-07
credit_limit,130495.0,1,6.046662091359017e-07
credit_limit,88410.0,1,6.046662091359017e-07
credit_limit,9280.0,1,6.046662091359017e-07
credit_limit,38485.0,1,6.046662091359017e-07
credit_limit,234200.0,1,6.046662091359017e-07
credit_limit,30885.0,1,6.046662091359017e-07
credit_limit,247800.0,1,6.046662091359017e-07
credit_limit,100965.0,1,6.046662091359017e-07
credit_limit,26570.0,1,6.046662091359017e-07
credit_limit,223100.0,1,6.046662091359017e-07
credit_limit,27260.0,1,6.046662091359017e-07
credit_limit,92910.0,1,6.046662091359017e-07
credit_limit,77535.0,1,6.046662091359017e-07
credit_limit,220000.0,1,6.046662091359017e-07
credit_limit,67680.0,1,6.046662091359017e-07
credit_limit,240800.0,1,6.046662091359017e-07
credit_limit,37330.0,1,6.046662091359017e-07
credit_limit,139040.0,1,6.046662091359017e-07
credit_limit,96175.0,1,6.046662091359017e-07
credit_limit,35510.0,1,6.046662091359017e-07
credit_limit,269700.0,1,6.046662091359017e-07
credit_limit,47040.0,1,6.046662091359017e-07
credit_limit,11350.0,1,6.046662091359017e-07
credit_limit,57295.0,1,6.046662091359017e-07
credit_limit,47755.0,1,6.046662091359017e-07
credit_limit,102050.0,1,6.046662091359017e-07
credit_limit,13365.0,1,6.046662091359017e-07
credit_limit,130480.0,1,6.046662091359017e-07
credit_limit,69730.0,1,6.046662091359017e-07
credit_limit,268700.0,1,6.046662091359017e-07
credit_limit,76010.0,1,6.046662091359017e-07
credit_limit,156460.0,1,6.046662091359017e-07
credit_limit,50880.0,1,6.046662091359017e-07
credit_limit,102475.0,1,6.046662091359017e-07
credit_limit,58040.0,1,6.046662091359017e-07
credit_limit,6220.0,1,6.046662091359017e-07
credit_limit,88895.0,1,6.046662091359017e-07
credit_limit,84305.0,1,6.046662091359017e-07
credit_limit,122950.0,1,6.046662091359017e-07
credit_limit,47475.0,1,6.046662091359017e-07
credit_limit,38340.0,1,6.046662091359017e-07
credit_limit,27480.0,1,6.046662091359017e-07
credit_limit,64185.0,1,6.046662091359017e-07
credit_limit,66815.0,1,6.046662091359017e-07
credit_limit,88510.0,1,6.046662091359017e-07
credit_limit,33860.0,1,6.046662091359017e-07
credit_limit,75470.0,1,6.046662091359017e-07
credit_limit,35080.0,1,6.046662091359017e-07
credit_limit,47390.0,1,6.046662091359017e-07
credit_limit,100690.0,1,6.046662091359017e-07
credit_limit,14640.0,1,6.046662091359017e-07
credit_limit,30090.0,1,6.046662091359017e-07
credit_limit,23710.0,1,6.046662091359017e-07
credit_limit,25460.0,1,6.046662091359017e-07
credit_limit,156620.0,1,6.046662091359017e-07
credit_limit,81165.0,1,6.046662091359017e-07
credit_limit,20430.0,1,6.046662091359017e-07
credit_limit,235300.0,1,6.046662091359017e-07
credit_limit,52485.0,1,6.046662091359017e-07
credit_limit,34860.0,1,6.046662091359017e-07
credit_limit,60440.0,1,6.046662091359017e-07
credit_limit,90190.0,1,6.046662091359017e-07
credit_limit,79175.0,1,6.046662091359017e-07
credit_limit,16210.0,1,6.046662091359017e-07
credit_limit,11285.0,1,6.046662091359017e-07
credit_limit,136055.0,1,6.046662091359017e-07
credit_limit,52730.0,1,6.046662091359017e-07
credit_limit,55810.0,1,6.046662091359017e-07
credit_limit,87420.0,1,6.046662091359017e-07
credit_limit,59470.0,1,6.046662091359017e-07
credit_limit,207200.0,1,6.046662091359017e-07
credit_limit,45250.0,1,6.046662091359017e-07
credit_limit,31045.0,1,6.046662091359017e-07
credit_limit,110860.0,1,6.046662091359017e-07
credit_limit,94405.0,1,6.046662091359017e-07
credit_limit,35480.0,1,6.046662091359017e-07
credit_limit,45360.0,1,6.046662091359017e-07
credit_limit,97840.0,1,6.046662091359017e-07
credit_limit,35965.0,1,6.046662091359017e-07
credit_limit,69810.0,1,6.046662091359017e-07
credit_limit,11720.0,1,6.046662091359017e-07
credit_limit,52930.0,1,6.046662091359017e-07
credit_limit,60640.0,1,6.046662091359017e-07
credit_limit,30495.0,1,6.046662091359017e-07
credit_limit,33380.0,1,6.046662091359017e-07
credit_limit,62420.0,1,6.046662091359017e-07
credit_limit,104395.0,1,6.046662091359017e-07
credit_limit,75710.0,1,6.046662091359017e-07
credit_limit,8405.0,1,6.046662091359017e-07
credit_limit,243400.0,1,6.046662091359017e-07
credit_limit,81390.0,1,6.046662091359017e-07
credit_limit,235900.0,1,6.046662091359017e-07
credit_limit,72040.0,1,6.046662091359017e-07
credit_limit,69185.0,1,6.046662091359017e-07
credit_limit,47560.0,1,6.046662091359017e-07
credit_limit,97630.0,1,6.046662091359017e-07
credit_limit,51005.0,1,6.046662091359017e-07
credit_limit,105450.0,1,6.046662091359017e-07
credit_limit,102040.0,1,6.046662091359017e-07
credit_limit,35360.0,1,6.046662091359017e-07
credit_limit,103920.0,1,6.046662091359017e-07
credit_limit,77205.0,1,6.046662091359017e-07
credit_limit,20170.0,1,6.046662091359017e-07
credit_limit,16970.0,1,6.046662091359017e-07
credit_limit,89750.0,1,6.046662091359017e-07
credit_limit,47320.0,1,6.046662091359017e-07
credit_limit,9860.0,1,6.046662091359017e-07
credit_limit,73165.0,1,6.046662091359017e-07
credit_limit,57220.0,1,6.046662091359017e-07
credit_limit,33345.0,1,6.046662091359017e-07
credit_limit,52125.0,1,6.046662091359017e-07
credit_limit,66385.0,1,6.046662091359017e-07
credit_limit,159350.0,1,6.046662091359017e-07
credit_limit,61550.0,1,6.046662091359017e-07
credit_limit,136980.0,1,6.046662091359017e-07
credit_limit,81795.0,1,6.046662091359017e-07
credit_limit,43440.0,1,6.046662091359017e-07
credit_limit,23550.0,1,6.046662091359017e-07
credit_limit,14570.0,1,6.046662091359017e-07
credit_limit,68170.0,1,6.046662091359017e-07
credit_limit,29180.0,1,6.046662091359017e-07
credit_limit,90750.0,1,6.046662091359017e-07
credit_limit,85395.0,1,6.046662091359017e-07
credit_limit,137270.0,1,6.046662091359017e-07
credit_limit,19970.0,1,6.046662091359017e-07
credit_limit,73295.0,1,6.046662091359017e-07
credit_limit,98390.0,1,6.046662091359017e-07
credit_limit,23265.0,1,6.046662091359017e-07
credit_limit,140815.0,1,6.046662091359017e-07
credit_limit,5375.0,1,6.046662091359017e-07
credit_limit,65120.0,1,6.046662091359017e-07
credit_limit,108170.0,1,6.046662091359017e-07
credit_limit,97250.0,1,6.046662091359017e-07
credit_limit,72270.0,1,6.046662091359017e-07
credit_limit,96615.0,1,6.046662091359017e-07
credit_limit,44305.0,1,6.046662091359017e-07
credit_limit,92590.0,1,6.046662091359017e-07
credit_limit,4915.0,1,6.046662091359017e-07
credit_limit,113090.0,1,6.046662091359017e-07
credit_limit,95940.0,1,6.046662091359017e-07
credit_limit,14590.0,1,6.046662091359017e-07
credit_limit,207300.0,1,6.046662091359017e-07
credit_limit,5920.0,1,6.046662091359017e-07
credit_limit,47870.0,1,6.046662091359017e-07
credit_limit,208400.0,1,6.046662091359017e-07
credit_limit,39670.0,1,6.046662091359017e-07
credit_limit,254700.0,1,6.046662091359017e-07
credit_limit,112035.0,1,6.046662091359017e-07
credit_limit,155315.0,1,6.046662091359017e-07
credit_limit,24350.0,1,6.046662091359017e-07
credit_limit,68805.0,1,6.046662091359017e-07
credit_limit,40645.0,1,6.046662091359017e-07
credit_limit,32240.0,1,6.046662091359017e-07
credit_limit,21830.0,1,6.046662091359017e-07
credit_limit,103440.0,1,6.046662091359017e-07
credit_limit,8235.0,1,6.046662091359017e-07
credit_limit,68360.0,1,6.046662091359017e-07
credit_limit,78105.0,1,6.046662091359017e-07
credit_limit,13925.0,1,6.046662091359017e-07
credit_limit,119625.0,1,6.046662091359017e-07
credit_limit,73560.0,1,6.046662091359017e-07
credit_limit,11310.0,1,6.046662091359017e-07
credit_limit,153065.0,1,6.046662091359017e-07
credit_limit,230600.0,1,6.046662091359017e-07
credit_limit,18960.0,1,6.046662091359017e-07
credit_limit,290200.0,1,6.046662091359017e-07
credit_limit,42130.0,1,6.046662091359017e-07
credit_limit,56380.0,1,6.046662091359017e-07
credit_limit,24920.0,1,6.046662091359017e-07
credit_limit,71965.0,1,6.046662091359017e-07
credit_limit,126740.0,1,6.046662091359017e-07
credit_limit,33735.0,1,6.046662091359017e-07
credit_limit,57015.0,1,6.046662091359017e-07
credit_limit,35670.0,1,6.046662091359017e-07
credit_limit,33525.0,1,6.046662091359017e-07
credit_limit,58630.0,1,6.046662091359017e-07
credit_limit,108110.0,1,6.046662091359017e-07
credit_limit,77255.0,1,6.046662091359017e-07
credit_limit,29840.0,1,6.046662091359017e-07
credit_limit,112475.0,1,6.046662091359017e-07
credit_limit,29390.0,1,6.046662091359017e-07
credit_limit,81680.0,1,6.046662091359017e-07
credit_limit,76080.0,1,6.046662091359017e-07
credit_limit,123885.0,1,6.046662091359017e-07
credit_limit,44665.0,1,6.046662091359017e-07
credit_limit,34395.0,1,6.046662091359017e-07
credit_limit,100840.0,1,6.046662091359017e-07
credit_limit,72630.0,1,6.046662091359017e-07
credit_limit,135495.0,1,6.046662091359017e-07
credit_limit,89265.0,1,6.046662091359017e-07
credit_limit,107310.0,1,6.046662091359017e-07
credit_limit,11530.0,1,6.046662091359017e-07
credit_limit,121920.0,1,6.046662091359017e-07
credit_limit,30810.0,1,6.046662091359017e-07
credit_limit,36590.0,1,6.046662091359017e-07
credit_limit,110360.0,1,6.046662091359017e-07
credit_limit,55490.0,1,6.046662091359017e-07
credit_limit,39390.0,1,6.046662091359017e-07
credit_limit,7595.0,1,6.046662091359017e-07
credit_limit,19185.0,1,6.046662091359017e-07
credit_limit,82380.0,1,6.046662091359017e-07
credit_limit,76540.0,1,6.046662091359017e-07
credit_limit,80460.0,1,6.046662091359017e-07
credit_limit,30760.0,1,6.046662091359017e-07
credit_limit,40285.0,1,6.046662091359017e-07
credit_limit,258600.0,1,6.046662091359017e-07
credit_limit,52785.0,1,6.046662091359017e-07
credit_limit,142980.0,1,6.046662091359017e-07
credit_limit,11190.0,1,6.046662091359017e-07
credit_limit,30320.0,1,6.046662091359017e-07
credit_limit,21895.0,1,6.046662091359017e-07
credit_limit,42040.0,1,6.046662091359017e-07
credit_limit,81950.0,1,6.046662091359017e-07
credit_limit,35475.0,1,6.046662091359017e-07
credit_limit,29725.0,1,6.046662091359017e-07
credit_limit,71840.0,1,6.046662091359017e-07
credit_limit,61810.0,1,6.046662091359017e-07
credit_limit,18250.0,1,6.046662091359017e-07
credit_limit,16580.0,1,6.046662091359017e-07
credit_limit,55730.0,1,6.046662091359017e-07
credit_limit,62615.0,1,6.046662091359017e-07
credit_limit,33610.0,1,6.046662091359017e-07
credit_limit,11670.0,1,6.046662091359017e-07
credit_limit,61820.0,1,6.046662091359017e-07
credit_limit,51560.0,1,6.046662091359017e-07
credit_limit,95955.0,1,6.046662091359017e-07
credit_limit,39290.0,1,6.046662091359017e-07
credit_limit,202400.0,1,6.046662091359017e-07
credit_limit,58135.0,1,6.046662091359017e-07
credit_limit,78195.0,1,6.046662091359017e-07
credit_limit,28470.0,1,6.046662091359017e-07
credit_limit,64320.0,1,6.046662091359017e-07
credit_limit,30110.0,1,6.046662091359017e-07
credit_limit,15075.0,1,6.046662091359017e-07
credit_limit,19295.0,1,6.046662091359017e-07
credit_limit,60770.0,1,6.046662091359017e-07
credit_limit,28370.0,1,6.046662091359017e-07
credit_limit,93110.0,1,6.046662091359017e-07
credit_limit,50810.0,1,6.046662091359017e-07
credit_limit,36270.0,1,6.046662091359017e-07
credit_limit,74290.0,1,6.046662091359017e-07
credit_limit,113860.0,1,6.046662091359017e-07
credit_limit,8935.0,1,6.046662091359017e-07
credit_limit,39540.0,1,6.046662091359017e-07
credit_limit,87395.0,1,6.046662091359017e-07
credit_limit,27650.0,1,6.046662091359017e-07
credit_limit,87440.0,1,6.046662091359017e-07
credit_limit,107070.0,1,6.046662091359017e-07
credit_limit,72835.0,1,6.046662091359017e-07
credit_limit,88005.0,1,6.046662091359017e-07
credit_limit,106880.0,1,6.046662091359017e-07
credit_limit,32570.0,1,6.046662091359017e-07
credit_limit,24570.0,1,6.046662091359017e-07
credit_limit,21590.0,1,6.046662091359017e-07
credit_limit,40290.0,1,6.046662091359017e-07
credit_limit,43770.0,1,6.046662091359017e-07
credit_limit,68680.0,1,6.046662091359017e-07
credit_limit,276600.0,1,6.046662091359017e-07
credit_limit,128710.0,1,6.046662091359017e-07
credit_limit,44610.0,1,6.046662091359017e-07
credit_limit,276000.0,1,6.046662091359017e-07
credit_limit,43330.0,1,6.046662091359017e-07
credit_limit,69540.0,1,6.046662091359017e-07
credit_limit,6375.0,1,6.046662091359017e-07
credit_limit,82810.0,1,6.046662091359017e-07
credit_limit,32005.0,1,6.046662091359017e-07
credit_limit,40990.0,1,6.046662091359017e-07
credit_limit,123225.0,1,6.046662091359017e-07
credit_limit,138540.0,1,6.046662091359017e-07
credit_limit,75190.0,1,6.046662091359017e-07
credit_limit,94565.0,1,6.046662091359017e-07
credit_limit,73205.0,1,6.046662091359017e-07
credit_limit,88465.0,1,6.046662091359017e-07
credit_limit,121080.0,1,6.046662091359017e-07
credit_limit,69010.0,1,6.046662091359017e-07
credit_limit,78710.0,1,6.046662091359017e-07
credit_limit,40145.0,1,6.046662091359017e-07
credit_limit,62140.0,1,6.046662091359017e-07
credit_limit,123770.0,1,6.046662091359017e-07
credit_limit,61910.0,1,6.046662091359017e-07
credit_limit,7660.0,1,6.046662091359017e-07
credit_limit,15530.0,1,6.046662091359017e-07
credit_limit,83120.0,1,6.046662091359017e-07
credit_limit,84955.0,1,6.046662091359017e-07
credit_limit,7280.0,1,6.046662091359017e-07
credit_limit,27410.0,1,6.046662091359017e-07
credit_limit,50560.0,1,6.046662091359017e-07
credit_limit,7170.0,1,6.046662091359017e-07
credit_limit,45025.0,1,6.046662091359017e-07
credit_limit,22020.0,1,6.046662091359017e-07
credit_limit,50130.0,1,6.046662091359017e-07
credit_limit,50570.0,1,6.046662091359017e-07
credit_limit,47395.0,1,6.046662091359017e-07
credit_limit,89630.0,1,6.046662091359017e-07
credit_limit,7880.0,1,6.046662091359017e-07
credit_limit,246900.0,1,6.046662091359017e-07
credit_limit,22810.0,1,6.046662091359017e-07
credit_limit,99485.0,1,6.046662091359017e-07
credit_limit,79170.0,1,6.046662091359017e-07
credit_limit,38135.0,1,6.046662091359017e-07
credit_limit,36330.0,1,6.046662091359017e-07
credit_limit,76050.0,1,6.046662091359017e-07
credit_limit,40085.0,1,6.046662091359017e-07
credit_limit,33050.0,1,6.046662091359017e-07
credit_limit,89310.0,1,6.046662091359017e-07
credit_limit,25870.0,1,6.046662091359017e-07
credit_limit,34480.0,1,6.046662091359017e-07
credit_limit,62675.0,1,6.046662091359017e-07
credit_limit,78320.0,1,6.046662091359017e-07
credit_limit,18280.0,1,6.046662091359017e-07
credit_limit,36555.0,1,6.046662091359017e-07
credit_limit,19850.0,1,6.046662091359017e-07
credit_limit,103970.0,1,6.046662091359017e-07
credit_limit,97980.0,1,6.046662091359017e-07
credit_limit,99930.0,1,6.046662091359017e-07
credit_limit,79920.0,1,6.046662091359017e-07
credit_limit,102410.0,1,6.046662091359017e-07
credit_limit,115965.0,1,6.046662091359017e-07
credit_limit,43370.0,1,6.046662091359017e-07
credit_limit,47590.0,1,6.046662091359017e-07
credit_limit,20820.0,1,6.046662091359017e-07
credit_limit,9270.0,1,6.046662091359017e-07
credit_limit,59095.0,1,6.046662091359017e-07
credit_limit,15765.0,1,6.046662091359017e-07
credit_limit,42575.0,1,6.046662091359017e-07
credit_limit,80130.0,1,6.046662091359017e-07
credit_limit,151320.0,1,6.046662091359017e-07
credit_limit,63135.0,1,6.046662091359017e-07
credit_limit,50790.0,1,6.046662091359017e-07
credit_limit,75255.0,1,6.046662091359017e-07
credit_limit,251800.0,1,6.046662091359017e-07
credit_limit,37790.0,1,6.046662091359017e-07
credit_limit,48080.0,1,6.046662091359017e-07
credit_limit,42590.0,1,6.046662091359017e-07
credit_limit,42930.0,1,6.046662091359017e-07
credit_limit,180365.0,1,6.046662091359017e-07
credit_limit,17025.0,1,6.046662091359017e-07
credit_limit,69480.0,1,6.046662091359017e-07
credit_limit,76475.0,1,6.046662091359017e-07
credit_limit,121580.0,1,6.046662091359017e-07
credit_limit,81230.0,1,6.046662091359017e-07
credit_limit,33015.0,1,6.046662091359017e-07
credit_limit,9490.0,1,6.046662091359017e-07
credit_limit,49810.0,1,6.046662091359017e-07
credit_limit,59640.0,1,6.046662091359017e-07
credit_limit,46440.0,1,6.046662091359017e-07
credit_limit,13475.0,1,6.046662091359017e-07
credit_limit,84450.0,1,6.046662091359017e-07
credit_limit,54560.0,1,6.046662091359017e-07
credit_limit,224900.0,1,6.046662091359017e-07
credit_limit,45580.0,1,6.046662091359017e-07
credit_limit,52660.0,1,6.046662091359017e-07
credit_limit,9710.0,1,6.046662091359017e-07
credit_limit,43310.0,1,6.046662091359017e-07
credit_limit,52350.0,1,6.046662091359017e-07
credit_limit,212800.0,1,6.046662091359017e-07
credit_limit,18770.0,1,6.046662091359017e-07
credit_limit,216300.0,1,6.046662091359017e-07
credit_limit,34335.0,1,6.046662091359017e-07
credit_limit,39805.0,1,6.046662091359017e-07
credit_limit,39655.0,1,6.046662091359017e-07
credit_limit,11610.0,1,6.046662091359017e-07
credit_limit,41940.0,1,6.046662091359017e-07
credit_limit,39140.0,1,6.046662091359017e-07
credit_limit,125615.0,1,6.046662091359017e-07
credit_limit,17770.0,1,6.046662091359017e-07
credit_limit,21530.0,1,6.046662091359017e-07
credit_limit,53405.0,1,6.046662091359017e-07
credit_limit,54030.0,1,6.046662091359017e-07
credit_limit,60590.0,1,6.046662091359017e-07
credit_limit,87065.0,1,6.046662091359017e-07
credit_limit,137260.0,1,6.046662091359017e-07
credit_limit,32160.0,1,6.046662091359017e-07
credit_limit,39645.0,1,6.046662091359017e-07
credit_limit,28890.0,1,6.046662091359017e-07
credit_limit,12080.0,1,6.046662091359017e-07
credit_limit,39115.0,1,6.046662091359017e-07
credit_limit,56705.0,1,6.046662091359017e-07
credit_limit,13135.0,1,6.046662091359017e-07
credit_limit,44555.0,1,6.046662091359017e-07
credit_limit,103060.0,1,6.046662091359017e-07
credit_limit,64295.0,1,6.046662091359017e-07
credit_limit,58770.0,1,6.046662091359017e-07
credit_limit,97850.0,1,6.046662091359017e-07
credit_limit,96170.0,1,6.046662091359017e-07
credit_limit,212600.0,1,6.046662091359017e-07
credit_limit,83320.0,1,6.046662091359017e-07
credit_limit,49110.0,1,6.046662091359017e-07
credit_limit,6895.0,1,6.046662091359017e-07
credit_limit,30660.0,1,6.046662091359017e-07
credit_limit,58765.0,1,6.046662091359017e-07
credit_limit,89765.0,1,6.046662091359017e-07
credit_limit,49640.0,1,6.046662091359017e-07
credit_limit,77330.0,1,6.046662091359017e-07
credit_limit,99860.0,1,6.046662091359017e-07
credit_limit,46360.0,1,6.046662091359017e-07
credit_limit,11160.0,1,6.046662091359017e-07
credit_limit,86340.0,1,6.046662091359017e-07
credit_limit,31930.0,1,6.046662091359017e-07
credit_limit,59075.0,1,6.046662091359017e-07
credit_limit,108855.0,1,6.046662091359017e-07
credit_limit,228100.0,1,6.046662091359017e-07
credit_limit,161930.0,1,6.046662091359017e-07
credit_limit,39780.0,1,6.046662091359017e-07
credit_limit,75350.0,1,6.046662091359017e-07
credit_limit,16320.0,1,6.046662091359017e-07
credit_limit,37690.0,1,6.046662091359017e-07
credit_limit,80660.0,1,6.046662091359017e-07
credit_limit,4570.0,1,6.046662091359017e-07
credit_limit,12115.0,1,6.046662091359017e-07
credit_limit,162590.0,1,6.046662091359017e-07
credit_limit,87550.0,1,6.046662091359017e-07
credit_limit,128315.0,1,6.046662091359017e-07
credit_limit,86750.0,1,6.046662091359017e-07
credit_limit,8650.0,1,6.046662091359017e-07
credit_limit,43670.0,1,6.046662091359017e-07
credit_limit,33650.0,1,6.046662091359017e-07
credit_limit,79025.0,1,6.046662091359017e-07
credit_limit,119055.0,1,6.046662091359017e-07
credit_limit,293900.0,1,6.046662091359017e-07
credit_limit,294200.0,1,6.046662091359017e-07
credit_limit,57990.0,1,6.046662091359017e-07
credit_limit,74150.0,1,6.046662091359017e-07
credit_limit,228900.0,1,6.046662091359017e-07
credit_limit,85930.0,1,6.046662091359017e-07
credit_limit,7750.0,1,6.046662091359017e-07
credit_limit,33865.0,1,6.046662091359017e-07
credit_limit,78475.0,1,6.046662091359017e-07
credit_limit,171780.0,1,6.046662091359017e-07
credit_limit,151070.0,1,6.046662091359017e-07
credit_limit,18710.0,1,6.046662091359017e-07
credit_limit,81920.0,1,6.046662091359017e-07
credit_limit,87040.0,1,6.046662091359017e-07
credit_limit,62165.0,1,6.046662091359017e-07
credit_limit,78080.0,1,6.046662091359017e-07
credit_limit,58590.0,1,6.046662091359017e-07
credit_limit,83870.0,1,6.046662091359017e-07
credit_limit,134130.0,1,6.046662091359017e-07
credit_limit,73210.0,1,6.046662091359017e-07
credit_limit,73880.0,1,6.046662091359017e-07
credit_limit,97410.0,1,6.046662091359017e-07
credit_limit,55470.0,1,6.046662091359017e-07
credit_limit,66630.0,1,6.046662091359017e-07
credit_limit,85740.0,1,6.046662091359017e-07
credit_limit,8220.0,1,6.046662091359017e-07
credit_limit,51365.0,1,6.046662091359017e-07
credit_limit,246600.0,1,6.046662091359017e-07
credit_limit,163180.0,1,6.046662091359017e-07
credit_limit,50860.0,1,6.046662091359017e-07
credit_limit,22150.0,1,6.046662091359017e-07
credit_limit,85390.0,1,6.046662091359017e-07
credit_limit,100695.0,1,6.046662091359017e-07
credit_limit,80860.0,1,6.046662091359017e-07
credit_limit,179505.0,1,6.046662091359017e-07
credit_limit,135970.0,1,6.046662091359017e-07
credit_limit,77995.0,1,6.046662091359017e-07
credit_limit,17880.0,1,6.046662091359017e-07
credit_limit,24975.0,1,6.046662091359017e-07
credit_limit,223600.0,1,6.046662091359017e-07
credit_limit,17690.0,1,6.046662091359017e-07
credit_limit,82020.0,1,6.046662091359017e-07
credit_limit,101050.0,1,6.046662091359017e-07
credit_limit,84040.0,1,6.046662091359017e-07
credit_limit,297500.0,1,6.046662091359017e-07
credit_limit,286300.0,1,6.046662091359017e-07
credit_limit,56250.0,1,6.046662091359017e-07
credit_limit,45615.0,1,6.046662091359017e-07
credit_limit,200700.0,1,6.046662091359017e-07
credit_limit,18790.0,1,6.046662091359017e-07
credit_limit,21270.0,1,6.046662091359017e-07
credit_limit,133010.0,1,6.046662091359017e-07
credit_limit,103620.0,1,6.046662091359017e-07
credit_limit,78205.0,1,6.046662091359017e-07
credit_limit,79970.0,1,6.046662091359017e-07
credit_limit,262900.0,1,6.046662091359017e-07
credit_limit,67380.0,1,6.046662091359017e-07
credit_limit,126580.0,1,6.046662091359017e-07
credit_limit,54020.0,1,6.046662091359017e-07
credit_limit,60355.0,1,6.046662091359017e-07
credit_limit,79860.0,1,6.046662091359017e-07
credit_limit,50035.0,1,6.046662091359017e-07
credit_limit,148585.0,1,6.046662091359017e-07
credit_limit,44445.0,1,6.046662091359017e-07
credit_limit,40905.0,1,6.046662091359017e-07
credit_limit,36765.0,1,6.046662091359017e-07
credit_limit,63845.0,1,6.046662091359017e-07
credit_limit,71105.0,1,6.046662091359017e-07
credit_limit,65140.0,1,6.046662091359017e-07
credit_limit,112870.0,1,6.046662091359017e-07
credit_limit,49750.0,1,6.046662091359017e-07
credit_limit,82660.0,1,6.046662091359017e-07
credit_limit,40060.0,1,6.046662091359017e-07
credit_limit,76310.0,1,6.046662091359017e-07
credit_limit,126035.0,1,6.046662091359017e-07
credit_limit,146550.0,1,6.046662091359017e-07
credit_limit,48450.0,1,6.046662091359017e-07
credit_limit,32280.0,1,6.046662091359017e-07
credit_limit,69035.0,1,6.046662091359017e-07
credit_limit,26210.0,1,6.046662091359017e-07
credit_limit,149090.0,1,6.046662091359017e-07
credit_limit,44355.0,1,6.046662091359017e-07
credit_limit,34840.0,1,6.046662091359017e-07
credit_limit,41450.0,1,6.046662091359017e-07
credit_limit,51040.0,1,6.046662091359017e-07
credit_limit,105590.0,1,6.046662091359017e-07
credit_limit,12140.0,1,6.046662091359017e-07
credit_limit,6330.0,1,6.046662091359017e-07
credit_limit,21785.0,1,6.046662091359017e-07
credit_limit,214300.0,1,6.046662091359017e-07
credit_limit,58550.0,1,6.046662091359017e-07
credit_limit,154780.0,1,6.046662091359017e-07
credit_limit,61030.0,1,6.046662091359017e-07
credit_limit,70235.0,1,6.046662091359017e-07
credit_limit,44070.0,1,6.046662091359017e-07
credit_limit,89805.0,1,6.046662091359017e-07
credit_limit,137010.0,1,6.046662091359017e-07
credit_limit,111435.0,1,6.046662091359017e-07
credit_limit,38675.0,1,6.046662091359017e-07
credit_limit,21460.0,1,6.046662091359017e-07
credit_limit,97020.0,1,6.046662091359017e-07
credit_limit,49140.0,1,6.046662091359017e-07
credit_limit,228200.0,1,6.046662091359017e-07
credit_limit,33705.0,1,6.046662091359017e-07
credit_limit,273900.0,1,6.046662091359017e-07
credit_limit,42470.0,1,6.046662091359017e-07
credit_limit,108055.0,1,6.046662091359017e-07
credit_limit,82420.0,1,6.046662091359017e-07
credit_limit,65875.0,1,6.046662091359017e-07
credit_limit,56830.0,1,6.046662091359017e-07
credit_limit,58105.0,1,6.046662091359017e-07
credit_limit,18090.0,1,6.046662091359017e-07
credit_limit,213500.0,1,6.046662091359017e-07
credit_limit,41780.0,1,6.046662091359017e-07
credit_limit,264100.0,1,6.046662091359017e-07
credit_limit,42225.0,1,6.046662091359017e-07
credit_limit,39735.0,1,6.046662091359017e-07
credit_limit,56530.0,1,6.046662091359017e-07
credit_limit,88080.0,1,6.046662091359017e-07
credit_limit,77415.0,1,6.046662091359017e-07
credit_limit,31860.0,1,6.046662091359017e-07
credit_limit,206900.0,1,6.046662091359017e-07
credit_limit,101770.0,1,6.046662091359017e-07
credit_limit,43920.0,1,6.046662091359017e-07
credit_limit,83720.0,1,6.046662091359017e-07
credit_limit,7240.0,1,6.046662091359017e-07
credit_limit,90480.0,1,6.046662091359017e-07
credit_limit,230500.0,1,6.046662091359017e-07
credit_limit,69495.0,1,6.046662091359017e-07
credit_limit,102225.0,1,6.046662091359017e-07
credit_limit,14335.0,1,6.046662091359017e-07
credit_limit,87010.0,1,6.046662091359017e-07
credit_limit,288200.0,1,6.046662091359017e-07
credit_limit,31770.0,1,6.046662091359017e-07
credit_limit,44515.0,1,6.046662091359017e-07
credit_limit,186960.0,1,6.046662091359017e-07
credit_limit,119535.0,1,6.046662091359017e-07
credit_limit,51670.0,1,6.046662091359017e-07
credit_limit,51470.0,1,6.046662091359017e-07
credit_limit,27790.0,1,6.046662091359017e-07
credit_limit,7155.0,1,6.046662091359017e-07
credit_limit,13875.0,1,6.046662091359017e-07
credit_limit,157580.0,1,6.046662091359017e-07
credit_limit,106605.0,1,6.046662091359017e-07
credit_limit,52850.0,1,6.046662091359017e-07
credit_limit,93160.0,1,6.046662091359017e-07
credit_limit,27695.0,1,6.046662091359017e-07
credit_limit,53895.0,1,6.046662091359017e-07
credit_limit,296000.0,1,6.046662091359017e-07
credit_limit,52325.0,1,6.046662091359017e-07
credit_limit,78315.0,1,6.046662091359017e-07
credit_limit,34190.0,1,6.046662091359017e-07
credit_limit,48790.0,1,6.046662091359017e-07
credit_limit,91870.0,1,6.046662091359017e-07
credit_limit,22850.0,1,6.046662091359017e-07
credit_limit,21215.0,1,6.046662091359017e-07
credit_limit,44245.0,1,6.046662091359017e-07
credit_limit,166405.0,1,6.046662091359017e-07
credit_limit,100380.0,1,6.046662091359017e-07
credit_limit,68490.0,1,6.046662091359017e-07
credit_limit,120250.0,1,6.046662091359017e-07
credit_limit,8175.0,1,6.046662091359017e-07
credit_limit,69230.0,1,6.046662091359017e-07
credit_limit,61720.0,1,6.046662091359017e-07
credit_limit,135395.0,1,6.046662091359017e-07
credit_limit,88670.0,1,6.046662091359017e-07
credit_limit,17530.0,1,6.046662091359017e-07
credit_limit,23450.0,1,6.046662091359017e-07
credit_limit,146990.0,1,6.046662091359017e-07
credit_limit,5140.0,1,6.046662091359017e-07
credit_limit,143620.0,1,6.046662091359017e-07
credit_limit,25245.0,1,6.046662091359017e-07
credit_limit,77370.0,1,6.046662091359017e-07
credit_limit,63990.0,1,6.046662091359017e-07
credit_limit,79740.0,1,6.046662091359017e-07
credit_limit,79080.0,1,6.046662091359017e-07
credit_limit,5030.0,1,6.046662091359017e-07
credit_limit,202200.0,1,6.046662091359017e-07
credit_limit,17570.0,1,6.046662091359017e-07
credit_limit,74830.0,1,6.046662091359017e-07
credit_limit,220900.0,1,6.046662091359017e-07
credit_limit,35270.0,1,6.046662091359017e-07
credit_limit,22675.0,1,6.046662091359017e-07
credit_limit,22760.0,1,6.046662091359017e-07
credit_limit,22390.0,1,6.046662091359017e-07
credit_limit,63880.0,1,6.046662091359017e-07
credit_limit,35840.0,1,6.046662091359017e-07
credit_limit,38140.0,1,6.046662091359017e-07
credit_limit,231900.0,1,6.046662091359017e-07
credit_limit,115890.0,1,6.046662091359017e-07
credit_limit,85120.0,1,6.046662091359017e-07
credit_limit,237600.0,1,6.046662091359017e-07
credit_limit,23755.0,1,6.046662091359017e-07
credit_limit,86760.0,1,6.046662091359017e-07
credit_limit,91780.0,1,6.046662091359017e-07
credit_limit,31305.0,1,6.046662091359017e-07
credit_limit,68310.0,1,6.046662091359017e-07
credit_limit,44040.0,1,6.046662091359017e-07
credit_limit,67795.0,1,6.046662091359017e-07
credit_limit,64850.0,1,6.046662091359017e-07
credit_limit,94160.0,1,6.046662091359017e-07
credit_limit,134615.0,1,6.046662091359017e-07
credit_limit,64985.0,1,6.046662091359017e-07
credit_limit,10790.0,1,6.046662091359017e-07
credit_limit,94875.0,1,6.046662091359017e-07
credit_limit,214600.0,1,6.046662091359017e-07
credit_limit,78610.0,1,6.046662091359017e-07
credit_limit,87520.0,1,6.046662091359017e-07
credit_limit,35285.0,1,6.046662091359017e-07
credit_limit,45350.0,1,6.046662091359017e-07
credit_limit,45620.0,1,6.046662091359017e-07
credit_limit,138190.0,1,6.046662091359017e-07
credit_limit,31115.0,1,6.046662091359017e-07
credit_limit,103220.0,1,6.046662091359017e-07
