table_index,full_table_name,feature_name,feature_type,feature_comment,ordinal
1,local_feather,uid,string,,1
1,local_feather,mdl_dte,date32[day],,2
1,local_feather,ds,string,,3
1,local_feather,blue_customer_flag,string,,4
1,local_feather,ftr_30d_ord_flag,int32,,5
1,local_feather,ftr_30d_ord_amt,double,,6
1,local_feather,prc_amt_xz_30d_3m,double,,7
1,local_feather,ovd_amt_xz_30d_3m,double,,8
1,local_feather,final_flag,string,,9
1,local_feather,zc_level,int32,,10
1,local_feather,gcard_v2,string,,11
1,local_feather,gcard_v4,string,,12
1,local_feather,gcard_v5,float,,13
1,local_feather,gcard_v6,string,,14
1,local_feather,rand_flag0,double,,15
1,local_feather,rand_flag1,double,,16
1,local_feather,rand_flag2,double,,17
1,local_feather,rand_flag3,double,,18
1,local_feather,rand_flag4,double,,19
1,local_feather,rand_flag5,double,,20
1,local_feather,max_ctn_ovd_day,float,,21
1,local_feather,not_ovd_tqhk_rep_tim_cnt_12m,float,,22
1,local_feather,ddf_mdl_max_not_ovd_tqhk_rep_tim_12m,float,,23
1,local_feather,ddf_mdl_max_con_not_ovd_tqhk_rep_tim_12m,float,,24
1,local_feather,max_con_not_ovd_tqhk_rep_tim_cnt_5m,float,,25
1,local_feather,max_con_not_ovd_tqhk_rep_tim_cnt_12m,float,,26
1,local_feather,not_ovd_tqhk_rep_tim_cnt_3m,float,,27
1,local_feather,lag_his_rep_amt_sum_per_mth_btch_rat_mor_50_per_cnt,float,,28
1,local_feather,d30_d60_his_rep_amt_sum_rat_btch,float,,29
1,local_feather,d90_d360_his_rep_amt_sum_rat_btch,float,,30
1,local_feather,lag_his_rep_amt_sum_per_mth_all_rat_max,float,,31
1,local_feather,lag_his_rep_amt_sum_per_mth_btch_rat_max,float,,32
1,local_feather,m6_up_flg_btch_cnt_rat,float,,33
1,local_feather,d30_d180_his_rep_amt_sum_rat_all,float,,34
1,local_feather,d30_his_rep_amt_sum_btch,float,,35
1,local_feather,d180_d360_his_rep_amt_sum_rat_all,float,,36
1,local_feather,min_avl_lmt_lft_rep_prc_all_cash_bjq_12m,float,,37
1,local_feather,rsk_lmt_rate_ch_1m_grt_0p2_cnt_bjq_12m,float,,38
1,local_feather,rsk_avl_lmt_ch_1m_les_10000_rate_bjq_12m,float,,39
1,local_feather,rsk_avl_lmt_ch_1m_les_500_cnt_bjq_12m,float,,40
1,local_feather,min_rsk_avl_lmt_bjq_12m_all,float,,41
1,local_feather,max_rsk_lmt_rate_bjq_12m_all,float,,42
1,local_feather,min_avl_lmt_lft_rep_prc_2m_cash_bjq_12m,float,,43
1,local_feather,rsk_lmt_rate_ch_1m_grt_0p2_rate_bjq_12m,float,,44
1,local_feather,rsk_avl_lmt_ch_1m_les_500_rate_bjq_12m,float,,45
1,local_feather,rsk_lmt_rate_ch_1m_grt_0p9_cnt_bjq_12m,float,,46
1,local_feather,min_rsk_lmt_rate_bjq_12m_all,float,,47
1,local_feather,avg_avl_lmt_lft_rep_prc_all_cash_bjq_12m,float,,48
1,local_feather,rsk_lmt_rate_ch_1m_grt_0p95_rate_bjq_12m,float,,49
1,local_feather,rsk_lmt_rate_ch_1m_grt_0p5_rate_bjq_12m,float,,50
1,local_feather,max_avl_lmt_lft_rep_prc_3m_cash_bjq_12m,float,,51
1,local_feather,rsk_avl_lmt_ch_1m_les_10000_cnt_bjq_12m,float,,52
1,local_feather,max_rsk_avl_lmt_bjq_12m_all,float,,53
1,local_feather,stg_pln_sum_rep_prc_3m_his_d0_non_zd_rto_v2,float,,54
1,local_feather,stg_pln_sum_rep_prc_1m_his_d0_evn_zd_rto_v2,float,,55
1,local_feather,stg_pln_sum_rep_prc_1m_his_ovd_14d_pls_30d_zd_rto_v2,float,,56
1,local_feather,stg_pln_sum_rep_prc_1m_his_d0_afn_pk_rto_v2,float,,57
1,local_feather,stg_pln_sum_rep_prc_12m_his_ovd_0d_pls_3d_mrn_pk_rto_v2,float,,58
1,local_feather,stg_pln_sum_rep_prc_12m_his_ovd_14d_pls_30d_zd_rto_v2,float,,59
1,local_feather,stg_pln_sum_rep_prc_1m_his_d0_afn_zd_rto_v2,float,,60
1,local_feather,stg_pln_sum_rep_prc_3m_his_d0_afn_zd_rto_v2,float,,61
1,local_feather,stg_pln_sum_rep_prc_1m_his_ovd_3d_pls_7d_zd_rto_v2,float,,62
1,local_feather,stg_pln_sum_rep_prc_6m_his_ovd_7d_pls_14d_afn_pk_rto_v2,float,,63
1,local_feather,stg_pln_sum_rep_prc_12m_his_ovd_3d_pls_7d_afn_pk_rto_v2,float,,64
1,local_feather,stg_pln_sum_rep_prc_6m_his_ovd_14d_pls_30d_afn_pk_rto_v2,float,,65
1,local_feather,stg_pln_sum_rep_prc_1m_his_ovd_14d_pls_30d_mrn_pk_rto_v2,float,,66
1,local_feather,stg_pln_sum_rep_prc_12m_his_ovd_m2_pls_zd_rto_v2,float,,67
1,local_feather,stg_pln_sum_rep_prc_1m_his_ovd_7d_pls_14d_afn_pk_rto_v2,float,,68
1,local_feather,stg_pln_sum_rep_prc_1m_his_d0_mrn_zd_rto_v2,float,,69
1,local_feather,stg_pln_sum_rep_prc_his_d0_evn_zd_rto_v2,float,,70
1,local_feather,stg_pln_sum_rep_prc_12m_his_ovd_7d_pls_14d_afn_pk_rto_v2,float,,71
1,local_feather,stg_pln_sum_rep_prc_3m_his_ovd_3d_pls_7d_zd_rto_v2,float,,72
1,local_feather,stg_pln_sum_rep_prc_3m_his_ovd_m2_pls_zd_rto_v2,float,,73
1,local_feather,stg_pln_sum_rep_prc_3m_his_ovd_3d_pls_7d_mrn_pk_rto_v2,float,,74
1,local_feather,stg_pln_sum_rep_prc_3m_his_d0_dwn_zd_rto_v2,float,,75
1,local_feather,stg_pln_sum_rep_prc_12m_his_ovd_m2_pls_mrn_pk_rto_v2,float,,76
1,local_feather,stg_pln_sum_rep_prc_1m_his_d0_dwn_zd_rto_v2,float,,77
1,local_feather,stg_pln_sum_rep_prc_1m_his_ovd_0d_pls_3d_zd_rto_v2,float,,78
1,local_feather,stg_pln_sum_rep_prc_6m_his_ovd_14d_pls_30d_mrn_pk_rto_v2,float,,79
1,local_feather,stg_pln_sum_rep_prc_his_ovd_0d_pls_3d_zd_rto_v2,float,,80
1,local_feather,stg_pln_sum_rep_prc_12m_his_d0_non_zd_rto_v2,float,,81
1,local_feather,stg_pln_sum_rep_prc_3m_his_ovd_3d_pls_7d_afn_pk_rto_v2,float,,82
1,local_feather,stg_pln_sum_rep_prc_12m_his_ovd_7d_pls_14d_zd_rto_v2,float,,83
1,local_feather,stg_pln_sum_rep_prc_3m_his_ovd_0d_pls_3d_zd_rto_v2,float,,84
1,local_feather,stg_pln_sum_rep_prc_3m_his_ovd_0d_pls_3d_afn_pk_rto_v2,float,,85
1,local_feather,stg_pln_sum_rep_prc_3m_his_ovd_7d_pls_14d_afn_pk_rto_v2,float,,86
1,local_feather,stg_pln_sum_rep_prc_6m_his_ovd_m2_pls_mrn_pk_rto_v2,float,,87
1,local_feather,stg_pln_sum_rep_prc_1m_his_d0_non_zd_rto_v2,float,,88
1,local_feather,stg_pln_sum_rep_prc_12m_his_ovd_7d_pls_14d_mrn_pk_rto_v2,float,,89
1,local_feather,stg_pln_sum_rep_prc_his_d0_afn_zd_rto_v2,float,,90
1,local_feather,stg_pln_sum_rep_prc_3m_his_ovd_14d_pls_30d_afn_pk_rto_v2,float,,91
1,local_feather,stg_pln_sum_rep_prc_12m_his_ovd_14d_pls_30d_mrn_pk_rto_v2,float,,92
1,local_feather,stg_pln_sum_rep_prc_1m_his_ovd_3d_pls_7d_afn_pk_rto_v2,float,,93
1,local_feather,stg_pln_sum_rep_prc_1m_his_ovd_3d_pls_7d_mrn_pk_rto_v2,float,,94
1,local_feather,stg_pln_sum_rep_prc_12m_his_ovd_3d_pls_7d_mrn_pk_rto_v2,float,,95
1,local_feather,stg_pln_sum_rep_prc_12m_his_ovd_0d_pls_3d_afn_pk_rto_v2,float,,96
1,local_feather,stg_pln_sum_rep_prc_3m_his_d0_mrn_zd_rto_v2,float,,97
1,local_feather,stg_pln_sum_rep_prc_1m_his_ovd_7d_pls_14d_mrn_pk_rto_v2,float,,98
1,local_feather,stg_pln_sum_rep_prc_3m_his_ovd_7d_pls_14d_zd_rto_v2,float,,99
1,local_feather,stg_pln_sum_rep_prc_3m_his_d0_afn_pk_rto_v2,float,,100
1,local_feather,stg_pln_sum_rep_prc_1m_his_ovd_7d_pls_14d_zd_rto_v2,float,,101
1,local_feather,stg_pln_sum_rep_prc_3m_his_ovd_0d_pls_3d_mrn_pk_rto_v2,float,,102
1,local_feather,stg_pln_sum_rep_prc_3m_his_ovd_14d_pls_30d_mrn_pk_rto_v2,float,,103
1,local_feather,stg_pln_sum_rep_prc_3m_his_ovd_m2_pls_mrn_pk_rto_v2,float,,104
1,local_feather,stg_pln_sum_rep_prc_3m_his_ovd_7d_pls_14d_mrn_pk_rto_v2,float,,105
1,local_feather,stg_pln_sum_rep_prc_1m_his_ovd_0d_pls_3d_afn_pk_rto_v2,float,,106
1,local_feather,stg_pln_sum_rep_prc_1m_his_ovd_0d_pls_3d_mrn_pk_rto_v2,float,,107
1,local_feather,stg_pln_sum_rep_prc_1m_his_ovd_14d_pls_30d_afn_pk_rto_v2,float,,108
1,local_feather,stg_pln_sum_rep_prc_3m_his_ovd_m2_pls_afn_pk_rto_v2,float,,109
1,local_feather,stg_pln_sum_rep_prc_his_d0_mrn_zd_rto_v2,float,,110
1,local_feather,stg_pln_sum_rep_prc_12m_his_d0_afn_pk_rto_v2,float,,111
1,local_feather,stg_pln_sum_rep_prc_his_d0_mrn_pk_rto_v2,float,,112
1,local_feather,stg_pln_sum_rep_prc_3m_his_ovd_14d_pls_30d_zd_rto_v2,float,,113
1,local_feather,stg_pln_sum_rep_prc_6m_his_ovd_7d_pls_14d_mrn_pk_rto_v2,float,,114
1,local_feather,stg_pln_sum_rep_prc_3m_his_d0_evn_zd_rto_v2,float,,115
1,local_feather,stg_pln_sum_rep_prc_12m_his_ovd_3d_pls_7d_zd_rto_v2,float,,116
1,local_feather,stg_pln_avg_prc_amt_bjq_12m_his,float,,117
1,local_feather,stg_pln_pay_off_cnt_d0_rep_bjq_12m_rto,float,,118
1,local_feather,stg_pln_cnt_ovd_m2_pls_rep_bjq_12m_rto,float,,119
1,local_feather,stg_pln_sum_prc_amt_ovd_pls_rep_bjq_12m_rto,float,,120
1,local_feather,stg_pln_cnt_adv_rep_bjq_12m_rto,float,,121
1,local_feather,stg_pln_sum_prc_amt_ovd_14d_pls_rep_bjq_12m_rto,float,,122
1,local_feather,stg_pln_avg_prc_amt_bjq_12m_his_per_mth,float,,123
1,local_feather,stg_pln_sum_prc_amt_ovd_3d_pls_rep_bjq_12m_rto,float,,124
1,local_feather,stg_pln_sum_prc_amt_ovd_7d_pls_rep_bjq_12m_rto,float,,125
1,local_feather,stg_pln_sum_rep_prc_1m_his_ovd_7d_pls_14d_mrn_pk_rto,float,,126
1,local_feather,stg_pln_sum_rep_prc_3m_his_ovd_7d_pls_14d_mrn_pk_rto,float,,127
1,local_feather,stg_pln_sum_rep_prc_3m_his_ovd_m2_pls_zd_rto,float,,128
1,local_feather,stg_pln_sum_rep_prc_3m_his_ovd_7d_pls_14d_zd_rto,float,,129
1,local_feather,stg_pln_sum_rep_prc_1m_3m_rto_his,float,,130
1,local_feather,stg_pln_sum_rep_prc_1m_his_ovd_3d_pls_7d_afn_pk_rto,float,,131
1,local_feather,stg_pln_sum_rep_prc_12m_his_ovd_14d_pls_30d_zd_rto,float,,132
1,local_feather,stg_pln_sum_rep_prc_1m_his_ovd_7d_pls_14d_zd_rto,float,,133
1,local_feather,stg_pln_sum_rep_prc_3m_his_ovd_0d_pls_3d_zd_rto,float,,134
1,local_feather,stg_pln_sum_rep_prc_1m_his_d0_evn_zd_rto,float,,135
1,local_feather,stg_pln_sum_rep_prc_12m_his_ovd_14d_pls_30d_afn_pk_rto,float,,136
1,local_feather,stg_pln_sum_rep_prc_3m_6m_rto_his,float,,137
1,local_feather,stg_pln_sum_rep_prc_3m_his_ovd_0d_pls_3d_mrn_pk_rto,float,,138
1,local_feather,stg_pln_sum_rep_prc_3m_his_d0_afn_zd_rto,float,,139
1,local_feather,stg_pln_sum_rep_prc_1m_his_ovd_3d_pls_7d_mrn_pk_rto,float,,140
1,local_feather,stg_pln_sum_rep_prc_1m_his_d0_non_zd_rto,float,,141
1,local_feather,stg_pln_sum_rep_prc_12m_his_ovd_0d_pls_3d_mrn_pk_rto,float,,142
1,local_feather,stg_pln_sum_rep_prc_1m_his_ovd_0d_pls_3d_mrn_pk_rto,float,,143
1,local_feather,stg_pln_sum_rep_prc_12m_his_ovd_14d_pls_30d_mrn_pk_rto,float,,144
1,local_feather,stg_pln_sum_rep_prc_his_ovd_0d_pls_3d_mrn_pk_rto,float,,145
1,local_feather,stg_pln_sum_rep_prc_1m_his_ovd_0d_pls_3d_afn_pk_rto,float,,146
1,local_feather,stg_pln_sum_rep_prc_12m_his_ovd_7d_pls_14d_zd_rto,float,,147
1,local_feather,stg_pln_sum_rep_prc_3m_his_d0_afn_pk_rto,float,,148
1,local_feather,stg_pln_sum_rep_prc_12m_his_ovd_3d_pls_7d_afn_pk_rto,float,,149
1,local_feather,stg_pln_sum_rep_prc_12m_his_ovd_3d_pls_7d_mrn_pk_rto,float,,150
1,local_feather,stg_pln_sum_rep_prc_1m_his_d0_afn_zd_rto,float,,151
1,local_feather,stg_pln_sum_rep_prc_3m_his_ovd_3d_pls_7d_afn_pk_rto,float,,152
1,local_feather,stg_pln_sum_rep_prc_6m_his_ovd_14d_pls_30d_afn_pk_rto,float,,153
1,local_feather,stg_pln_sum_rep_prc_6m_his_ovd_7d_pls_14d_afn_pk_rto,float,,154
1,local_feather,stg_pln_sum_rep_prc_3m_his_ovd_14d_pls_30d_mrn_pk_rto,float,,155
1,local_feather,stg_pln_sum_rep_prc_3m_his_ovd_14d_pls_30d_afn_pk_rto,float,,156
1,local_feather,stg_pln_sum_rep_prc_12m_his_ovd_7d_pls_14d_afn_pk_rto,float,,157
1,local_feather,stg_pln_sum_rep_prc_3m_his_ovd_3d_pls_7d_mrn_pk_rto,float,,158
1,local_feather,stg_pln_sum_rep_prc_3m_his_ovd_14d_pls_30d_zd_rto,float,,159
1,local_feather,stg_pln_sum_rep_prc_12m_his_d0_afn_zd_rto,float,,160
1,local_feather,stg_pln_sum_rep_prc_12m_his_ovd_0d_pls_3d_afn_pk_rto,float,,161
1,local_feather,stg_pln_sum_rep_prc_6m_12m_rto_his,float,,162
1,local_feather,stg_pln_sum_rep_prc_12m_his_d0_mrn_zd_rto,float,,163
1,local_feather,stg_pln_sum_rep_prc_1m_his_ovd_14d_pls_30d_afn_pk_rto,float,,164
1,local_feather,stg_pln_sum_rep_prc_1m_his_ovd_14d_pls_30d_zd_rto,float,,165
1,local_feather,stg_pln_sum_rep_prc_1m_his_ovd_0d_pls_3d_zd_rto,float,,166
1,local_feather,stg_pln_sum_rep_prc_3m_his_d0_evn_zd_rto,float,,167
1,local_feather,stg_pln_sum_rep_prc_his_d0_evn_zd_rto,float,,168
1,local_feather,stg_pln_sum_rep_prc_3m_his_ovd_3d_pls_7d_zd_rto,float,,169
1,local_feather,stg_pln_sum_rep_prc_6m_his_ovd_14d_pls_30d_mrn_pk_rto,float,,170
1,local_feather,stg_pln_sum_rep_prc_3m_his_ovd_7d_pls_14d_afn_pk_rto,float,,171
1,local_feather,stg_pln_sum_rep_prc_12m_his_ovd_3d_pls_7d_zd_rto,float,,172
1,local_feather,stg_pln_sum_rep_prc_12m_his_d0_mrn_pk_rto,float,,173
1,local_feather,stg_pln_sum_rep_prc_6m_his_d0_non_zd_rto,float,,174
1,local_feather,stg_pln_sum_rep_prc_6m_his_adv_rto,float,,175
1,local_feather,stg_pln_sum_rep_prc_12m_his_d0_afn_pk_rto,float,,176
1,local_feather,stg_pln_sum_rep_prc_6m_his_ovd_7d_pls_14d_mrn_pk_rto,float,,177
1,local_feather,stg_pln_sum_rep_prc_3m_his_ovd_m2_pls_afn_pk_rto,float,,178
1,local_feather,stg_pln_sum_rep_prc_12m_his_ovd_7d_pls_14d_mrn_pk_rto,float,,179
1,local_feather,stg_pln_sum_rep_prc_1m_his_ovd_14d_pls_30d_mrn_pk_rto,float,,180
1,local_feather,stg_pln_sum_rep_prc_1m_his_adv_rto,float,,181
1,local_feather,stg_pln_sum_rep_prc_6m_his_ovd_0d_pls_3d_mrn_pk_rto,float,,182
1,local_feather,stg_pln_sum_rep_prc_6m_his_ovd_3d_pls_7d_mrn_pk_rto,float,,183
1,local_feather,stg_pln_sum_rep_prc_1m_his_ovd_7d_pls_14d_afn_pk_rto,float,,184
1,local_feather,stg_pln_sum_rep_prc_1m_his_d0_afn_pk_rto,float,,185
1,local_feather,stg_pln_sum_rep_prc_3m_his_ovd_0d_pls_3d_afn_pk_rto,float,,186
1,local_feather,stg_pln_sum_rep_prc_1m_his_ovd_3d_pls_7d_zd_rto,float,,187
1,local_feather,rsk_lmt_rate_ch_1m_grt_0p2_rate_36m,float,,188
1,local_feather,min_rsk_lmt_rate_24m_bt_ch,float,,189
1,local_feather,rsk_avl_lmt_ch_1m_les_1000_rate_24m,float,,190
1,local_feather,rsk_lmt_rate_ch_1m_grt_0p95_rate_36m,float,,191
1,local_feather,rsk_avl_lmt_ch_1m_les_1000_cnt_24m,float,,192
1,local_feather,min_rsk_avl_lmt_36m_bt_ch,float,,193
1,local_feather,rsk_lmt_rate_ch_1m_grt_0p2_cnt_24m,float,,194
1,local_feather,max_avl_lmt_lft_rep_prc_1m_cash_36m,float,,195
1,local_feather,rsk_lmt_rate_ch_1m_grt_0p5_cnt_24m,float,,196
1,local_feather,rsk_avl_lmt_ch_1m_les_10000_rate_24m,float,,197
1,local_feather,avg_rsk_avl_lmt_36m_dcp,float,,198
1,local_feather,max_avl_lmt_lft_rep_prc_all_cash_24m,float,,199
1,local_feather,rsk_lmt_rate_ch_1m_grt_0p5_rate_24m,float,,200
1,local_feather,min_rsk_avl_lmt_24m_bt_ch,float,,201
1,local_feather,rsk_lmt_rate_ch_1m_grt_0p9_rate_24m,float,,202
1,local_feather,avg_avl_lmt_lft_rep_prc_all_cash_36m,float,,203
1,local_feather,min_avl_lmt_lft_rep_prc_all_cash_36m,float,,204
1,local_feather,max_rsk_lmt_rate_24m_bt_ch,float,,205
1,local_feather,avg_rsk_lmt_rate_36m_dcp,float,,206
1,local_feather,max_rsk_avl_lmt_24m_bt_ch,float,,207
1,local_feather,min_rsk_avl_lmt_36m_dcp,float,,208
1,local_feather,min_rsk_lmt_rate_36m_dcp,float,,209
1,local_feather,min_avl_lmt_lft_rep_prc_2m_cash_36m,float,,210
1,local_feather,avg_avl_lmt_lft_rep_prc_all_cash_24m,float,,211
1,local_feather,stg_pln_sum_prc_amt_12m_36m_rto,float,,212
1,local_feather,stg_pln_avg_prc_amt_24m_his_per_mth,float,,213
1,local_feather,stg_pln_avg_prc_amt_24m_his,float,,214
1,local_feather,stg_pln_sum_prc_amt_adv_rct_36m_rto,float,,215
1,local_feather,stg_pln_pay_off_cnt_d0_rep_24m_rto,float,,216
1,local_feather,stg_pln_pay_off_sum_prc_amt_12m_24m_rto,float,,217
1,local_feather,stg_pln_sum_rep_prc_12m_his_ovd_0d_pls_3d_zd,float,,218
1,local_feather,stg_pln_sum_rep_prc_his_ovd_3d_pls_7d_zd,float,,219
1,local_feather,stg_pln_sum_rep_prc_his_ovd_0d_pls_3d_zd,float,,220
1,local_feather,stg_pln_max_rep_prc_12m_his,float,,221
1,local_feather,stg_pln_sum_rep_prc_his_fst_ord,float,,222
1,local_feather,stg_pln_sum_rep_prc_12m_his,float,,223
1,local_feather,stg_pln_sum_rep_prc_12m_his_d0_dwn_zd,float,,224
1,local_feather,stg_pln_sum_rep_prc_his_d0_evn_zd,float,,225
1,local_feather,stg_pln_min_rep_prc_12m_his,float,,226
1,local_feather,stg_pln_sum_rep_prc_his_d0_afn_pk,float,,227
1,local_feather,stg_pln_sum_rep_prc_12m_his_d0_afn_pk,float,,228
1,local_feather,stg_pln_sum_rep_prc_3m_his_ovd_0d_pls_3d_zd,float,,229
1,local_feather,stg_pln_sum_rep_prc_3m_his_d0_afn_pk,float,,230
1,local_feather,stg_pln_max_rep_prc_his,float,,231
1,local_feather,stg_pln_sum_rep_prc_6m_his_d0_mrn_pk,float,,232
1,local_feather,stg_pln_sum_rep_prc_6m_his_d0_evn_zd,float,,233
1,local_feather,stg_pln_sum_rep_prc_3m_his_d0_non_zd,float,,234
1,local_feather,stg_pln_max_rep_prc_1m_his,float,,235
1,local_feather,stg_pln_sum_rep_prc_1m_his_d0_dwn_zd,float,,236
1,local_feather,stg_pln_min_rep_prc_6m_his,float,,237
1,local_feather,stg_pln_sum_rep_prc_his_d0_mrn_pk,float,,238
1,local_feather,stg_pln_sum_rep_prc_his_d0_non_zd,float,,239
1,local_feather,min_ddf_mdl_rep_tim_his,float,,240
1,local_feather,stg_pln_sum_rep_prc_his_adv,float,,241
1,local_feather,stg_pln_sum_rep_prc_1m_his,float,,242
1,local_feather,stg_pln_sum_rep_prc_his_d0_afn_zd,float,,243
1,local_feather,stg_pln_sum_rep_prc_6m_his_adv,float,,244
1,local_feather,stg_pln_sum_rep_prc_12m_his_d0_afn_zd,float,,245
1,local_feather,stg_pln_min_rep_prc_his,float,,246
1,local_feather,lst_rep_prc,float,,247
1,local_feather,stg_pln_sum_rep_prc_12m_his_d0_non_zd,float,,248
1,local_feather,stg_pln_sum_rep_prc_3m_his_d0_non_zd_v2,float,,249
1,local_feather,stg_pln_sum_rep_prc_his_d0_mrn_pk_v2,float,,250
1,local_feather,stg_pln_sum_rep_prc_12m_his_d0_mrn_zd_v2,float,,251
1,local_feather,stg_pln_sum_rep_prc_6m_his_d0_mrn_pk_v2,float,,252
1,local_feather,stg_pln_sum_rep_prc_his_ovd_3d_pls_7d_zd_v2,float,,253
1,local_feather,stg_pln_sum_rep_prc_3m_his_ovd_0d_pls_3d_zd_v2,float,,254
1,local_feather,stg_pln_sum_rep_prc_his_d0_afn_pk_v2,float,,255
1,local_feather,stg_pln_sum_rep_prc_his_d0_mrn_zd_v2,float,,256
1,local_feather,stg_pln_sum_rep_prc_his_d0_afn_zd_v2,float,,257
1,local_feather,stg_pln_sum_rep_prc_6m_his_d0_dwn_zd_v2,float,,258
1,local_feather,stg_pln_sum_rep_prc_6m_his_d0_evn_zd_v2,float,,259
1,local_feather,stg_pln_sum_rep_prc_6m_his_d0_afn_zd_v2,float,,260
1,local_feather,stg_pln_sum_rep_prc_12m_his_ovd_0d_pls_3d_mrn_pk_v2,float,,261
1,local_feather,stg_pln_sum_rep_prc_his_d0_evn_zd_v2,float,,262
1,local_feather,stg_pln_sum_rep_prc_his_d0_dwn_zd_v2,float,,263
1,local_feather,stg_pln_sum_rep_prc_12m_his_ovd_0d_pls_3d_zd_v2,float,,264
1,local_feather,stg_pln_sum_rep_prc_his_ovd_0d_pls_3d_zd_v2,float,,265
1,local_feather,stg_pln_sum_rep_prc_his_ovd_0d_pls_3d_mrn_pk_v2,float,,266
1,local_feather,stg_pln_sum_rep_prc_1m_his_d0_mrn_zd_v2,float,,267
1,local_feather,stg_pln_sum_rep_prc_12m_his_d0_afn_pk_v2,float,,268
1,local_feather,stg_pln_sum_rep_prc_12m_his_d0_non_zd_v2,float,,269
1,local_feather,stg_pln_sum_rep_prc_his_d0_non_zd_v2,float,,270
1,local_feather,stg_pln_sum_prc_amt_adv_rct,float,,271
1,local_feather,stg_pln_min_prc_amt_d0_rep,float,,272
1,local_feather,stg_pln_max_prc_amt_adv_rct_24m,float,,273
1,local_feather,stg_pln_sum_prc_amt_d0_rep_24m,float,,274
1,local_feather,stg_pln_min_prc_amt_adv_rct,float,,275
1,local_feather,stg_pln_sum_prc_amt_adv_rct_24m,float,,276
1,local_feather,stg_pln_max_prc_amt_d0_rep,float,,277
1,local_feather,stg_pln_max_prc_amt_d0_rep_24m,float,,278
1,local_feather,stg_pln_max_prc_amt_adv_rct_36m,float,,279
1,local_feather,stg_pln_cnt_adv_rct_24m,float,,280
1,local_feather,stg_pln_cnt_adv_rct,float,,281
1,local_feather,stg_pln_min_prc_amt_d0_rep_24m,float,,282
1,local_feather,stg_pln_cnt_d0_rep_24m,float,,283
1,local_feather,his_light_fail_trade_heavy_ovd_repay_same_date_count,float,,284
1,local_feather,light_d720_max_fail_prc_amt_divide_heavy_d720_max_ontim_repay_amt,float,,285
1,local_feather,light_his_sum_faqi_prc_amt_divide_heavy_his_sum_ovd_repay_amt,float,,286
1,local_feather,his_heavy_suc_trade_light_ovd_repay_same_month_count,float,,287
1,local_feather,light_d360_max_faqi_prc_amt_divide_heavy_d360_max_ontim_repay_amt,float,,288
1,local_feather,light_his_sum_faqi_prc_amt_divide_heavy_his_sum_faqi_prc_amt,float,,289
1,local_feather,light_d360_sum_larger_than_1w_faqi_count_divide_heavy_d360_sum_larger_than_1w_faqi_count,float,,290
1,local_feather,his_heavy_light_suc_trade_same_month_count,float,,291
1,local_feather,d90_lend_light_to_repay_heavy_inner7d_order_stg_sum,float,,292
1,local_feather,light_d360_sum_ontim_repay_amt_divide_heavy_d360_sum_ontim_repay_amt,float,,293
1,local_feather,his_heavy_ontime_repay_light_ovd_repay_same_date_count,float,,294
1,local_feather,his_heavy_ontime_repay_light_ovd_repay_same_month_count,float,,295
1,local_feather,his_lend_light_to_repay_heavy_inner7d_order_stg_sum,float,,296
1,local_feather,his_heavy_advance_repay_light_ovd_repay_same_month_count,float,,297
1,local_feather,light_his_sum_faqi_count_divide_heavy_his_sum_faqi_count,float,,298
1,local_feather,d360_light_limit_divide_btch_adt_limit,float,,299
1,local_feather,his_heavy_suc_trade_light_ovd_repay_same_date_count,float,,300
1,local_feather,heavy_his_sum_faqi_prc_amt_divide_light_his_sum_adv_repay_amt,float,,301
1,local_feather,light_his_sum_adv_repay_amt_divide_heavy_his_sum_adv_repay_amt,float,,302
1,local_feather,his_light_suc_trade_heavy_ovd_repay_same_date_count,float,,303
1,local_feather,his_heavy_suc_trade_light_advance_repay_same_month_count,float,,304
1,local_feather,his_heavy_fail_trade_light_ovd_repay_same_date_count,float,,305
1,local_feather,heavy_his_max_fail_prc_amt_divide_light_his_max_adv_repay_amt,float,,306
1,local_feather,his_light_limit_divide_btch_avl_limit,float,,307
1,local_feather,his_heavy_shouxin_samemonth_light_ovd_repay_count,float,,308
1,local_feather,heavy_d720_max_fail_prc_amt_divide_light_d720_max_ontim_repay_amt,float,,309
1,local_feather,light_d90_max_ontim_repay_amt_divide_heavy_d90_max_ontim_repay_amt,float,,310
1,local_feather,his_light_ontime_repay_heavy_ovd_repay_same_month_count,float,,311
1,local_feather,heavy_unpaid_principal_his_divide_d720_light_limit_max,float,,312
1,local_feather,his_light_suc_trade_heavy_ovd_repay_same_month_count,float,,313
1,local_feather,his_light_ontime_repay_heavy_ovd_repay_same_date_count,float,,314
1,local_feather,light_his_sum_larger_than_1w_faqi_count_divide_heavy_his_sum_larger_than_1w_faqi_count,float,,315
1,local_feather,heavy_his_sum_fail_prc_amt_divide_light_his_sum_ontim_repay_amt,float,,316
1,local_feather,his_lend_heavy_to_repay_light_inner14d_order_amt_rate,float,,317
1,local_feather,unpaid_principal_future_light_divide_heavy,float,,318
1,local_feather,his_heavy_light_suc_trade_same_date_count,float,,319
1,local_feather,light_his_sum_faqi_prc_amt_divide_heavy_his_sum_ontim_repay_amt,float,,320
1,local_feather,his_light_advance_repay_heavy_ovd_repay_same_date_count,float,,321
1,local_feather,d360_lend_heavy_to_repay_light_inner7d_order_amt_sum,float,,322
1,local_feather,heavy_unpaid_principal_future_divide_his_light_limit_max,float,,323
1,local_feather,heavy_d720_sum_faqi_prc_amt_divide_light_d720_sum_ontim_repay_amt,float,,324
1,local_feather,light_his_sum_ovd_repay_amt_divide_heavy_his_sum_ovd_repay_amt,float,,325
1,local_feather,heavy_d360_sum_faqi_prc_amt_divide_light_d360_sum_ontim_repay_amt,float,,326
1,local_feather,his_light_shouxin_heavy_fail_trade_same_month_count,float,,327
1,local_feather,his_heavy_ovd_repay_light_ovd_repay_same_month_count,float,,328
1,local_feather,light_d720_max_faqi_prc_amt_divide_heavy_d720_max_ovd_repay_amt,float,,329
1,local_feather,his_heavy_light_fail_trade_same_date_count,float,,330
1,local_feather,light_d720_max_ontim_repay_amt_divide_heavy_d720_max_ontim_repay_amt,float,,331
1,local_feather,unpaid_principal_future_light_add_heavy,float,,332
1,local_feather,his_lend_heavy_to_repay_light_inner3d_order_amt_sum,float,,333
1,local_feather,light_d720_max_fail_prc_amt_divide_heavy_d720_max_fail_prc_amt,float,,334
1,local_feather,his_light_limit_divide_btch_adt_limit,float,,335
1,local_feather,light_d720_sum_fail_prc_amt_divide_heavy_d720_sum_fail_prc_amt,float,,336
1,local_feather,d360_lend_light_to_repay_heavy_inner7d_order_stg_rate,float,,337
1,local_feather,d360_lend_light_to_repay_heavy_inner7d_order_num_sum,float,,338
1,local_feather,his_heavy_ontime_repay_light_ontime_repay_same_month_count,float,,339
1,local_feather,light_his_max_ovd_repay_amt_divide_heavy_his_max_ovd_repay_amt,float,,340
1,local_feather,his_heavy_advance_repay_light_advance_repay_same_date_count,float,,341
1,local_feather,light_his_sum_ontim_repay_amt_divide_heavy_his_sum_ontim_repay_amt,float,,342
1,local_feather,his_lend_heavy_to_repay_light_inner3d_order_amt_rate,float,,343
1,local_feather,light_d360_sum_faqi_count_divide_heavy_d360_sum_faqi_count,float,,344
1,local_feather,heavy_d360_max_faqi_prc_amt_divide_light_d360_max_ontim_repay_amt,float,,345
1,local_feather,his_light_fail_trade_heavy_ovd_repay_same_month_count,float,,346
1,local_feather,light_his_sum_faqi_prc_amt_divide_heavy_his_sum_adv_repay_amt,float,,347
1,local_feather,his_heavy_shouxin_inner30d_light_advance_repay_count,float,,348
1,local_feather,his_light_suc_trade_heavy_advance_repay_same_date_count,float,,349
1,local_feather,light_d360_sum_faqi_prc_amt_divide_heavy_d360_sum_faqi_prc_amt,float,,350
1,local_feather,light_his_sum_fail_prc_amt_divide_heavy_his_sum_fail_prc_amt,float,,351
1,local_feather,d360_lend_light_to_repay_heavy_inner7d_order_amt_sum,float,,352
1,local_feather,heavy_his_max_fail_prc_amt_divide_light_his_max_ovd_repay_amt,float,,353
1,local_feather,light_d90_sum_faqi_count_divide_heavy_d90_sum_faqi_count,float,,354
1,local_feather,light_his_max_fail_prc_amt_divide_heavy_his_max_adv_repay_amt,float,,355
1,local_feather,light_d720_max_faqi_prc_amt_divide_heavy_d720_max_adv_repay_amt,float,,356
1,local_feather,light_d720_sum_fail_prc_amt_divide_heavy_d720_sum_ontim_repay_amt,float,,357
1,local_feather,light_d90_sum_ontim_repay_amt_divide_heavy_d90_sum_ontim_repay_amt,float,,358
1,local_feather,heavy_his_sum_faqi_prc_amt_divide_light_his_sum_ovd_repay_amt,float,,359
1,local_feather,his_heavy_ontime_repay_light_ontime_repay_same_date_count,float,,360
1,local_feather,his_light_shouxin_heavy_suc_trade_same_month_count,float,,361
1,local_feather,light_d720_sum_faqi_prc_amt_divide_heavy_d720_sum_adv_repay_amt,float,,362
1,local_feather,his_light_advance_repay_heavy_ovd_repay_same_month_count,float,,363
1,local_feather,his_heavy_shouxin_inner30d_light_trade_fail_count,float,,364
1,local_feather,his_lend_light_to_repay_heavy_inner3d_order_amt_sum,float,,365
1,local_feather,light_d720_sum_faqi_prc_amt_divide_heavy_d720_sum_faqi_prc_amt,float,,366
1,local_feather,his_heavy_ovd_repay_light_ovd_repay_same_date_count,float,,367
1,local_feather,light_d360_sum_faqi_prc_amt_divide_heavy_d360_sum_ontim_repay_amt,float,,368
1,local_feather,light_his_max_faqi_prc_amt_divide_heavy_his_max_faqi_prc_amt,float,,369
1,local_feather,his_heavy_advance_repay_light_ovd_repay_same_date_count,float,,370
1,local_feather,his_lend_heavy_to_repay_light_inner14d_order_num_sum,float,,371
1,local_feather,heavy_unpaid_principal_his_divide_his_light_limit,float,,372
1,local_feather,his_light_suc_trade_heavy_advance_repay_same_month_count,float,,373
1,local_feather,d360_lend_heavy_to_repay_light_inner7d_order_stg_rate,float,,374
1,local_feather,d360_lend_heavy_to_repay_light_inner7d_order_stg_sum,float,,375
1,local_feather,his_heavy_shouxin_samemonth_light_advance_repay_count,float,,376
1,local_feather,d90_lend_heavy_to_repay_light_inner7d_order_num_sum,float,,377
1,local_feather,light_d360_max_suc_prc_amt_divide_heavy_d360_max_suc_prc_amt,float,,378
1,local_feather,his_heavy_fail_trade_light_ovd_repay_same_month_count,float,,379
1,local_feather,light_d720_sum_suc_prc_amt_divide_heavy_d720_sum_suc_prc_amt,float,,380
1,local_feather,light_his_max_adv_repay_amt_divide_heavy_his_max_adv_repay_amt,float,,381
1,local_feather,light_d720_sum_faqi_prc_amt_divide_heavy_d720_sum_ovd_repay_amt,float,,382
1,local_feather,his_lend_light_to_repay_heavy_inner3d_order_stg_rate,float,,383
1,local_feather,light_d720_sum_faqi_stg_num_divide_heavy_d720_sum_faqi_stg_num,float,,384
1,local_feather,his_heavy_advance_repay_light_advance_repay_same_month_count,float,,385
1,local_feather,his_heavy_suc_trade_light_advance_repay_same_date_count,float,,386
1,local_feather,d90_lend_heavy_to_repay_light_inner7d_order_amt_sum,float,,387
1,local_feather,light_d360_max_faqi_prc_amt_divide_heavy_d360_max_faqi_prc_amt,float,,388
1,local_feather,his_heavy_light_fail_trade_same_month_count,float,,389
1,local_feather,light_his_max_fail_prc_amt_divide_heavy_his_max_ovd_repay_amt,float,,390
1,local_feather,d90_lend_light_to_repay_heavy_inner7d_order_amt_sum,float,,391
1,local_feather,his_heavy_shouxin_samemonth_light_trade_fail_count,float,,392
1,local_feather,his_heavy_shouxin_inner30d_light_trade_suc_count,float,,393
1,local_feather,his_lend_light_to_repay_heavy_inner14d_order_amt_rate,float,,394
1,local_feather,rsk_lmt_rate_ch_1m_grt_0p5_cnt_3m,float,,395
1,local_feather,rsk_lmt_rate_ch_1m_grt_0p2_cnt_3m,float,,396
1,local_feather,rsk_avl_lmt_ch_1m_les_10000_cnt_12m,float,,397
1,local_feather,rsk_avl_lmt_ch_1m_les_500_cnt_12m,float,,398
1,local_feather,min_rsk_lmt_rate_12m_bt_ch,float,,399
1,local_feather,avg_avl_lmt_lft_rep_prc_all_cash_12m,float,,400
1,local_feather,rsk_avl_lmt_ch_1m_les_5000_rate_3m,float,,401
1,local_feather,rsk_lmt_rate_ch_1m_grt_0p95_rate_3m,float,,402
1,local_feather,rsk_lmt_rate_ch_1m_grt_0p8_rate_3m,float,,403
1,local_feather,avg_avl_lmt_lft_rep_prc_3m_cash_1m,float,,404
1,local_feather,rsk_lmt_rate_ch_1m_grt_0p2_rate_6m,float,,405
1,local_feather,rsk_lmt_rate_ch_1m_grt_0p95_cnt_1m,float,,406
1,local_feather,min_rsk_lmt_rate_3m_bt_ch,float,,407
1,local_feather,min_rsk_avl_lmt_3m_bt_ch,float,,408
1,local_feather,max_rsk_lmt_rate_12m_bt_ch,float,,409
1,local_feather,rsk_lmt_rate_ch_1m_grt_0p5_rate_6m,float,,410
1,local_feather,rsk_avl_lmt_ch_1m_les_5000_cnt_3m,float,,411
1,local_feather,max_rsk_lmt_rate_1m_all,float,,412
1,local_feather,rsk_avl_lmt_ch_1m_les_10000_rate_6m,float,,413
1,local_feather,min_avl_lmt_lft_rep_prc_2m_cash_3m,float,,414
1,local_feather,rsk_avl_lmt_ch_1m_les_500_cnt_3m,float,,415
1,local_feather,max_avl_lmt_lft_rep_prc_1m_cash_3m,float,,416
1,local_feather,rsk_lmt_rate_ch_1m_grt_0p9_cnt_6m,float,,417
1,local_feather,rsk_lmt_rate_ch_1m_grt_0p95_rate_1m,float,,418
1,local_feather,rsk_lmt_rate_ch_1m_grt_0p2_rate_1m,float,,419
1,local_feather,min_rsk_avl_lmt_12m_bt_ch,float,,420
1,local_feather,max_avl_lmt_lft_rep_prc_all_cash_12m,float,,421
1,local_feather,rsk_avl_lmt_ch_1m_les_500_rate_3m,float,,422
1,local_feather,rsk_avl_lmt_ch_1m_les_1000_rate_1m,float,,423
1,local_feather,rsk_lmt_rate_ch_1m_grt_0p9_rate_12m,float,,424
1,local_feather,rsk_avl_lmt_ch_1m_les_1000_rate_6m,float,,425
1,local_feather,rsk_lmt_rate_ch_1m_grt_0p8_rate_1m,float,,426
1,local_feather,rsk_lmt_rate_ch_1m_grt_0p8_cnt_1m,float,,427
1,local_feather,pmt_hnd_amt_rat_1m,float,,428
1,local_feather,payment_not_balancenotenough_day_3m,float,,429
1,local_feather,payment_not_balancenotenough_dis_rate_3m,float,,430
1,local_feather,payment_balancenotenough_day_rate_3m,float,,431
1,local_feather,pmt_crd_amt_1m,float,,432
1,local_feather,mid_2_pmt_blc_not_eng_rat_1m,float,,433
1,local_feather,mid_1_pmt_blc_not_eng_rat_3m,float,,434
1,local_feather,payment_balancenotenough_dis_rate_1m,float,,435
1,local_feather,payment_balancenotenough_day_6m,float,,436
1,local_feather,pmt_hnd_cnt_rat_3m,float,,437
1,local_feather,pmt_crd_nmb_3m,float,,438
1,local_feather,payment_day_6m,float,,439
1,local_feather,pmt_crd_amt_3m,float,,440
1,local_feather,payment_not_balancenotenough_cnt_dis_3m,float,,441
1,local_feather,pmt_crd_amt_pmonth_his,float,,442
1,local_feather,payment_balancenotenough_day_1m,float,,443
1,local_feather,stg_pln_sum_prc_amt_3m_6m_rto,float,,444
1,local_feather,stg_pln_sum_prc_amt_ovd_14d_pls_rep_1m_rto,float,,445
1,local_feather,stg_pln_cnt_ovd_pls_rep_1m_rto_his,float,,446
1,local_feather,stg_pln_avg_prc_amt_6m_his_per_mth,float,,447
1,local_feather,stg_pln_cnt_ovd_3d_pls_rep_3m_rto,float,,448
1,local_feather,stg_pln_sum_prc_amt_ovd_m2_pls_rep_3m_rto,float,,449
1,local_feather,stg_pln_sum_prc_amt_ovd_m2_pls_rep_12m_rto,float,,450
1,local_feather,stg_pln_pay_off_sum_prc_amt_14d_1m_rto,float,,451
1,local_feather,stg_pln_pay_off_sum_prc_amt_d0_rep_1m_rto,float,,452
1,local_feather,stg_pln_sum_prc_amt_ovd_3d_pls_rep_1m_rto_his,float,,453
1,local_feather,stg_pln_sum_prc_amt_ovd_m2_pls_rep_6m_rto,float,,454
1,local_feather,stg_pln_pay_off_sum_prc_amt_7d_1m_rto,float,,455
1,local_feather,stg_pln_sum_prc_amt_6m_12m_rto,float,,456
1,local_feather,stg_pln_sum_prc_amt_ovd_m3_pls_rep_3m_rto,float,,457
1,local_feather,stg_pln_avg_prc_amt_adv_rep_12m,float,,458
1,local_feather,stg_pln_sum_prc_amt_ovd_3d_pls_rep_1m_rto,float,,459
1,local_feather,stg_pln_sum_prc_amt_adv_rct_14d_rto,float,,460
1,local_feather,stg_pln_cnt_ovd_7d_pls_rep_1m_rto,float,,461
1,local_feather,stg_pln_sum_prc_amt_ovd_7d_pls_rep_12m_rto,float,,462
1,local_feather,stg_pln_cnt_ovd_7d_pls_rep_3m_rto,float,,463
1,local_feather,stg_pln_pay_off_sum_prc_amt_6m_12m_rto,float,,464
1,local_feather,stg_pln_cnt_ovd_pls_rep_12m_rto_his,float,,465
1,local_feather,stg_pln_pay_off_sum_prc_amt_1m_3m_rto,float,,466
1,local_feather,stg_pln_avg_prc_amt_ovd_7d_pls,float,,467
1,local_feather,stg_pln_sum_prc_amt_ovd_3d_pls_rep_3m_rto_his,float,,468
1,local_feather,stg_pln_sum_prc_amt_ovd_m4_pls_rep_6m_rto,float,,469
1,local_feather,stg_pln_avg_prc_amt_adv_3d,float,,470
1,local_feather,stg_pln_cnt_ovd_14d_pls_rep_3m_rto,float,,471
1,local_feather,stg_pln_sum_prc_amt_adv_rep_6m_rto,float,,472
1,local_feather,stg_pln_sum_prc_amt_ovd_14d_pls_rep_6m_rto,float,,473
1,local_feather,stg_pln_avg_prc_amt_d0_rep_3m,float,,474
1,local_feather,stg_pln_cnt_adv_d0_rep_3m_rto,float,,475
1,local_feather,stg_pln_cnt_ovd_3d_pls_rto,float,,476
1,local_feather,stg_pln_sum_prc_amt_adv_rct_3m_rto,float,,477
1,local_feather,stg_pln_pay_off_cnt_3m_6m_rto,float,,478
1,local_feather,stg_pln_sum_prc_amt_1m_2m_rto,float,,479
1,local_feather,stg_pln_sum_prc_amt_ovd_pls_rep_6m_rto_his,float,,480
1,local_feather,stg_pln_pay_off_cnt_d0_rep_6m_rto,float,,481
1,local_feather,max_ddf_rep_tim_dte_ovd_pls_rep_bjq_12m,float,,482
1,local_feather,stg_pln_max_prc_amt_adv_d0_rep_bjq_12m,float,,483
1,local_feather,stg_pln_fst_sum_prc_amt_ovd_pls_rep_bjq_12m,float,,484
1,local_feather,stg_pln_min_prc_amt_adv_3d_bjq_12m,float,,485
1,local_feather,stg_pln_max_prc_amt_adv_3d_bjq_12m,float,,486
1,local_feather,stg_pln_sum_prc_amt_adv_fst_ord_bjq_12m,float,,487
1,local_feather,min_ddf_rep_tim_dte_ovd_pls_rep_bjq_12m,float,,488
1,local_feather,stg_pln_min_prc_amt_adv_14d_bjq_12m,float,,489
1,local_feather,min_ddf_rep_tim_dte_adv_fst_ord_bjq_12m,float,,490
1,local_feather,stg_pln_sum_prc_amt_adv_3d_bjq_12m,float,,491
1,local_feather,stg_pln_pay_off_max_prc_amt_pday_bjq_12m,float,,492
1,local_feather,stg_pln_pay_off_cnt_bjq_12m,float,,493
1,local_feather,stg_pln_max_prc_amt_ovd_14d_pls_rep_bjq_12m,float,,494
1,local_feather,stg_pln_max_prc_amt_ovd_1d_3d_rep_bjq_12m,float,,495
1,local_feather,max_ddf_mdl_rep_dte_his_bjq,float,,496
1,local_feather,stg_pln_min_prc_amt_ovd_7d_pls_rep_bjq_12m,float,,497
1,local_feather,stg_pln_sum_prc_amt_adv_d0_rep_bjq_12m,float,,498
1,local_feather,stg_pln_max_prc_amt_ovd_3d_pls_rep_bjq_12m,float,,499
1,local_feather,stg_pln_fst_cnt_ovd_3d_pls_rep_bjq_12m,float,,500
1,local_feather,stg_pln_sum_prc_amt_adv_bjq_12m,float,,501
1,local_feather,stg_pln_min_prc_amt_bjq_12m_his_bjq_12m,float,,502
1,local_feather,min_ddf_mdl_rep_dte_ovd_3d_pls_bjq,float,,503
1,local_feather,stg_pln_cnt_adv_bjq_12m,float,,504
1,local_feather,stg_pln_sum_prc_amt_his_fst_ord_bjq_12m,float,,505
1,local_feather,stg_pln_cnt_adv_2m_bjq_12m,float,,506
1,local_feather,stg_pln_min_prc_amt_adv_bjq_12m,float,,507
1,local_feather,min_fst_ddf_mdl_rep_dte_ovd_pls_bjq,float,,508
1,local_feather,stg_pln_sum_prc_amt_ovd_m2_pls_rep_bjq_12m,float,,509
1,local_feather,stg_pln_cnt_adv_3d_bjq_12m,float,,510
1,local_feather,stg_pln_fst_cnt_ovd_pls_rep_bjq_12m,float,,511
1,local_feather,min_ddf_rep_tim_dte_adv_bjq_12m,float,,512
1,local_feather,stg_pln_sum_prc_amt_ovd_pls_rep_bjq_12m,float,,513
1,local_feather,stg_pln_max_prc_amt_ovd_pls_fst_ord_bjq_12m,float,,514
1,local_feather,stg_pln_sum_prc_amt_ovd_3d_pls_rep_bjq_12m,float,,515
1,local_feather,stg_pln_max_prc_amt_ovd_m4_pls_rep_bjq_12m,float,,516
1,local_feather,min_ddf_mdl_rep_dte_ovd_pls_bjq,float,,517
1,local_feather,stg_pln_cnt_adv_fst_ord_bjq_12m,float,,518
1,local_feather,min_ddf_mdl_rep_tim_adv_bjq_12m,float,,519
1,local_feather,stg_pln_cnt_ovd_m2_pls_rep_bjq_12m,float,,520
1,local_feather,stg_pln_min_prc_amt_adv_d0_rep_bjq_12m,float,,521
1,local_feather,stg_pln_max_prc_amt_adv_d0_rep_his_fst_ord_bjq_12m,float,,522
1,local_feather,stg_pln_sum_prc_amt_ovd_pls_fst_ord_bjq_12m,float,,523
1,local_feather,stg_pln_cnt_his_fst_ord_bjq_12m,float,,524
1,local_feather,stg_pln_cnt_ovd_14d_pls_rep_bjq_12m,float,,525
1,local_feather,stg_pln_max_prc_amt_adv_3m_bjq_12m,float,,526
1,local_feather,min_ddf_mdl_rep_tim_d0_rep_his_bjq_12m,float,,527
1,local_feather,stg_pln_max_prc_amt_ovd_7d_pls_rep_bjq_12m,float,,528
1,local_feather,min_ddf_rep_tim_dte_ovd_pls_fst_ord_bjq_12m,float,,529
1,local_feather,stg_pln_min_prc_amt_ovd_pls_rep_bjq_12m,float,,530
1,local_feather,stg_pln_min_prc_amt_ovd_pls_fst_ord_bjq_12m,float,,531
1,local_feather,stg_pln_sum_prc_amt_adv_2m_bjq_12m,float,,532
1,local_feather,max_ddf_rep_tim_dte_adv_bjq_12m,float,,533
1,local_feather,stg_pln_min_prc_amt_ovd_14d_pls_rep_bjq_12m,float,,534
1,local_feather,stg_pln_cnt_ovd_3d_pls_rep_bjq_12m,float,,535
1,local_feather,stg_pln_fst_sum_prc_amt_ovd_3d_pls_rep_bjq_12m,float,,536
1,local_feather,stg_pln_min_prc_amt_ovd_1d_3d_rep_bjq_12m,float,,537
1,local_feather,max_ddf_rep_tim_dte_ovd_pls_fst_ord_bjq_12m,float,,538
1,local_feather,stg_pln_min_prc_amt_ovd_3d_pls_rep_bjq_12m,float,,539
1,local_feather,stg_pln_cnt_ovd_pls_rep_bjq_12m,float,,540
1,local_feather,min_ddf_mdl_rep_dte_his_bjq,float,,541
1,local_feather,stg_pln_cnt_ovd_pls_fst_ord_bjq_12m,float,,542
1,local_feather,stg_pln_sum_prc_amt_1m_2m_rto_ftr,float,,543
1,local_feather,stg_pln_sum_prc_amt_6m_12m_rto_ftr,float,,544
1,local_feather,stg_pln_cnt_1m_ftr_adv,float,,545
1,local_feather,stg_pln_cnt_3m_ftr,float,,546
1,local_feather,stg_pln_cnt_ftr_fst_ord,float,,547
1,local_feather,stg_pln_sum_prc_amt_ftr_fst_ord,float,,548
1,local_feather,stg_pln_min_prc_amt_3m_ftr,float,,549
1,local_feather,stg_pln_max_prc_amt_1m_ftr_adv,float,,550
1,local_feather,stg_pln_sum_prc_amt_3m_6m_rto_ftr,float,,551
1,local_feather,max_ddf_mdl_rep_dte_ftr,float,,552
1,local_feather,stg_pln_sum_prc_amt_ftr_rep,float,,553
1,local_feather,stg_pln_cnt_3m_ftr_adv_rto,float,,554
1,local_feather,stg_pln_min_prc_amt_6m_ftr,float,,555
1,local_feather,min_ddf_mdl_rep_dte_ftr,float,,556
1,local_feather,stg_pln_max_prc_amt_12m_ftr,float,,557
1,local_feather,stg_pln_min_prc_amt_ftr,float,,558
1,local_feather,stg_pln_sum_prc_amt_1m_ftr_adv,float,,559
1,local_feather,ddf_bjq_12m_rep_dte_neg_7_crt_dt_ord_cnt,float,,560
1,local_feather,min_ddf_rep_dte_ord_crt_tim_7_bjq_12m,float,,561
1,local_feather,ddf_bjq_12m_rep_dte_0_crt_dt_min_prc_amt,float,,562
1,local_feather,min_ddf_rep_dte_ord_crt_tim_neg_1_bjq_12m,float,,563
1,local_feather,max_ddf_rep_dte_ord_crt_tim_5_bjq_12m,float,,564
1,local_feather,ddf_bjq_12m_rep_dte_neg_7_crt_dt_rep_prc_amt_rto,float,,565
1,local_feather,ddf_bjq_12m_rep_dte_neg_5_crt_dt_min_prc_amt,float,,566
1,local_feather,ddf_bjq_12m_rep_dte_0_crt_dt_rep_prc_amt_rto,float,,567
1,local_feather,avg_ddf_rep_dte_ord_crt_tim_7_bjq_12m,float,,568
1,local_feather,ddf_bjq_12m_rep_dte_1_crt_dt_max_prc_amt,float,,569
1,local_feather,avg_ddf_rep_dte_ord_crt_tim_neg_3_bjq_12m,float,,570
1,local_feather,max_ddf_rep_dte_ord_crt_tim_neg_7_bjq_12m,float,,571
1,local_feather,ddf_bjq_12m_rep_dte_neg_5_crt_dt_max_prc_amt,float,,572
1,local_feather,avg_ddf_rep_dte_ord_crt_tim_3_bjq_12m,float,,573
1,local_feather,ddf_bjq_12m_rep_dte_7_crt_dt_rep_prc_amt,float,,574
1,local_feather,min_ddf_rep_dte_ord_crt_tim_neg_5_bjq_12m,float,,575
1,local_feather,ddf_bjq_12m_rep_dte_7_crt_dt_max_prc_amt,float,,576
1,local_feather,ddf_bjq_12m_rep_dte_7_crt_dt_sum_prc_amt,float,,577
1,local_feather,ddf_bjq_12m_rep_dte_3_crt_dt_min_prc_amt,float,,578
1,local_feather,avg_ddf_rep_dte_ord_crt_tim_neg_7_bjq_12m,float,,579
1,local_feather,ddf_bjq_12m_rep_dte_neg_1_crt_dt_min_prc_amt,float,,580
1,local_feather,max_ddf_rep_dte_ord_crt_tim_7_bjq_12m,float,,581
1,local_feather,ddf_bjq_12m_rep_dte_7_crt_dt_rep_prc_amt_rto,float,,582
1,local_feather,ddf_bjq_12m_rep_dte_7_crt_dt_min_prc_amt,float,,583
1,local_feather,max_ddf_rep_dte_ord_crt_tim_1_bjq_12m,float,,584
1,local_feather,mdt_lst_30d_90d_ord_cnt_typ_btch_rte,float,,585
1,local_feather,mdt_lst_60d_180d_ord_cnt_typ_btch_rte,float,,586
1,local_feather,cnt_stg_cnt_30d_90d,float,,587
1,local_feather,cnt_ord_cnt_fal_30d,float,,588
1,local_feather,mdt_lst_30d_60d_stg_cnt_rte,float,,589
1,local_feather,cnt_stg_cnt_ever_overdue_30d_90d,float,,590
1,local_feather,cnt_stg_cnt_ever_overdue_rte_30d_90d,float,,591
1,local_feather,cnt_avg_ord_span_30d,float,,592
1,local_feather,cnt_ord_cnt_typ_btch_30d_90d,float,,593
1,local_feather,cnt_avg_ord_span_30d_90d,float,,594
1,local_feather,cnt_stg_amt_advance_30d_90d,float,,595
1,local_feather,mdt_lst_60d_180d_stg_cnt_ever_overdue_rte_rte,float,,596
1,local_feather,cnt_ord_cnt_ever_overdue_rte_30d_90d,float,,597
1,local_feather,mdt_lst_30d_60d_stg_cnt_advance_rte,float,,598
1,local_feather,mdt_lst_30d_60d_stg_cnt_ever_overdue_rte_rte,float,,599
1,local_feather,cnt_stg_ever_avg_overdue_days_30d_90d,float,,600
1,local_feather,cnt_stg_cnt_ever_overdue_rte_30d,float,,601
1,local_feather,cnt_ord_cnt_suc_30d,float,,602
1,local_feather,cnt_ord_cnt_suc_30d_90d,float,,603
1,local_feather,cnt_ord_cnt_fal_30d_90d,float,,604
1,local_feather,cnt_ord_cnt_typ_btch_30d,float,,605
1,local_feather,abf_1y_inter_1m_count_down,float,,606
1,local_feather,af_3m_inter_1m_sum_down,float,,607
1,local_feather,abf_1y_inter_1m_count_up,float,,608
1,local_feather,af_1m_trend,float,,609
1,local_feather,af_6m_inter_1m_count_down,float,,610
1,local_feather,af_1y_inter_1m_sum_up,float,,611
1,local_feather,af_3m_inter_1m_sum_up,float,,612
1,local_feather,bf_9m_inter_1m_count_down,float,,613
1,local_feather,rsi_bf_1y_inter_1m,float,,614
1,local_feather,af_6m_trend,float,,615
1,local_feather,bf_q2_q1_trend,float,,616
1,local_feather,rsi_abf_1y_inter_3m,float,,617
1,local_feather,af_9m_inter_1m_sum_down,float,,618
1,local_feather,bf_3m_inter_1m_sum_up,float,,619
1,local_feather,rsi_af_1y_inter_1m,float,,620
1,local_feather,rsi_af_3m_inter_1m,float,,621
1,local_feather,abf_1y_inter_1m_sum_up,float,,622
1,local_feather,bf_9m_inter_1m_sum_down,float,,623
1,local_feather,af_q4_q3_trend,float,,624
1,local_feather,rsi_af_6m_inter_1m,float,,625
1,local_feather,af_q2_q1_trend,float,,626
1,local_feather,bf_q3_q2_trend,float,,627
1,local_feather,bf_1m_trend,float,,628
1,local_feather,bf_3m_inter_1m_count_down,float,,629
1,local_feather,bf_3m_inter_1m_sum_down,float,,630
1,local_feather,af_1y_inter_3m_count_up,float,,631
1,local_feather,af_6m_inter_1m_sum_up,float,,632
1,local_feather,af_1y_inter_3m_sum_up,float,,633
1,local_feather,bf_1y_inter_3m_sum_down,float,,634
1,local_feather,rsi_bf_3m_inter_1m,float,,635
1,local_feather,bf_q4_q3_trend,float,,636
1,local_feather,bf_6m_trend,float,,637
1,local_feather,bf_1y_inter_3m_count_down,float,,638
1,local_feather,rsi_abf_1y_inter_1m,float,,639
1,local_feather,rsi_af_1y_inter_3m,float,,640
1,local_feather,cnt_avb_lmt_2m_v2,float,,641
1,local_feather,avg_avb_lmt_2m_v2,float,,642
1,local_feather,avg_lmt_use_rat_2m_v2,float,,643
1,local_feather,sum_avb_lmt_2m_v2,float,,644
1,local_feather,d3_level0_city_lbs_collect_uniq_cnt,float,,645
1,local_feather,d3_13_18_lbs_collect_cnt,float,,646
1,local_feather,d3_level3_city_lbs_collect_cnt,float,,647
1,local_feather,d3_northeast_lbs_collect_uniq_cnt,float,,648
1,local_feather,d3_other_lbs_collect_cnt,float,,649
1,local_feather,m3_lbs_collect_distance_avg,float,,650
1,local_feather,m6_04_06_lbs_collect_cnt,float,,651
1,local_feather,m6_level3_city_lbs_collect_cnt,float,,652
1,local_feather,m3_northeast_lbs_collect_cnt,float,,653
1,local_feather,d7_south_lbs_collect_cnt,float,,654
1,local_feather,d7_00_03_lbs_collect_cnt,float,,655
1,local_feather,m1_northwest_lbs_collect_cnt,float,,656
1,local_feather,d7_19_23_lbs_collect_uniq_cnt,float,,657
1,local_feather,d3_other_city_lbs_collect_cnt,float,,658
1,local_feather,d7_central_lbs_collect_cnt,float,,659
1,local_feather,m3_other_lbs_collect_uniq_cnt,float,,660
1,local_feather,m6_level1_city_lbs_collect_uniq_cnt,float,,661
1,local_feather,d7_level2_city_lbs_collect_uniq_cnt,float,,662
1,local_feather,d3_07_12_lbs_collect_cnt,float,,663
1,local_feather,m3_level4_city_lbs_collect_cnt,float,,664
1,local_feather,m6_other_city_lbs_collect_uniq_cnt,float,,665
1,local_feather,m6_south_lbs_collect_uniq_cnt,float,,666
1,local_feather,m3_level3_city_lbs_collect_uniq_cnt,float,,667
1,local_feather,d3_level2_city_lbs_collect_cnt,float,,668
1,local_feather,m3_lbs_collect_cnt,float,,669
1,local_feather,d7_east_lbs_collect_uniq_cnt,float,,670
1,local_feather,m3_south_lbs_collect_cnt,float,,671
1,local_feather,d7_level1_city_lbs_collect_cnt,float,,672
1,local_feather,d7_north_lbs_collect_uniq_cnt,float,,673
1,local_feather,d7_other_lbs_collect_cnt,float,,674
1,local_feather,d7_other_city_lbs_collect_cnt,float,,675
1,local_feather,m1_other_city_lbs_collect_uniq_cnt,float,,676
1,local_feather,m6_east_lbs_collect_cnt,float,,677
1,local_feather,m1_19_23_lbs_collect_cnt,float,,678
1,local_feather,d3_00_03_lbs_collect_uniq_cnt,float,,679
1,local_feather,d7_level5_city_lbs_collect_uniq_cnt,float,,680
1,local_feather,m1_lbs_collect_distance_sum,float,,681
1,local_feather,d3_level1_city_lbs_collect_cnt,float,,682
1,local_feather,d3_19_23_lbs_collect_uniq_cnt,float,,683
1,local_feather,m6_northeast_lbs_collect_uniq_cnt,float,,684
1,local_feather,m3_level0_city_lbs_collect_uniq_cnt,float,,685
1,local_feather,d7_07_12_lbs_collect_cnt,float,,686
1,local_feather,d3_central_lbs_collect_uniq_cnt,float,,687
1,local_feather,d3_south_lbs_collect_uniq_cnt,float,,688
1,local_feather,m6_lbs_collect_uniq_cnt,float,,689
1,local_feather,d7_level4_city_lbs_collect_uniq_cnt,float,,690
1,local_feather,d3_level4_city_lbs_collect_cnt,float,,691
1,local_feather,d3_north_lbs_collect_uniq_cnt,float,,692
1,local_feather,m1_central_lbs_collect_uniq_cnt,float,,693
1,local_feather,m6_level2_city_lbs_collect_uniq_cnt,float,,694
1,local_feather,m1_east_lbs_collect_uniq_cnt,float,,695
1,local_feather,m6_lbs_collect_distance_max,float,,696
1,local_feather,m3_07_12_lbs_collect_uniq_cnt,float,,697
1,local_feather,d3_lbs_collect_cnt,float,,698
1,local_feather,m3_lbs_collect_distance_sum,float,,699
1,local_feather,m6_level4_city_lbs_collect_uniq_cnt,float,,700
1,local_feather,m1_07_12_lbs_collect_cnt,float,,701
1,local_feather,d3_level5_city_lbs_collect_uniq_cnt,float,,702
1,local_feather,d7_level0_city_lbs_collect_cnt,float,,703
1,local_feather,m1_level1_city_lbs_collect_uniq_cnt,float,,704
1,local_feather,d7_northeast_lbs_collect_cnt,float,,705
1,local_feather,d7_13_18_lbs_collect_cnt,float,,706
1,local_feather,m1_13_18_lbs_collect_cnt,float,,707
1,local_feather,d7_northwest_lbs_collect_uniq_cnt,float,,708
1,local_feather,m3_north_lbs_collect_cnt,float,,709
1,local_feather,d3_northwest_lbs_collect_cnt,float,,710
1,local_feather,m3_13_18_lbs_collect_uniq_cnt,float,,711
1,local_feather,d3_04_06_lbs_collect_uniq_cnt,float,,712
1,local_feather,d7_04_06_lbs_collect_cnt,float,,713
1,local_feather,m3_level1_city_lbs_collect_cnt,float,,714
1,local_feather,m6_13_18_lbs_collect_cnt,float,,715
1,local_feather,d7_level3_city_lbs_collect_uniq_cnt,float,,716
1,local_feather,m6_other_lbs_collect_cnt,float,,717
1,local_feather,m1_lbs_collect_distance_avg,float,,718
1,local_feather,m3_level2_city_lbs_collect_cnt,float,,719
1,local_feather,m1_level4_city_lbs_collect_uniq_cnt,float,,720
1,local_feather,m1_other_lbs_collect_cnt,float,,721
1,local_feather,m6_central_lbs_collect_cnt,float,,722
1,local_feather,m1_level5_city_lbs_collect_uniq_cnt,float,,723
1,local_feather,m1_04_06_lbs_collect_cnt,float,,724
1,local_feather,m6_04_06_lbs_collect_uniq_cnt,float,,725
1,local_feather,m3_other_city_lbs_collect_cnt,float,,726
1,local_feather,m6_19_23_lbs_collect_cnt,float,,727
1,local_feather,m1_south_lbs_collect_uniq_cnt,float,,728
1,local_feather,m1_lbs_collect_uniq_cnt,float,,729
1,local_feather,d3_east_lbs_collect_cnt,float,,730
1,local_feather,m1_00_03_lbs_collect_uniq_cnt,float,,731
1,local_feather,m6_00_03_lbs_collect_uniq_cnt,float,,732
1,local_feather,m6_level5_city_lbs_collect_cnt,float,,733
1,local_feather,d7_lbs_collect_cnt,float,,734
1,local_feather,m3_level0_city_lbs_collect_cnt,float,,735
1,local_feather,m3_northwest_lbs_collect_uniq_cnt,float,,736
1,local_feather,m6_00_03_lbs_collect_cnt,float,,737
1,local_feather,m3_19_23_lbs_collect_uniq_cnt,float,,738
1,local_feather,succloan_stage_num_mean_all,float,,739
1,local_feather,n_unique_channel_event_result_1,float,,740
1,local_feather,stddev_amt_event_type_repay_all,float,,741
1,local_feather,min_amt_channel_hb,float,,742
1,local_feather,last_amt_channel_hb_microcredit_lv1_all,float,,743
1,local_feather,div_amt_event_type_repay_loan,float,,744
1,local_feather,stddev_day_diff_event_type_repay_all,float,,745
1,local_feather,median_amt_event_result_1_all,float,,746
1,local_feather,median_amt_event_result_1_event_type_repay_recent_30,float,,747
1,local_feather,n_unique_event_type_day_diff_shift1_event_type_loan,float,,748
1,local_feather,stddev_amt_event_type_repay_event_result_1_recent_180,float,,749
1,local_feather,day_diff_shift1_n_unique_all,float,,750
1,local_feather,first_day_diff_event_result_1_all,float,,751
1,local_feather,n_unique_day_diff_shift1_event_type_loan,float,,752
1,local_feather,cnt_type_light_uid_recent_days_30,float,,753
1,local_feather,cnt_event_type_credit_event_result_1_all,float,,754
1,local_feather,cnt_event_type_repay_event_result_1_all,float,,755
1,local_feather,max_amt_event_type_repay_recent_60,float,,756
1,local_feather,sum_day_diff_shift1_event_type_loan_all,float,,757
1,local_feather,median_amt_event_type_loan_recent_180,float,,758
1,local_feather,n_unique_other_info_event_type_credit,float,,759
1,local_feather,sum_day_diff_type_heavy_all,float,,760
1,local_feather,cnt_event_result_1_uid_recent_days_120,float,,761
1,local_feather,median_amt_channel_hb_microcredit_lv1_all,float,,762
1,local_feather,last_day_diff_event_result_0_event_type_loan_all,float,,763
1,local_feather,max_amt_other_info_manual_repay,float,,764
1,local_feather,last_event_type_day_diff_shift1_event_type_repay_all,float,,765
1,local_feather,max_amt_type_light,float,,766
1,local_feather,min_amt_event_type_credit_event_result_1,float,,767
1,local_feather,day_diff_last_repay_loan,float,,768
1,local_feather,std_amt_channel_hb,float,,769
1,local_feather,first_day_diff_event_result_0_event_type_loan_all,float,,770
1,local_feather,cnt_other_info_cash_uid_recent_days_30,float,,771
1,local_feather,max_amt_other_info_auto_deduct,float,,772
1,local_feather,cnt_other_info_manual_repay_uid_recent_days_90,float,,773
1,local_feather,cnt_other_info_auto_deduct_uid_recent_days_540,float,,774
1,local_feather,stddev_day_diff_shift1_event_type_repay_all,float,,775
1,local_feather,median_amt_other_info_auto_deduct_all,float,,776
1,local_feather,cnt_event_type_limit_type_heavy_all,float,,777
1,local_feather,redu_amt_event_type_repay_loan,float,,778
1,local_feather,first_amt_event_type_credit_all,float,,779
1,local_feather,last_amt_type_light_all,float,,780
1,local_feather,cnt_channel_hb_all,float,,781
1,local_feather,cnt_other_info_cash_uid_recent_days_360,float,,782
1,local_feather,succloan_day_diff_reud_stage_num_sum_all,float,,783
1,local_feather,cnt_event_type_loan_uid_recent_days_30,float,,784
1,local_feather,per_event_type_limit_all,float,,785
1,local_feather,cnt_other_info_light_uid_recent_days_360,float,,786
1,local_feather,cnt_event_type_loan_type_heavy_all,float,,787
1,local_feather,cnt_channel_hb_uid_recent_days_180,float,,788
1,local_feather,avg_day_diff_shift1_event_type_repay_all,float,,789
1,local_feather,min_amt_event_type_repay_recent_180,float,,790
1,local_feather,ddf_36m_rep_dte_neg_3_crt_dt_max_prc_amt,float,,791
1,local_feather,ddf_24m_rep_dte_3_crt_dt_max_prc_amt,float,,792
1,local_feather,ddf_rep_dte_7_crt_dt_max_prc_amt,float,,793
1,local_feather,ddf_rep_dte_0_crt_dt_max_prc_amt,float,,794
1,local_feather,ddf_36m_rep_dte_5_crt_dt_sum_prc_amt,float,,795
1,local_feather,ddf_24m_rep_dte_neg_7_crt_dt_min_prc_amt,float,,796
1,local_feather,ddf_36m_rep_dte_neg_5_crt_dt_rep_prc_amt_rto,float,,797
1,local_feather,ddf_24m_rep_dte_neg_7_crt_dt_avg_prc_amt,float,,798
1,local_feather,ddf_36m_rep_dte_0_crt_dt_rep_prc_amt_rto,float,,799
1,local_feather,ddf_24m_rep_dte_neg_1_crt_dt_rep_prc_amt_rto,float,,800
1,local_feather,ddf_24m_rep_dte_neg_7_crt_dt_ord_cnt,float,,801
1,local_feather,ddf_24m_rep_dte_1_crt_dt_rep_prc_amt_rto,float,,802
1,local_feather,ddf_24m_rep_dte_neg_7_crt_dt_rep_prc_amt,float,,803
1,local_feather,ddf_24m_rep_dte_7_crt_dt_rep_prc_amt_rto,float,,804
1,local_feather,ddf_36m_rep_dte_5_crt_dt_rep_prc_amt_rto,float,,805
1,local_feather,ddf_24m_rep_dte_neg_7_crt_dt_rep_prc_amt_rto,float,,806
1,local_feather,d90_stddev_schedule_pay_penalty,float,,807
1,local_feather,ftr_pending_repay_gurantee_fee_sum_divide_ftr_principal_sum,float,,808
1,local_feather,d360_schedule_pay_penalty_max,float,,809
1,local_feather,d90_repaid_tot_fee_sum,float,,810
1,local_feather,d90_repaid_exclude_principal_fee_stddev,float,,811
1,local_feather,d360_repaid_interest_fee_max,float,,812
1,local_feather,d180_repaid_gurantee_fee_sum_divide_d180_principal_sum,float,,813
1,local_feather,d1080_sum_repaid_interest_fee_sum_divide_d1080_principal_sum,float,,814
1,local_feather,tot_pending_repay_tot_fee_stddev,float,,815
1,local_feather,d720_repaid_tot_fee_stddev,float,,816
1,local_feather,ftr_pending_repay_interest_fee_sum,float,,817
1,local_feather,d90_schedule_pay_penalty_sum,float,,818
1,local_feather,d360_schedule_pay_penalty_sum_divide_d360_principal_sum,float,,819
1,local_feather,d90_repaid_interest_fee_stddev,float,,820
1,local_feather,d90_repaid_tot_fee_stddev,float,,821
1,local_feather,d360_repaid_gurantee_fee_stddev,float,,822
1,local_feather,d90_repaid_interest_fee_sum,float,,823
1,local_feather,d90_repaid_tot_fee_max,float,,824
1,local_feather,d360_stddev_adv_repay_fee,float,,825
1,local_feather,d90_repaid_gurantee_fee_sum,float,,826
1,local_feather,d360_repaid_exclude_principal_fee_max,float,,827
1,local_feather,d180_adv_repay_fee_sum,float,,828
1,local_feather,d90_repaid_interest_fee_sum_divide_d90_principal_sum,float,,829
1,local_feather,d1080_repaid_interest_fee_stddev,float,,830
1,local_feather,d360_adv_repay_fee_sum_divide_d360_principal_sum,float,,831
1,local_feather,his_repaid_tot_fee_sum,float,,832
1,local_feather,d720_repaid_interest_fee_sum,float,,833
1,local_feather,max_con_dau_7d,float,,834
1,local_feather,ddf_mdl_max_con_dau_dt_90d,float,,835
1,local_feather,ddf_mdl_max_con_dau_dt_7d,float,,836
1,local_feather,dau_90d,float,,837
1,local_feather,ddf_mdl_max_con_dau_dt_14d,float,,838
1,local_feather,ddf_mdl_max_dau_dt_90d,float,,839
1,local_feather,ddf_mdl_max_con_dau_dt_30d,float,,840
1,local_feather,ord_apl_suc_min_stg_num_360_day_bjq_12m,float,,841
1,local_feather,ord_apl_suc_sum_prc_amt_360_day_04_06_bjq_12m,float,,842
1,local_feather,ord_apl_cnt_360_day_19_23_bjq_12m,float,,843
1,local_feather,his_360_day_csh_apl_ord_cnt_bjq_12m,float,,844
1,local_feather,ord_apl_suc_cnt_360_day_19_23_bjq_12m,float,,845
1,local_feather,ord_apl_min_prc_amt_360_day_bjq_12m,float,,846
1,local_feather,ord_apl_max_prc_amt_360_day_bjq_12m,float,,847
1,local_feather,ord_apl_cnt_360_day_04_06_bjq_12m,float,,848
1,local_feather,ord_apl_sum_prc_amt_360_day_bjq_12m,float,,849
1,local_feather,ord_apl_suc_sum_prc_amt_360_day_07_12_bjq_12m,float,,850
1,local_feather,his_360_day_bt_suc_ord_cnt_bjq_12m,float,,851
1,local_feather,pst_ord_apl_suc_sum_stg_num_360_day_bjq_12m,float,,852
1,local_feather,his_360_day_bt_apl_ord_cnt_csh_rto_bjq_12m,float,,853
1,local_feather,his_360_day_bt_apl_ord_cnt_his_rto_bjq_12m,float,,854
1,local_feather,his_360_day_prc_amt_3_000_flg_suc_ord_cnt_bjq_12m,float,,855
1,local_feather,ord_apl_suc_cnt_360_day_00_03_bjq_12m,float,,856
1,local_feather,ord_apl_cnt_360_day_07_12_bjq_12m,float,,857
1,local_feather,ord_apl_suc_6_cnt_360_day_rto_bjq_12m,float,,858
1,local_feather,his_360_day_csh_apl_ord_cnt_his_rto_bjq_12m,float,,859
1,local_feather,ord_apl_suc_sum_prc_amt_360_day_00_03_bjq_12m,float,,860
1,local_feather,ord_apl_suc_sum_prc_amt_360_day_bjq_12m,float,,861
1,local_feather,his_360_day_csh_suc_ord_cnt_bjq_12m,float,,862
1,local_feather,ord_apl_suc_6_cnt_360_day_bjq_12m,float,,863
1,local_feather,ord_apl_suc_sum_prc_amt_360_day_19_23_bjq_12m,float,,864
1,local_feather,ord_apl_suc_cnt_360_day_13_18_bjq_12m,float,,865
1,local_feather,ord_apl_suc_max_stg_num_360_day_bjq_12m,float,,866
1,local_feather,ord_apl_suc_cnt_360_day_07_12_bjq_12m,float,,867
1,local_feather,ord_apl_fal_cnt_360_day_bjq_12m,float,,868
1,local_feather,ord_apl_cnt_360_day_00_03_bjq_12m,float,,869
1,local_feather,pst_ord_apl_suc_max_prc_amt_360_day_bjq_12m,float,,870
1,local_feather,ord_apl_suc_sum_prc_amt_360_day_13_18_bjq_12m,float,,871
1,local_feather,ord_apl_cnt_360_day_13_18_bjq_12m,float,,872
1,local_feather,ord_apl_sum_prc_amt_360_day_04_06_bjq_12m,float,,873
1,local_feather,ord_apl_sum_prc_amt_360_day_19_23_bjq_12m,float,,874
1,local_feather,his_360_day_prc_amt_3_000_flg_apl_ord_cnt_bjq_12m,float,,875
1,local_feather,bsy_typ_suc_cnt_360_day_bjq_12m,float,,876
1,local_feather,ord_apl_sum_prc_amt_360_day_00_03_bjq_12m,float,,877
1,local_feather,ord_apl_suc_cnt_360_day_04_06_bjq_12m,float,,878
1,local_feather,act_dvc_90d,float,,879
1,local_feather,lst_app_str_hr,float,,880
1,local_feather,lat_tud,float,,881
1,local_feather,lng_tud,float,,882
1,local_feather,ddf_lst_app_str_tim_to_mdl_tim_sec,float,,883
1,local_feather,alt_tud,float,,884
1,local_feather,his_30d_app_str_ctn_v2,float,,885
1,local_feather,dvc_cnt_cjj_7,float,,886
1,local_feather,his_1d_app_str_ctn_v2,float,,887
1,local_feather,dvc_num_log_mid_ngt_90,float,,888
1,local_feather,dvc_cnt_cjj_30,float,,889
1,local_feather,his_3d_app_str_ctn_v2,float,,890
1,local_feather,his_7d_app_str_ctn_v2,float,,891
1,local_feather,dvc_cnt_cjj_90,float,,892
1,local_feather,credit_fund_level2_min_limit_cnt_24m,float,,893
1,local_feather,loan_unique_fund_cnt_3m,float,,894
1,local_feather,credit_pass_unique_scene_cnt_36m,float,,895
1,local_feather,loan_fund_cnt_all,float,,896
1,local_feather,credit_fund_other_reject_cnt_3m,float,,897
1,local_feather,credit_pass_unique_fund_cnt_3m,float,,898
1,local_feather,loan_fund_level2_min_ir_24m,float,,899
1,local_feather,credit_fund_level2_min_ir_cnt_36m,float,,900
1,local_feather,credit_unique_fund_cnt_3m,float,,901
1,local_feather,loan_ratio_6m,float,,902
1,local_feather,credit_fund_other_ratio_12m,float,,903
1,local_feather,loan_reject_unique_fund_cnt_6m,float,,904
1,local_feather,credit_fund_level1_reject_cnt_12m,float,,905
1,local_feather,loan_avg_ir_36m,float,,906
1,local_feather,loan_reject_cnt_36m,float,,907
1,local_feather,credit_unique_scene_cnt_all,float,,908
1,local_feather,credit_avg_ir_cnt_12m,float,,909
1,local_feather,credit_min_limit_cnt_12m,float,,910
1,local_feather,credit_fund_level2_cnt_12m,float,,911
1,local_feather,loan_fund_level2_max_terms_all,float,,912
1,local_feather,credit_fund_level1_ratio_6m,float,,913
1,local_feather,credit_avg_limit_cnt_all,float,,914
1,local_feather,credit_min_ir_cnt_all,float,,915
1,local_feather,credit_fund_level2_limit_cnt_6m,float,,916
1,local_feather,credit_fund_level2_min_limit_cnt_6m,float,,917
1,local_feather,loan_max_ir_24m,float,,918
1,local_feather,credit_loan_fund_level2_usage_rate_12m,float,,919
1,local_feather,loan_reject_cnt_12m,float,,920
1,local_feather,credit_reject_cnt_24m,float,,921
1,local_feather,loan_fund_level1_cnt_all,float,,922
1,local_feather,loan_unique_fund_cnt_12m,float,,923
1,local_feather,credit_cnt_6m,float,,924
1,local_feather,loan_principal_sum_24m,float,,925
1,local_feather,credit_reject_unique_fund_cnt_6m,float,,926
1,local_feather,credit_fund_other_avg_limit_cnt_24m,float,,927
1,local_feather,loan_fund_level2_max_ir_all,float,,928
1,local_feather,loan_avg_terms_24m,float,,929
1,local_feather,loan_reject_cnt_all,float,,930
1,local_feather,credit_pass_unique_fund_cnt_1m,float,,931
1,local_feather,credit_pass_unique_fund_cnt_24m,float,,932
1,local_feather,loan_fund_level1_min_terms_min_all,float,,933
1,local_feather,credit_fund_level2_ratio_36m,float,,934
1,local_feather,credit_loan_avg_days_36m,float,,935
1,local_feather,credit_fund_other_reject_cnt_6m,float,,936
1,local_feather,credit_reject_unique_scene_cnt_24m,float,,937
1,local_feather,credit_fund_other_reject_cnt_24m,float,,938
1,local_feather,loan_cnt_24m,float,,939
1,local_feather,loan_fund_level2_min_ir_36m,float,,940
1,local_feather,credit_fund_other_cnt_24m,float,,941
1,local_feather,credit_fund_level2_reject_cnt_12m,float,,942
1,local_feather,credit_unique_fund_cnt_12m,float,,943
1,local_feather,credit_max_ir_cnt_36m,float,,944
1,local_feather,loan_avg_ir_all,float,,945
1,local_feather,credit_fund_level1_reject_cnt_6m,float,,946
1,local_feather,credit_max_limit_cnt_12m,float,,947
1,local_feather,credit_loan_avg_days_12m,float,,948
1,local_feather,loan_reject_unique_fund_cnt_1m,float,,949
1,local_feather,credit_loan_usage_rate_24m,float,,950
1,local_feather,credit_fund_level2_avg_ir_cnt_6m,float,,951
1,local_feather,credit_limit_cnt_12m,float,,952
1,local_feather,loan_principal_avg_12m,float,,953
1,local_feather,credit_loan_avg_days_24m,float,,954
1,local_feather,credit_unique_fund_cnt_1m,float,,955
1,local_feather,loan_fund_level1_principal_sum_all,float,,956
1,local_feather,credit_ratio_12m,float,,957
1,local_feather,loan_fund_level2_cnt_36m,float,,958
1,local_feather,loan_principal_max_24m,float,,959
1,local_feather,credit_fund_level2_avg_ir_cnt_24m,float,,960
1,local_feather,credit_min_ir_cnt_24m,float,,961
1,local_feather,credit_pass_unique_scene_cnt_6m,float,,962
1,local_feather,credit_min_limit_cnt_all,float,,963
1,local_feather,credit_unique_fund_cnt_36m,float,,964
1,local_feather,loan_fund_level1_avg_terms_all,float,,965
1,local_feather,credit_fund_other_max_ir_cnt_24m,float,,966
1,local_feather,credit_fund_level2_ratio_3m,float,,967
1,local_feather,credit_fund_other_limit_cnt_24m,float,,968
1,local_feather,loan_min_terms_12m,float,,969
1,local_feather,loan_principal_min_24m,float,,970
1,local_feather,loan_fund_level2_avg_ir_12m,float,,971
1,local_feather,loan_fund_level2_min_terms_24m,float,,972
1,local_feather,loan_fund_level2_ratio_24m,float,,973
1,local_feather,credit_fund_other_reject_cnt_36m,float,,974
1,local_feather,loan_avg_terms_36m,float,,975
1,local_feather,loan_max_terms_12m,float,,976
1,local_feather,credit_fund_level1_ratio_12m,float,,977
1,local_feather,loan_pass_unique_fund_cnt_1m,float,,978
1,local_feather,credit_fund_level2_max_ir_cnt_6m,float,,979
1,local_feather,loan_reject_cnt_24m,float,,980
1,local_feather,credit_min_limit_cnt_6m,float,,981
1,local_feather,loan_fund_level2_cnt_24m,float,,982
1,local_feather,loan_fund_level1_ratio_36m,float,,983
1,local_feather,credit_fund_level1_reject_cnt_24m,float,,984
1,local_feather,loan_principal_max_12m,float,,985
1,local_feather,loan_fund_level2_min_terms_12m,float,,986
1,local_feather,credit_fund_level2_ratio_all,float,,987
1,local_feather,credit_pass_unique_scene_cnt_1m,float,,988
1,local_feather,loan_pass_unique_fund_cnt_24m,float,,989
1,local_feather,credit_pass_unique_fund_cnt_6m,float,,990
1,local_feather,loan_fund_other_ratio_all,float,,991
1,local_feather,credit_unique_scene_cnt_36m,float,,992
1,local_feather,credit_max_limit_cnt_24m,float,,993
1,local_feather,credit_fund_level2_cnt_6m,float,,994
1,local_feather,loan_max_ir_36m,float,,995
1,local_feather,credit_unique_scene_cnt_6m,float,,996
1,local_feather,credit_fund_level2_min_ir_cnt_12m,float,,997
1,local_feather,loan_min_ir_24m,float,,998
1,local_feather,credit_limit_cnt_24m,float,,999
1,local_feather,credit_ratio_6m,float,,1000
1,local_feather,loan_fund_level2_avg_ir_24m,float,,1001
1,local_feather,credit_fund_level2_max_limit_cnt_6m,float,,1002
1,local_feather,loan_unique_fund_cnt_6m,float,,1003
1,local_feather,loan_reject_unique_fund_cnt_3m,float,,1004
1,local_feather,credit_fund_other_max_limit_cnt_24m,float,,1005
1,local_feather,credit_reject_cnt_6m,float,,1006
1,local_feather,credit_fund_level2_avg_ir_cnt_36m,float,,1007
1,local_feather,credit_reject_cnt_3m,float,,1008
1,local_feather,loan_fund_level2_min_ir_all,float,,1009
1,local_feather,credit_fund_level2_max_ir_cnt_24m,float,,1010
1,local_feather,loan_reject_unique_fund_cnt_12m,float,,1011
1,local_feather,loan_fund_level2_max_terms_24m,float,,1012
1,local_feather,loan_fund_level2_principal_avg_36m,float,,1013
1,local_feather,credit_unique_scene_cnt_12m,float,,1014
1,local_feather,credit_fund_cnt_all,float,,1015
1,local_feather,loan_fund_level1_min_ir_all,float,,1016
1,local_feather,credit_loan_fund_level2_avg_days_36m,float,,1017
1,local_feather,credit_reject_cnt_12m,float,,1018
1,local_feather,credit_min_ir_cnt_6m,float,,1019
1,local_feather,credit_min_limit_cnt_24m,float,,1020
1,local_feather,credit_loan_usage_rate_all,float,,1021
1,local_feather,credit_avg_ir_cnt_24m,float,,1022
1,local_feather,loan_fund_level1_max_terms_max_all,float,,1023
1,local_feather,credit_min_ir_cnt_36m,float,,1024
1,local_feather,loan_reject_fund_cnt_all,float,,1025
1,local_feather,credit_loan_fund_level2_avg_days_12m,float,,1026
1,local_feather,credit_fund_other_min_ir_cnt_36m,float,,1027
1,local_feather,credit_loan_fund_level2_avg_days_24m,float,,1028
1,local_feather,loan_ratio_12m,float,,1029
1,local_feather,credit_unique_scene_cnt_24m,float,,1030
1,local_feather,credit_pass_unique_scene_cnt_3m,float,,1031
1,local_feather,credit_avg_limit_cnt_36m,float,,1032
1,local_feather,credit_fund_other_ratio_24m,float,,1033
1,local_feather,credit_pass_unique_scene_cnt_12m,float,,1034
1,local_feather,credit_fund_level2_cnt_24m,float,,1035
1,local_feather,loan_fund_level2_principal_sum_all,float,,1036
1,local_feather,credit_fund_other_cnt_all,float,,1037
1,local_feather,loan_max_ir_all,float,,1038
1,local_feather,credit_fund_level2_min_ir_cnt_24m,float,,1039
1,local_feather,credit_fund_other_min_limit_cnt_24m,float,,1040
1,local_feather,credit_fund_level1_reject_cnt_36m,float,,1041
1,local_feather,credit_fund_level2_reject_cnt_36m,float,,1042
1,local_feather,pge_id_cnt_7d,float,,1043
1,local_feather,dau_00_06_14d,float,,1044
1,local_feather,clk_cnt_14d,float,,1045
1,local_feather,dau_00_06_90d,float,,1046
1,local_feather,clk_cnt_00_06_14d,float,,1047
1,local_feather,pge_id_cnt_90d,float,,1048
1,local_feather,clk_cnt_00_06_rep_90d,float,,1049
1,local_feather,d90_max_adv_repay_amt_divide_d90_max_faqi_prc_amt,float,,1050
1,local_feather,d360_due_repay_amt_avg_divide_d360_faqi_trade_amt_avg,float,,1051
1,local_feather,d360_max_adv_repay_amt_divide_rsk_adt_lmt_cash,float,,1052
1,local_feather,d1080_due_repay_amt_larger_than_rsk_adt_lmt_cash_his_t_day_count_sum,float,,1053
1,local_feather,d180_ovdrepay_1_4am_trade_in_same_month_count_sum,float,,1054
1,local_feather,d90_successamt_thismon_sum_larger_than_rsk_adt_lmt_cash_count_sum,float,,1055
1,local_feather,d1080_ovdrepay_ontimrepay_in_same_month_count_sum,float,,1056
1,local_feather,d360_max_adv_repay_amt_divide_d360_max_faqi_prc_amt,float,,1057
1,local_feather,d1080_ovdrepay_fail_trade_in_same_month_count_sum,float,,1058
1,local_feather,d1080_advrepay_large_than_ontimrepay_amt_months_count_sum,float,,1059
1,local_feather,d360_trade_fail_stgnum_avg_mon_divide_his_trade_success_stgnum_avg_mon,float,,1060
1,local_feather,his_due_repay_amt_avg_divide_his_faqi_trade_amt_avg,float,,1061
1,local_feather,d360_ovdrepay_thismon_sum_larger_than_rsk_avl_lmt_cash_count_sum,float,,1062
1,local_feather,d90_ovdrepay_suc_trade_in_same_month_count_sum,float,,1063
1,local_feather,d720_max_ovd_repay_amt_divide_d720_max_suc_prc_amt,float,,1064
1,local_feather,d360_due_repay_amt_sum_divide_d360_faqi_trade_amt_sum,float,,1065
1,local_feather,d180_max_adv_repay_amt_divide_d180_max_faqi_prc_amt,float,,1066
1,local_feather,d360_advrepay_amt_sum_divide_ontimrepay_amt_sum,float,,1067
1,local_feather,d180_ovdrepay_suc_trade_in_same_month_count_sum,float,,1068
1,local_feather,d180_faqi_trade_amt_larger_than_rsk_adt_lmt_cash_his_t_day_count_sum,float,,1069
1,local_feather,d360_ovdrepay_ontimrepay_in_same_month_count_sum,float,,1070
1,local_feather,d1080_advrepay_ontimrepay_in_same_month_count_sum,float,,1071
1,local_feather,his_advrepay_thismon_sum_larger_than_rsk_avl_lmt_cash_count_sum,float,,1072
1,local_feather,d1080_ontimrepay_thismon_sum_larger_than_rsk_adt_lmt_cash_count_sum,float,,1073
1,local_feather,d180_due_repay_amt_larger_than_rsk_avl_lmt_cash_his_t_day_count_sum,float,,1074
1,local_feather,d720_max_due_prc_amt_divide_d720_max_faqi_prc_amt,float,,1075
1,local_feather,d1080_trade_fail_amt_sum_mon_divide_his_trade_success_amt_sum_mon,float,,1076
1,local_feather,d360_max_faqi_prc_amt_divide_rsk_avl_lmt_cash,float,,1077
1,local_feather,d360_ovdrepay_large_than_ontimrepay_amt_months_count_sum,float,,1078
1,local_feather,his_ovd_1d3d_repay_amt_sum_divide_adv_3dminus_repay_amt_sum,float,,1079
1,local_feather,d720_suc_fail_trade_in_same_month_count_sum,float,,1080
1,local_feather,d360_faqi_unpaid_principal_tot_larger_than_rsk_adt_lmt_cash_his_t_day_count_sum,float,,1081
1,local_feather,d1080_due_repay_amt_avg_divide_d1080_faqi_trade_amt_avg,float,,1082
1,local_feather,his_ontimrepay_thismon_sum_larger_than_rsk_adt_lmt_cash_count_sum,float,,1083
1,local_feather,d360_unpaid_principal_tot_amt_t_day_divide_rsk_adt_lmt_cash_his_t_day_max,float,,1084
1,local_feather,d90_ovdrepay_amt_sum_divide_ontimrepay_amt_sum,float,,1085
1,local_feather,d360_advrepay_thismon_sum_larger_than_rsk_adt_lmt_cash_count_sum,float,,1086
1,local_feather,d1080_avg_due_pay_amt_sum_by_mon_divide_rsk_adt_lmt_cash,float,,1087
1,local_feather,d720_faqi_trade_amt_larger_than_unpaid_principal_tot_amt_t_day_count_sum,float,,1088
1,local_feather,d180_ovdrepay_amt_sum_divide_ontimrepay_amt_sum,float,,1089
1,local_feather,d360_trade_fail_count_mon_divide_his_trade_success_count_mon,float,,1090
1,local_feather,d1080_trade_fail_stgnum_avg_mon_divide_his_trade_success_stgnum_avg_mon,float,,1091
1,local_feather,d1080_faqi_trade_amt_larger_than_rsk_adt_lmt_cash_his_t_day_count_sum,float,,1092
1,local_feather,d180_max_ovd_repay_amt_divide_d180_max_suc_prc_amt,float,,1093
1,local_feather,d720_ovd_1d3d_repay_amt_sum_divide_adv_3dminus_repay_amt_sum,float,,1094
1,local_feather,d720_faqi_trade_amt_larger_than_rsk_adt_lmt_cash_his_t_day_count_sum,float,,1095
1,local_feather,d180_faqiamt_thismon_sum_larger_than_rsk_adt_lmt_cash_count_sum,float,,1096
1,local_feather,his_advrepay_large_than_ontimrepay_amt_months_count_sum,float,,1097
1,local_feather,d720_faqi_trade_amt_larger_than_rsk_avl_lmt_cash_his_t_day_count_sum,float,,1098
1,local_feather,d360_faqi_trade_amt_larger_than_rsk_adt_lmt_cash_his_t_day_count_sum,float,,1099
1,local_feather,d720_ovdrepay_suc_trade_in_same_month_count_sum,float,,1100
1,local_feather,d1080_ovdrepay_1_4am_trade_in_same_month_count_sum,float,,1101
1,local_feather,d90_advrepay_large_than_ontimrepay_amt_months_count_sum,float,,1102
1,local_feather,d360_successamt_thismon_sum_larger_than_rsk_adt_lmt_cash_count_sum,float,,1103
1,local_feather,d1080_max_due_prc_amt_divide_d1080_max_faqi_prc_amt,float,,1104
1,local_feather,d720_due_repay_amt_larger_than_rsk_adt_lmt_cash_his_t_day_count_sum,float,,1105
1,local_feather,d720_max_ovd_repay_amt_divide_rsk_adt_lmt_cash,float,,1106
1,local_feather,d720_ontimrepay_thismon_sum_larger_than_rsk_adt_lmt_cash_count_sum,float,,1107
1,local_feather,d720_unpaid_principal_tot_amt_t_day_divide_rsk_adt_lmt_cash_his_t_day_max,float,,1108
1,local_feather,d720_fail_trade_large_than_suc_trade_stgnum_count_sum,float,,1109
1,local_feather,d720_fail_trade_large_than_suc_trade_amt_count_sum,float,,1110
1,local_feather,d180_faqi_trade_amt_larger_than_rsk_avl_lmt_cash_his_t_day_count_sum,float,,1111
1,local_feather,d180_advrepay_suc_trade_in_same_month_count_sum,float,,1112
1,local_feather,d1080_ovdrepay_thismon_sum_larger_than_rsk_adt_lmt_cash_count_sum,float,,1113
1,local_feather,d180_due_repay_amt_sum_divide_d180_faqi_trade_amt_sum,float,,1114
1,local_feather,d1080_faqiamt_thismon_sum_larger_than_rsk_adt_lmt_cash_count_sum,float,,1115
1,local_feather,his_trade_fail_amt_sum_mon_divide_his_trade_success_amt_sum_mon,float,,1116
1,local_feather,d720_due_repay_amt_avg_divide_d720_faqi_trade_amt_avg,float,,1117
1,local_feather,d360_ovdrepay_1wplus_trade_in_same_month_count_sum,float,,1118
1,local_feather,d360_faqiamt_thismon_sum_larger_than_rsk_avl_lmt_cash_count_sum,float,,1119
1,local_feather,d90_faqiamt_thismon_sum_larger_than_rsk_avl_lmt_cash_count_sum,float,,1120
1,local_feather,d180_ontimrepay_thismon_sum_larger_than_rsk_adt_lmt_cash_count_sum,float,,1121
1,local_feather,his_max_due_prc_amt_divide_his_max_faqi_prc_amt,float,,1122
1,local_feather,his_ovdrepay_amt_sum_divide_advrepay_amt_sum,float,,1123
1,local_feather,d180_max_faqi_prc_amt_divide_rsk_adt_lmt_cash,float,,1124
1,local_feather,d1080_due_repay_amt_larger_than_rsk_avl_lmt_cash_his_t_day_count_sum,float,,1125
1,local_feather,d360_ovdrepay_1_4am_trade_in_same_month_count_sum,float,,1126
1,local_feather,d1080_max_ovd_repay_amt_divide_d1080_max_suc_prc_amt,float,,1127
1,local_feather,d720_max_adv_repay_amt_divide_d720_max_faqi_prc_amt,float,,1128
1,local_feather,d1080_successamt_thismon_sum_larger_than_rsk_adt_lmt_cash_count_sum,float,,1129
1,local_feather,d90_unpaid_principal_tot_amt_t_day_divide_rsk_avl_lmt_cash_his_t_day_max,float,,1130
1,local_feather,d360_suc_fail_trade_in_same_month_count_sum,float,,1131
1,local_feather,d360_advrepay_thismon_sum_larger_than_rsk_avl_lmt_cash_count_sum,float,,1132
1,local_feather,d720_max_faqi_prc_amt_divide_rsk_adt_lmt_cash,float,,1133
1,local_feather,d180_faqi_trade_amt_larger_than_due_repay_amt_by_mon_count_sum,float,,1134
1,local_feather,his_max_faqi_prc_amt_divide_max_due_pay_amt_sum_mon,float,,1135
1,local_feather,d90_max_due_prc_amt_divide_rsk_adt_lmt_cash,float,,1136
1,local_feather,his_ovd_4d14d_repay_amt_sum_divide_adv_15dminus_repay_amt_sum,float,,1137
1,local_feather,d90_max_due_prc_amt_divide_d90_max_faqi_prc_amt,float,,1138
1,local_feather,d180_faqi_unpaid_principal_tot_larger_than_rsk_adt_lmt_cash_his_t_day_count_sum,float,,1139
1,local_feather,his_success_thismon_sum_larger_than_rsk_avl_lmt_cash_count_sum,float,,1140
1,local_feather,d720_ovdrepay_amt_sum_divide_ontimrepay_amt_sum,float,,1141
1,local_feather,d720_max_ovd_repay_amt_divide_d720_max_fail_prc_amt,float,,1142
1,local_feather,d720_due_repay_amt_larger_than_rsk_avl_lmt_cash_his_t_day_count_sum,float,,1143
1,local_feather,d180_unpaid_principal_tot_amt_t_day_divide_rsk_avl_lmt_cash_his_t_day_max,float,,1144
1,local_feather,d360_trade_fail_amt_sum_mon_divide_his_trade_success_amt_sum_mon,float,,1145
1,local_feather,d360_advrepay_large_than_ontimrepay_amt_months_count_sum,float,,1146
1,local_feather,d90_advrepay_ontimrepay_in_same_month_count_sum,float,,1147
1,local_feather,d360_max_due_prc_amt_divide_d360_max_faqi_prc_amt,float,,1148
1,local_feather,d90_ovdrepay_1_4am_trade_in_same_month_count_sum,float,,1149
1,local_feather,d90_unpaid_principal_tot_amt_t_day_divide_rsk_adt_lmt_cash_his_t_day_max,float,,1150
1,local_feather,d90_avg_due_pay_amt_sum_by_mon_divide_rsk_adt_lmt_cash,float,,1151
1,local_feather,d90_faqi_trade_amt_larger_than_rsk_adt_lmt_cash_his_t_day_count_sum,float,,1152
1,local_feather,d360_ovdrepay_fail_trade_in_same_month_count_sum,float,,1153
1,local_feather,d360_faqi_unpaid_principal_tot_larger_than_rsk_avl_lmt_cash_his_t_day_count_sum,float,,1154
1,local_feather,d360_faqiamt_thismon_sum_larger_than_rsk_adt_lmt_cash_count_sum,float,,1155
1,local_feather,d90_ovdrepay_1wplus_trade_in_same_month_count_sum,float,,1156
1,local_feather,d180_max_due_prc_amt_divide_d180_max_faqi_prc_amt,float,,1157
1,local_feather,d720_max_due_prc_amt_divide_rsk_adt_lmt_cash,float,,1158
1,local_feather,d1080_max_adv_repay_amt_divide_d1080_max_faqi_prc_amt,float,,1159
1,local_feather,d1080_unpaid_principal_tot_amt_t_day_divide_rsk_adt_lmt_cash_his_t_day_max,float,,1160
1,local_feather,d90_due_repay_amt_avg_divide_d90_faqi_trade_amt_avg,float,,1161
1,local_feather,his_advrepay_suc_trade_in_same_month_count_sum,float,,1162
1,local_feather,d360_max_ovd_repay_amt_divide_d360_max_suc_prc_amt,float,,1163
1,local_feather,d360_advrepay_ontimrepay_in_same_month_count_sum,float,,1164
1,local_feather,d1080_due_repay_amt_sum_divide_d1080_faqi_trade_amt_sum,float,,1165
1,local_feather,d90_faqi_trade_amt_larger_than_unpaid_principal_tot_amt_t_day_count_sum,float,,1166
1,local_feather,his_successamt_thismon_sum_larger_than_rsk_adt_lmt_cash_count_sum,float,,1167
1,local_feather,d720_ovdrepay_amt_sum_divide_advrepay_amt_sum,float,,1168
1,local_feather,d360_ovdrepay_thismon_sum_larger_than_rsk_adt_lmt_cash_count_sum,float,,1169
1,local_feather,d360_faqi_trade_amt_larger_than_ovd_repay_amt_by_mon_count_sum,float,,1170
1,local_feather,his_max_faqi_prc_amt_divide_max_ontim_amt_sum_mon,float,,1171
1,local_feather,d720_trade_fail_amt_sum_mon_divide_his_trade_success_amt_sum_mon,float,,1172
1,local_feather,d90_advrepay_amt_sum_divide_ontimrepay_amt_sum,float,,1173
1,local_feather,d180_due_repay_amt_avg_divide_d180_faqi_trade_amt_avg,float,,1174
1,local_feather,d180_trade_fail_stgnum_avg_mon_divide_his_trade_success_stgnum_avg_mon,float,,1175
1,local_feather,d720_faqi_trade_amt_larger_than_due_repay_amt_by_mon_count_sum,float,,1176
1,local_feather,d180_max_ovd_repay_amt_divide_d180_max_fail_prc_amt,float,,1177
1,local_feather,his_due_repay_amt_sum_divide_his_faqi_trade_amt_sum,float,,1178
1,local_feather,his_max_faqi_prc_amt_divide_unpaid_principal_tot,float,,1179
1,local_feather,d180_ovdrepay_ontimrepay_in_same_month_count_sum,float,,1180
1,local_feather,d720_faqi_unpaid_principal_tot_larger_than_rsk_adt_lmt_cash_his_t_day_count_sum,float,,1181
1,local_feather,d360_faqi_trade_amt_larger_than_unpaid_principal_tot_amt_t_day_count_sum,float,,1182
1,local_feather,his_due_repay_amt_larger_than_rsk_adt_lmt_cash_his_t_day_count_sum,float,,1183
1,local_feather,d1080_ovdrepay_amt_sum_divide_ontimrepay_amt_sum,float,,1184
1,local_feather,d720_due_repay_amt_sum_divide_d720_faqi_trade_amt_sum,float,,1185
1,local_feather,d180_ontimrepay_thismon_sum_larger_than_rsk_avl_lmt_cash_count_sum,float,,1186
1,local_feather,his_trade_fail_count_mon_divide_his_trade_success_count_mon,float,,1187
1,local_feather,d1080_faqi_unpaid_principal_tot_larger_than_rsk_adt_lmt_cash_his_t_day_count_sum,float,,1188
1,local_feather,d90_due_repay_amt_larger_than_rsk_adt_lmt_cash_his_t_day_count_sum,float,,1189
1,local_feather,d90_advrepay_thismon_sum_larger_than_rsk_adt_lmt_cash_count_sum,float,,1190
1,local_feather,his_max_faqi_prc_amt_divide_max_ovd_amt_sum_mon,float,,1191
1,local_feather,d720_advrepay_suc_trade_in_same_month_count_sum,float,,1192
1,local_feather,d1080_advrepay_thismon_sum_larger_than_rsk_adt_lmt_cash_count_sum,float,,1193
1,local_feather,d360_ovdrepay_amt_sum_divide_advrepay_amt_sum,float,,1194
1,local_feather,d90_ovdrepay_fail_trade_in_same_month_count_sum,float,,1195
1,local_feather,d1080_ovdrepay_large_than_ontimrepay_amt_months_count_sum,float,,1196
1,local_feather,d720_trade_fail_count_mon_divide_his_trade_success_count_mon,float,,1197
1,local_feather,d1080_max_faqi_prc_amt_divide_rsk_adt_lmt_cash,float,,1198
1,local_feather,d180_trade_fail_count_mon_divide_his_trade_success_count_mon,float,,1199
1,local_feather,d360_ovdrepay_amt_sum_divide_ontimrepay_amt_sum,float,,1200
1,local_feather,his_max_ovd_repay_amt_divide_his_max_suc_prc_amt,float,,1201
1,local_feather,ord_apl_cnt_720_day_04_06,float,,1202
1,local_feather,ord_apl_cnt_720_day_00_03,float,,1203
1,local_feather,ord_apl_suc_cnt_720_day_07_12,float,,1204
1,local_feather,ord_apl_suc_sum_prc_amt_00_03,float,,1205
1,local_feather,his_720_day_csh_apl_ord_cnt,float,,1206
1,local_feather,his_720_day_bt_apl_ord_cnt_his_rto,float,,1207
1,local_feather,ord_apl_cnt_07_12,float,,1208
1,local_feather,ord_apl_suc_cnt_00_03,float,,1209
1,local_feather,ord_apl_sum_prc_amt_1080_day_00_03,float,,1210
1,local_feather,ord_apl_sum_prc_amt_07_12,float,,1211
1,local_feather,ord_apl_avg_prc_amt_720_day_per_mth,float,,1212
1,local_feather,ord_apl_cnt_720_day_19_23,float,,1213
1,local_feather,his_1080_day_prc_amt_3_000_flg_apl_ord_cnt,float,,1214
1,local_feather,his_bt_suc_ord_cnt,float,,1215
1,local_feather,ord_apl_suc_sum_prc_amt_720_day_00_03,float,,1216
1,local_feather,his_720_day_csh_apl_ord_cnt_his_rto,float,,1217
1,local_feather,his_csh_suc_ord_cnt,float,,1218
1,local_feather,his_1080_day_bt_apl_ord_cnt_his_rto,float,,1219
1,local_feather,ord_apl_cnt_13_18,float,,1220
1,local_feather,ord_apl_suc_cnt_04_06,float,,1221
1,local_feather,his_720_day_bt_apl_ord_cnt_csh_rto,float,,1222
1,local_feather,ord_apl_sum_prc_amt_1080_day_04_06,float,,1223
1,local_feather,his_720_day_bt_suc_ord_cnt_csh_rto,float,,1224
1,local_feather,ord_apl_suc_sum_prc_amt_19_23,float,,1225
1,local_feather,his_1080_day_bt_suc_ord_cnt_csh_rto,float,,1226
1,local_feather,ord_apl_suc_sum_prc_amt_720_day_19_23,float,,1227
1,local_feather,ord_apl_suc_cnt_720_day_13_18,float,,1228
1,local_feather,ord_apl_suc_avg_prc_amt_720_day_per_mth,float,,1229
1,local_feather,ord_apl_cnt_19_23,float,,1230
1,local_feather,ord_apl_sum_prc_amt_13_18,float,,1231
1,local_feather,his_csh_apl_ord_cnt_his_rto,float,,1232
1,local_feather,his_1080_day_bt_apl_ord_cnt_csh_rto,float,,1233
1,local_feather,his_bt_apl_ord_cnt_csh_rto,float,,1234
1,local_feather,his_prc_amt_3_000_flg_suc_ord_cnt,float,,1235
1,local_feather,ord_apl_sum_prc_amt_720_day_19_23,float,,1236
1,local_feather,ord_apl_suc_sum_prc_amt_720_day_04_06,float,,1237
1,local_feather,ddf_6m_rep_dte_neg_7_crt_dt_max_prc_amt,float,,1238
1,local_feather,avg_ddf_rep_dte_ord_crt_tim_7,float,,1239
1,local_feather,ddf_1m_rep_dte_3_crt_dt_max_prc_amt,float,,1240
1,local_feather,ddf_3m_rep_dte_neg_3_crt_dt_max_prc_amt,float,,1241
1,local_feather,min_ddf_rep_dte_ord_crt_tim_neg_3,float,,1242
1,local_feather,ddf_6m_rep_dte_5_crt_dt_rep_prc_amt_rto,float,,1243
1,local_feather,max_ddf_rep_dte_ord_crt_tim_neg_7,float,,1244
1,local_feather,ddf_12m_rep_dte_neg_1_crt_dt_rep_prc_amt_rto,float,,1245
1,local_feather,ddf_1m_rep_dte_3_crt_dt_sum_prc_amt,float,,1246
1,local_feather,ddf_12m_rep_dte_neg_7_crt_dt_avg_prc_amt,float,,1247
1,local_feather,ddf_12m_rep_dte_1_crt_dt_rep_prc_amt_rto,float,,1248
1,local_feather,ddf_12m_rep_dte_neg_7_crt_dt_ord_cnt,float,,1249
1,local_feather,min_ddf_rep_dte_ord_crt_tim_neg_1,float,,1250
1,local_feather,max_ddf_rep_dte_ord_crt_tim_3,float,,1251
1,local_feather,min_ddf_rep_dte_ord_crt_tim_neg_7,float,,1252
1,local_feather,avg_ddf_rep_dte_ord_crt_tim_3,float,,1253
1,local_feather,ddf_3m_rep_dte_7_crt_dt_rep_prc_amt_rto,float,,1254
1,local_feather,ddf_12m_rep_dte_3_crt_dt_max_prc_amt,float,,1255
1,local_feather,ddf_1m_rep_dte_neg_3_crt_dt_max_prc_amt,float,,1256
1,local_feather,max_ddf_rep_dte_ord_crt_tim_5,float,,1257
1,local_feather,ddf_6m_rep_dte_1_crt_dt_max_prc_amt,float,,1258
1,local_feather,min_ddf_rep_dte_ord_crt_tim_7,float,,1259
1,local_feather,ddf_6m_rep_dte_neg_7_crt_dt_rep_prc_amt,float,,1260
1,local_feather,avg_ddf_rep_dte_ord_crt_tim_1,float,,1261
1,local_feather,avg_ddf_rep_dte_ord_crt_tim_neg_7,float,,1262
1,local_feather,min_ddf_rep_dte_ord_crt_tim_neg_5,float,,1263
1,local_feather,ddf_3m_rep_dte_5_crt_dt_max_prc_amt,float,,1264
1,local_feather,avg_ddf_rep_dte_ord_crt_tim_neg_1,float,,1265
1,local_feather,ddf_1m_rep_dte_7_crt_dt_ord_cnt,float,,1266
1,local_feather,ddf_3m_rep_dte_5_crt_dt_sum_prc_amt,float,,1267
1,local_feather,avg_ddf_rep_dte_ord_crt_tim_neg_3,float,,1268
1,local_feather,ddf_3m_rep_dte_0_crt_dt_max_prc_amt,float,,1269
1,local_feather,ddf_3m_rep_dte_neg_7_crt_dt_rep_prc_amt_rto,float,,1270
1,local_feather,max_ddf_rep_dte_ord_crt_tim_1,float,,1271
1,local_feather,ddf_1m_rep_dte_neg_3_crt_dt_rep_prc_amt_rto,float,,1272
1,local_feather,ddf_3m_rep_dte_1_crt_dt_rep_prc_amt_rto,float,,1273
1,local_feather,ddf_12m_rep_dte_neg_7_crt_dt_rep_prc_amt_rto,float,,1274
1,local_feather,ddf_12m_rep_dte_neg_3_crt_dt_sum_prc_amt,float,,1275
1,local_feather,ddf_1m_rep_dte_neg_3_crt_dt_sum_prc_amt,float,,1276
1,local_feather,max_ddf_rep_dte_ord_crt_tim_7,float,,1277
1,local_feather,ddf_1m_rep_dte_3_crt_dt_rep_prc_amt,float,,1278
1,local_feather,ddf_12m_rep_dte_7_crt_dt_rep_prc_amt_rto,float,,1279
1,local_feather,ddf_6m_rep_dte_neg_3_crt_dt_rep_prc_amt_rto,float,,1280
1,local_feather,stg_pln_max_prc_amt_ovd_1d_3d,float,,1281
1,local_feather,stg_pln_pay_off_sum_prc_amt_1m,float,,1282
1,local_feather,stg_pln_pay_off_max_prc_amt_pday,float,,1283
1,local_feather,stg_pln_min_prc_amt_d0_rep_12m,float,,1284
1,local_feather,max_ddf_rep_tim_dte_ovd_pls_rep_12m,float,,1285
1,local_feather,stg_pln_cnt_adv_rep_12m,float,,1286
1,local_feather,stg_pln_cnt_2m_his,float,,1287
1,local_feather,stg_pln_fst_sum_prc_amt_ovd_pls_rep_12m,float,,1288
1,local_feather,stg_pln_sum_prc_amt_adv_rep_6m,float,,1289
1,local_feather,min_ddf_rep_tim_dte_ovd_pls,float,,1290
1,local_feather,stg_pln_min_prc_amt_adv_d0_rep_6m,float,,1291
1,local_feather,stg_pln_max_prc_amt_adv_rep_1m,float,,1292
1,local_feather,stg_pln_max_prc_amt_adv_rct_3m,float,,1293
1,local_feather,stg_pln_sum_prc_amt_ovd_1d_3d_rep_12m,float,,1294
1,local_feather,stg_pln_max_prc_amt_1m_his,float,,1295
1,local_feather,stg_pln_sum_prc_amt_ovd_3d_pls,float,,1296
1,local_feather,stg_pln_cnt_ovd_pls_fst_ord,float,,1297
1,local_feather,stg_pln_max_prc_amt_adv_rct_6m,float,,1298
1,local_feather,stg_pln_max_prc_amt_ovd_1d_3d_rep_12m,float,,1299
1,local_feather,stg_pln_cnt_adv_fst_ord,float,,1300
1,local_feather,stg_pln_sum_prc_amt_1m_his,float,,1301
1,local_feather,stg_pln_cnt_ovd_1d_3d,float,,1302
1,local_feather,min_ddf_rep_tim_dte_adv,float,,1303
1,local_feather,stg_pln_pay_off_min_prc_amt_12m,float,,1304
1,local_feather,stg_pln_cnt_adv_rct_6m,float,,1305
1,local_feather,stg_pln_cnt_d0_rep_his_fst_ord,float,,1306
1,local_feather,min_ddf_rep_tim_dte_adv_fst_ord,float,,1307
1,local_feather,max_prc_amt_pmth_3m,float,,1308
1,local_feather,stg_pln_pay_off_cnt_7d,float,,1309
1,local_feather,stg_pln_sum_prc_amt_adv_fst_ord,float,,1310
1,local_feather,stg_pln_cnt_ovd_3d_pls,float,,1311
1,local_feather,stg_pln_sum_prc_amt_d0_rep_his,float,,1312
1,local_feather,stg_pln_min_prc_amt_d0_rep_his_fst_ord,float,,1313
1,local_feather,stg_pln_sum_prc_amt_adv_rct_6m,float,,1314
1,local_feather,min_ddf_rep_tim_dte_ovd_pls_rep_6m,float,,1315
1,local_feather,stg_pln_min_prc_amt_adv_d0_rep_his_fst_ord,float,,1316
1,local_feather,stg_pln_sum_prc_amt_adv_1m,float,,1317
1,local_feather,stg_pln_sum_prc_amt_ovd_1d_3d,float,,1318
1,local_feather,stg_pln_sum_prc_amt_ovd_pls_fst_ord,float,,1319
1,local_feather,stg_pln_pay_off_sum_prc_amt_14d,float,,1320
1,local_feather,stg_pln_sum_prc_amt_ovd_1d_3d_rep_3m,float,,1321
1,local_feather,max_ddf_rep_tim_dte_adv,float,,1322
1,local_feather,stg_pln_max_prc_amt_d0_rep_his,float,,1323
1,local_feather,stg_pln_min_prc_amt_his,float,,1324
1,local_feather,stg_pln_pay_off_sum_prc_amt_7d,float,,1325
1,local_feather,stg_pln_fst_cnt_ovd_pls_rep_12m,float,,1326
1,local_feather,stg_pln_max_prc_amt_ovd_pls_fst_ord,float,,1327
1,local_feather,min_ddf_rep_tim_dte_ovd_pls_rep_12m,float,,1328
1,local_feather,stg_pln_min_prc_amt_adv_rep_his,float,,1329
1,local_feather,stg_pln_cnt_ovd_1d_3d_rep_12m,float,,1330
1,local_feather,stg_pln_max_prc_amt_adv_7d,float,,1331
1,local_feather,stg_pln_max_prc_amt_adv_rep_his,float,,1332
1,local_feather,stg_pln_max_prc_amt_ovd_7d_pls,float,,1333
1,local_feather,stg_pln_pay_off_max_prc_amt_14d,float,,1334
1,local_feather,stg_pln_pay_off_sum_prc_amt_fst_ord,float,,1335
1,local_feather,min_ddf_mdl_rep_tim_d0_rep_his,float,,1336
1,local_feather,stg_pln_pay_off_cnt_1m,float,,1337
1,local_feather,stg_pln_cnt_adv_3d,float,,1338
1,local_feather,stg_pln_max_prc_amt_adv_rct_12m,float,,1339
1,local_feather,stg_pln_max_prc_amt_d0_rep_his_fst_ord,float,,1340
1,local_feather,stg_pln_pay_off_cnt_14d,float,,1341
1,local_feather,stg_pln_fst_cnt_ovd_pls,float,,1342
1,local_feather,min_ddf_rep_tim_dte_ovd_pls_rep_3m,float,,1343
1,local_feather,stg_pln_cnt_ovd_1d_3d_rep_3m,float,,1344
1,local_feather,stg_pln_pay_off_cnt,float,,1345
1,local_feather,stg_pln_cnt_adv_3m,float,,1346
1,local_feather,stg_pln_pay_off_max_prc_amt_pday_12m,float,,1347
1,local_feather,stg_pln_fst_sum_prc_amt_ovd_pls,float,,1348
1,local_feather,stg_pln_sum_prc_amt_adv_rep_his,float,,1349
1,local_feather,stg_pln_cnt_his_fst_ord,float,,1350
1,local_feather,stg_pln_pay_off_max_prc_amt_7d,float,,1351
1,local_feather,stg_pln_pay_off_min_prc_amt_6m,float,,1352
1,local_feather,12m_repay_ftr_amt_second_der_max,float,,1353
1,local_feather,3m_repay_ftr_amt_second_der_mean_diff,float,,1354
1,local_feather,18m_repay_ftr_amt_first_der_mean_diff,float,,1355
1,local_feather,12m_repay_ftr_amt_second_der_sum,float,,1356
1,local_feather,6m_ftr_con_keep_repay_amt_max,float,,1357
1,local_feather,18m_repay_ftr_amt_first_der_mean_rto,float,,1358
1,local_feather,12m_repay_ftr_amt_first_der_great_0_count,float,,1359
1,local_feather,3m_repay_ftr_amt_first_der_mean_diff,float,,1360
1,local_feather,6m_repay_ftr_amt_first_der_mean_rto,float,,1361
1,local_feather,12m_repay_ftr_amt_first_der_min,float,,1362
1,local_feather,3m_repay_ftr_amt_first_der_small_0_count,float,,1363
1,local_feather,3m_repay_ftr_amt_second_der_mean_rto,float,,1364
1,local_feather,6m_repay_ftr_amt_second_der_mean_rto,float,,1365
1,local_feather,3m_repay_ftr_amt_second_der_small_0_count,float,,1366
1,local_feather,18m_ftr_con_keep_repay_amt_max,float,,1367
1,local_feather,12m_repay_ftr_amt_first_der_sum,float,,1368
1,local_feather,12m_ftr_con_keep_repay_amt_max,float,,1369
1,local_feather,18m_repay_ftr_amt_second_der_mean_rto,float,,1370
1,local_feather,3m_repay_ftr_amt_first_der_mean_rto,float,,1371
1,local_feather,3m_repay_ftr_amt_first_der_great_0_count,float,,1372
1,local_feather,3m_repay_ftr_amt_first_der_stddev,float,,1373
1,local_feather,3m_repay_ftr_amt_second_der_median,float,,1374
1,local_feather,3m_repay_ftr_amt_second_der_great_0_count,float,,1375
1,local_feather,9m_ftr_con_dsc_repay_amt_max,float,,1376
1,local_feather,12m_repay_ftr_amt_second_der_mean_rto,float,,1377
1,local_feather,3m_repay_ftr_amt_first_der_min,float,,1378
1,local_feather,12m_repay_ftr_amt_second_der_great_0_count,float,,1379
1,local_feather,18m_repay_ftr_amt_second_der_small_0_count,float,,1380
1,local_feather,12m_repay_ftr_amt_second_der_min,float,,1381
1,local_feather,18m_repay_ftr_amt_second_der_mean_diff,float,,1382
1,local_feather,9m_ftr_con_keep_repay_amt_max,float,,1383
1,local_feather,stg_pln_sum_prc_amt_1m_ftr_his_rep_rto_all,float,,1384
1,local_feather,stg_pln_cnt_3d_ftr_all,float,,1385
1,local_feather,stg_pln_sum_prc_amt_6m_12m_ftr_rto_cash,float,,1386
1,local_feather,stg_pln_avg_prc_amt_2m_ftr_his_rep_rto_all,float,,1387
1,local_feather,stg_pln_sum_prc_amt_6m_ftr_his_rto_all,float,,1388
1,local_feather,stg_pln_avg_prc_amt_2m_ftr_his_rto_all,float,,1389
1,local_feather,stg_pln_cnt_3m_ftr_adv_rto_all,float,,1390
1,local_feather,stg_pln_min_prc_amt_12m_ftr_cash,float,,1391
1,local_feather,stg_pln_min_prc_amt_3m_6m_ftr_rto_cash,float,,1392
1,local_feather,stg_pln_cnt_3m_ftr_his_rep_rto_cash,float,,1393
1,local_feather,stg_pln_max_prc_amt_2m_ftr_adv_cash,float,,1394
1,local_feather,stg_pln_sum_prc_amt_3d_ftr_his_rto_cash,float,,1395
1,local_feather,stg_pln_max_prc_amt_3m_ftr_his_rep_rto_cash,float,,1396
1,local_feather,stg_pln_bsy_typ_cnt_3m_ftr_all,float,,1397
1,local_feather,stg_pln_min_prc_amt_1m_3m_ftr_rto_cash,float,,1398
1,local_feather,stg_pln_cnt_7d_ftr_all,float,,1399
1,local_feather,stg_pln_sum_prc_amt_3d_ftr_cash,float,,1400
1,local_feather,stg_pln_sum_prc_amt_3m_6m_ftr_rto_cash,float,,1401
1,local_feather,stg_pln_cnt_3d_ftr_his_rto_cash,float,,1402
1,local_feather,stg_pln_min_prc_amt_1m_ftr_his_rto_cash,float,,1403
1,local_feather,stg_pln_sum_prc_amt_1m_3m_ftr_rto_all,float,,1404
1,local_feather,stg_pln_cnt_7d_ftr_his_rto_all,float,,1405
1,local_feather,stg_pln_cnt_7d_ftr_his_rto_cash,float,,1406
1,local_feather,stg_pln_max_prc_amt_12m_ftr_cash,float,,1407
1,local_feather,stg_pln_sum_prc_amt_1m_ftr_adv_cash,float,,1408
1,local_feather,stg_pln_sum_prc_amt_12m_ftr_rep_cash,float,,1409
1,local_feather,stg_pln_max_prc_amt_12m_ftr_his_rep_rto_cash,float,,1410
1,local_feather,stg_pln_avg_prc_amt_1m_3m_ftr_rto_all,float,,1411
1,local_feather,stg_pln_avg_prc_amt_6m_12m_ftr_rto_all,float,,1412
1,local_feather,stg_pln_cnt_7d_ftr_rep_cash,float,,1413
1,local_feather,stg_pln_cnt_6m_12m_ftr_all,float,,1414
1,local_feather,stg_pln_sum_prc_amt_7d_ftr_his_rto_cash,float,,1415
1,local_feather,stg_pln_min_prc_amt_12m_ftr_his_rto_cash,float,,1416
1,local_feather,stg_pln_cnt_12m_ftr_his_rep_rto_all,float,,1417
1,local_feather,stg_pln_avg_prc_amt_12m_ftr_his_rto_all,float,,1418
1,local_feather,stg_pln_avg_prc_amt_3m_6m_ftr_rto_all,float,,1419
1,local_feather,stg_pln_min_prc_amt_6m_12m_ftr_rto_cash,float,,1420
1,local_feather,stg_pln_min_prc_amt_3m_ftr_his_rto_cash,float,,1421
1,local_feather,stg_pln_min_prc_amt_6m_ftr_his_rep_rto_cash,float,,1422
1,local_feather,stg_pln_cnt_3m_6m_ftr_rto_all,float,,1423
1,local_feather,stg_pln_min_prc_amt_3m_6m_ftr_cash,float,,1424
1,local_feather,stg_pln_cnt_1m_ftr_adv_cash,float,,1425
1,local_feather,stg_pln_cnt_1m_ftr_his_rep_rto_all,float,,1426
1,local_feather,stg_pln_cnt_2m_ftr_cash,float,,1427
1,local_feather,stg_pln_sum_prc_amt_6m_12m_ftr_cash,float,,1428
1,local_feather,stg_pln_cnt_1m_ftr_his_rto_cash,float,,1429
1,local_feather,stg_pln_avg_prc_amt_12m_ftr_his_rep_rto_cash,float,,1430
1,local_feather,stg_pln_sum_prc_amt_12m_ftr_his_rep_rto_cash,float,,1431
1,local_feather,stg_pln_sum_prc_amt_2m_ftr_his_rep_rto_all,float,,1432
1,local_feather,stg_pln_cnt_6m_12m_ftr_rto_all,float,,1433
1,local_feather,stg_pln_sum_prc_amt_7d_ftr_cash,float,,1434
1,local_feather,stg_pln_max_prc_amt_6m_12m_ftr_cash,float,,1435
1,local_feather,stg_pln_cnt_1m_3m_ftr_rto_all,float,,1436
1,local_feather,6thord_con_dsc_apply_amt_max,float,,1437
1,local_feather,6ord_apply_amt_first_der_sum,float,,1438
1,local_feather,18ord_apply_amt_first_der_small_0_count,float,,1439
1,local_feather,12ord_apply_amt_second_der_sum,float,,1440
1,local_feather,3ord_apply_amt_first_der_mean_rto,float,,1441
1,local_feather,3ord_apply_amt_second_der_mean_diff,float,,1442
1,local_feather,18ord_apply_amt_first_der_max,float,,1443
1,local_feather,6ord_apply_amt_first_der_great_0_count,float,,1444
1,local_feather,3ord_apply_amt_second_der_mean_rto,float,,1445
1,local_feather,12ord_apply_amt_second_der_stddev,float,,1446
1,local_feather,6ord_apply_amt_second_der_mean_rto,float,,1447
1,local_feather,12ord_apply_amt_first_der_stddev,float,,1448
1,local_feather,18ord_apply_amt_first_der_median,float,,1449
1,local_feather,18ord_apply_amt_first_der_min,float,,1450
1,local_feather,3ord_apply_amt_first_der_mean_diff,float,,1451
1,local_feather,12ord_apply_amt_second_der_mean_rto,float,,1452
1,local_feather,12ord_apply_amt_first_der_mean_rto,float,,1453
1,local_feather,18ord_apply_amt_first_der_mean_rto,float,,1454
1,local_feather,18ord_apply_amt_second_der_mean_rto,float,,1455
1,local_feather,6thord_con_keep_apply_amt_max,float,,1456
1,local_feather,3ord_apply_amt_second_der_small_0_count,float,,1457
1,local_feather,3ord_apply_amt_second_der_great_0_sum,float,,1458
1,local_feather,18ord_apply_amt_second_der_max,float,,1459
1,local_feather,18thord_con_keep_apply_amt_max,float,,1460
1,local_feather,18ord_apply_amt_second_der_median,float,,1461
1,local_feather,6ord_apply_amt_first_der_mean_rto,float,,1462
1,local_feather,18ord_apply_amt_second_der_min,float,,1463
1,local_feather,recent_1m_lend_amt_over10k_month_cnt,float,,1464
1,local_feather,recent_12m_credit_fundcls_lv2_month_cnt,float,,1465
1,local_feather,recent_1m_credit_fundcls_other_month_cnt,float,,1466
1,local_feather,recent_24m_repay_progress_rise_month_cnt,float,,1467
1,local_feather,recent_36m_lend_amt_over10k_month_rto,float,,1468
1,local_feather,recent_24m_lend_amt_rise_month_rto,float,,1469
1,local_feather,recent_6m_repay_progress_rise_month_rto,float,,1470
1,local_feather,recent_12m_settle_loan_diff_days_avg,float,,1471
1,local_feather,recent_24m_settle_loan_diff_days_min,float,,1472
1,local_feather,recent_6m_overdue_3d_month_rto,float,,1473
1,local_feather,recent_24m_lend_month_no_avg,float,,1474
1,local_feather,his_credit_fundcls_lv1_month_cnt,float,,1475
1,local_feather,recent_36m_due_month_rto,float,,1476
1,local_feather,recent_1m_credit_fundcls_lv2_month_cnt,float,,1477
1,local_feather,recent_36m_overdue_3d_month_rto,float,,1478
1,local_feather,recent_1m_repay_progress_max,float,,1479
1,local_feather,recent_6m_credit_month_rto,float,,1480
1,local_feather,recent_12m_settle_month_no_avg,float,,1481
1,local_feather,recent_1m_prepay_3d_month_rto,float,,1482
1,local_feather,recent_24m_credit_fundcls_other_month_cnt,float,,1483
1,local_feather,recent_12m_lend_amt_over10k_month_rto,float,,1484
1,local_feather,recent_1m_stg_rise_month_rto,float,,1485
1,local_feather,recent_6m_lend_amt_rise_month_cnt,float,,1486
1,local_feather,recent_12m_settle_loan_diff_days_min,float,,1487
1,local_feather,recent_24m_settle_loan_diff_days_max,float,,1488
1,local_feather,recent_6m_credit_fundcls_other_month_cnt,float,,1489
1,local_feather,recent_12m_due_month_cnt,float,,1490
1,local_feather,recent_24m_prepay_3d_month_cnt,float,,1491
1,local_feather,recent_1m_credit_fundcls_lv1_month_cnt,float,,1492
1,local_feather,recent_6m_prepay_3d_month_rto,float,,1493
1,local_feather,recent_36m_settle_loan_diff_days_min,float,,1494
1,local_feather,recent_24m_credit_month_rto,float,,1495
1,local_feather,his_settle_loan_diff_days_min,float,,1496
1,local_feather,recent_6m_settle_loan_diff_days_min,float,,1497
1,local_feather,recent_1m_overdue_3d_month_rto,float,,1498
1,local_feather,recent_24m_credit_fundcls_lv1_month_cnt,float,,1499
1,local_feather,recent_1m_settle_loan_diff_days_avg,float,,1500
1,local_feather,his_lend_month_cnt,float,,1501
1,local_feather,recent_6m_credit_fundcls_lv1_month_cnt,float,,1502
1,local_feather,10d_range_ord_cnt_his,float,,1503
1,local_feather,15d_range_ord_cnt_12m,float,,1504
1,local_feather,15d_range_sum_prc_amt_1m,float,,1505
1,local_feather,15d_range_avg_prc_amt_6m,float,,1506
1,local_feather,10d_range_min_prc_amt_his,float,,1507
1,local_feather,10d_range_min_prc_amt_24m,float,,1508
1,local_feather,10d_range_min_prc_amt_36m,float,,1509
1,local_feather,5d_range_ord_cnt_1m,float,,1510
1,local_feather,5d_range_avg_prc_amt_1m,float,,1511
1,local_feather,15d_range_min_prc_amt_12m,float,,1512
1,local_feather,15d_range_max_prc_amt_12m,float,,1513
1,local_feather,10d_range_avg_prc_amt_36m,float,,1514
1,local_feather,5d_range_min_prc_amt_his,float,,1515
1,local_feather,15d_range_min_prc_amt_36m,float,,1516
1,local_feather,10d_range_sum_prc_amt_36m,float,,1517
1,local_feather,15d_range_min_prc_amt_24m,float,,1518
1,local_feather,5d_range_max_prc_amt_his,float,,1519
1,local_feather,15d_range_min_prc_amt_his,float,,1520
1,local_feather,15d_range_avg_prc_amt_1m,float,,1521
1,local_feather,15d_range_sum_prc_amt_6m,float,,1522
1,local_feather,5d_range_avg_prc_amt_12m,float,,1523
1,local_feather,m1_stg_pln_d0_manual_deduct_rep_apl_fal_cnt,float,,1524
1,local_feather,m6_stg_pln_his_ovd_ao_offline_rep_apl_suc_cnt,float,,1525
1,local_feather,m6_stg_pln_adv_ao_offline_rep_apl_suc_cnt_rat,float,,1526
1,local_feather,m3_stg_pln_adv_normal_batch_rep_apl_suc_cnt,float,,1527
1,local_feather,m6_stg_pln_d0_manual_rep_apl_fal_cnt,float,,1528
1,local_feather,m6_stg_pln_adv_manual_rep_apl_fal_cnt,float,,1529
1,local_feather,m3_stg_pln_adv_manual_deduct_rep_apl_fal_cnt,float,,1530
1,local_feather,m3_stg_pln_adv_manual_rep_apl_fal_cnt,float,,1531
1,local_feather,m1_stg_pln_d0_ao_offline_rep_apl_suc_cnt,float,,1532
1,local_feather,m1_stg_pln_his_ovd_rep_apl_cnt_rat,float,,1533
1,local_feather,m6_stg_pln_ovd_1d_3d_rep_apl_cnt_rat,float,,1534
1,local_feather,m6_stg_pln_ovd_1d_3d_manual_rep_apl_fal_cnt,float,,1535
1,local_feather,m1_stg_pln_his_ovd_manual_deduct_rep_apl_suc_cnt,float,,1536
1,local_feather,m6_stg_pln_d0_manual_deduct_rep_apl_suc_cnt,float,,1537
1,local_feather,m3_stg_pln_his_ovd_rep_apl_cnt_rat,float,,1538
1,local_feather,m6_stg_pln_adv_manual_deduct_rep_apl_fal_cnt,float,,1539
1,local_feather,m1_stg_pln_adv_rep_apl_cnt_rat,float,,1540
1,local_feather,m1_stg_pln_his_ovd_normal_batch_rep_apl_suc_cnt,float,,1541
1,local_feather,m3_stg_pln_adv_manual_deduct_rep_apl_suc_cnt,float,,1542
1,local_feather,m6_stg_pln_ovd_1d_3d_manual_rep_apl_suc_cnt,float,,1543
1,local_feather,m3_stg_pln_ovd_1d_3d_normal_batch_rep_apl_suc_cnt,float,,1544
1,local_feather,m3_stg_pln_his_ovd_normal_batch_rep_apl_fal_cnt,float,,1545
1,local_feather,m1_stg_pln_d0_rep_apl_cnt,float,,1546
1,local_feather,m1_stg_pln_d0_manual_deduct_rep_apl_fal_cnt_rat,float,,1547
1,local_feather,m3_stg_pln_ovd_1d_3d_manual_deduct_rep_apl_suc_cnt,float,,1548
1,local_feather,m1_stg_pln_his_ovd_manual_rep_apl_fal_cnt,float,,1549
1,local_feather,m1_stg_pln_adv_manual_rep_apl_fal_cnt,float,,1550
1,local_feather,m1_stg_pln_d0_manual_deduct_rep_apl_suc_cnt,float,,1551
1,local_feather,m1_stg_pln_d0_rep_apl_suc_cnt,float,,1552
1,local_feather,m6_stg_pln_his_ovd_manual_deduct_rep_apl_fal_cnt_rat,float,,1553
1,local_feather,m6_stg_pln_ovd_1d_3d_manual_rep_apl_fal_cnt_rat,float,,1554
1,local_feather,m6_stg_pln_ovd_1d_3d_manual_deduct_rep_apl_suc_cnt_rat,float,,1555
1,local_feather,m1_stg_pln_ovd_1d_3d_ao_offline_rep_apl_suc_cnt,float,,1556
1,local_feather,m1_stg_pln_ovd_1d_3d_manual_rep_apl_suc_cnt,float,,1557
1,local_feather,m6_stg_pln_his_ovd_rep_apl_suc_cnt,float,,1558
1,local_feather,m6_stg_pln_adv_ao_offline_rep_apl_suc_cnt,float,,1559
1,local_feather,m3_stg_pln_d0_ao_offline_rep_apl_suc_cnt_rat,float,,1560
1,local_feather,m6_stg_pln_ovd_1d_3d_ao_offline_rep_apl_suc_cnt_rat,float,,1561
1,local_feather,m6_stg_pln_adv_rep_apl_fal_cnt_rat,float,,1562
1,local_feather,m6_stg_pln_his_ovd_manual_deduct_rep_apl_fal_cnt,float,,1563
1,local_feather,m1_stg_pln_adv_manual_deduct_rep_apl_suc_cnt,float,,1564
1,local_feather,m1_stg_pln_d0_manual_rep_apl_suc_cnt_rat,float,,1565
1,local_feather,m6_stg_pln_his_ovd_manual_deduct_rep_apl_suc_cnt,float,,1566
1,local_feather,m6_stg_pln_ovd_1d_3d_manual_rep_apl_suc_cnt_rat,float,,1567
1,local_feather,m6_stg_pln_ovd_1d_3d_normal_batch_rep_apl_suc_cnt_rat,float,,1568
1,local_feather,m3_stg_pln_d0_manual_deduct_rep_apl_suc_cnt_rat,float,,1569
1,local_feather,m6_stg_pln_d0_normal_batch_rep_apl_suc_cnt_rat,float,,1570
1,local_feather,m3_stg_pln_ovd_1d_3d_manual_rep_apl_fal_cnt,float,,1571
1,local_feather,m6_stg_pln_d0_manual_deduct_rep_apl_fal_cnt_rat,float,,1572
1,local_feather,m6_stg_pln_ovd_1d_3d_manual_deduct_rep_apl_fal_cnt,float,,1573
1,local_feather,m6_stg_pln_adv_manual_deduct_rep_apl_suc_cnt,float,,1574
1,local_feather,m1_stg_pln_ovd_1d_3d_rep_apl_cnt,float,,1575
1,local_feather,m1_stg_pln_d0_rep_apl_suc_cnt_rat,float,,1576
1,local_feather,m3_stg_pln_ovd_1d_3d_normal_batch_rep_apl_fal_cnt,float,,1577
1,local_feather,m1_stg_pln_adv_manual_rep_apl_suc_cnt,float,,1578
1,local_feather,m3_stg_pln_adv_rep_apl_cnt_rat,float,,1579
1,local_feather,m1_stg_pln_ovd_1d_3d_rep_apl_suc_cnt,float,,1580
1,local_feather,m1_stg_pln_adv_rep_apl_fal_cnt_rat,float,,1581
1,local_feather,m1_stg_pln_d0_normal_batch_rep_apl_fal_cnt_rat,float,,1582
1,local_feather,m1_stg_pln_adv_manual_deduct_rep_apl_fal_cnt,float,,1583
1,local_feather,m1_stg_pln_his_ovd_rep_apl_fal_cnt,float,,1584
1,local_feather,m1_stg_pln_adv_ao_offline_rep_apl_suc_cnt,float,,1585
1,local_feather,m6_stg_pln_d0_rep_apl_suc_cnt_rat,float,,1586
1,local_feather,m3_stg_pln_ovd_1d_3d_rep_apl_suc_cnt,float,,1587
1,local_feather,m1_stg_pln_ovd_1d_3d_manual_deduct_rep_apl_fal_cnt,float,,1588
1,local_feather,m6_stg_pln_adv_manual_rep_apl_suc_cnt,float,,1589
1,local_feather,m3_stg_pln_d0_manual_rep_apl_suc_cnt,float,,1590
1,local_feather,m6_stg_pln_ovd_1d_3d_normal_batch_rep_apl_fal_cnt_rat,float,,1591
1,local_feather,m6_stg_pln_d0_normal_batch_rep_apl_fal_cnt_rat,float,,1592
1,local_feather,m6_stg_pln_d0_ao_offline_rep_apl_suc_cnt,float,,1593
1,local_feather,m6_stg_pln_adv_manual_rep_apl_suc_cnt_rat,float,,1594
1,local_feather,m1_stg_pln_d0_manual_rep_apl_fal_cnt,float,,1595
1,local_feather,m3_manual_rep_apl_suc_stg_pln_cnt_sum,float,,1596
1,local_feather,m1_manual_deduct_rep_apl_fal_stg_pln_cnt_max,float,,1597
1,local_feather,m6_manual_deduct_rep_apl_stg_pln_cnt_mor_1_cnt,float,,1598
1,local_feather,m3_manual_rep_apl_fal_stg_pln_cnt_avg,float,,1599
1,local_feather,m1_manual_rep_apl_fal_stg_pln_cnt_max,float,,1600
1,local_feather,m3_ao_offline_rep_apl_suc_stg_pln_cnt_mor_1_cnt,float,,1601
1,local_feather,m1_ao_offline_rep_apl_stg_pln_cnt_sum,float,,1602
1,local_feather,m3_ao_offline_rep_apl_stg_pln_cnt_avg,float,,1603
1,local_feather,m1_manual_deduct_rep_apl_stg_pln_cnt_max,float,,1604
1,local_feather,m3_manual_deduct_rep_apl_suc_stg_pln_cnt_mor_1_cnt,float,,1605
1,local_feather,m3_normal_batch_rep_apl_stg_pln_cnt_max,float,,1606
1,local_feather,m3_normal_batch_rep_apl_fal_stg_pln_cnt_avg,float,,1607
1,local_feather,m1_manual_rep_apl_fal_stg_pln_cnt_min,float,,1608
1,local_feather,m3_rep_apl_fal_stg_pln_cnt_max,float,,1609
1,local_feather,m3_normal_batch_rep_apl_stg_pln_cnt_avg,float,,1610
1,local_feather,m6_manual_deduct_rep_apl_suc_stg_pln_cnt_mor_1_cnt,float,,1611
1,local_feather,m1_rep_apl_fal_stg_pln_cnt_max,float,,1612
1,local_feather,m6_ao_offline_rep_apl_stg_pln_cnt_sum,float,,1613
1,local_feather,m1_rep_apl_stg_pln_cnt_mor_1_cnt,float,,1614
1,local_feather,m1_manual_rep_apl_suc_stg_pln_cnt_min,float,,1615
1,local_feather,m3_rep_apl_fal_stg_pln_cnt_avg,float,,1616
1,local_feather,m1_normal_batch_rep_apl_suc_stg_pln_cnt_min,float,,1617
1,local_feather,m1_manual_rep_apl_stg_pln_cnt_avg,float,,1618
1,local_feather,m1_rep_apl_suc_stg_pln_cnt_avg,float,,1619
1,local_feather,m1_manual_deduct_rep_apl_stg_pln_cnt_sum,float,,1620
1,local_feather,m3_normal_batch_rep_apl_suc_stg_pln_cnt_avg,float,,1621
1,local_feather,m1_rep_apl_suc_stg_pln_cnt_sum,float,,1622
1,local_feather,m6_manual_rep_apl_suc_stg_pln_cnt_min,float,,1623
1,local_feather,m3_normal_batch_rep_apl_fal_stg_pln_cnt_max,float,,1624
1,local_feather,m1_ao_offline_rep_apl_stg_pln_cnt_mor_1_cnt,float,,1625
1,local_feather,m3_rep_apl_suc_amt_rat_equal_1_cnt,float,,1626
1,local_feather,m1_rep_apl_fal_stg_pln_cnt_mor_1_cnt,float,,1627
1,local_feather,m1_manual_rep_apl_fal_stg_pln_cnt_avg,float,,1628
1,local_feather,m3_manual_rep_apl_stg_pln_cnt_max,float,,1629
1,local_feather,m3_rep_apl_fal_stg_pln_cnt_min,float,,1630
1,local_feather,m3_manual_deduct_rep_apl_fal_stg_pln_cnt_mor_1_cnt,float,,1631
1,local_feather,m6_manual_rep_apl_fal_stg_pln_cnt_max,float,,1632
1,local_feather,m3_ao_offline_rep_apl_stg_pln_cnt_max,float,,1633
1,local_feather,m3_manual_deduct_rep_apl_fal_stg_pln_cnt_min,float,,1634
1,local_feather,m3_rep_apl_amt_rat_mor_1_cnt,float,,1635
1,local_feather,m3_manual_rep_apl_fal_stg_pln_cnt_sum,float,,1636
1,local_feather,m3_rep_apl_stg_pln_cnt_max,float,,1637
1,local_feather,m3_manual_deduct_rep_apl_suc_stg_pln_cnt_max,float,,1638
1,local_feather,m1_normal_batch_rep_apl_stg_pln_cnt_max,float,,1639
1,local_feather,m6_manual_deduct_rep_apl_suc_stg_pln_cnt_min,float,,1640
1,local_feather,m6_manual_rep_apl_fal_stg_pln_cnt_mor_1_cnt,float,,1641
1,local_feather,m3_manual_rep_apl_suc_stg_pln_cnt_avg,float,,1642
1,local_feather,m1_normal_batch_rep_apl_fal_stg_pln_cnt_max,float,,1643
1,local_feather,m3_rep_apl_suc_amt_rat_mor_1_cnt,float,,1644
1,local_feather,m1_manual_deduct_rep_apl_stg_pln_cnt_avg,float,,1645
1,local_feather,m3_manual_deduct_rep_apl_stg_pln_cnt_avg,float,,1646
1,local_feather,m1_manual_deduct_rep_apl_suc_stg_pln_cnt_mor_1_cnt,float,,1647
1,local_feather,m1_manual_rep_apl_suc_stg_pln_cnt_sum,float,,1648
1,local_feather,m3_rep_apl_stg_pln_cnt_min,float,,1649
1,local_feather,m3_manual_deduct_rep_apl_fal_stg_pln_cnt_max,float,,1650
1,local_feather,m3_manual_deduct_rep_apl_fal_stg_pln_cnt_sum,float,,1651
1,local_feather,m1_normal_batch_rep_apl_suc_stg_pln_cnt_max,float,,1652
1,local_feather,m3_rep_apl_amt_rat_equal_1_cnt,float,,1653
1,local_feather,m6_normal_batch_rep_apl_stg_pln_cnt_min,float,,1654
1,local_feather,m1_manual_deduct_rep_apl_fal_stg_pln_cnt_avg,float,,1655
1,local_feather,m6_manual_deduct_rep_apl_suc_stg_pln_cnt_sum,float,,1656
1,local_feather,m1_manual_rep_apl_fal_stg_pln_cnt_sum,float,,1657
1,local_feather,m6_rep_apl_suc_stg_pln_cnt_avg,float,,1658
1,local_feather,m3_normal_batch_rep_apl_suc_stg_pln_cnt_max,float,,1659
1,local_feather,m3_normal_batch_rep_apl_stg_pln_cnt_min,float,,1660
1,local_feather,m1_rep_apl_suc_stg_pln_cnt_max,float,,1661
1,local_feather,m3_manual_deduct_rep_apl_fal_stg_pln_cnt_avg,float,,1662
1,local_feather,6m_used_lmt_first_der_min,float,,1663
1,local_feather,3m_used_lmt_second_der_median,float,,1664
1,local_feather,12m_used_lmt_second_der_mean_rto,float,,1665
1,local_feather,6m_used_lmt_first_der_median,float,,1666
1,local_feather,12m_used_lmt_second_der_small_0_sum,float,,1667
1,local_feather,6m_used_lmt_first_der_small_0_count,float,,1668
1,local_feather,12m_used_lmt_first_der_min,float,,1669
1,local_feather,12m_used_lmt_first_der_sum,float,,1670
1,local_feather,12m_used_lmt_first_der_mean_rto,float,,1671
1,local_feather,18m_used_lmt_second_der_min,float,,1672
1,local_feather,12m_used_lmt_second_der_max,float,,1673
1,local_feather,3m_used_lmt_first_der_mean_diff,float,,1674
1,local_feather,18m_used_lmt_second_der_sum,float,,1675
1,local_feather,12m_used_lmt_first_der_great_0_count,float,,1676
1,local_feather,6m_used_lmt_second_der_min,float,,1677
1,local_feather,6m_used_lmt_first_der_sum,float,,1678
1,local_feather,3m_used_lmt_first_der_mean_rto,float,,1679
1,local_feather,12m_used_lmt_second_der_mean_diff,float,,1680
1,local_feather,6m_used_lmt_first_der_mean_diff,float,,1681
1,local_feather,3m_used_lmt_first_der_sum,float,,1682
1,local_feather,18m_used_lmt_second_der_small_0_count,float,,1683
1,local_feather,6m_used_lmt_second_der_median,float,,1684
1,local_feather,3m_used_lmt_second_der_stddev,float,,1685
1,local_feather,3m_used_lmt_second_der_mean_diff,float,,1686
1,local_feather,3m_used_lmt_first_der_median,float,,1687
1,local_feather,12m_used_lmt_second_der_sum,float,,1688
1,local_feather,3m_used_lmt_second_der_small_0_count,float,,1689
1,local_feather,12m_used_lmt_first_der_small_0_sum,float,,1690
1,local_feather,6m_used_lmt_first_der_mean_rto,float,,1691
1,local_feather,18m_used_lmt_second_der_mean_rto,float,,1692
1,local_feather,12m_used_lmt_first_der_avg,float,,1693
1,local_feather,18m_used_lmt_first_der_sum,float,,1694
1,local_feather,6m_used_lmt_first_der_max,float,,1695
1,local_feather,6m_used_lmt_second_der_mean_diff,float,,1696
1,local_feather,12m_used_lmt_first_der_mean_diff,float,,1697
1,local_feather,6m_used_lmt_second_der_sum,float,,1698
1,local_feather,3m_used_lmt_first_der_small_0_sum,float,,1699
1,local_feather,6m_used_lmt_first_der_small_0_sum,float,,1700
1,local_feather,3m_used_lmt_second_der_sum,float,,1701
1,local_feather,3m_used_lmt_first_der_great_0_count,float,,1702
1,local_feather,18m_used_lmt_first_der_mean_rto,float,,1703
1,local_feather,12m_used_lmt_first_der_great_0_sum,float,,1704
1,local_feather,3m_used_lmt_first_der_max,float,,1705
1,local_feather,stg_pln_cnt_adv_1m_rto_his_light,float,,1706
1,local_feather,stg_pln_cnt_6m_12m_rto_light,float,,1707
1,local_feather,stg_pln_cnt_on_1m_rto_his_light,float,,1708
1,local_feather,stg_pln_cnt_due_6m_rto_his_light,float,,1709
1,local_feather,stg_pln_sum_prc_amt_36m_his_rto_light,float,,1710
1,local_feather,stg_pln_sum_prc_amt_1m_6m_diff_rto_light,float,,1711
1,local_feather,stg_pln_sum_prc_amt_adv_6m_rto_light,float,,1712
1,local_feather,stg_pln_cnt_due_1m_rto_his_light,float,,1713
1,local_feather,stg_pln_avg_prc_amt_36m_per_mth_light,float,,1714
1,local_feather,stg_pln_sum_prc_amt_24m_36m_diff_rto_light,float,,1715
1,local_feather,stg_pln_cnt_on_1m_rto_light,float,,1716
1,local_feather,stg_pln_cnt_12m_24m_rto_light,float,,1717
1,local_feather,stg_pln_sum_prc_amt_24m_36m_rto_light,float,,1718
1,local_feather,stg_pln_sum_prc_amt_due_1m_rto_light,float,,1719
1,local_feather,stg_pln_sum_prc_amt_due_6m_rto_light,float,,1720
1,local_feather,stg_pln_avg_prc_amt_6m_per_mth_light,float,,1721
1,local_feather,stg_pln_sum_prc_amt_12m_24m_diff_rto_light,float,,1722
1,local_feather,stg_pln_cnt_adv_12m_rto_his_light,float,,1723
1,local_feather,stg_pln_sum_prc_amt_6m_12m_diff_rto_light,float,,1724
1,local_feather,stg_pln_cnt_24m_36m_diff_rto_light,float,,1725
1,local_feather,stg_pln_cnt_6m_12m_diff_rto_light,float,,1726
1,local_feather,stg_pln_cnt_12m_24m_diff_rto_light,float,,1727
1,local_feather,stg_pln_cnt_1m_6m_rto_light,float,,1728
1,local_feather,stg_pln_sum_prc_amt_on_12m_rto_light,float,,1729
1,local_feather,ord_apl_fal_cnt_90_day,float,,1730
1,local_feather,ord_apl_cnt_90_day_19_23,float,,1731
1,local_feather,ord_apl_suc_min_stg_num_360_day,float,,1732
1,local_feather,his_180_day_csh_apl_ord_cnt_his_rto,float,,1733
1,local_feather,ord_apl_suc_max_prc_amt_his,float,,1734
1,local_feather,ord_apl_sum_prc_amt_180_day_13_18,float,,1735
1,local_feather,fst_fal_ord_prc_amt,float,,1736
1,local_feather,ord_apl_suc_sum_stg_num_his,float,,1737
1,local_feather,ord_apl_cnt_30_day,float,,1738
1,local_feather,fst_ord_prc_amt,float,,1739
1,local_feather,ord_apl_min_prc_amt_360_day,float,,1740
1,local_feather,ord_apl_max_prc_amt_180_day,float,,1741
1,local_feather,max_ddf_lag_crt_dte,float,,1742
1,local_feather,ord_apl_sum_prc_amt_360_day_19_23,float,,1743
1,local_feather,ord_apl_suc_6_cnt_30_day_rto,float,,1744
1,local_feather,his_30_day_prc_amt_3_000_flg_suc_ord_cnt,float,,1745
1,local_feather,ord_apl_suc_cnt_180_day_19_23,float,,1746
1,local_feather,ord_apl_suc_max_stg_num_his,float,,1747
1,local_feather,fst_ord_stg_num,float,,1748
1,local_feather,ord_apl_suc_min_stg_num_his,float,,1749
1,local_feather,min_ddf_suc_lag_crt_tim_mnt,float,,1750
1,local_feather,ddf_mdl_lst_ord_crt_dte,float,,1751
1,local_feather,pst_ord_apl_suc_sum_prc_amt_his,float,,1752
1,local_feather,ord_apl_suc_max_stg_num_90_day,float,,1753
1,local_feather,ord_apl_sum_prc_amt_90_day_19_23,float,,1754
1,local_feather,ord_apl_suc_12_cnt_30_day,float,,1755
1,local_feather,ord_apl_suc_sum_prc_amt_180_day_07_12,float,,1756
1,local_feather,ord_apl_suc_max_prc_amt_360_day,float,,1757
1,local_feather,ord_apl_suc_sum_prc_amt_180_day_19_23,float,,1758
1,local_feather,ord_apl_suc_6_cnt_his,float,,1759
1,local_feather,ord_apl_suc_6_cnt_360_day,float,,1760
1,local_feather,ord_apl_suc_sum_prc_amt_90_day,float,,1761
1,local_feather,ord_apl_suc_sum_prc_amt_180_day_13_18,float,,1762
1,local_feather,his_360_day_csh_apl_ord_cnt_his_rto,float,,1763
1,local_feather,ord_apl_suc_cnt_90_day_07_12,float,,1764
1,local_feather,his_360_day_bt_apl_ord_cnt_csh_rto,float,,1765
1,local_feather,ord_apl_sum_prc_amt_30_90_day_rto,float,,1766
1,local_feather,ord_apl_fal_cnt_360_day,float,,1767
1,local_feather,ord_apl_cnt_360_day_04_06,float,,1768
1,local_feather,his_360_day_bt_suc_ord_cnt_csh_rto,float,,1769
1,local_feather,ord_apl_cnt_30_day_13_18,float,,1770
1,local_feather,pst_ord_apl_suc_max_prc_amt_180_day,float,,1771
1,local_feather,ord_apl_sum_prc_amt_180_day_07_12,float,,1772
1,local_feather,his_30_day_prc_amt_3_000_flg_apl_ord_cnt,float,,1773
1,local_feather,pst_ord_apl_suc_sum_prc_amt_180_360_day_rto,float,,1774
1,local_feather,fst_ord_prc_fst_adt_lmt_rto,float,,1775
1,local_feather,fst_fal_ord_stg_num,float,,1776
1,local_feather,ord_apl_suc_weighted_stg_num_180_day,float,,1777
1,local_feather,ord_apl_sum_prc_amt_360_day,float,,1778
1,local_feather,pst_ord_apl_suc_sum_prc_amt_360_day,float,,1779
1,local_feather,min_ddf_lag_crt_tim_mnt,float,,1780
1,local_feather,ddf_fst_lst_ord_crt_dte,float,,1781
1,local_feather,max_ddf_suc_lag_crt_dte,float,,1782
1,local_feather,ord_apl_avg_prc_amt_360_day,float,,1783
1,local_feather,ord_apl_cnt_180_day_13_18,float,,1784
1,local_feather,ord_apl_fal_cnt_his,float,,1785
1,local_feather,ord_apl_sum_prc_amt_90_day,float,,1786
1,local_feather,ord_apl_suc_cnt_90_day_13_18,float,,1787
1,local_feather,ddf_fst_adt_fst_ord_crt_dte_mnt,float,,1788
1,local_feather,ord_apl_sum_prc_amt_30_day_13_18,float,,1789
1,local_feather,ord_apl_cnt_90_day_07_12,float,,1790
1,local_feather,pst_ord_apl_suc_sum_prc_amt_30_day,float,,1791
1,local_feather,bsy_typ_suc_cnt_his,float,,1792
1,local_feather,ord_apl_sum_prc_amt_30_day_07_12,float,,1793
1,local_feather,ord_apl_suc_min_prc_amt_180_day,float,,1794
1,local_feather,his_90_day_csh_apl_ord_cnt_his_rto,float,,1795
1,local_feather,his_360_day_csh_apl_ord_cnt,float,,1796
1,local_feather,ord_apl_sum_prc_amt_90_180_day_rto,float,,1797
1,local_feather,ord_apl_sum_prc_amt_30_day,float,,1798
1,local_feather,his_30_day_csh_apl_ord_cnt_his_rto,float,,1799
1,local_feather,his_90_day_prc_amt_1_000_flg_suc_ord_cnt,float,,1800
1,local_feather,pst_ord_apl_suc_cnt_30_day,float,,1801
1,local_feather,ord_apl_cnt_360_day_19_23,float,,1802
1,local_feather,ord_apl_sum_prc_amt_360_day_04_06,float,,1803
1,local_feather,ord_apl_min_prc_amt_his,float,,1804
1,local_feather,pst_ord_apl_suc_max_prc_amt_his,float,,1805
1,local_feather,his_180_day_prc_amt_3_000_flg_suc_ord_cnt,float,,1806
1,local_feather,his_180_day_prc_amt_3_000_flg_apl_ord_cnt,float,,1807
1,local_feather,ord_apl_suc_cnt_360_day_13_18,float,,1808
1,local_feather,ord_apl_cnt_360_day_00_03,float,,1809
1,local_feather,ord_apl_suc_sum_stg_num_180_day,float,,1810
1,local_feather,pst_ord_apl_suc_sum_prc_amt_90_180_day_rto,float,,1811
1,local_feather,his_180_day_bt_apl_ord_cnt_csh_rto,float,,1812
1,local_feather,ddf_ato_fst_ord_crt_dte,float,,1813
1,local_feather,ord_apl_suc_6_cnt_360_day_rto,float,,1814
1,local_feather,ord_apl_sum_prc_amt_180_360_day_rto,float,,1815
1,local_feather,ord_apl_sum_prc_amt_360_day_00_03,float,,1816
1,local_feather,ord_apl_cnt_30_day_07_12,float,,1817
1,local_feather,ord_apl_suc_cnt_360_day_07_12,float,,1818
1,local_feather,ord_apl_suc_12_cnt_360_day_rto,float,,1819
1,local_feather,m1_stg_pln_bnk_cnt_max,float,,1820
1,local_feather,m1_pmt_not_eng_mor_3_stg_pln_cnt,float,,1821
1,local_feather,m1_pmt_not_eng_mor_3_stg_pln_amt_sum,float,,1822
1,local_feather,m3_payment_not_eng_inteday_max,float,,1823
1,local_feather,m3_stg_pln_pmt_not_eng_amt_max,float,,1824
1,local_feather,m1_pmt_not_eng_equal_1_stg_pln_d0_cnt,float,,1825
1,local_feather,m6_pmt_not_eng_equal_1_stg_pln_d0_amt_sum,float,,1826
1,local_feather,m1_pmt_not_eng_cnt_pday_equal_1_day_cnt,float,,1827
1,local_feather,m6_payment_not_eng_mdl_crt_ddf_max,float,,1828
1,local_feather,m6_pmt_not_eng_equal_2_stg_pln_d0_amt_sum_rat,float,,1829
1,local_feather,pmt_not_eng_stg_pln_cnt_1m_3m_rat_trend,float,,1830
1,local_feather,m1_pmt_not_eng_mor_3_stg_pln_d0_cnt,float,,1831
1,local_feather,m3_pmt_not_eng_cnt_pday_min,float,,1832
1,local_feather,m1_stg_pln_pmt_not_eng_cnt_min,float,,1833
1,local_feather,m3_pmt_not_eng_equal_1_stg_pln_amt_rat,float,,1834
1,local_feather,m3_pmt_not_eng_equal_3_stg_pln_d0_amt_sum,float,,1835
1,local_feather,m1_payment_not_eng_inteday_avg,float,,1836
1,local_feather,m1_pmt_not_eng_stg_pln_d0_amt_sum_rat,float,,1837
1,local_feather,m3_stg_pln_pmt_not_eng_cnt_sum,float,,1838
1,local_feather,m6_pmt_not_eng_equal_1_stg_pln_d0_cnt_rat,float,,1839
1,local_feather,m6_pmt_not_eng_amt_pday_min,float,,1840
1,local_feather,m3_stg_pln_crd_cnt_min,float,,1841
1,local_feather,m1_pmt_not_eng_equal_2_stg_pln_cnt,float,,1842
1,local_feather,m6_pmt_not_eng_equal_2_stg_pln_cnt,float,,1843
1,local_feather,m3_payment_not_eng_inteday_avg,float,,1844
1,local_feather,m6_payment_not_eng_inteday_max,float,,1845
1,local_feather,m6_stg_pln_d0_pmt_not_eng_cnt_max,float,,1846
1,local_feather,m6_pmt_not_eng_equal_3_stg_pln_d0_amt_sum_rat,float,,1847
1,local_feather,m1_stg_pln_d0_pmt_not_eng_cnt_avg,float,,1848
1,local_feather,m3_pmt_not_eng_equal_2_stg_pln_d0_amt_sum,float,,1849
1,local_feather,m3_pmt_not_eng_equal_2_stg_pln_cnt_rat,float,,1850
1,local_feather,m3_pmt_not_eng_stg_pln_d0_cnt,float,,1851
1,local_feather,m6_pmt_not_eng_equal_1_stg_pln_d0_cnt,float,,1852
1,local_feather,m1_pmt_not_eng_cnt_pday_min,float,,1853
1,local_feather,m6_stg_pln_d0_pmt_not_eng_cnt_avg,float,,1854
1,local_feather,m3_pmt_not_eng_cnt_pday_equal_1_day_cnt,float,,1855
1,local_feather,m3_pmt_not_eng_equal_3_stg_pln_amt_rat,float,,1856
1,local_feather,m1_stg_pln_crd_cnt_min,float,,1857
1,local_feather,m6_pmt_not_eng_amt_pday_max,float,,1858
1,local_feather,m6_stg_pln_pmt_not_eng_cnt_min,float,,1859
1,local_feather,m6_payment_not_eng_mdl_crt_ddf_min,float,,1860
1,local_feather,m1_pmt_not_eng_equal_1_stg_pln_amt_rat,float,,1861
1,local_feather,m1_stg_pln_pmt_not_eng_cnt_max,float,,1862
1,local_feather,m3_stg_pln_pmt_not_eng_cnt_min,float,,1863
1,local_feather,m1_pmt_not_eng_equal_3_stg_pln_d0_amt_sum,float,,1864
1,local_feather,m1_pmt_not_eng_mor_3_stg_pln_amt_rat,float,,1865
1,local_feather,m6_pmt_not_eng_mor_3_stg_pln_cnt_rat,float,,1866
1,local_feather,m6_payment_not_eng_mdl_crt_ddf_avg,float,,1867
1,local_feather,m6_pmt_not_eng_mor_3_stg_pln_d0_amt_sum_rat,float,,1868
1,local_feather,m3_payment_not_eng_mdl_crt_ddf_avg,float,,1869
1,local_feather,pmt_not_eng_stg_pln_cnt_3m_6m_rat_trend,float,,1870
1,local_feather,m6_payment_not_eng_inteday_avg,float,,1871
1,local_feather,m3_pmt_not_eng_cnt_pday_mor_0_day_cnt,float,,1872
1,local_feather,m3_stg_pln_crd_cnt_max,float,,1873
1,local_feather,m3_payment_not_eng_mdl_crt_ddf_max,float,,1874
1,local_feather,m3_pmt_not_eng_mor_3_stg_pln_d0_amt_sum,float,,1875
1,local_feather,m6_pmt_not_eng_mor_3_stg_pln_cnt,float,,1876
1,local_feather,m3_pmt_not_eng_equal_1_stg_pln_amt_sum,float,,1877
1,local_feather,m3_stg_pln_bnk_cnt_avg,float,,1878
1,local_feather,m1_stg_pln_pmt_not_eng_amt_max,float,,1879
1,local_feather,m3_pmt_not_eng_stg_pln_cnt_rat,float,,1880
1,local_feather,m1_pmt_not_eng_cnt_pday_mor_1_day_cnt,float,,1881
1,local_feather,m3_stg_pln_pmt_not_eng_cnt_avg,float,,1882
1,local_feather,m6_pmt_not_eng_equal_3_stg_pln_d0_cnt,float,,1883
1,local_feather,m1_pmt_not_eng_equal_3_stg_pln_amt_rat,float,,1884
1,local_feather,m6_stg_pln_pmt_not_eng_amt_min,float,,1885
1,local_feather,m3_pmt_not_eng_stg_pln_d0_amt_sum,float,,1886
1,local_feather,m1_payment_not_eng_mdl_crt_ddf_max,float,,1887
1,local_feather,m6_pmt_not_eng_mor_3_stg_pln_d0_cnt,float,,1888
1,local_feather,m6_stg_pln_pmt_not_eng_cnt_max,float,,1889
1,local_feather,m6_pmt_not_eng_cnt_pday_max,float,,1890
1,local_feather,m1_pmt_not_eng_equal_1_stg_pln_amt_sum,float,,1891
1,local_feather,pmt_not_eng_stg_pln_cnt_3m_6m_rat,float,,1892
1,local_feather,m1_pmt_not_eng_equal_2_stg_pln_d0_amt_sum,float,,1893
1,local_feather,m6_pmt_not_eng_cnt_pday_min,float,,1894
1,local_feather,m6_pmt_not_eng_mor_3_stg_pln_amt_sum,float,,1895
1,local_feather,m1_pmt_not_eng_equal_2_stg_pln_amt_rat,float,,1896
1,local_feather,m1_pmt_not_eng_equal_3_stg_pln_cnt,float,,1897
1,local_feather,m3_rep_apl_suc_cnt_rat,float,,1898
1,local_feather,m6_ao_offline_rep_apl_suc_cnt,float,,1899
1,local_feather,m3_manual_work_day_rep_apl_fal_cnt,float,,1900
1,local_feather,m1_manual_tim_0_5_rep_apl_fal_cnt,float,,1901
1,local_feather,m1_ao_offline_rep_apl_suc_amt_min,float,,1902
1,local_feather,m6_ao_offline_rep_apl_suc_amt_sum,float,,1903
1,local_feather,m3_manual_deduct_rep_apl_suc_amt_sum,float,,1904
1,local_feather,m1_manual_rep_apl_suc_cnt_in_manual_rep_rat,float,,1905
1,local_feather,m3_manual_tim_13_18_rep_apl_fal_cnt,float,,1906
1,local_feather,m6_manual_deduct_rep_apl_suc_amt_avg,float,,1907
1,local_feather,m1_manual_tim_6_12_rep_apl_fal_cnt,float,,1908
1,local_feather,m1_manual_tim_6_12_rep_apl_cnt_rat,float,,1909
1,local_feather,m1_add_bathch_rep_apl_suc_cnt_rat,float,,1910
1,local_feather,m6_add_bathch_rep_apl_suc_cnt,float,,1911
1,local_feather,m3_manual_deduct_rep_apl_cnt_rat,float,,1912
1,local_feather,m1_manual_tim_13_18_rep_apl_suc_cnt,float,,1913
1,local_feather,m1_normal_batch_rep_apl_suc_cnt,float,,1914
1,local_feather,m1_ao_offline_rep_apl_cnt,float,,1915
1,local_feather,m3_ao_offline_mrn_rep_apl_suc_cnt,float,,1916
1,local_feather,m1_manual_mrn_rep_apl_suc_cnt,float,,1917
1,local_feather,m1_mrn_rep_apl_cnt,float,,1918
1,local_feather,m6_manual_deduct_rep_apl_fal_cnt,float,,1919
1,local_feather,m1_manual_rep_apl_fal_cnt,float,,1920
1,local_feather,m6_ao_offline_rep_apl_suc_amt_max,float,,1921
1,local_feather,m1_manual_deduct_rep_apl_suc_amt_sum,float,,1922
1,local_feather,m3_submit_fal_rep_apl_cnt,float,,1923
1,local_feather,m3_manual_rep_apl_suc_amt_avg,float,,1924
1,local_feather,m1_manual_weekend_day_rep_apl_fal_cnt,float,,1925
1,local_feather,m3_manual_tim_19_24_rep_apl_fal_cnt,float,,1926
1,local_feather,m6_manual_tim_19_24_rep_apl_suc_cnt_rat,float,,1927
1,local_feather,m1_manual_deduct_rep_apl_cnt_rat,float,,1928
1,local_feather,m6_manual_tim_13_18_rep_apl_suc_cnt,float,,1929
1,local_feather,m6_manual_rep_apl_fal_cnt,float,,1930
1,local_feather,m6_manual_rep_apl_suc_cnt_in_manual_rep_rat,float,,1931
1,local_feather,m6_ao_offline_rep_apl_suc_amt_avg,float,,1932
1,local_feather,m6_manual_rep_apl_suc_amt_max,float,,1933
1,local_feather,m6_manual_rep_apl_fal_cnt_rat,float,,1934
1,local_feather,m1_rep_apl_suc_amt_max,float,,1935
1,local_feather,m3_add_bathch_mrn_rep_apl_suc_cnt,float,,1936
1,local_feather,m6_part_suc_rep_apl_cnt,float,,1937
1,local_feather,m6_manual_weekend_day_rep_apl_fal_cnt,float,,1938
1,local_feather,m1_manual_deduct_rep_apl_cnt,float,,1939
1,local_feather,m1_manual_rep_apl_fal_cnt_rat,float,,1940
1,local_feather,m1_rep_apl_suc_cnt,float,,1941
1,local_feather,m1_part_suc_rep_apl_cnt_rat,float,,1942
1,local_feather,m6_manual_tim_19_24_rep_apl_suc_cnt,float,,1943
1,local_feather,m1_ao_offline_mrn_rep_apl_suc_cnt,float,,1944
1,local_feather,m3_add_bathch_rep_apl_suc_cnt_rat,float,,1945
1,local_feather,m1_manual_rep_apl_suc_cnt_rat,float,,1946
1,local_feather,m6_manual_tim_6_12_rep_apl_cnt_rat,float,,1947
1,local_feather,m1_normal_batch_rep_apl_suc_amt_avg,float,,1948
1,local_feather,m6_manual_tim_13_18_rep_apl_suc_cnt_rat,float,,1949
1,local_feather,m6_add_bathch_rep_apl_suc_amt_max,float,,1950
1,local_feather,m1_manual_rep_apl_suc_amt_avg,float,,1951
1,local_feather,m6_manual_tim_0_5_rep_apl_fal_cnt,float,,1952
1,local_feather,m6_normal_batch_rep_apl_fal_cnt_rat,float,,1953
1,local_feather,m1_manual_tim_13_18_rep_apl_cnt_rat,float,,1954
1,local_feather,m1_rep_apl_suc_amt_avg,float,,1955
1,local_feather,m6_manual_tim_0_5_rep_apl_suc_cnt,float,,1956
1,local_feather,m3_ao_offline_rep_apl_suc_amt_avg,float,,1957
1,local_feather,m1_manual_tim_13_18_rep_apl_fal_cnt,float,,1958
1,local_feather,m6_add_bathch_rep_apl_suc_amt_avg,float,,1959
1,local_feather,m1_submit_fal_rep_apl_cnt_rat,float,,1960
1,local_feather,m3_manual_tim_0_5_rep_apl_fal_cnt,float,,1961
1,local_feather,m3_normal_batch_rep_apl_suc_amt_sum,float,,1962
1,local_feather,m1_add_bathch_rep_apl_suc_amt_sum,float,,1963
1,local_feather,m1_rep_apl_suc_amt_sum,float,,1964
1,local_feather,m1_normal_batch_rep_apl_fal_cnt_rat,float,,1965
1,local_feather,m1_ao_offline_rep_apl_suc_amt_max,float,,1966
1,local_feather,m1_normal_batch_rep_apl_cnt_rat,float,,1967
1,local_feather,m1_part_suc_rep_apl_cnt,float,,1968
1,local_feather,m6_manual_work_day_rep_apl_suc_cnt_rat,float,,1969
1,local_feather,m1_manual_tim_19_24_rep_apl_cnt_rat,float,,1970
1,local_feather,m1_manual_weekend_day_rep_apl_suc_cnt,float,,1971
1,local_feather,m3_manual_deduct_rep_apl_suc_amt_avg,float,,1972
1,local_feather,m6_manual_deduct_rep_apl_suc_cnt,float,,1973
1,local_feather,m6_rep_apl_suc_amt_sum,float,,1974
1,local_feather,m1_manual_deduct_rep_apl_suc_amt_min,float,,1975
1,local_feather,m1_manual_deduct_mrn_rep_apl_suc_cnt,float,,1976
1,local_feather,m6_manual_rep_apl_suc_cnt_rat,float,,1977
1,local_feather,m1_manual_work_day_rep_apl_cnt_rat,float,,1978
1,local_feather,m6_mrn_rep_apl_cnt,float,,1979
1,local_feather,m6_manual_tim_13_18_rep_apl_fal_cnt,float,,1980
1,local_feather,m1_ao_offline_rep_apl_suc_amt_sum,float,,1981
1,local_feather,m1_add_bathch_rep_apl_suc_amt_avg,float,,1982
1,local_feather,m6_normal_batch_rep_apl_suc_amt_min,float,,1983
1,local_feather,m3_ao_offline_rep_apl_cnt_rat,float,,1984
1,local_feather,m6_normal_batch_rep_apl_suc_amt_avg,float,,1985
1,local_feather,m6_normal_batch_rep_apl_suc_amt_max,float,,1986
1,local_feather,m3_manual_weekend_day_rep_apl_fal_cnt,float,,1987
1,local_feather,m3_ao_offline_rep_apl_suc_amt_max,float,,1988
1,local_feather,m1_manual_deduct_rep_apl_suc_cnt_rat,float,,1989
1,local_feather,m1_normal_batch_rep_apl_suc_amt_max,float,,1990
1,local_feather,m3_submit_fal_rep_apl_cnt_rat,float,,1991
1,local_feather,m3_ao_offline_rep_apl_suc_amt_sum,float,,1992
1,local_feather,m3_rep_apl_suc_amt_avg,float,,1993
1,local_feather,m3_part_suc_rep_apl_cnt_rat,float,,1994
1,local_feather,m3_manual_deduct_rep_apl_suc_cnt_rat,float,,1995
1,local_feather,m1_manual_tim_19_24_rep_apl_fal_cnt,float,,1996
1,local_feather,m1_manual_tim_19_24_rep_apl_suc_cnt,float,,1997
1,local_feather,m1_manual_rep_apl_suc_amt_sum,float,,1998
1,local_feather,m3_add_bathch_rep_apl_suc_amt_sum,float,,1999
1,local_feather,m6_manual_tim_19_24_rep_apl_fal_cnt,float,,2000
1,local_feather,m3_manual_mrn_rep_apl_fal_cnt,float,,2001
1,local_feather,m1_normal_batch_rep_apl_suc_amt_min,float,,2002
1,local_feather,m6_add_bathch_rep_apl_cnt_rat,float,,2003
1,local_feather,m1_add_bathch_mrn_rep_apl_suc_cnt,float,,2004
1,local_feather,m6_normal_batch_rep_apl_cnt_rat,float,,2005
1,local_feather,m6_manual_tim_0_5_rep_apl_suc_cnt_rat,float,,2006
1,local_feather,m3_manual_rep_apl_suc_cnt,float,,2007
1,local_feather,m1_submit_fal_rep_apl_cnt,float,,2008
1,local_feather,m3_manual_deduct_rep_apl_suc_cnt,float,,2009
1,local_feather,m6_manual_rep_apl_suc_amt_avg,float,,2010
1,local_feather,m6_submit_fal_rep_apl_cnt,float,,2011
1,local_feather,m1_manual_tim_0_5_rep_apl_suc_cnt,float,,2012
1,local_feather,m3_manual_rep_apl_suc_amt_sum,float,,2013
1,local_feather,m3_ao_offline_rep_apl_suc_cnt_rat,float,,2014
1,local_feather,m3_add_bathch_rep_apl_suc_amt_avg,float,,2015
1,local_feather,m3_normal_batch_rep_apl_suc_cnt_rat,float,,2016
1,local_feather,m3_manual_rep_apl_cnt_rat,float,,2017
1,local_feather,m6_rep_apl_suc_amt_min,float,,2018
1,local_feather,m1_manual_tim_0_5_rep_apl_cnt_rat,float,,2019
1,local_feather,m3_manual_rep_apl_suc_amt_max,float,,2020
1,local_feather,m6_manual_deduct_rep_apl_suc_amt_max,float,,2021
1,local_feather,d365_avl_lmt_eql_0_month_cnt,float,,2022
1,local_feather,d180_avl_lmt_eql_0_month_cnt,float,,2023
1,local_feather,d1095_avl_lmt_con_drp_month_max,float,,2024
1,local_feather,d730_avl_lmt_eql_0_month_cnt,float,,2025
1,local_feather,d90_avl_lmt_con_drp_month_max,float,,2026
1,local_feather,d180_avl_lmt_shift1_rise_month_cnt,float,,2027
1,local_feather,d730_avl_lmt_shift1_rise_month_cnt,float,,2028
1,local_feather,d1095_avl_lmt_eql_0_month_cnt,float,,2029
1,local_feather,d365_avl_lmt_con_drp_month_max,float,,2030
1,local_feather,d730_avl_lmt_con_drp_month_max,float,,2031
1,local_feather,ai_refuse_cnt_60d,float,,2032
1,local_feather,ai_alpa_cnt_3d,float,,2033
1,local_feather,ai_rtp_cnt_30d,float,,2034
1,local_feather,ai_busy_cnt_3d,float,,2035
1,local_feather,ai_call_cnt_60d,float,,2036
1,local_feather,ai_wcnhk_cnt_90d,float,,2037
1,local_feather,ai_ptp_cnt_60d,float,,2038
1,local_feather,ai_call_cnt_10d,float,,2039
1,local_feather,ai_ptp_cnt_7d,float,,2040
1,local_feather,ai_rtp_cnt,float,,2041
1,local_feather,ai_ptp_cnt_21d,float,,2042
1,local_feather,ai_tousu2_cnt_15d,float,,2043
1,local_feather,ai_alpa_cnt_7d,float,,2044
1,local_feather,ai_answer_cnt_60d,float,,2045
1,local_feather,ai_call_cnt_21d,float,,2046
1,local_feather,ai_answer_close_cnt_15d,float,,2047
1,local_feather,ai_alpa_cnt_30d,float,,2048
1,local_feather,ai_tousu2_cnt,float,,2049
1,local_feather,ai_tousu2_cnt_21d,float,,2050
1,local_feather,ai_wcnhk_cnt_7d,float,,2051
1,local_feather,ai_answer_close_cnt_30d,float,,2052
1,local_feather,ai_ptp_cnt_3d,float,,2053
1,local_feather,ai_busy_cnt_15d,float,,2054
1,local_feather,ai_busy_cnt,float,,2055
1,local_feather,ai_refuse_cnt,float,,2056
1,local_feather,ai_rtp_cnt_10d,float,,2057
1,local_feather,ai_wcnhk_cnt_15d,float,,2058
1,local_feather,ai_answer_cnt_3d,float,,2059
1,local_feather,ai_wcnhk_cnt_30d,float,,2060
1,local_feather,ai_answer_cnt_10d,float,,2061
1,local_feather,ai_answer_cnt_21d,float,,2062
1,local_feather,ai_call_cnt_3d,float,,2063
1,local_feather,ai_answer_close_cnt_7d,float,,2064
1,local_feather,ai_busy_cnt_7d,float,,2065
1,local_feather,ai_answer_close_cnt_3d,float,,2066
1,local_feather,ai_refuse_cnt_7d,float,,2067
1,local_feather,ai_wcnhk_cnt_3d,float,,2068
1,local_feather,ai_rtp_cnt_7d,float,,2069
1,local_feather,ai_refuse_cnt_21d,float,,2070
1,local_feather,ai_refuse_cnt_3d,float,,2071
1,local_feather,ai_answer_close_cnt_90d,float,,2072
1,local_feather,ai_busy_cnt_30d,float,,2073
1,local_feather,ai_tousu2_cnt_10d,float,,2074
1,local_feather,ai_tousu2_cnt_90d,float,,2075
1,local_feather,ai_rtp_cnt_3d,float,,2076
1,local_feather,ai_alpa_cnt_15d,float,,2077
1,local_feather,d365_aplord_amt_grt_fst_month_rto,float,,2078
1,local_feather,d365_aplord_amt_grt_fst_month_cnt,float,,2079
1,local_feather,d365_aplord_amt10000plus_month_cnt,float,,2080
1,local_feather,d1095_aplord_stg_grt_fst_month_cnt,float,,2081
1,local_feather,d365_aplord_amt10000plus_month_rto,float,,2082
1,local_feather,d180_aplord_stg_grt_fst_month_cnt,float,,2083
1,local_feather,d90_aplord_amt_grt_fst_month_rto,float,,2084
1,local_feather,d90_aplord_fal_month_cnt,float,,2085
1,local_feather,d730_aplord_amt_grt_fst_month_rto,float,,2086
1,local_feather,d1095_aplord_fal_month_cnt,float,,2087
1,local_feather,d90_aplord_suc_month_cnt,float,,2088
1,local_feather,d730_aplord_stg_grt_fst_month_rto,float,,2089
1,local_feather,d365_aplord_suc_month_cnt,float,,2090
1,local_feather,d365_aplord_fal_month_rto,float,,2091
1,local_feather,d90_aplord_suc_month_rto,float,,2092
1,local_feather,d365_aplord_fal_month_cnt,float,,2093
1,local_feather,6m_repay_amt_second_der_median,float,,2094
1,local_feather,18m_repay_amt_second_der_mean_rto,float,,2095
1,local_feather,3stg_pln_repay_amt_first_der_mean_rto,float,,2096
1,local_feather,6m_repay_amt_second_der_mean_diff,float,,2097
1,local_feather,12stg_pln_repay_amt_first_der_median,float,,2098
1,local_feather,12m_repay_amt_first_der_mean_rto,float,,2099
1,local_feather,24thord_con_ontime_repay_max,float,,2100
1,local_feather,3m_repay_amt_first_der_max,float,,2101
1,local_feather,36stg_pln_repay_amt_first_der_great_0_count,float,,2102
1,local_feather,3m_repay_amt_first_der_median,float,,2103
1,local_feather,6stg_pln_repay_amt_second_der_mean_rto,float,,2104
1,local_feather,3m_repay_amt_second_der_sum,float,,2105
1,local_feather,12stg_pln_repay_amt_first_der_sum,float,,2106
1,local_feather,30stg_pln_repay_amt_second_der_mean_rto,float,,2107
1,local_feather,3stg_pln_repay_amt_second_der_small_0_count,float,,2108
1,local_feather,6m_repay_amt_first_der_great_0_count,float,,2109
1,local_feather,36stg_pln_repay_amt_first_der_sum,float,,2110
1,local_feather,3m_repay_amt_first_der_mean_diff,float,,2111
1,local_feather,12m_con_keep_repay_max,float,,2112
1,local_feather,6stg_pln_repay_amt_second_der_median,float,,2113
1,local_feather,6m_con_keep_repay_max,float,,2114
1,local_feather,3stg_pln_repay_amt_second_der_mean_diff,float,,2115
1,local_feather,12m_repay_amt_second_der_sum,float,,2116
1,local_feather,12m_repay_amt_second_der_median,float,,2117
1,local_feather,6stg_pln_repay_amt_first_der_mean_diff,float,,2118
1,local_feather,12stg_pln_repay_amt_second_der_mean_rto,float,,2119
1,local_feather,3stg_pln_repay_amt_first_der_mean_diff,float,,2120
1,local_feather,3m_repay_amt_second_der_mean_rto,float,,2121
1,local_feather,18m_repay_amt_first_der_mean_rto,float,,2122
1,local_feather,12m_repay_amt_second_der_avg,float,,2123
1,local_feather,3m_repay_amt_second_der_median,float,,2124
1,local_feather,24stg_pln_repay_amt_second_der_avg,float,,2125
1,local_feather,12stg_pln_repay_amt_first_der_mean_diff,float,,2126
1,local_feather,36stg_pln_repay_amt_first_der_mean_rto,float,,2127
1,local_feather,3m_repay_amt_first_der_sum,float,,2128
1,local_feather,18m_con_keep_repay_max,float,,2129
1,local_feather,3m_repay_amt_second_der_mean_diff,float,,2130
1,local_feather,3stg_pln_repay_amt_first_der_sum,float,,2131
1,local_feather,18m_repay_amt_second_der_avg,float,,2132
1,local_feather,3m_repay_amt_first_der_min,float,,2133
1,local_feather,3m_repay_amt_second_der_max,float,,2134
1,local_feather,12m_repay_amt_second_der_mean_rto,float,,2135
1,local_feather,3m_repay_amt_second_der_great_0_count,float,,2136
1,local_feather,3m_repay_amt_first_der_small_0_count,float,,2137
1,local_feather,3stg_pln_repay_amt_first_der_small_0_count,float,,2138
1,local_feather,6stg_pln_repay_amt_first_der_median,float,,2139
1,local_feather,24stg_pln_repay_amt_second_der_mean_rto,float,,2140
1,local_feather,6m_repay_amt_second_der_small_0_count,float,,2141
1,local_feather,3m_repay_amt_second_der_min,float,,2142
1,local_feather,18m_repay_amt_first_der_avg,float,,2143
1,local_feather,18m_con_dsc_repay_max,float,,2144
1,local_feather,36stg_pln_repay_amt_second_der_mean_diff,float,,2145
1,local_feather,18m_repay_amt_second_der_mean_diff,float,,2146
1,local_feather,18stg_pln_repay_amt_first_der_mean_rto,float,,2147
1,local_feather,6m_repay_amt_first_der_median,float,,2148
1,local_feather,24stg_pln_repay_amt_first_der_mean_rto,float,,2149
1,local_feather,18stg_pln_repay_amt_second_der_mean_diff,float,,2150
1,local_feather,12thord_con_late_repay_max,float,,2151
1,local_feather,6stg_pln_repay_amt_first_der_mean_rto,float,,2152
1,local_feather,3stg_pln_repay_amt_second_der_mean_rto,float,,2153
1,local_feather,3m_repay_amt_first_der_mean_rto,float,,2154
1,local_feather,36stg_pln_repay_amt_first_der_small_0_count,float,,2155
1,local_feather,6m_repay_amt_first_der_mean_rto,float,,2156
1,local_feather,12m_repay_amt_second_der_mean_diff,float,,2157
1,local_feather,12m_repay_amt_first_der_stddev,float,,2158
1,local_feather,6stg_pln_repay_amt_second_der_sum,float,,2159
1,local_feather,6m_repay_amt_first_der_sum,float,,2160
1,local_feather,6stg_pln_repay_amt_first_der_great_0_count,float,,2161
1,local_feather,6m_repay_amt_second_der_mean_rto,float,,2162
1,local_feather,12stg_pln_repay_amt_second_der_median,float,,2163
1,local_feather,12stg_pln_repay_amt_first_der_mean_rto,float,,2164
1,local_feather,18m_repay_amt_second_der_sum,float,,2165
1,local_feather,6m_repay_amt_second_der_sum,float,,2166
1,local_feather,6thord_con_adv_repay_max,float,,2167
1,local_feather,12m_repay_amt_second_der_great_0_count,float,,2168
1,local_feather,6stg_pln_repay_amt_first_der_min,float,,2169
1,local_feather,18m_repay_amt_second_der_median,float,,2170
1,local_feather,6m_repay_amt_first_der_max,float,,2171
1,local_feather,12m_repay_amt_first_der_mean_diff,float,,2172
1,local_feather,3stg_pln_repay_amt_first_der_median,float,,2173
1,local_feather,18m_con_asc_repay_max,float,,2174
1,local_feather,18m_repay_amt_first_der_mean_diff,float,,2175
1,local_feather,18stg_pln_repay_amt_second_der_mean_rto,float,,2176
1,local_feather,18m_repay_amt_first_der_median,float,,2177
1,local_feather,6stg_pln_repay_amt_first_der_max,float,,2178
1,local_feather,30stg_pln_repay_amt_first_der_mean_rto,float,,2179
1,local_feather,24stg_pln_repay_amt_first_der_mean_diff,float,,2180
1,local_feather,18stg_pln_repay_amt_first_der_stddev,float,,2181
1,local_feather,6thord_con_ontime_repay_max,float,,2182
1,local_feather,6m_repay_amt_first_der_mean_diff,float,,2183
1,local_feather,12m_repay_amt_first_der_sum,float,,2184
1,local_feather,36stg_pln_repay_amt_second_der_mean_rto,float,,2185
1,local_feather,12m_repay_amt_first_der_median,float,,2186
1,local_feather,6m_con_dsc_repay_max,float,,2187
1,local_feather,3stg_pln_repay_amt_first_der_stddev,float,,2188
1,local_feather,f54__percent_true_call_mode_is_manual_called_phone_social_relations_is_friend_30d,float,,2189
1,local_feather,f54__percent_true_call_mode_is_ai_called_phone_social_relations_is_self_15d,float,,2190
1,local_feather,percent_true_call_mode_is_yuce_called_phone_social_relations_is_self_180d,float,,2191
1,local_feather,f54__percent_true_call_mode_is_ai_called_phone_social_relations_is_self_7d,float,,2192
1,local_feather,percent_true_call_mode_is_yuce_called_phone_social_relations_is_self_60d,float,,2193
1,local_feather,f54__percent_true_call_mode_is_manual_called_phone_social_relations_is_family_is_can_contact_person_is_yes_60d,float,,2194
1,local_feather,num_true_call_mode_is_ai_called_phone_social_relations_is_self_is_can_contact_person_is_no_60d,float,,2195
1,local_feather,percent_true_call_mode_is_yuce_called_phone_social_relations_is_friend_is_can_contact_person_is_no_30d,float,,2196
1,local_feather,percent_true_call_mode_is_manual_called_phone_social_relations_is_family_7d,float,,2197
1,local_feather,percent_true_call_mode_is_yuce_called_phone_social_relations_is_friend_is_can_contact_person_is_no_180d,float,,2198
1,local_feather,sum_talk_duration_call_mode_ai_180d,float,,2199
1,local_feather,percent_true_call_mode_is_manual_called_phone_social_relations_is_family_180d,float,,2200
1,local_feather,percent_true_call_mode_is_yuce_called_phone_social_relations_is_friend_is_can_contact_person_is_no_60d,float,,2201
1,local_feather,percent_true_call_mode_is_yuce_called_phone_social_relations_is_family_is_can_contact_person_is_no_30d,float,,2202
1,local_feather,f54__percent_true_call_mode_is_manual_called_phone_social_relations_is_friend_180d,float,,2203
1,local_feather,f54__percent_true_call_mode_is_manual_called_phone_social_relations_is_friend_15d,float,,2204
1,local_feather,percent_true_call_mode_is_manual_called_phone_social_relations_is_friend_is_can_contact_person_is_yes_30d,float,,2205
1,local_feather,sum_talk_duration_30d,float,,2206
1,local_feather,f54__percent_true_call_mode_is_manual_called_phone_social_relations_is_self_is_can_contact_person_is_yes_90d,float,,2207
1,local_feather,sum_talk_duration_call_mode_ai_30d,float,,2208
1,local_feather,f54__percent_true_call_mode_is_manual_called_phone_social_relations_is_self_is_can_contact_person_is_yes_30d,float,,2209
1,local_feather,f54__percent_true_call_mode_is_manual_called_phone_social_relations_is_friend_is_can_contact_person_is_yes_15d,float,,2210
1,local_feather,sum_talk_duration_180d,float,,2211
1,local_feather,f54__percent_true_call_mode_is_manual_called_phone_social_relations_is_self_is_can_contact_person_is_yes_180d,float,,2212
1,local_feather,f54__percent_true_call_mode_is_manual_called_phone_social_relations_is_self_is_can_contact_person_is_yes_15d,float,,2213
1,local_feather,percent_true_call_mode_is_manual_called_phone_social_relations_is_family_90d,float,,2214
1,local_feather,percent_true_call_mode_is_manual_called_phone_social_relations_is_friend_7d,float,,2215
1,local_feather,percent_true_call_mode_is_manual_called_phone_social_relations_is_friend_is_can_contact_person_is_yes_180d,float,,2216
1,local_feather,percent_true_call_mode_is_yuce_called_phone_social_relations_is_family_is_can_contact_person_is_no_180d,float,,2217
1,local_feather,percent_true_call_mode_is_ai_called_phone_social_relations_is_self_is_can_contact_person_is_no_60d,float,,2218
1,local_feather,percent_true_call_mode_is_manual_called_phone_social_relations_is_family_is_can_contact_person_is_yes_180d,float,,2219
1,local_feather,f54__percent_true_call_mode_is_ai_called_phone_social_relations_is_self_180d,float,,2220
1,local_feather,f54__percent_true_call_mode_is_yuce_called_phone_social_relations_is_self_30d,float,,2221
1,local_feather,percent_true_call_mode_is_manual_called_phone_social_relations_is_friend_is_can_contact_person_is_yes_90d,float,,2222
1,local_feather,percent_true_call_mode_is_manual_called_phone_social_relations_is_family_30d,float,,2223
1,local_feather,percent_true_call_mode_is_manual_called_phone_social_relations_is_friend_90d,float,,2224
1,local_feather,f54__percent_true_call_mode_is_manual_called_phone_social_relations_is_self_is_can_contact_person_is_no_30d,float,,2225
1,local_feather,f54__percent_true_call_mode_is_manual_called_phone_social_relations_is_family_15d,float,,2226
1,local_feather,f54__percent_true_call_mode_is_manual_called_phone_social_relations_is_self_7d,float,,2227
1,local_feather,f54__percent_true_call_mode_is_ai_called_phone_social_relations_is_self_30d,float,,2228
1,local_feather,f54__percent_true_call_mode_is_ai_called_phone_social_relations_is_self_90d,float,,2229
1,local_feather,percent_true_call_mode_is_manual_called_phone_social_relations_is_family_is_can_contact_person_is_yes_30d,float,,2230
1,local_feather,f54__percent_true_call_mode_is_manual_called_phone_social_relations_is_family_is_can_contact_person_is_yes_15d,float,,2231
1,local_feather,percent_true_call_mode_is_manual_called_phone_social_relations_is_self_15d,float,,2232
1,local_feather,f54__percent_true_call_mode_is_manual_called_phone_social_relations_is_self_is_can_contact_person_is_no_90d,float,,2233
1,local_feather,used_rate_ch_grt_0p2_rate_3m_suc,float,,2234
1,local_feather,rsk_avl_lmt_ch_les_1000_cnt_3m,float,,2235
1,local_feather,rsk_avl_lmt_ch_les_500_cnt_12m,float,,2236
1,local_feather,used_rate_ch_grt_0p8_rate_1m_suc,float,,2237
1,local_feather,used_rate_ch_grt_0p5_cnt_3m,float,,2238
1,local_feather,rsk_avl_lmt_ch_les_1000_rate_12m,float,,2239
1,local_feather,rsk_avl_lmt_ch_les_500_cnt_1m,float,,2240
1,local_feather,rsk_avl_lmt_ch_les_10000_rate_3m,float,,2241
1,local_feather,used_rate_ch_grt_0p2_cnt_3m,float,,2242
1,local_feather,used_rate_ch_grt_0p2_rate_12m,float,,2243
1,local_feather,rsk_avl_lmt_ch_les_5000_cnt_1m,float,,2244
1,local_feather,used_rate_ch_grt_0p95_rate_1m,float,,2245
1,local_feather,rsk_avl_lmt_ch_les_5000_rate_1m,float,,2246
1,local_feather,used_rate_ch_grt_0p5_rate_3m,float,,2247
1,local_feather,rsk_avl_lmt_ch_les_500_rate_3m,float,,2248
1,local_feather,rsk_avl_lmt_ch_les_10000_cnt_12m,float,,2249
1,local_feather,used_rate_ch_grt_0p2_cnt_12m_suc,float,,2250
1,local_feather,used_rate_ch_grt_0p8_cnt_1m_suc,float,,2251
1,local_feather,used_rate_ch_grt_0p8_cnt_1m,float,,2252
1,local_feather,min_rsk_lmt_rate_bt_ch_3m,float,,2253
1,local_feather,used_rate_ch_grt_0p9_cnt_12m_suc,float,,2254
1,local_feather,used_rate_ch_grt_0p5_cnt_12m,float,,2255
1,local_feather,used_rate_ch_grt_0p5_cnt_3m_suc,float,,2256
1,local_feather,rsk_avl_lmt_ch_les_5000_rate_12m,float,,2257
1,local_feather,rsk_avl_lmt_ch_les_10000_cnt_3m,float,,2258
1,local_feather,used_rate_ch_grt_0p5_rate_3m_suc,float,,2259
1,local_feather,used_rate_ch_grt_0p95_cnt_6m,float,,2260
1,local_feather,used_rate_ch_grt_0p2_cnt_1m_suc,float,,2261
1,local_feather,used_rate_ch_grt_0p95_rate_3m_suc,float,,2262
1,local_feather,max_rsk_lmt_rate_bt_ch_3m,float,,2263
1,local_feather,percent_true_followup_code_yjt_called_phone_social_relations_friend_30d,float,,2264
1,local_feather,f56__percent_true_call_mode_is_manual_called_phone_social_relations_is_self_7d,float,,2265
1,local_feather,f56__percent_true_call_mode_is_yuce_called_phone_social_relations_is_self_30d,float,,2266
1,local_feather,percent_true_call_mode_is_yuce_called_phone_social_relations_is_friend_60d,float,,2267
1,local_feather,f56__percent_true_call_mode_is_manual_called_phone_social_relations_is_family_is_can_contact_person_is_yes_60d,float,,2268
1,local_feather,percent_true_followup_code_tskh_called_phone_social_relations_friend_30d,float,,2269
1,local_feather,f56__percent_true_call_mode_is_manual_called_phone_social_relations_is_self_is_can_contact_person_is_no_90d,float,,2270
1,local_feather,percent_true_followup_code_wfjt_called_phone_social_relations_family_180d,float,,2271
1,local_feather,percent_true_call_mode_is_manual_called_phone_social_relations_is_family_is_can_contact_person_is_no_7d,float,,2272
1,local_feather,percent_true_followup_code_yjt_called_phone_social_relations_family_60d,float,,2273
1,local_feather,percent_true_followup_code_yjt_is_can_contact_person_yes_180d,float,,2274
1,local_feather,percent_true_called_phone_social_relations_is_friend_is_can_contact_person_is_yes_30d,float,,2275
1,local_feather,percent_true_followup_code_other_call_mode_manual_7d,float,,2276
1,local_feather,percent_true_followup_code_other_call_mode_manual_180d,float,,2277
1,local_feather,percent_true_followup_code_yjt_call_mode_manual_90d,float,,2278
1,local_feather,percent_true_followup_code_jjhk_called_phone_social_relations_friend_30d,float,,2279
1,local_feather,percent_true_followup_code_yjt_90d,float,,2280
1,local_feather,percent_true_followup_code_other_call_mode_manual_90d,float,,2281
1,local_feather,percent_true_followup_code_tskh_is_can_contact_person_yes_60d,float,,2282
1,local_feather,f56__percent_true_call_mode_is_manual_called_phone_social_relations_is_friend_is_can_contact_person_is_yes_15d,float,,2283
1,local_feather,percent_true_followup_code_yyxh_called_phone_social_relations_family_180d,float,,2284
1,local_feather,percent_true_followup_code_wfjt_called_phone_social_relations_family_90d,float,,2285
1,local_feather,percent_true_call_mode_is_yuce_called_phone_social_relations_is_family_180d,float,,2286
1,local_feather,percent_true_called_phone_social_relations_is_family_is_can_contact_person_is_yes_30d,float,,2287
1,local_feather,percent_true_followup_code_wfjt_is_can_contact_person_yes_90d,float,,2288
1,local_feather,f56__percent_true_call_mode_is_ai_called_phone_social_relations_is_self_7d,float,,2289
1,local_feather,percent_true_followup_code_yjt_180d,float,,2290
1,local_feather,percent_true_followup_code_jjhk_is_can_contact_person_yes_30d,float,,2291
1,local_feather,percent_true_followup_code_tskh_30d,float,,2292
1,local_feather,percent_true_followup_code_jjhk_called_phone_social_relations_friend_60d,float,,2293
1,local_feather,percent_true_followup_code_tskh_call_mode_manual_180d,float,,2294
1,local_feather,percent_true_followup_code_wfjt_called_phone_social_relations_friend_7d,float,,2295
1,local_feather,percent_true_followup_code_yjt_call_mode_manual_15d,float,,2296
1,local_feather,percent_true_followup_code_yjt_30d,float,,2297
1,local_feather,percent_true_followup_code_tskh_60d,float,,2298
1,local_feather,percent_true_followup_code_jjhk_15d,float,,2299
1,local_feather,percent_true_followup_code_other_called_phone_social_relations_family_180d,float,,2300
1,local_feather,percent_true_followup_code_jjhk_180d,float,,2301
1,local_feather,percent_true_followup_code_other_called_phone_social_relations_friend_30d,float,,2302
1,local_feather,percent_true_followup_code_yjt_called_phone_social_relations_friend_60d,float,,2303
1,local_feather,percent_true_followup_code_yyxh_180d,float,,2304
1,local_feather,percent_true_followup_code_other_call_mode_yuce_60d,float,,2305
1,local_feather,f56__percent_true_call_mode_is_manual_called_phone_social_relations_is_self_is_can_contact_person_is_yes_30d,float,,2306
1,local_feather,percent_true_followup_code_jjhk_call_mode_manual_180d,float,,2307
1,local_feather,percent_true_followup_code_other_called_phone_social_relations_family_90d,float,,2308
1,local_feather,percent_true_followup_code_other_called_phone_social_relations_family_7d,float,,2309
1,local_feather,percent_true_followup_code_tskh_is_can_contact_person_yes_30d,float,,2310
1,local_feather,percent_true_followup_code_yjt_called_phone_social_relations_friend_180d,float,,2311
1,local_feather,percent_true_call_mode_is_yuce_called_phone_social_relations_is_friend_30d,float,,2312
1,local_feather,percent_true_call_mode_is_yuce_called_phone_social_relations_is_family_30d,float,,2313
1,local_feather,percent_true_followup_code_yyxh_call_mode_ai_60d,float,,2314
1,local_feather,percent_true_followup_code_wfjt_is_can_contact_person_yes_15d,float,,2315
1,local_feather,percent_true_followup_code_yjt_15d,float,,2316
1,local_feather,percent_true_followup_code_other_called_phone_social_relations_friend_15d,float,,2317
1,local_feather,percent_true_followup_code_jjhk_called_phone_social_relations_family_60d,float,,2318
1,local_feather,percent_true_call_mode_is_yuce_called_phone_social_relations_is_friend_180d,float,,2319
1,local_feather,f56__percent_true_call_mode_is_ai_called_phone_social_relations_is_self_30d,float,,2320
1,local_feather,percent_true_followup_code_wfjt_call_mode_manual_60d,float,,2321
1,local_feather,percent_true_followup_code_jjhk_called_phone_social_relations_family_180d,float,,2322
1,local_feather,percent_true_followup_code_other_7d,float,,2323
1,local_feather,percent_true_followup_code_wfjt_180d,float,,2324
1,local_feather,percent_true_call_mode_is_yuce_called_phone_social_relations_is_self_is_can_contact_person_is_no_90d,float,,2325
1,local_feather,percent_true_followup_code_yyxh_30d,float,,2326
1,local_feather,f56__percent_true_call_mode_is_ai_called_phone_social_relations_is_self_90d,float,,2327
1,local_feather,percent_true_followup_code_yyxh_call_mode_manual_7d,float,,2328
1,local_feather,percent_true_followup_code_tskh_180d,float,,2329
1,local_feather,count_call_mode_ai_60d,float,,2330
1,local_feather,f56__percent_true_call_mode_is_manual_called_phone_social_relations_is_friend_180d,float,,2331
1,local_feather,percent_true_followup_code_other_call_mode_yuce_180d,float,,2332
1,local_feather,percent_true_followup_code_other_called_phone_social_relations_friend_180d,float,,2333
1,local_feather,percent_true_followup_code_jjhk_called_phone_social_relations_family_30d,float,,2334
1,local_feather,percent_true_followup_code_yyxh_call_mode_manual_30d,float,,2335
1,local_feather,f56__percent_true_call_mode_is_manual_called_phone_social_relations_is_friend_15d,float,,2336
1,local_feather,percent_true_followup_code_other_call_mode_manual_15d,float,,2337
1,local_feather,percent_true_call_mode_is_ai_called_phone_social_relations_is_self_60d,float,,2338
1,local_feather,percent_true_called_phone_social_relations_is_friend_is_can_contact_person_is_yes_90d,float,,2339
1,local_feather,percent_true_followup_code_other_15d,float,,2340
1,local_feather,f56__percent_true_call_mode_is_manual_called_phone_social_relations_is_self_is_can_contact_person_is_no_30d,float,,2341
1,local_feather,percent_true_followup_code_other_called_phone_social_relations_friend_60d,float,,2342
1,local_feather,f56__percent_true_call_mode_is_manual_called_phone_social_relations_is_family_is_can_contact_person_is_yes_15d,float,,2343
1,local_feather,percent_true_followup_code_tskh_called_phone_social_relations_friend_90d,float,,2344
1,local_feather,f56__percent_true_call_mode_is_manual_called_phone_social_relations_is_family_15d,float,,2345
1,local_feather,percent_true_followup_code_yyxh_call_mode_manual_90d,float,,2346
1,local_feather,percent_true_followup_code_wfjt_is_can_contact_person_yes_30d,float,,2347
1,local_feather,percent_true_followup_code_other_call_mode_manual_30d,float,,2348
1,local_feather,percent_true_followup_code_tskh_called_phone_social_relations_friend_60d,float,,2349
1,local_feather,percent_true_call_mode_is_manual_called_phone_social_relations_is_family_is_can_contact_person_is_no_30d,float,,2350
1,local_feather,percent_true_followup_code_yjt_7d,float,,2351
1,local_feather,percent_true_followup_code_other_180d,float,,2352
1,local_feather,percent_true_followup_code_other_30d,float,,2353
1,local_feather,percent_true_followup_code_yyxh_called_phone_social_relations_family_90d,float,,2354
1,local_feather,percent_true_followup_code_yyxh_call_mode_ai_15d,float,,2355
1,local_feather,percent_true_followup_code_other_90d,float,,2356
1,local_feather,f56__percent_true_call_mode_is_ai_called_phone_social_relations_is_self_180d,float,,2357
1,local_feather,percent_true_followup_code_jjhk_90d,float,,2358
1,local_feather,f56__percent_true_call_mode_is_manual_called_phone_social_relations_is_friend_30d,float,,2359
1,local_feather,percent_true_followup_code_jjhk_is_can_contact_person_yes_15d,float,,2360
1,local_feather,percent_true_followup_code_yjt_called_phone_social_relations_family_180d,float,,2361
1,local_feather,percent_true_followup_code_yyxh_7d,float,,2362
1,local_feather,percent_true_called_phone_social_relations_is_family_is_can_contact_person_is_yes_180d,float,,2363
1,local_feather,percent_true_followup_code_jjhk_called_phone_social_relations_friend_180d,float,,2364
1,local_feather,percent_true_called_phone_social_relations_is_friend_is_can_contact_person_is_yes_180d,float,,2365
1,local_feather,percent_true_followup_code_wfjt_90d,float,,2366
1,local_feather,percent_true_followup_code_yyxh_is_can_contact_person_yes_180d,float,,2367
1,local_feather,percent_true_followup_code_other_called_phone_social_relations_family_30d,float,,2368
1,local_feather,percent_true_followup_code_yyxh_call_mode_manual_15d,float,,2369
1,local_feather,f56__percent_true_call_mode_is_manual_called_phone_social_relations_is_self_is_can_contact_person_is_yes_15d,float,,2370
1,local_feather,percent_true_followup_code_yyxh_called_phone_social_relations_friend_180d,float,,2371
1,local_feather,percent_true_followup_code_other_called_phone_social_relations_family_15d,float,,2372
1,local_feather,percent_true_followup_code_wfjt_call_mode_manual_15d,float,,2373
1,local_feather,percent_true_followup_code_wfjt_is_can_contact_person_yes_180d,float,,2374
1,local_feather,percent_true_followup_code_yyxh_called_phone_social_relations_family_30d,float,,2375
1,local_feather,f56__percent_true_call_mode_is_ai_called_phone_social_relations_is_self_15d,float,,2376
1,local_feather,percent_true_followup_code_wfjt_called_phone_social_relations_friend_90d,float,,2377
1,local_feather,f56__percent_true_call_mode_is_manual_called_phone_social_relations_is_self_is_can_contact_person_is_yes_180d,float,,2378
1,local_feather,percent_true_followup_code_yjt_called_phone_social_relations_family_30d,float,,2379
1,local_feather,percent_true_followup_code_jjhk_30d,float,,2380
1,local_feather,f56__percent_true_call_mode_is_manual_called_phone_social_relations_is_self_is_can_contact_person_is_yes_90d,float,,2381
1,local_feather,num_true_followup_code_yjt_180d,float,,2382
1,local_feather,percent_true_followup_code_tskh_called_phone_social_relations_family_180d,float,,2383
1,local_feather,m6_stg_pln_d0_rep_apl_cnt_mor_4_cnt_rat,float,,2384
1,local_feather,m6_stg_pln_d0_normal_batch_rep_apl_cnt_equal_2_cnt_rat,float,,2385
1,local_feather,m1_stg_pln_d0_rep_apl_fal_cnt_equal_1_cnt,float,,2386
1,local_feather,m6_stg_pln_manual_rep_apl_suc_cnt_min,float,,2387
1,local_feather,m1_stg_pln_d0_normal_batch_rep_apl_fal_cnt_mor_4_cnt,float,,2388
1,local_feather,m6_stg_pln_d0_rep_apl_fal_cnt_equal_2_cnt,float,,2389
1,local_feather,m3_stg_pln_ao_offline_rep_apl_cnt_max,float,,2390
1,local_feather,m6_stg_pln_manual_deduct_rep_apl_cnt_sum,float,,2391
1,local_feather,m1_stg_pln_d0_manual_deduct_rep_apl_cnt_equal_1_cnt_rat,float,,2392
1,local_feather,m1_stg_pln_manual_deduct_rep_apl_cnt_equal_1_cnt_rat,float,,2393
1,local_feather,m6_stg_pln_rep_apl_cnt_ovd_1d_3d_max,float,,2394
1,local_feather,m3_stg_pln_manual_deduct_rep_apl_cnt_avg,float,,2395
1,local_feather,m3_stg_pln_manual_rep_apl_suc_cnt_sum,float,,2396
1,local_feather,m3_stg_pln_ao_offline_rep_apl_suc_cnt_min,float,,2397
1,local_feather,m1_stg_pln_d0_rep_apl_fal_cnt_mor_4_cnt_rat,float,,2398
1,local_feather,m1_stg_pln_rep_apl_cnt_avg,float,,2399
1,local_feather,m6_stg_pln_d0_manual_deduct_rep_apl_cnt_equal_1_cnt_rat,float,,2400
1,local_feather,m3_stg_pln_rep_apl_cnt_d0_sum,float,,2401
1,local_feather,m1_stg_pln_rep_apl_cnt_less_4_cnt,float,,2402
1,local_feather,m6_stg_pln_rep_apl_cnt_equal_1_manual_rep_apl_amt_sum,float,,2403
1,local_feather,m1_stg_pln_manual_rep_apl_cnt_max,float,,2404
1,local_feather,m1_stg_pln_rep_apl_cnt_mor_2_cnt_rat,float,,2405
1,local_feather,m6_stg_pln_rep_apl_fal_cnt_mor_1_rep_apl_amt_max,float,,2406
1,local_feather,m1_stg_pln_normal_batch_rep_apl_cnt_mor_0_cnt,float,,2407
1,local_feather,m6_stg_pln_rep_apl_cnt_ovd_1d_3d_min,float,,2408
1,local_feather,m3_stg_pln_manual_deduct_rep_apl_suc_cnt_max,float,,2409
1,local_feather,m6_stg_pln_rep_apl_fal_cnt_equal_1_cnt_rat,float,,2410
1,local_feather,m1_stg_pln_d0_rep_apl_cnt_mor_2_cnt,float,,2411
1,local_feather,m1_stg_pln_manual_deduct_rep_apl_suc_cnt_max,float,,2412
1,local_feather,m1_stg_pln_rep_apl_fal_cnt_mor_1_rep_apl_amt_sum,float,,2413
1,local_feather,m6_stg_pln_rep_apl_cnt_d0_avg,float,,2414
1,local_feather,m3_stg_pln_rep_apl_amt_d0_max,float,,2415
1,local_feather,m3_stg_pln_rep_apl_cnt_ovd_1d_3d_sum,float,,2416
1,local_feather,m3_stg_pln_normal_batch_rep_apl_cnt_equal_2_cnt_rat,float,,2417
1,local_feather,m1_stg_pln_ao_offline_rep_apl_cnt_mor_0_cnt,float,,2418
1,local_feather,m6_stg_pln_rep_apl_cnt_mor_4_stg_amt_min,float,,2419
1,local_feather,m6_stg_pln_normal_batch_rep_apl_cnt_mor_4_cnt_rat,float,,2420
1,local_feather,m6_stg_pln_rep_apl_suc_cnt_min,float,,2421
1,local_feather,m6_stg_pln_rep_apl_cnt_equal_1_adv_cnt,float,,2422
1,local_feather,m3_stg_pln_normal_batch_rep_apl_cnt_mor_0_cnt_rat,float,,2423
1,local_feather,m6_stg_pln_rep_apl_cnt_mor_2_cnt,float,,2424
1,local_feather,m1_stg_pln_add_bathch_rep_apl_cnt_avg,float,,2425
1,local_feather,m6_stg_pln_normal_batch_rep_apl_cnt_min,float,,2426
1,local_feather,m6_stg_pln_rep_apl_fal_cnt_mor_1_rep_apl_amt_sum,float,,2427
1,local_feather,m3_stg_pln_rep_apl_fal_cnt_max,float,,2428
1,local_feather,m6_stg_pln_d0_ao_offline_rep_apl_cnt_mor_0_cnt,float,,2429
1,local_feather,m6_stg_pln_rep_apl_fal_cnt_mor_1_rep_apl_amt_min,float,,2430
1,local_feather,m3_stg_pln_rep_apl_suc_cnt_sum,float,,2431
1,local_feather,m1_stg_pln_rep_apl_fal_cnt_equal_2_cnt_rat,float,,2432
1,local_feather,m6_stg_pln_normal_batch_rep_apl_cnt_mor_2_stg_amt_sum,float,,2433
1,local_feather,m3_stg_pln_manual_deduct_rep_apl_suc_cnt_sum,float,,2434
1,local_feather,m3_stg_pln_ao_offline_rep_apl_suc_cnt_sum,float,,2435
1,local_feather,m6_stg_pln_rep_apl_amt_his_ovd_sum,float,,2436
1,local_feather,m1_stg_pln_ao_offline_rep_apl_cnt_min,float,,2437
1,local_feather,m3_stg_pln_manual_rep_apl_cnt_min,float,,2438
1,local_feather,m3_stg_pln_rep_apl_fal_cnt_mor_2_cnt_rat,float,,2439
1,local_feather,m6_stg_pln_rep_apl_cnt_his_ovd_avg,float,,2440
1,local_feather,m1_stg_pln_manual_deduct_rep_apl_suc_cnt_sum,float,,2441
1,local_feather,m3_stg_pln_rep_apl_suc_cnt_min,float,,2442
1,local_feather,m3_stg_pln_normal_batch_rep_apl_fal_cnt_equal_2_cnt_rat,float,,2443
1,local_feather,m1_stg_pln_rep_apl_suc_cnt_min,float,,2444
1,local_feather,m3_stg_pln_rep_apl_cnt_his_ovd_min,float,,2445
1,local_feather,m6_stg_pln_rep_apl_amt_ovd_1d_3d_avg,float,,2446
1,local_feather,m1_stg_pln_manual_deduct_rep_apl_suc_cnt_min,float,,2447
1,local_feather,m1_stg_pln_d0_normal_batch_rep_apl_fal_cnt_equal_0_cnt_rat,float,,2448
1,local_feather,m3_stg_pln_rep_apl_suc_cnt_avg,float,,2449
1,local_feather,m6_stg_pln_rep_apl_fal_cnt_mor_3_rep_apl_amt_sum,float,,2450
1,local_feather,m6_stg_pln_rep_apl_cnt_d0_max,float,,2451
1,local_feather,m3_stg_pln_normal_batch_rep_apl_cnt_mor_4_cnt,float,,2452
1,local_feather,m1_stg_pln_normal_batch_rep_apl_cnt_mor_2_cnt,float,,2453
1,local_feather,m1_stg_pln_rep_apl_fal_cnt_sum,float,,2454
1,local_feather,m3_stg_pln_normal_batch_rep_apl_suc_cnt_max,float,,2455
1,local_feather,m6_stg_pln_rep_apl_cnt_equal_1_manual_rep_apl_amt_min,float,,2456
1,local_feather,m3_stg_pln_manual_rep_apl_fal_cnt_min,float,,2457
1,local_feather,m3_stg_pln_rep_apl_cnt_sum,float,,2458
1,local_feather,m6_stg_pln_d0_manual_rep_apl_cnt_mor_0_cnt,float,,2459
1,local_feather,m6_stg_pln_d0_ao_offline_rep_apl_cnt_mor_0_cnt_rat,float,,2460
1,local_feather,m6_stg_pln_d0_rep_apl_fal_cnt_equal_1_cnt,float,,2461
1,local_feather,m1_stg_pln_rep_apl_cnt_equal_2_cnt_rat,float,,2462
1,local_feather,m1_stg_pln_rep_apl_cnt_min,float,,2463
1,local_feather,m1_stg_pln_normal_batch_rep_apl_fal_cnt_equal_2_cnt,float,,2464
1,local_feather,m1_stg_pln_rep_apl_cnt_mor_4_cnt_rat,float,,2465
1,local_feather,m3_stg_pln_d0_manual_deduct_rep_apl_cnt_equal_1_cnt,float,,2466
1,local_feather,m6_stg_pln_normal_batch_rep_apl_cnt_equal_2_cnt,float,,2467
1,local_feather,m1_stg_pln_manual_rep_apl_cnt_min,float,,2468
1,local_feather,m3_stg_pln_d0_normal_batch_rep_apl_cnt_mor_2_cnt_rat,float,,2469
1,local_feather,m6_stg_pln_manual_rep_apl_fal_cnt_max,float,,2470
1,local_feather,m6_stg_pln_rep_apl_amt_adv_sum,float,,2471
1,local_feather,m6_stg_pln_rep_apl_cnt_equal_1_manual_deduct_cnt,float,,2472
1,local_feather,m3_stg_pln_rep_apl_amt_d0_min,float,,2473
1,local_feather,m6_stg_pln_rep_apl_cnt_min,float,,2474
1,local_feather,m6_stg_pln_d0_normal_batch_rep_apl_fal_cnt_equal_2_cnt_rat,float,,2475
1,local_feather,m6_stg_pln_rep_apl_amt_d0_sum,float,,2476
1,local_feather,m3_stg_pln_manual_rep_apl_suc_cnt_max,float,,2477
1,local_feather,m6_stg_pln_ao_offline_rep_apl_cnt_mor_0_cnt_rat,float,,2478
1,local_feather,m1_stg_pln_manual_rep_apl_fal_cnt_avg,float,,2479
1,local_feather,m3_stg_pln_rep_apl_cnt_equal_1_manual_rep_apl_amt_max,float,,2480
1,local_feather,m1_stg_pln_manual_rep_apl_cnt_mor_0_cnt,float,,2481
1,local_feather,m3_stg_pln_d0_normal_batch_rep_apl_fal_cnt_equal_1_cnt_rat,float,,2482
1,local_feather,m3_stg_pln_manual_rep_apl_fal_cnt_avg,float,,2483
1,local_feather,m3_stg_pln_rep_apl_cnt_min,float,,2484
1,local_feather,m6_stg_pln_d0_normal_batch_rep_apl_fal_cnt_mor_4_cnt_rat,float,,2485
1,local_feather,m3_stg_pln_manual_rep_apl_fal_cnt_sum,float,,2486
1,local_feather,m3_stg_pln_add_bathch_rep_apl_cnt_max,float,,2487
1,local_feather,m3_stg_pln_normal_batch_rep_apl_cnt_avg,float,,2488
1,local_feather,m3_stg_pln_normal_batch_rep_apl_fal_cnt_equal_0_cnt_rat,float,,2489
1,local_feather,m6_stg_pln_manual_deduct_rep_apl_cnt_equal_1_cnt_rat,float,,2490
1,local_feather,m3_stg_pln_manual_rep_apl_cnt_max,float,,2491
1,local_feather,m6_stg_pln_manual_rep_apl_cnt_avg,float,,2492
1,local_feather,m1_stg_pln_normal_batch_rep_apl_cnt_equal_2_cnt,float,,2493
1,local_feather,m3_stg_pln_normal_batch_rep_apl_cnt_less_2_stg_amt_sum,float,,2494
1,local_feather,m1_stg_pln_manual_rep_apl_suc_cnt_avg,float,,2495
1,local_feather,m3_stg_pln_d0_rep_apl_cnt_mor_4_cnt,float,,2496
1,local_feather,m3_stg_pln_d0_normal_batch_rep_apl_cnt_mor_0_cnt_rat,float,,2497
1,local_feather,m3_stg_pln_d0_rep_apl_cnt_mor_2_cnt_rat,float,,2498
1,local_feather,m6_stg_pln_rep_apl_cnt_adv_avg,float,,2499
1,local_feather,m3_stg_pln_normal_batch_rep_apl_suc_cnt_avg,float,,2500
1,local_feather,m3_stg_pln_manual_deduct_rep_apl_suc_cnt_min,float,,2501
1,local_feather,m6_stg_pln_ao_offline_rep_apl_suc_cnt_avg,float,,2502
1,local_feather,m1_stg_pln_rep_apl_cnt_less_4_stg_amt_sum,float,,2503
1,local_feather,m1_stg_pln_manual_deduct_rep_apl_fal_cnt_min,float,,2504
1,local_feather,m6_stg_pln_rep_apl_cnt_equal_1_manual_rep_apl_amt_max,float,,2505
1,local_feather,m1_stg_pln_rep_apl_cnt_equal_1_d0_cnt,float,,2506
1,local_feather,m1_stg_pln_normal_batch_rep_apl_suc_cnt_max,float,,2507
1,local_feather,m1_stg_pln_ao_offline_rep_apl_cnt_mor_0_cnt_rat,float,,2508
1,local_feather,m1_stg_pln_rep_apl_amt_d0_sum,float,,2509
1,local_feather,m1_stg_pln_normal_batch_rep_apl_cnt_equal_2_cnt_rat,float,,2510
1,local_feather,m3_stg_pln_rep_apl_fal_cnt_equal_2_cnt_rat,float,,2511
1,local_feather,m6_stg_pln_normal_batch_rep_apl_fal_cnt_avg,float,,2512
1,local_feather,m1_stg_pln_normal_batch_rep_apl_cnt_min,float,,2513
1,local_feather,m6_stg_pln_rep_apl_cnt_ovd_1d_3d_sum,float,,2514
1,local_feather,m1_stg_pln_manual_rep_apl_fal_cnt_max,float,,2515
1,local_feather,m6_stg_pln_rep_apl_amt_adv_min,float,,2516
1,local_feather,m6_stg_pln_manual_rep_apl_cnt_mor_0_cnt_rat,float,,2517
1,local_feather,m6_stg_pln_normal_batch_rep_apl_cnt_sum,float,,2518
1,local_feather,m6_stg_pln_manual_deduct_rep_apl_suc_cnt_max,float,,2519
1,local_feather,m3_stg_pln_rep_apl_cnt_equal_1_manual_deduct_cnt,float,,2520
1,local_feather,m3_stg_pln_normal_batch_rep_apl_fal_cnt_equal_1_cnt_rat,float,,2521
1,local_feather,m1_stg_pln_d0_normal_batch_rep_apl_fal_cnt_equal_1_cnt_rat,float,,2522
1,local_feather,m6_stg_pln_rep_apl_cnt_less_4_stg_amt_max,float,,2523
1,local_feather,m6_stg_pln_manual_deduct_rep_apl_fal_cnt_max,float,,2524
1,local_feather,m3_stg_pln_d0_manual_deduct_rep_apl_cnt_equal_1_cnt_rat,float,,2525
1,local_feather,m3_stg_pln_normal_batch_rep_apl_cnt_max,float,,2526
1,local_feather,m6_stg_pln_d0_normal_batch_rep_apl_fal_cnt_mor_4_cnt,float,,2527
1,local_feather,m1_stg_pln_normal_batch_rep_apl_suc_cnt_min,float,,2528
1,local_feather,m1_stg_pln_normal_batch_rep_apl_fal_cnt_sum,float,,2529
1,local_feather,m6_stg_pln_manual_rep_apl_fal_cnt_sum,float,,2530
1,local_feather,m6_stg_pln_rep_apl_cnt_mor_2_cnt_rat,float,,2531
1,local_feather,m6_stg_pln_d0_rep_apl_cnt_equal_2_cnt,float,,2532
1,local_feather,m3_stg_pln_ao_offline_rep_apl_cnt_sum,float,,2533
1,local_feather,m3_stg_pln_normal_batch_rep_apl_cnt_equal_2_cnt,float,,2534
1,local_feather,m3_stg_pln_normal_batch_rep_apl_fal_cnt_mor_2_cnt_rat,float,,2535
1,local_feather,m1_stg_pln_manual_rep_apl_fal_cnt_sum,float,,2536
1,local_feather,m1_stg_pln_rep_apl_cnt_mor_4_stg_amt_sum,float,,2537
1,local_feather,m1_stg_pln_rep_apl_cnt_d0_avg,float,,2538
1,local_feather,m1_stg_pln_d0_normal_batch_rep_apl_cnt_mor_2_cnt,float,,2539
1,local_feather,m1_stg_pln_rep_apl_cnt_equal_1_manual_rep_apl_amt_sum,float,,2540
1,local_feather,m1_stg_pln_d0_rep_apl_cnt_equal_2_cnt,float,,2541
1,local_feather,m6_stg_pln_manual_deduct_rep_apl_fal_cnt_avg,float,,2542
1,local_feather,m1_stg_pln_rep_apl_cnt_mor_4_stg_amt_min,float,,2543
1,local_feather,m1_stg_pln_normal_batch_rep_apl_cnt_mor_2_cnt_rat,float,,2544
1,local_feather,m3_stg_pln_d0_manual_rep_apl_cnt_mor_0_cnt,float,,2545
1,local_feather,m3_stg_pln_rep_apl_cnt_adv_min,float,,2546
1,local_feather,m6_stg_pln_normal_batch_rep_apl_suc_cnt_min,float,,2547
1,local_feather,m3_stg_pln_rep_apl_fal_cnt_mor_3_rep_apl_amt_max,float,,2548
1,local_feather,m3_stg_pln_manual_deduct_rep_apl_suc_cnt_avg,float,,2549
1,local_feather,m6_stg_pln_normal_batch_rep_apl_suc_cnt_max,float,,2550
1,local_feather,m6_stg_pln_rep_apl_fal_cnt_equal_2_cnt,float,,2551
1,local_feather,m1_stg_pln_d0_rep_apl_fal_cnt_equal_0_cnt_rat,float,,2552
1,local_feather,m1_stg_pln_rep_apl_cnt_equal_1_adv_cnt,float,,2553
1,local_feather,m1_stg_pln_normal_batch_rep_apl_cnt_avg,float,,2554
1,local_feather,m6_stg_pln_rep_apl_amt_ovd_1d_3d_min,float,,2555
1,local_feather,m3_stg_pln_d0_normal_batch_rep_apl_fal_cnt_mor_4_cnt_rat,float,,2556
1,local_feather,m3_stg_pln_rep_apl_fal_cnt_equal_0_cnt_rat,float,,2557
1,local_feather,m6_stg_pln_manual_deduct_rep_apl_suc_cnt_min,float,,2558
1,local_feather,m6_stg_pln_manual_deduct_rep_apl_cnt_min,float,,2559
1,local_feather,m6_stg_pln_rep_apl_amt_ovd_1d_3d_sum,float,,2560
1,local_feather,m3_stg_pln_manual_rep_apl_cnt_mor_0_cnt,float,,2561
1,local_feather,m1_stg_pln_rep_apl_fal_cnt_mor_4_cnt,float,,2562
1,local_feather,m3_stg_pln_manual_deduct_rep_apl_cnt_equal_1_cnt_rat,float,,2563
1,local_feather,m6_stg_pln_rep_apl_cnt_less_4_cnt,float,,2564
1,local_feather,m3_stg_pln_rep_apl_suc_cnt_max,float,,2565
1,local_feather,m3_stg_pln_rep_apl_cnt_ovd_1d_3d_avg,float,,2566
1,local_feather,m1_stg_pln_d0_normal_batch_rep_apl_cnt_mor_4_cnt,float,,2567
1,local_feather,m3_stg_pln_normal_batch_rep_apl_suc_cnt_min,float,,2568
1,local_feather,m1_stg_pln_manual_deduct_rep_apl_fal_cnt_avg,float,,2569
1,local_feather,m6_stg_pln_rep_apl_amt_d0_min,float,,2570
1,local_feather,m1_stg_pln_rep_apl_fal_cnt_equal_0_cnt,float,,2571
1,local_feather,m6_stg_pln_manual_deduct_rep_apl_cnt_equal_1_cnt,float,,2572
1,local_feather,m6_stg_pln_normal_batch_rep_apl_cnt_mor_0_cnt,float,,2573
1,local_feather,m1_stg_pln_normal_batch_rep_apl_cnt_mor_4_cnt_rat,float,,2574
1,local_feather,m1_stg_pln_d0_ao_offline_rep_apl_cnt_mor_0_cnt,float,,2575
1,local_feather,m1_stg_pln_rep_apl_cnt_equal_1_manual_deduct_cnt,float,,2576
1,local_feather,m6_stg_pln_d0_manual_deduct_rep_apl_cnt_equal_1_cnt,float,,2577
1,local_feather,m6_stg_pln_d0_rep_apl_fal_cnt_equal_2_cnt_rat,float,,2578
1,local_feather,m6_stg_pln_d0_normal_batch_rep_apl_cnt_mor_0_cnt_rat,float,,2579
1,local_feather,stg_pln_max_prc_amt_24m_ftr_light,float,,2580
1,local_feather,stg_pln_avg_rep_prc_his_due_light,float,,2581
1,local_feather,stg_pln_cnt_his_adv_light,float,,2582
1,local_feather,stg_pln_min_rep_prc_24m_due_light,float,,2583
1,local_feather,stg_pln_max_rep_prc_24m_due_light,float,,2584
1,local_feather,stg_pln_min_prc_amt_24m_adv_light,float,,2585
1,local_feather,stg_pln_avg_prc_amt_his_ftr_light,float,,2586
1,local_feather,stg_pln_max_prc_amt_36m_adv_light,float,,2587
1,local_feather,stg_pln_min_rep_prc_6m_due_light,float,,2588
1,local_feather,stg_pln_sum_prc_amt_6m_light,float,,2589
1,local_feather,stg_pln_max_prc_amt_1m_adv_light,float,,2590
1,local_feather,stg_pln_avg_rep_prc_6m_due_light,float,,2591
1,local_feather,stg_pln_min_prc_amt_24m_ftr_light,float,,2592
1,local_feather,stg_pln_max_prc_amt_his_light,float,,2593
1,local_feather,stg_pln_sum_prc_amt_36m_on_light,float,,2594
1,local_feather,stg_pln_cnt_his_ftr_light,float,,2595
1,local_feather,stg_pln_max_prc_amt_24m_light,float,,2596
1,local_feather,stg_pln_sum_prc_amt_6m_adv_light,float,,2597
1,local_feather,stg_pln_avg_prc_amt_his_light,float,,2598
1,local_feather,stg_pln_sum_prc_amt_his_adv_light,float,,2599
1,local_feather,stg_pln_cnt_12m_adv_light,float,,2600
1,local_feather,stg_pln_min_rep_prc_12m_due_light,float,,2601
1,local_feather,stg_pln_min_prc_amt_24m_light,float,,2602
1,local_feather,stg_pln_sum_rep_prc_6m_due_light,float,,2603
1,local_feather,stg_pln_avg_prc_amt_his_due_light,float,,2604
1,local_feather,stg_pln_max_prc_amt_36m_on_light,float,,2605
1,local_feather,stg_pln_cnt_his_due_light,float,,2606
1,local_feather,stg_pln_sum_prc_amt_36m_ftr_light,float,,2607
1,local_feather,stg_pln_avg_rep_prc_12m_due_light,float,,2608
1,local_feather,stg_pln_sum_prc_amt_24m_adv_light,float,,2609
1,local_feather,stg_pln_avg_prc_amt_6m_light,float,,2610
1,local_feather,stg_pln_cnt_12m_due_light,float,,2611
1,local_feather,stg_pln_min_prc_amt_36m_light,float,,2612
1,local_feather,stg_pln_avg_prc_amt_1m_on_light,float,,2613
1,local_feather,stg_pln_max_rep_prc_12m_due_light,float,,2614
1,local_feather,stg_pln_min_prc_amt_36m_adv_light,float,,2615
1,local_feather,stg_pln_min_prc_amt_his_due_light,float,,2616
1,local_feather,stg_pln_max_prc_amt_1m_due_light,float,,2617
1,local_feather,stg_pln_avg_prc_amt_24m_adv_light,float,,2618
1,local_feather,stg_pln_min_prc_amt_12m_on_light,float,,2619
1,local_feather,stg_pln_avg_prc_amt_1m_adv_light,float,,2620
1,local_feather,stg_pln_min_prc_amt_12m_adv_light,float,,2621
1,local_feather,stg_pln_min_prc_amt_12m_light,float,,2622
1,local_feather,stg_pln_min_rep_prc_36m_due_light,float,,2623
1,local_feather,stg_pln_max_rep_prc_his_due_light,float,,2624
1,local_feather,stg_pln_avg_rep_prc_24m_due_light,float,,2625
1,local_feather,stg_pln_cnt_1m_due_light,float,,2626
1,local_feather,stg_pln_min_rep_prc_his_due_light,float,,2627
1,local_feather,stg_pln_cnt_36m_adv_light,float,,2628
1,local_feather,stg_pln_cnt_1m_adv_light,float,,2629
1,local_feather,stg_pln_avg_prc_amt_6m_adv_light,float,,2630
1,local_feather,stg_pln_min_prc_amt_6m_light,float,,2631
1,local_feather,stg_pln_max_prc_amt_6m_adv_light,float,,2632
1,local_feather,stg_pln_min_prc_amt_6m_on_light,float,,2633
1,local_feather,stg_pln_max_prc_amt_6m_light,float,,2634
1,local_feather,stg_pln_min_prc_amt_24m_on_light,float,,2635
1,local_feather,stg_pln_avg_prc_amt_1m_due_light,float,,2636
1,local_feather,stg_pln_cnt_36m_light,float,,2637
1,local_feather,stg_pln_cnt_12m_on_light,float,,2638
1,local_feather,stg_pln_avg_prc_amt_24m_light,float,,2639
1,local_feather,stg_pln_min_prc_amt_36m_on_light,float,,2640
1,local_feather,stg_pln_min_prc_amt_his_adv_light,float,,2641
1,local_feather,stg_pln_avg_prc_amt_his_adv_light,float,,2642
1,local_feather,stg_pln_min_prc_amt_his_on_light,float,,2643
1,local_feather,stg_pln_sum_prc_amt_his_due_light,float,,2644
1,local_feather,stg_pln_cnt_36m_due_light,float,,2645
1,local_feather,stg_pln_max_prc_amt_12m_on_light,float,,2646
1,local_feather,stg_pln_min_prc_amt_6m_ftr_light,float,,2647
1,local_feather,stg_pln_sum_rep_prc_24m_due_light,float,,2648
1,local_feather,stg_pln_avg_prc_amt_12m_adv_light,float,,2649
1,local_feather,d15_suc_ord_prc_amt_per_stg_max_all,float,,2650
1,local_feather,d7_apl_ord_prc_amt_sum_all,float,,2651
1,local_feather,d90_apl_ord_prc_amt_sum_all,float,,2652
1,local_feather,d180_apl_ord_cnt_all,float,,2653
1,local_feather,d15_prc_amt_mor_3_000_suc_ord_cnt,float,,2654
1,local_feather,d15_apl_ord_stg_num_avg_all,float,,2655
1,local_feather,d30_suc_ord_prc_amt_per_stg_min_all,float,,2656
1,local_feather,d360_suc_ord_prc_amt_avg,float,,2657
1,local_feather,d360_apl_ord_prc_amt_per_stg_max,float,,2658
1,local_feather,d60_apl_ord_prc_amt_max,float,,2659
1,local_feather,d360_apl_ord_prc_amt_per_stg_sum,float,,2660
1,local_feather,d60_prc_amt_mor_20_000_suc_ord_cnt,float,,2661
1,local_feather,d60_prc_amt_mor_10_000_apl_ord_cnt,float,,2662
1,local_feather,d30_apl_ord_prc_amt_max_all,float,,2663
1,local_feather,d180_prc_amt_mor_20_000_apl_ord_cnt,float,,2664
1,local_feather,d7_prc_amt_mor_3_000_apl_ord_cnt,float,,2665
1,local_feather,d60_prc_amt_mor_50_000_apl_ord_cnt,float,,2666
1,local_feather,d360_prc_amt_mor_20_000_suc_ord_cnt,float,,2667
1,local_feather,d15_apl_ord_stg_num_sum,float,,2668
1,local_feather,d60_bsy_typ_api_apl_ord_cnt_all,float,,2669
1,local_feather,d360_bsy_typ_api_suc_ord_cnt_all,float,,2670
1,local_feather,d180_apl_ord_stg_num_max,float,,2671
1,local_feather,d30_prc_amt_mor_50_000_apl_ord_cnt,float,,2672
1,local_feather,d15_d360_suc_ord_cnt_rat,float,,2673
1,local_feather,d90_apl_ord_stg_num_sum,float,,2674
1,local_feather,d15_apl_ord_prc_amt_per_stg_sum,float,,2675
1,local_feather,d15_prc_amt_mor_5_000_apl_ord_cnt,float,,2676
1,local_feather,d60_prc_amt_mor_20_000_apl_ord_cnt,float,,2677
1,local_feather,d30_d90_suc_ord_prc_amt_avg_rat_all,float,,2678
1,local_feather,d30_suc_ord_prc_amt_avg_all,float,,2679
1,local_feather,d180_apl_ord_prc_amt_avg,float,,2680
1,local_feather,d15_apl_ord_prc_amt_max,float,,2681
1,local_feather,d60_apl_ord_prc_amt_avg,float,,2682
1,local_feather,d60_apl_ord_stg_num_max,float,,2683
1,local_feather,d15_suc_ord_days_cnt,float,,2684
1,local_feather,d60_d90_apl_ord_cnt_rat_all,float,,2685
1,local_feather,d30_apl_ord_days_cnt,float,,2686
1,local_feather,d60_d360_apl_ord_prc_amt_avg_rat,float,,2687
1,local_feather,d90_apl_ord_prc_amt_per_stg_min_all,float,,2688
1,local_feather,d60_suc_ord_stg_num_sum_all,float,,2689
1,local_feather,d90_apl_ord_prc_amt_per_stg_max,float,,2690
1,local_feather,d15_apl_ord_prc_amt_per_stg_min,float,,2691
1,local_feather,d180_bsy_typ_api_suc_ord_cnt_all,float,,2692
1,local_feather,d7_d360_apl_ord_cnt_rat,float,,2693
1,local_feather,d60_d90_suc_ord_prc_amt_avg_rat,float,,2694
1,local_feather,d30_suc_ord_days_cnt_all,float,,2695
1,local_feather,d180_apl_ord_days_cnt,float,,2696
1,local_feather,d60_apl_ord_ddf_mdl_ord_crt_dte_max,float,,2697
1,local_feather,d7_bsy_typ_api_suc_ord_cnt_all,float,,2698
1,local_feather,d360_apl_ord_stg_num_avg,float,,2699
1,local_feather,d15_d60_suc_ord_prc_amt_avg_rat,float,,2700
1,local_feather,d7_bsy_typ_bt_cash_suc_ord_cnt_all,float,,2701
1,local_feather,d90_d180_suc_ord_prc_amt_avg_rat,float,,2702
1,local_feather,d30_apl_ord_ddf_mdl_ord_crt_dte_min,float,,2703
1,local_feather,d90_bsy_typ_api_suc_ord_cnt_all,float,,2704
1,local_feather,d30_apl_ord_prc_amt_min,float,,2705
1,local_feather,d15_suc_ord_prc_amt_per_stg_avg_all,float,,2706
1,local_feather,d7_apl_ord_days_cnt,float,,2707
1,local_feather,d7_suc_ord_prc_amt_avg_all,float,,2708
1,local_feather,d180_suc_ord_cnt_all,float,,2709
1,local_feather,d15_prc_amt_mor_20_000_apl_ord_cnt,float,,2710
1,local_feather,d180_apl_ord_prc_amt_per_stg_min,float,,2711
1,local_feather,d360_apl_ord_stg_num_max_all,float,,2712
1,local_feather,d180_prc_amt_mor_3_000_apl_ord_cnt,float,,2713
1,local_feather,d90_apl_ord_stg_num_min_all,float,,2714
1,local_feather,d90_bsy_typ_ep_suc_ord_cnt_all,float,,2715
1,local_feather,d30_d360_apl_ord_prc_amt_avg_rat_all,float,,2716
1,local_feather,d15_suc_ord_prc_amt_min_all,float,,2717
1,local_feather,d30_bsy_typ_api_apl_ord_cnt_all,float,,2718
1,local_feather,d7_apl_ord_prc_amt_per_stg_max_all,float,,2719
1,local_feather,d90_apl_ord_prc_amt_avg,float,,2720
1,local_feather,d7_prc_amt_mor_10_000_suc_ord_cnt,float,,2721
1,local_feather,d360_bsy_typ_bt_cash_suc_ord_cnt_all,float,,2722
1,local_feather,d360_apl_ord_prc_amt_per_stg_min,float,,2723
1,local_feather,d30_apl_ord_days_cnt_all,float,,2724
1,local_feather,d360_suc_ord_ddf_mdl_ord_crt_dte_max,float,,2725
1,local_feather,d15_d30_suc_ord_prc_amt_avg_rat_all,float,,2726
1,local_feather,d180_d360_suc_ord_prc_amt_avg_rat,float,,2727
1,local_feather,d15_prc_amt_mor_20_000_suc_ord_cnt,float,,2728
1,local_feather,d360_prc_amt_mor_50_000_suc_ord_cnt,float,,2729
1,local_feather,d15_prc_amt_mor_10_000_apl_ord_cnt,float,,2730
1,local_feather,d60_apl_ord_prc_amt_per_stg_min,float,,2731
1,local_feather,d15_apl_ord_prc_amt_avg,float,,2732
1,local_feather,d7_suc_ord_prc_amt_per_stg_min_all,float,,2733
1,local_feather,d7_d30_apl_ord_prc_amt_avg_rat,float,,2734
1,local_feather,d90_d360_suc_ord_prc_amt_avg_rat,float,,2735
1,local_feather,d30_prc_amt_mor_50_000_suc_ord_cnt,float,,2736
1,local_feather,d30_d60_suc_ord_prc_amt_avg_rat,float,,2737
1,local_feather,d7_prc_amt_mor_3_000_suc_ord_cnt,float,,2738
1,local_feather,d30_d90_suc_ord_prc_amt_avg_rat,float,,2739
1,local_feather,d30_d360_suc_ord_cnt_rat,float,,2740
1,local_feather,d360_apl_ord_bsy_typ_cnt_all,float,,2741
1,local_feather,d180_d360_apl_ord_cnt_rat,float,,2742
1,local_feather,d90_d360_apl_ord_prc_amt_avg_rat,float,,2743
1,local_feather,d30_apl_ord_cnt_all,float,,2744
1,local_feather,d180_apl_ord_bsy_typ_cnt_all,float,,2745
1,local_feather,d30_prc_amt_mor_3_000_suc_ord_cnt,float,,2746
1,local_feather,d15_bsy_typ_api_suc_ord_cnt_all,float,,2747
1,local_feather,d90_suc_ord_prc_amt_sum_all,float,,2748
1,local_feather,d30_prc_amt_mor_3_000_apl_ord_cnt,float,,2749
1,local_feather,d15_d360_apl_ord_prc_amt_avg_rat,float,,2750
1,local_feather,d360_suc_ord_stg_num_sum_all,float,,2751
1,local_feather,d30_suc_ord_prc_amt_sum_all,float,,2752
1,local_feather,d15_d30_suc_ord_prc_amt_avg_rat,float,,2753
1,local_feather,d180_prc_amt_mor_3_000_suc_ord_cnt,float,,2754
1,local_feather,d90_suc_ord_days_cnt,float,,2755
1,local_feather,d90_d180_apl_ord_cnt_rat,float,,2756
1,local_feather,d60_apl_ord_prc_amt_per_stg_sum,float,,2757
1,local_feather,d60_prc_amt_mor_10_000_suc_ord_cnt,float,,2758
1,local_feather,d7_prc_amt_mor_20_000_suc_ord_cnt,float,,2759
1,local_feather,d7_apl_ord_prc_amt_per_stg_avg_all,float,,2760
1,local_feather,d15_d30_apl_ord_cnt_rat,float,,2761
1,local_feather,d180_prc_amt_mor_10_000_apl_ord_cnt,float,,2762
1,local_feather,d7_apl_ord_prc_amt_min_all,float,,2763
1,local_feather,d90_prc_amt_mor_50_000_suc_ord_cnt,float,,2764
1,local_feather,d15_d180_suc_ord_prc_amt_avg_rat,float,,2765
1,local_feather,d180_apl_ord_days_cnt_all,float,,2766
1,local_feather,d60_suc_ord_prc_amt_per_stg_min,float,,2767
1,local_feather,d15_prc_amt_mor_50_000_suc_ord_cnt,float,,2768
1,local_feather,d360_suc_ord_ddf_mdl_ord_crt_dte_min,float,,2769
1,local_feather,d15_apl_ord_ddf_mdl_ord_crt_dte_max,float,,2770
1,local_feather,d360_apl_ord_stg_num_min_all,float,,2771
1,local_feather,d30_d360_suc_ord_prc_amt_avg_rat_all,float,,2772
1,local_feather,d360_suc_ord_prc_amt_per_stg_sum_all,float,,2773
1,local_feather,d360_apl_ord_stg_num_min,float,,2774
1,local_feather,d360_apl_ord_ddf_mdl_ord_crt_dte_max,float,,2775
1,local_feather,d360_apl_ord_prc_amt_min,float,,2776
1,local_feather,d30_prc_amt_mor_10_000_apl_ord_cnt,float,,2777
1,local_feather,d15_d360_apl_ord_cnt_rat,float,,2778
1,local_feather,d15_bsy_typ_ep_apl_ord_cnt_all,float,,2779
1,local_feather,d30_apl_ord_prc_amt_max,float,,2780
1,local_feather,d180_apl_ord_prc_amt_min,float,,2781
1,local_feather,d15_apl_ord_prc_amt_per_stg_avg,float,,2782
1,local_feather,d30_apl_ord_ddf_mdl_ord_crt_dte_max,float,,2783
1,local_feather,d60_prc_amt_mor_5_000_suc_ord_cnt,float,,2784
1,local_feather,d60_suc_ord_prc_amt_per_stg_sum_all,float,,2785
1,local_feather,d30_apl_ord_prc_amt_avg_all,float,,2786
1,local_feather,d30_d90_suc_ord_cnt_rat,float,,2787
1,local_feather,d15_d30_apl_ord_prc_amt_avg_rat_all,float,,2788
1,local_feather,d60_apl_ord_prc_amt_per_stg_avg_all,float,,2789
1,local_feather,d15_suc_ord_prc_amt_sum_all,float,,2790
1,local_feather,d60_apl_ord_prc_amt_per_stg_max_all,float,,2791
1,local_feather,d180_apl_ord_dis_bsy_typ_cnt_all,float,,2792
1,local_feather,d360_apl_ord_stg_num_sum_all,float,,2793
1,local_feather,d30_d360_apl_ord_cnt_rat,float,,2794
1,local_feather,d180_apl_ord_ddf_mdl_ord_crt_dte_max,float,,2795
1,local_feather,d90_apl_ord_ddf_mdl_ord_crt_dte_max,float,,2796
1,local_feather,d180_apl_ord_stg_num_sum,float,,2797
1,local_feather,d180_apl_ord_prc_amt_max,float,,2798
1,local_feather,d15_d30_suc_ord_cnt_rat,float,,2799
1,local_feather,d90_apl_ord_prc_amt_per_stg_sum,float,,2800
1,local_feather,d90_apl_ord_dis_bsy_typ_cnt_all,float,,2801
1,local_feather,d60_suc_ord_prc_amt_max_all,float,,2802
1,local_feather,d60_d180_suc_ord_cnt_rat,float,,2803
1,local_feather,d360_prc_amt_mor_50_000_apl_ord_cnt,float,,2804
1,local_feather,d180_bsy_typ_api_apl_ord_cnt_all,float,,2805
1,local_feather,d90_suc_ord_prc_amt_per_stg_avg_all,float,,2806
1,local_feather,d360_apl_ord_dis_bsy_typ_cnt_all,float,,2807
1,local_feather,d7_prc_amt_mor_20_000_apl_ord_cnt,float,,2808
1,local_feather,d180_apl_ord_stg_num_avg,float,,2809
1,local_feather,d7_d360_suc_ord_prc_amt_avg_rat_all,float,,2810
1,local_feather,d90_suc_ord_stg_num_sum_all,float,,2811
1,local_feather,d7_apl_ord_prc_amt_per_stg_min_all,float,,2812
1,local_feather,d90_bsy_typ_bt_cash_suc_ord_cnt_all,float,,2813
1,local_feather,d180_apl_ord_prc_amt_per_stg_avg_all,float,,2814
1,local_feather,d15_suc_ord_ddf_mdl_ord_crt_dte_max,float,,2815
1,local_feather,d180_suc_ord_prc_amt_sum_all,float,,2816
1,local_feather,d15_prc_amt_mor_3_000_apl_ord_cnt,float,,2817
1,local_feather,d7_suc_ord_dis_bsy_typ_cnt_all,float,,2818
1,local_feather,d30_suc_ord_bsy_typ_cnt_all,float,,2819
1,local_feather,d30_d60_apl_ord_cnt_rat,float,,2820
1,local_feather,d15_apl_ord_prc_amt_per_stg_min_all,float,,2821
1,local_feather,d30_d180_suc_ord_prc_amt_avg_rat,float,,2822
1,local_feather,d7_suc_ord_bsy_typ_cnt_all,float,,2823
1,local_feather,d180_bsy_typ_ep_suc_ord_cnt_all,float,,2824
1,local_feather,d30_prc_amt_mor_10_000_suc_ord_cnt,float,,2825
1,local_feather,d30_apl_ord_prc_amt_per_stg_min_all,float,,2826
1,local_feather,d7_bsy_typ_api_apl_ord_cnt_all,float,,2827
1,local_feather,d7_prc_amt_mor_5_000_suc_ord_cnt,float,,2828
1,local_feather,d30_suc_ord_prc_amt_min_all,float,,2829
1,local_feather,d7_d360_apl_ord_cnt_rat_all,float,,2830
1,local_feather,d90_apl_ord_days_cnt,float,,2831
1,local_feather,d60_apl_ord_stg_num_sum_all,float,,2832
1,local_feather,d7_suc_ord_prc_amt_per_stg_avg_all,float,,2833
1,local_feather,d360_apl_ord_cnt_all,float,,2834
1,local_feather,d15_bsy_typ_bt_cash_apl_ord_cnt_all,float,,2835
1,local_feather,d60_apl_ord_prc_amt_min,float,,2836
1,local_feather,d180_apl_ord_prc_amt_sum_all,float,,2837
1,local_feather,d60_apl_ord_prc_amt_sum,float,,2838
1,local_feather,d15_prc_amt_mor_50_000_apl_ord_cnt,float,,2839
1,local_feather,d15_apl_ord_stg_num_max_all,float,,2840
1,local_feather,d15_suc_ord_prc_amt_avg_all,float,,2841
1,local_feather,d360_apl_ord_prc_amt_per_stg_avg,float,,2842
1,local_feather,d7_suc_ord_prc_amt_per_stg_max_all,float,,2843
1,local_feather,d7_bsy_typ_bt_cash_apl_ord_cnt_all,float,,2844
1,local_feather,d90_d360_apl_ord_cnt_rat_all,float,,2845
1,local_feather,d15_apl_ord_prc_amt_per_stg_max,float,,2846
1,local_feather,d360_apl_ord_ddf_mdl_ord_crt_dte_min,float,,2847
1,local_feather,d60_prc_amt_mor_3_000_apl_ord_cnt,float,,2848
1,local_feather,d180_prc_amt_mor_5_000_apl_ord_cnt,float,,2849
1,local_feather,d15_bsy_typ_api_apl_ord_cnt_all,float,,2850
1,local_feather,d30_prc_amt_mor_20_000_suc_ord_cnt,float,,2851
1,local_feather,d360_apl_ord_stg_num_max,float,,2852
1,local_feather,d7_d15_apl_ord_prc_amt_avg_rat,float,,2853
1,local_feather,d7_prc_amt_mor_50_000_apl_ord_cnt,float,,2854
1,local_feather,d180_suc_ord_days_cnt_all,float,,2855
1,local_feather,d60_d360_suc_ord_cnt_rat_all,float,,2856
1,local_feather,d180_d360_apl_ord_prc_amt_avg_rat_all,float,,2857
