feature,iv,drop_reason
max_ctn_ovd_day,5.508787247582593e-05,low_iv
not_ovd_tqhk_rep_tim_cnt_12m,0.43510664089259066,high_corr
ddf_mdl_max_not_ovd_tqhk_rep_tim_12m,0.5526720419257357,kept
max_con_not_ovd_tqhk_rep_tim_cnt_5m,0.14892604141136812,kept
max_con_not_ovd_tqhk_rep_tim_cnt_12m,0.1856262458787906,kept
not_ovd_tqhk_rep_tim_cnt_3m,0.0,low_iv
lag_his_rep_amt_sum_per_mth_btch_rat_mor_50_per_cnt,2.0577240185674133,kept
d30_d60_his_rep_amt_sum_rat_btch,2.45654617642734,kept
d90_d360_his_rep_amt_sum_rat_btch,2.2856285849587232,high_corr
lag_his_rep_amt_sum_per_mth_all_rat_max,2.253687166122864,kept
lag_his_rep_amt_sum_per_mth_btch_rat_max,2.2191690092781107,kept
m6_up_flg_btch_cnt_rat,2.1044634915738096,kept
d30_d180_his_rep_amt_sum_rat_all,2.3556711200987968,kept
d30_his_rep_amt_sum_btch,2.3905843970717933,high_corr
d180_d360_his_rep_amt_sum_rat_all,2.234664803911924,high_corr
min_avl_lmt_lft_rep_prc_all_cash_bjq_12m,1.289869639470712,kept
rsk_lmt_rate_ch_1m_grt_0p2_cnt_bjq_12m,1.5792751953592048,high_corr
rsk_avl_lmt_ch_1m_les_10000_rate_bjq_12m,1.553988796715055,kept
rsk_avl_lmt_ch_1m_les_500_cnt_bjq_12m,1.5609907677661141,kept
min_rsk_avl_lmt_bjq_12m_all,1.5505797772563454,kept
max_rsk_lmt_rate_bjq_12m_all,1.5043383029577007,kept
min_avl_lmt_lft_rep_prc_2m_cash_bjq_12m,1.2894111306745404,high_corr
rsk_lmt_rate_ch_1m_grt_0p2_rate_bjq_12m,1.5533417837921517,kept
rsk_avl_lmt_ch_1m_les_500_rate_bjq_12m,1.5647094110554378,kept
rsk_lmt_rate_ch_1m_grt_0p9_cnt_bjq_12m,1.5670763541840411,kept
min_rsk_lmt_rate_bjq_12m_all,1.4940020847009023,high_corr
avg_avl_lmt_lft_rep_prc_all_cash_bjq_12m,1.2839664255232464,high_corr
rsk_lmt_rate_ch_1m_grt_0p95_rate_bjq_12m,1.5513514621170126,high_corr
rsk_lmt_rate_ch_1m_grt_0p5_rate_bjq_12m,1.5582062316015626,kept
max_avl_lmt_lft_rep_prc_3m_cash_bjq_12m,1.2930827211114286,high_corr
rsk_avl_lmt_ch_1m_les_10000_cnt_bjq_12m,1.586887105677005,kept
max_rsk_avl_lmt_bjq_12m_all,1.5338264783900766,high_corr
stg_pln_sum_rep_prc_3m_his_d0_non_zd_rto_v2,2.2571780850022227,kept
stg_pln_sum_rep_prc_1m_his_d0_evn_zd_rto_v2,2.2081494723959842,kept
stg_pln_sum_rep_prc_1m_his_ovd_14d_pls_30d_zd_rto_v2,2.2081494723959842,kept
stg_pln_sum_rep_prc_1m_his_d0_afn_pk_rto_v2,2.2081494723959842,kept
stg_pln_sum_rep_prc_12m_his_ovd_0d_pls_3d_mrn_pk_rto_v2,2.001654587606657,kept
stg_pln_sum_rep_prc_12m_his_ovd_14d_pls_30d_zd_rto_v2,2.0014775618970955,kept
stg_pln_sum_rep_prc_1m_his_d0_afn_zd_rto_v2,2.235961665457178,high_corr
stg_pln_sum_rep_prc_3m_his_d0_afn_zd_rto_v2,2.312675447342565,kept
stg_pln_sum_rep_prc_1m_his_ovd_3d_pls_7d_zd_rto_v2,2.2081494723959842,kept
stg_pln_sum_rep_prc_6m_his_ovd_7d_pls_14d_afn_pk_rto_v2,2.1885161600062784,high_corr
stg_pln_sum_rep_prc_12m_his_ovd_3d_pls_7d_afn_pk_rto_v2,2.0014775618970955,kept
stg_pln_sum_rep_prc_6m_his_ovd_14d_pls_30d_afn_pk_rto_v2,2.1885161600062784,kept
stg_pln_sum_rep_prc_1m_his_ovd_14d_pls_30d_mrn_pk_rto_v2,2.2081494723959842,kept
stg_pln_sum_rep_prc_12m_his_ovd_m2_pls_zd_rto_v2,2.0014775618970955,kept
stg_pln_sum_rep_prc_1m_his_ovd_7d_pls_14d_afn_pk_rto_v2,2.2081494723959842,kept
stg_pln_sum_rep_prc_1m_his_d0_mrn_zd_rto_v2,2.2956433842552846,kept
stg_pln_sum_rep_prc_his_d0_evn_zd_rto_v2,0.013094442098291258,kept
stg_pln_sum_rep_prc_12m_his_ovd_7d_pls_14d_afn_pk_rto_v2,2.0014775618970955,kept
stg_pln_sum_rep_prc_3m_his_ovd_3d_pls_7d_zd_rto_v2,2.240472394254107,kept
stg_pln_sum_rep_prc_3m_his_ovd_m2_pls_zd_rto_v2,2.240472394254107,kept
stg_pln_sum_rep_prc_3m_his_ovd_3d_pls_7d_mrn_pk_rto_v2,2.240472394254107,kept
stg_pln_sum_rep_prc_3m_his_d0_dwn_zd_rto_v2,2.263510902359574,kept
stg_pln_sum_rep_prc_12m_his_ovd_m2_pls_mrn_pk_rto_v2,2.0014775618970955,high_corr
stg_pln_sum_rep_prc_1m_his_d0_dwn_zd_rto_v2,2.2081494723959842,kept
stg_pln_sum_rep_prc_1m_his_ovd_0d_pls_3d_zd_rto_v2,2.2111952523221974,kept
stg_pln_sum_rep_prc_6m_his_ovd_14d_pls_30d_mrn_pk_rto_v2,2.1885161600062784,high_corr
stg_pln_sum_rep_prc_his_ovd_0d_pls_3d_zd_rto_v2,0.04579484107739253,kept
stg_pln_sum_rep_prc_12m_his_d0_non_zd_rto_v2,2.0624808514317374,kept
stg_pln_sum_rep_prc_3m_his_ovd_3d_pls_7d_afn_pk_rto_v2,2.240472394254107,kept
stg_pln_sum_rep_prc_12m_his_ovd_7d_pls_14d_zd_rto_v2,2.0014775618970955,kept
stg_pln_sum_rep_prc_3m_his_ovd_0d_pls_3d_zd_rto_v2,2.2423854975649737,high_corr
stg_pln_sum_rep_prc_3m_his_ovd_0d_pls_3d_afn_pk_rto_v2,2.240472394254107,kept
stg_pln_sum_rep_prc_3m_his_ovd_7d_pls_14d_afn_pk_rto_v2,2.240472394254107,kept
stg_pln_sum_rep_prc_6m_his_ovd_m2_pls_mrn_pk_rto_v2,2.1885161600062784,high_corr
stg_pln_sum_rep_prc_1m_his_d0_non_zd_rto_v2,2.2081494723959842,kept
stg_pln_sum_rep_prc_12m_his_ovd_7d_pls_14d_mrn_pk_rto_v2,2.0014775618970955,kept
stg_pln_sum_rep_prc_his_d0_afn_zd_rto_v2,0.04972023739731867,kept
stg_pln_sum_rep_prc_3m_his_ovd_14d_pls_30d_afn_pk_rto_v2,2.240472394254107,kept
stg_pln_sum_rep_prc_12m_his_ovd_14d_pls_30d_mrn_pk_rto_v2,2.0014775618970955,high_corr
stg_pln_sum_rep_prc_1m_his_ovd_3d_pls_7d_afn_pk_rto_v2,2.2081494723959842,kept
stg_pln_sum_rep_prc_1m_his_ovd_3d_pls_7d_mrn_pk_rto_v2,2.2081494723959842,kept
stg_pln_sum_rep_prc_12m_his_ovd_3d_pls_7d_mrn_pk_rto_v2,2.0014775618970955,kept
stg_pln_sum_rep_prc_12m_his_ovd_0d_pls_3d_afn_pk_rto_v2,2.0014775618970955,kept
stg_pln_sum_rep_prc_3m_his_d0_mrn_zd_rto_v2,2.308448214245855,kept
stg_pln_sum_rep_prc_1m_his_ovd_7d_pls_14d_mrn_pk_rto_v2,2.2081494723959842,kept
stg_pln_sum_rep_prc_3m_his_ovd_7d_pls_14d_zd_rto_v2,2.240472394254107,kept
stg_pln_sum_rep_prc_3m_his_d0_afn_pk_rto_v2,2.247929766215934,kept
stg_pln_sum_rep_prc_1m_his_ovd_7d_pls_14d_zd_rto_v2,2.2081494723959842,kept
stg_pln_sum_rep_prc_3m_his_ovd_0d_pls_3d_mrn_pk_rto_v2,2.240472394254107,kept
stg_pln_sum_rep_prc_3m_his_ovd_14d_pls_30d_mrn_pk_rto_v2,2.240472394254107,kept
stg_pln_sum_rep_prc_3m_his_ovd_m2_pls_mrn_pk_rto_v2,2.240472394254107,kept
stg_pln_sum_rep_prc_3m_his_ovd_7d_pls_14d_mrn_pk_rto_v2,2.240472394254107,kept
stg_pln_sum_rep_prc_1m_his_ovd_0d_pls_3d_afn_pk_rto_v2,2.2081494723959842,kept
stg_pln_sum_rep_prc_1m_his_ovd_0d_pls_3d_mrn_pk_rto_v2,2.2081494723959842,kept
stg_pln_sum_rep_prc_1m_his_ovd_14d_pls_30d_afn_pk_rto_v2,2.2081494723959842,kept
stg_pln_sum_rep_prc_3m_his_ovd_m2_pls_afn_pk_rto_v2,2.240472394254107,kept
stg_pln_sum_rep_prc_his_d0_mrn_zd_rto_v2,0.17746303678161,kept
stg_pln_sum_rep_prc_12m_his_d0_afn_pk_rto_v2,2.0446649988375523,high_corr
stg_pln_sum_rep_prc_his_d0_mrn_pk_rto_v2,0.10211536492541297,kept
stg_pln_sum_rep_prc_3m_his_ovd_14d_pls_30d_zd_rto_v2,2.240472394254107,kept
stg_pln_sum_rep_prc_6m_his_ovd_7d_pls_14d_mrn_pk_rto_v2,2.1885161600062784,high_corr
stg_pln_sum_rep_prc_3m_his_d0_evn_zd_rto_v2,2.2602102478868575,kept
stg_pln_sum_rep_prc_12m_his_ovd_3d_pls_7d_zd_rto_v2,2.0014775618970955,kept
stg_pln_avg_prc_amt_bjq_12m_his,1.8571106544196803,high_corr
stg_pln_pay_off_cnt_d0_rep_bjq_12m_rto,1.8549702177721723,kept
stg_pln_cnt_ovd_m2_pls_rep_bjq_12m_rto,1.8425470537318545,high_corr
stg_pln_sum_prc_amt_ovd_pls_rep_bjq_12m_rto,1.8438533239945256,kept
stg_pln_cnt_adv_rep_bjq_12m_rto,1.847615301928665,kept
stg_pln_sum_prc_amt_ovd_14d_pls_rep_bjq_12m_rto,1.8425470537318545,kept
stg_pln_avg_prc_amt_bjq_12m_his_per_mth,2.244723174877665,high_corr
stg_pln_sum_prc_amt_ovd_3d_pls_rep_bjq_12m_rto,1.8436130197468183,kept
stg_pln_sum_prc_amt_ovd_7d_pls_rep_bjq_12m_rto,1.8425470537318545,kept
stg_pln_sum_rep_prc_1m_his_ovd_7d_pls_14d_mrn_pk_rto,2.2081494723959842,kept
stg_pln_sum_rep_prc_3m_his_ovd_7d_pls_14d_mrn_pk_rto,2.240472394254107,kept
stg_pln_sum_rep_prc_3m_his_ovd_m2_pls_zd_rto,2.240472394254107,kept
stg_pln_sum_rep_prc_3m_his_ovd_7d_pls_14d_zd_rto,2.240472394254107,high_corr
stg_pln_sum_rep_prc_1m_3m_rto_his,2.4865825831204793,high_corr
stg_pln_sum_rep_prc_1m_his_ovd_3d_pls_7d_afn_pk_rto,2.2081494723959842,kept
stg_pln_sum_rep_prc_12m_his_ovd_14d_pls_30d_zd_rto,2.0014775618970955,high_corr
stg_pln_sum_rep_prc_1m_his_ovd_7d_pls_14d_zd_rto,2.2081494723959842,high_corr
stg_pln_sum_rep_prc_3m_his_ovd_0d_pls_3d_zd_rto,2.258859542984777,kept
stg_pln_sum_rep_prc_1m_his_d0_evn_zd_rto,2.2081494723959842,high_corr
stg_pln_sum_rep_prc_12m_his_ovd_14d_pls_30d_afn_pk_rto,2.0014775618970955,kept
stg_pln_sum_rep_prc_3m_6m_rto_his,2.4103762566682256,high_corr
stg_pln_sum_rep_prc_3m_his_ovd_0d_pls_3d_mrn_pk_rto,2.240472394254107,kept
stg_pln_sum_rep_prc_3m_his_d0_afn_zd_rto,2.2471049985566944,high_corr
stg_pln_sum_rep_prc_1m_his_ovd_3d_pls_7d_mrn_pk_rto,2.2081494723959842,kept
stg_pln_sum_rep_prc_1m_his_d0_non_zd_rto,2.2184548276383653,kept
stg_pln_sum_rep_prc_12m_his_ovd_0d_pls_3d_mrn_pk_rto,2.0014775618970955,kept
stg_pln_sum_rep_prc_1m_his_ovd_0d_pls_3d_mrn_pk_rto,2.2081494723959842,kept
stg_pln_sum_rep_prc_12m_his_ovd_14d_pls_30d_mrn_pk_rto,2.0014775618970955,high_corr
stg_pln_sum_rep_prc_his_ovd_0d_pls_3d_mrn_pk_rto,0.0006420097423780058,low_iv
stg_pln_sum_rep_prc_1m_his_ovd_0d_pls_3d_afn_pk_rto,2.2081494723959842,kept
stg_pln_sum_rep_prc_12m_his_ovd_7d_pls_14d_zd_rto,2.0014775618970955,high_corr
stg_pln_sum_rep_prc_3m_his_d0_afn_pk_rto,2.2415582672203964,kept
stg_pln_sum_rep_prc_12m_his_ovd_3d_pls_7d_afn_pk_rto,2.0014775618970955,kept
stg_pln_sum_rep_prc_12m_his_ovd_3d_pls_7d_mrn_pk_rto,2.0014775618970955,high_corr
stg_pln_sum_rep_prc_1m_his_d0_afn_zd_rto,2.243731794205007,kept
stg_pln_sum_rep_prc_3m_his_ovd_3d_pls_7d_afn_pk_rto,2.240472394254107,kept
stg_pln_sum_rep_prc_6m_his_ovd_14d_pls_30d_afn_pk_rto,2.1885161600062784,high_corr
stg_pln_sum_rep_prc_6m_his_ovd_7d_pls_14d_afn_pk_rto,2.1885161600062784,kept
stg_pln_sum_rep_prc_3m_his_ovd_14d_pls_30d_mrn_pk_rto,2.240472394254107,kept
stg_pln_sum_rep_prc_3m_his_ovd_14d_pls_30d_afn_pk_rto,2.240472394254107,kept
stg_pln_sum_rep_prc_12m_his_ovd_7d_pls_14d_afn_pk_rto,2.0014775618970955,kept
stg_pln_sum_rep_prc_3m_his_ovd_3d_pls_7d_mrn_pk_rto,2.240472394254107,kept
stg_pln_sum_rep_prc_3m_his_ovd_14d_pls_30d_zd_rto,2.240472394254107,kept
stg_pln_sum_rep_prc_12m_his_d0_afn_zd_rto,2.1307307250218894,kept
stg_pln_sum_rep_prc_12m_his_ovd_0d_pls_3d_afn_pk_rto,2.0014775618970955,kept
stg_pln_sum_rep_prc_6m_12m_rto_his,2.3323771934507285,high_corr
stg_pln_sum_rep_prc_12m_his_d0_mrn_zd_rto,2.1039557727840488,kept
stg_pln_sum_rep_prc_1m_his_ovd_14d_pls_30d_afn_pk_rto,2.2081494723959842,kept
stg_pln_sum_rep_prc_1m_his_ovd_14d_pls_30d_zd_rto,2.2081494723959842,kept
stg_pln_sum_rep_prc_1m_his_ovd_0d_pls_3d_zd_rto,2.2088589962913137,high_corr
stg_pln_sum_rep_prc_3m_his_d0_evn_zd_rto,2.2600931873066368,high_corr
stg_pln_sum_rep_prc_his_d0_evn_zd_rto,0.006322299531135734,high_corr
stg_pln_sum_rep_prc_3m_his_ovd_3d_pls_7d_zd_rto,2.240472394254107,high_corr
stg_pln_sum_rep_prc_6m_his_ovd_14d_pls_30d_mrn_pk_rto,2.1885161600062784,kept
stg_pln_sum_rep_prc_3m_his_ovd_7d_pls_14d_afn_pk_rto,2.240472394254107,kept
stg_pln_sum_rep_prc_12m_his_ovd_3d_pls_7d_zd_rto,2.0014775618970955,high_corr
stg_pln_sum_rep_prc_12m_his_d0_mrn_pk_rto,2.073511213616815,kept
stg_pln_sum_rep_prc_6m_his_d0_non_zd_rto,2.317514408344561,kept
stg_pln_sum_rep_prc_6m_his_adv_rto,2.2387825187197894,kept
stg_pln_sum_rep_prc_12m_his_d0_afn_pk_rto,2.1017059689039,kept
stg_pln_sum_rep_prc_6m_his_ovd_7d_pls_14d_mrn_pk_rto,2.1885161600062784,high_corr
stg_pln_sum_rep_prc_3m_his_ovd_m2_pls_afn_pk_rto,2.240472394254107,kept
stg_pln_sum_rep_prc_12m_his_ovd_7d_pls_14d_mrn_pk_rto,2.0014775618970955,kept
stg_pln_sum_rep_prc_1m_his_ovd_14d_pls_30d_mrn_pk_rto,2.2081494723959842,kept
stg_pln_sum_rep_prc_1m_his_adv_rto,2.212728896042104,high_corr
stg_pln_sum_rep_prc_6m_his_ovd_0d_pls_3d_mrn_pk_rto,2.1885161600062784,kept
stg_pln_sum_rep_prc_6m_his_ovd_3d_pls_7d_mrn_pk_rto,2.1885161600062784,kept
stg_pln_sum_rep_prc_1m_his_ovd_7d_pls_14d_afn_pk_rto,2.2081494723959842,kept
stg_pln_sum_rep_prc_1m_his_d0_afn_pk_rto,2.2081494723959842,kept
stg_pln_sum_rep_prc_3m_his_ovd_0d_pls_3d_afn_pk_rto,2.240472394254107,kept
stg_pln_sum_rep_prc_1m_his_ovd_3d_pls_7d_zd_rto,2.2081494723959842,high_corr
rsk_lmt_rate_ch_1m_grt_0p2_rate_36m,1.66762760550969,kept
min_rsk_lmt_rate_24m_bt_ch,1.8840307671510523,high_corr
rsk_avl_lmt_ch_1m_les_1000_rate_24m,1.9585958240626113,high_corr
rsk_lmt_rate_ch_1m_grt_0p95_rate_36m,1.5858146280886485,kept
rsk_avl_lmt_ch_1m_les_1000_cnt_24m,2.2235578705417605,high_corr
min_rsk_avl_lmt_36m_bt_ch,1.4646522481566313,kept
rsk_lmt_rate_ch_1m_grt_0p2_cnt_24m,1.7800499141434953,kept
max_avl_lmt_lft_rep_prc_1m_cash_36m,1.35526024455298,high_corr
rsk_lmt_rate_ch_1m_grt_0p5_cnt_24m,2.4038963174810664,kept
rsk_avl_lmt_ch_1m_les_10000_rate_24m,1.9410326941542126,high_corr
max_avl_lmt_lft_rep_prc_all_cash_24m,1.8648562114125635,kept
rsk_lmt_rate_ch_1m_grt_0p5_rate_24m,2.17987811678737,high_corr
min_rsk_avl_lmt_24m_bt_ch,1.9272084350267118,high_corr
rsk_lmt_rate_ch_1m_grt_0p9_rate_24m,2.027724135231635,high_corr
avg_avl_lmt_lft_rep_prc_all_cash_36m,1.5889578768186392,kept
min_avl_lmt_lft_rep_prc_all_cash_36m,1.4457359925767248,kept
max_rsk_lmt_rate_24m_bt_ch,1.990047576858159,high_corr
max_rsk_avl_lmt_24m_bt_ch,1.7962298439104727,high_corr
min_avl_lmt_lft_rep_prc_2m_cash_36m,1.437661871441416,kept
avg_avl_lmt_lft_rep_prc_all_cash_24m,1.9661619034824858,kept
stg_pln_sum_prc_amt_12m_36m_rto,0.845910760345725,kept
stg_pln_avg_prc_amt_24m_his_per_mth,1.0360274037716164,high_corr
stg_pln_avg_prc_amt_24m_his,1.528560547345644,high_corr
stg_pln_sum_prc_amt_adv_rct_36m_rto,1.3521500407933567,high_corr
stg_pln_pay_off_cnt_d0_rep_24m_rto,1.798639699609215,high_corr
stg_pln_pay_off_sum_prc_amt_12m_24m_rto,2.104467381345179,high_corr
stg_pln_sum_rep_prc_12m_his_ovd_0d_pls_3d_zd,0.24472381549034555,high_corr
stg_pln_sum_rep_prc_his_ovd_3d_pls_7d_zd,0.024010198631628076,kept
stg_pln_sum_rep_prc_his_ovd_0d_pls_3d_zd,0.009949426345544509,high_corr
stg_pln_max_rep_prc_12m_his,1.481862968430666,high_corr
stg_pln_sum_rep_prc_his_fst_ord,0.034321218548114985,kept
stg_pln_sum_rep_prc_12m_his,1.6482287463483116,high_corr
stg_pln_sum_rep_prc_12m_his_d0_dwn_zd,0.5223477488266561,kept
stg_pln_sum_rep_prc_his_d0_evn_zd,0.0312994949165246,high_corr
stg_pln_min_rep_prc_12m_his,0.03375018590105361,kept
stg_pln_sum_rep_prc_his_d0_afn_pk,0.0666869817914905,kept
stg_pln_sum_rep_prc_12m_his_d0_afn_pk,0.353672692806581,kept
stg_pln_sum_rep_prc_3m_his_ovd_0d_pls_3d_zd,0.0,low_iv
stg_pln_sum_rep_prc_3m_his_d0_afn_pk,0.0,low_iv
stg_pln_max_rep_prc_his,0.018956130715221283,high_corr
stg_pln_sum_rep_prc_6m_his_d0_mrn_pk,1.0387926359608908,high_corr
stg_pln_sum_rep_prc_6m_his_d0_evn_zd,0.0,low_iv
stg_pln_sum_rep_prc_3m_his_d0_non_zd,0.0,low_iv
stg_pln_max_rep_prc_1m_his,2.0330686424987316,high_corr
stg_pln_sum_rep_prc_1m_his_d0_dwn_zd,0.0,low_iv
stg_pln_min_rep_prc_6m_his,0.0,low_iv
stg_pln_sum_rep_prc_his_d0_mrn_pk,0.2691345610976457,kept
stg_pln_sum_rep_prc_his_d0_non_zd,0.07002769531533189,high_corr
min_ddf_mdl_rep_tim_his,2.686852228174577,high_corr
stg_pln_sum_rep_prc_his_adv,0.029853020467489253,high_corr
stg_pln_sum_rep_prc_1m_his,2.1781898109684668,high_corr
stg_pln_sum_rep_prc_his_d0_afn_zd,0.05871378631375186,high_corr
stg_pln_sum_rep_prc_6m_his_adv,0.30369791568552146,high_corr
stg_pln_sum_rep_prc_12m_his_d0_afn_zd,0.4757668160426507,high_corr
stg_pln_min_rep_prc_his,0.22215160399874784,kept
lst_rep_prc,0.049239365346702646,high_corr
stg_pln_sum_rep_prc_12m_his_d0_non_zd,0.49934315860667433,high_corr
stg_pln_sum_rep_prc_3m_his_d0_non_zd_v2,0.0,low_iv
stg_pln_sum_rep_prc_his_d0_mrn_pk_v2,0.21673776770326408,high_corr
stg_pln_sum_rep_prc_12m_his_d0_mrn_zd_v2,1.0175398024688864,kept
stg_pln_sum_rep_prc_6m_his_d0_mrn_pk_v2,1.5175643477514549,kept
stg_pln_sum_rep_prc_his_ovd_3d_pls_7d_zd_v2,0.0,low_iv
stg_pln_sum_rep_prc_3m_his_ovd_0d_pls_3d_zd_v2,0.0,low_iv
stg_pln_sum_rep_prc_his_d0_afn_pk_v2,0.025572251366801888,high_corr
stg_pln_sum_rep_prc_his_d0_mrn_zd_v2,0.24036185253168924,kept
stg_pln_sum_rep_prc_his_d0_afn_zd_v2,0.08949020601115597,kept
stg_pln_sum_rep_prc_6m_his_d0_dwn_zd_v2,0.0,low_iv
stg_pln_sum_rep_prc_6m_his_d0_evn_zd_v2,0.0,low_iv
stg_pln_sum_rep_prc_6m_his_d0_afn_zd_v2,0.5860102289914502,kept
stg_pln_sum_rep_prc_12m_his_ovd_0d_pls_3d_mrn_pk_v2,0.0,low_iv
stg_pln_sum_rep_prc_his_d0_evn_zd_v2,0.03719376131037706,kept
stg_pln_sum_rep_prc_his_d0_dwn_zd_v2,0.19056689671345975,kept
stg_pln_sum_rep_prc_12m_his_ovd_0d_pls_3d_zd_v2,0.2926441561265695,kept
stg_pln_sum_rep_prc_his_ovd_0d_pls_3d_zd_v2,0.014490274818377499,kept
stg_pln_sum_rep_prc_his_ovd_0d_pls_3d_mrn_pk_v2,0.004492717529108278,low_iv
stg_pln_sum_rep_prc_1m_his_d0_mrn_zd_v2,0.0,low_iv
stg_pln_sum_rep_prc_12m_his_d0_afn_pk_v2,0.3520200379279125,high_corr
stg_pln_sum_rep_prc_12m_his_d0_non_zd_v2,0.5196812683679672,kept
stg_pln_sum_rep_prc_his_d0_non_zd_v2,0.07550867358732014,kept
stg_pln_sum_prc_amt_adv_rct,0.02993717729994757,high_corr
stg_pln_min_prc_amt_d0_rep,0.003152576937079969,low_iv
stg_pln_max_prc_amt_adv_rct_24m,0.18291129646789245,kept
stg_pln_sum_prc_amt_d0_rep_24m,1.5120400214067506,high_corr
stg_pln_min_prc_amt_adv_rct,0.0,low_iv
stg_pln_sum_prc_amt_adv_rct_24m,0.16707310291341745,kept
stg_pln_max_prc_amt_d0_rep,0.10120728864537545,high_corr
stg_pln_max_prc_amt_d0_rep_24m,1.339422549481097,high_corr
stg_pln_max_prc_amt_adv_rct_36m,0.14859533111584852,kept
stg_pln_cnt_adv_rct_24m,0.19913685980157983,high_corr
stg_pln_cnt_adv_rct,0.054611853018296234,kept
stg_pln_min_prc_amt_d0_rep_24m,0.06064974561584059,kept
stg_pln_cnt_d0_rep_24m,1.7008844718194909,high_corr
his_light_fail_trade_heavy_ovd_repay_same_date_count,0.20112774956397864,kept
light_his_sum_faqi_prc_amt_divide_heavy_his_sum_ovd_repay_amt,0.10121512807476078,kept
his_heavy_suc_trade_light_ovd_repay_same_month_count,0.23994103196802546,kept
light_his_sum_faqi_prc_amt_divide_heavy_his_sum_faqi_prc_amt,0.2429559545477166,kept
his_heavy_light_suc_trade_same_month_count,0.2914978294458594,kept
d90_lend_light_to_repay_heavy_inner7d_order_stg_sum,0.32581844420806394,kept
his_heavy_ontime_repay_light_ovd_repay_same_date_count,0.22757635255781805,kept
his_heavy_ontime_repay_light_ovd_repay_same_month_count,0.2231257021235601,kept
his_lend_light_to_repay_heavy_inner7d_order_stg_sum,0.25861159559558444,kept
his_heavy_advance_repay_light_ovd_repay_same_month_count,0.22327263880637988,kept
light_his_sum_faqi_count_divide_heavy_his_sum_faqi_count,0.2752675133332746,kept
d360_light_limit_divide_btch_adt_limit,0.45988764861198794,kept
his_heavy_suc_trade_light_ovd_repay_same_date_count,0.22619932537118703,kept
his_light_suc_trade_heavy_ovd_repay_same_date_count,0.20135330718751632,kept
his_heavy_suc_trade_light_advance_repay_same_month_count,0.24015658103921528,kept
his_heavy_fail_trade_light_ovd_repay_same_date_count,0.22468391011443256,kept
his_light_limit_divide_btch_avl_limit,0.5297605325514565,kept
his_heavy_shouxin_samemonth_light_ovd_repay_count,0.22220218730152463,kept
his_light_ontime_repay_heavy_ovd_repay_same_month_count,0.22807566960013864,kept
heavy_unpaid_principal_his_divide_d720_light_limit_max,0.4826271870598533,kept
his_light_suc_trade_heavy_ovd_repay_same_month_count,0.20470544547000405,kept
his_light_ontime_repay_heavy_ovd_repay_same_date_count,0.22397698569767222,kept
light_his_sum_larger_than_1w_faqi_count_divide_heavy_his_sum_larger_than_1w_faqi_count,0.15289387891151732,kept
heavy_his_sum_fail_prc_amt_divide_light_his_sum_ontim_repay_amt,0.2622220217600886,kept
his_lend_heavy_to_repay_light_inner14d_order_amt_rate,0.25118105451768713,kept
unpaid_principal_future_light_divide_heavy,2.2559066354222432,kept
his_heavy_light_suc_trade_same_date_count,0.22341553993542412,kept
light_his_sum_faqi_prc_amt_divide_heavy_his_sum_ontim_repay_amt,0.2353213193746798,kept
his_light_advance_repay_heavy_ovd_repay_same_date_count,0.2222022836440159,kept
d360_lend_heavy_to_repay_light_inner7d_order_amt_sum,0.004456337057951605,low_iv
heavy_unpaid_principal_future_divide_his_light_limit_max,0.7917967057518697,kept
heavy_d720_sum_faqi_prc_amt_divide_light_d720_sum_ontim_repay_amt,0.4055272283347241,kept
his_light_shouxin_heavy_fail_trade_same_month_count,0.34631422197349304,kept
his_heavy_ovd_repay_light_ovd_repay_same_month_count,0.22271901234767782,kept
his_heavy_light_fail_trade_same_date_count,0.22655177716611988,high_corr
light_d720_max_ontim_repay_amt_divide_heavy_d720_max_ontim_repay_amt,0.38321118827025585,kept
unpaid_principal_future_light_add_heavy,2.3389795770736064,high_corr
his_lend_heavy_to_repay_light_inner3d_order_amt_sum,0.004456337057951605,low_iv
his_light_limit_divide_btch_adt_limit,0.407720577680071,high_corr
d360_lend_light_to_repay_heavy_inner7d_order_num_sum,0.379995184195699,kept
his_heavy_ontime_repay_light_ontime_repay_same_month_count,0.2960210811308915,kept
his_heavy_advance_repay_light_advance_repay_same_date_count,0.2261879222229759,kept
light_his_sum_ontim_repay_amt_divide_heavy_his_sum_ontim_repay_amt,0.26311953000250304,kept
his_lend_heavy_to_repay_light_inner3d_order_amt_rate,0.004456337057951605,low_iv
light_d360_sum_faqi_count_divide_heavy_d360_sum_faqi_count,0.5988388420463377,kept
his_light_fail_trade_heavy_ovd_repay_same_month_count,0.20179610941294157,kept
light_his_sum_faqi_prc_amt_divide_heavy_his_sum_adv_repay_amt,0.12738999728462908,kept
his_heavy_shouxin_inner30d_light_advance_repay_count,0.22220218730152463,kept
his_light_suc_trade_heavy_advance_repay_same_date_count,0.2054200389233028,kept
light_his_sum_fail_prc_amt_divide_heavy_his_sum_fail_prc_amt,0.1639420602182549,kept
d360_lend_light_to_repay_heavy_inner7d_order_amt_sum,0.3799220732075271,kept
light_his_max_fail_prc_amt_divide_heavy_his_max_adv_repay_amt,0.08125140259819855,kept
his_heavy_ontime_repay_light_ontime_repay_same_date_count,0.2770821617182812,kept
his_light_shouxin_heavy_suc_trade_same_month_count,0.29694211556106204,kept
his_light_advance_repay_heavy_ovd_repay_same_month_count,0.22227304541598708,kept
his_heavy_shouxin_inner30d_light_trade_fail_count,0.20093302481309758,kept
his_lend_light_to_repay_heavy_inner3d_order_amt_sum,0.2474991829387489,kept
light_d720_sum_faqi_prc_amt_divide_heavy_d720_sum_faqi_prc_amt,0.4505385536593141,kept
his_heavy_ovd_repay_light_ovd_repay_same_date_count,0.22331823224717295,kept
light_his_max_faqi_prc_amt_divide_heavy_his_max_faqi_prc_amt,0.20269376254433433,kept
his_heavy_advance_repay_light_ovd_repay_same_date_count,0.2237562060237498,kept
his_lend_heavy_to_repay_light_inner14d_order_num_sum,0.3295263870457487,kept
heavy_unpaid_principal_his_divide_his_light_limit,0.39538736454864026,kept
his_light_suc_trade_heavy_advance_repay_same_month_count,0.206933572736047,kept
d360_lend_heavy_to_repay_light_inner7d_order_stg_rate,2.5419011826323157,kept
d360_lend_heavy_to_repay_light_inner7d_order_stg_sum,0.004456337057951605,low_iv
his_heavy_shouxin_samemonth_light_advance_repay_count,0.22220218730152463,kept
d90_lend_heavy_to_repay_light_inner7d_order_num_sum,0.004456337057951605,low_iv
his_heavy_fail_trade_light_ovd_repay_same_month_count,0.23098672062722309,kept
his_lend_light_to_repay_heavy_inner3d_order_stg_rate,0.2550572190828761,kept
light_d720_sum_faqi_stg_num_divide_heavy_d720_sum_faqi_stg_num,0.4687501829538199,kept
his_heavy_advance_repay_light_advance_repay_same_month_count,0.22835488612321964,kept
his_heavy_suc_trade_light_advance_repay_same_date_count,0.22447365444765177,kept
d90_lend_heavy_to_repay_light_inner7d_order_amt_sum,0.004456337057951605,low_iv
his_heavy_light_fail_trade_same_month_count,0.2380007021158775,kept
d90_lend_light_to_repay_heavy_inner7d_order_amt_sum,0.3378463500583483,kept
his_heavy_shouxin_samemonth_light_trade_fail_count,0.20093302481309758,kept
his_heavy_shouxin_inner30d_light_trade_suc_count,0.20093302481309758,kept
his_lend_light_to_repay_heavy_inner14d_order_amt_rate,0.25524722904636726,kept
rsk_lmt_rate_ch_1m_grt_0p5_cnt_3m,3.06598551080001,kept
rsk_lmt_rate_ch_1m_grt_0p2_cnt_3m,2.643607109719558,kept
rsk_avl_lmt_ch_1m_les_10000_cnt_12m,2.8434385753559166,high_corr
rsk_avl_lmt_ch_1m_les_500_cnt_12m,2.704618506873294,kept
min_rsk_lmt_rate_12m_bt_ch,2.502674693736728,kept
avg_avl_lmt_lft_rep_prc_all_cash_12m,2.269014238430052,kept
rsk_avl_lmt_ch_1m_les_5000_rate_3m,2.686400144420506,kept
rsk_lmt_rate_ch_1m_grt_0p95_rate_3m,2.6885173791450265,kept
rsk_lmt_rate_ch_1m_grt_0p8_rate_3m,2.7733205563495824,kept
avg_avl_lmt_lft_rep_prc_3m_cash_1m,2.3114055128630007,kept
rsk_lmt_rate_ch_1m_grt_0p2_rate_6m,2.7373757401544068,kept
rsk_lmt_rate_ch_1m_grt_0p95_cnt_1m,2.6300111325868665,kept
min_rsk_lmt_rate_3m_bt_ch,2.7283983218120587,kept
min_rsk_avl_lmt_3m_bt_ch,2.721217625315964,kept
max_rsk_lmt_rate_12m_bt_ch,2.585897269126374,high_corr
rsk_lmt_rate_ch_1m_grt_0p5_rate_6m,2.8400499426121604,kept
rsk_avl_lmt_ch_1m_les_5000_cnt_3m,2.949684353754819,kept
max_rsk_lmt_rate_1m_all,2.6039737256564126,kept
rsk_avl_lmt_ch_1m_les_10000_rate_6m,2.623293998152336,kept
min_avl_lmt_lft_rep_prc_2m_cash_3m,2.4066379437672305,kept
rsk_avl_lmt_ch_1m_les_500_cnt_3m,2.8082805913631503,kept
max_avl_lmt_lft_rep_prc_1m_cash_3m,2.3220898480929035,kept
rsk_lmt_rate_ch_1m_grt_0p9_cnt_6m,2.9683210203049306,high_corr
rsk_lmt_rate_ch_1m_grt_0p95_rate_1m,2.543060973593111,kept
rsk_lmt_rate_ch_1m_grt_0p2_rate_1m,2.5155917831328214,kept
min_rsk_avl_lmt_12m_bt_ch,2.520991137945482,kept
max_avl_lmt_lft_rep_prc_all_cash_12m,2.219033976552022,high_corr
rsk_avl_lmt_ch_1m_les_500_rate_3m,2.645835861307565,kept
rsk_avl_lmt_ch_1m_les_1000_rate_1m,2.4610705840896823,kept
rsk_lmt_rate_ch_1m_grt_0p9_rate_12m,2.52721263508864,kept
rsk_avl_lmt_ch_1m_les_1000_rate_6m,2.6654121487901774,kept
rsk_lmt_rate_ch_1m_grt_0p8_rate_1m,2.5018609321928174,kept
rsk_lmt_rate_ch_1m_grt_0p8_cnt_1m,2.7457325103765013,kept
pmt_hnd_amt_rat_1m,1.0468614946838772,kept
payment_not_balancenotenough_day_3m,0.0,low_iv
payment_not_balancenotenough_dis_rate_3m,2.176029013503064,kept
payment_balancenotenough_day_rate_3m,2.1866004670096233,kept
pmt_crd_amt_1m,1.2756885181205055,kept
mid_2_pmt_blc_not_eng_rat_1m,2.489011037172218,high_corr
mid_1_pmt_blc_not_eng_rat_3m,2.259178234290421,kept
payment_balancenotenough_dis_rate_1m,2.0680604504891824,kept
payment_balancenotenough_day_6m,0.9678132053137907,high_corr
pmt_hnd_cnt_rat_3m,2.1328536732920864,high_corr
pmt_crd_nmb_3m,0.37878058596225767,high_corr
payment_day_6m,1.9550402853915259,kept
pmt_crd_amt_3m,1.873463711457331,kept
payment_not_balancenotenough_cnt_dis_3m,0.0,low_iv
pmt_crd_amt_pmonth_his,1.4495945712215792,kept
payment_balancenotenough_day_1m,0.48714720611773943,high_corr
stg_pln_sum_prc_amt_3m_6m_rto,1.652276784208515,high_corr
stg_pln_sum_prc_amt_ovd_14d_pls_rep_1m_rto,2.0800194699410626,high_corr
stg_pln_cnt_ovd_pls_rep_1m_rto_his,0.004209128589933038,low_iv
stg_pln_avg_prc_amt_6m_his_per_mth,2.0653603703726007,high_corr
stg_pln_cnt_ovd_3d_pls_rep_3m_rto,2.0811589561714,kept
stg_pln_sum_prc_amt_ovd_m2_pls_rep_3m_rto,2.0811589561714,kept
stg_pln_sum_prc_amt_ovd_m2_pls_rep_12m_rto,1.8585104359116313,high_corr
stg_pln_pay_off_sum_prc_amt_14d_1m_rto,2.3635655585661612,kept
stg_pln_pay_off_sum_prc_amt_d0_rep_1m_rto,2.2211267479336527,high_corr
stg_pln_sum_prc_amt_ovd_3d_pls_rep_1m_rto_his,0.036560319330932095,kept
stg_pln_sum_prc_amt_ovd_m2_pls_rep_6m_rto,2.020164564553421,high_corr
stg_pln_pay_off_sum_prc_amt_7d_1m_rto,2.3392408565639835,kept
stg_pln_sum_prc_amt_6m_12m_rto,1.1930348364678514,high_corr
stg_pln_sum_prc_amt_ovd_m3_pls_rep_3m_rto,2.0811589561714,high_corr
stg_pln_avg_prc_amt_adv_rep_12m,0.3672331259775132,high_corr
stg_pln_sum_prc_amt_ovd_3d_pls_rep_1m_rto,2.0800194699410626,kept
stg_pln_sum_prc_amt_adv_rct_14d_rto,1.5282781378759551,high_corr
stg_pln_cnt_ovd_7d_pls_rep_1m_rto,2.0800194699410626,kept
stg_pln_sum_prc_amt_ovd_7d_pls_rep_12m_rto,1.8585104359116313,kept
stg_pln_cnt_ovd_7d_pls_rep_3m_rto,2.0811589561714,kept
stg_pln_pay_off_sum_prc_amt_6m_12m_rto,2.337784742282298,kept
stg_pln_cnt_ovd_pls_rep_12m_rto_his,0.4280674534671252,high_corr
stg_pln_pay_off_sum_prc_amt_1m_3m_rto,2.49226165654627,kept
stg_pln_sum_prc_amt_ovd_3d_pls_rep_3m_rto_his,0.07007533986183034,kept
stg_pln_sum_prc_amt_ovd_m4_pls_rep_6m_rto,2.020164564553421,kept
stg_pln_avg_prc_amt_adv_3d,0.03199958504679548,kept
stg_pln_cnt_ovd_14d_pls_rep_3m_rto,2.0811589561714,high_corr
stg_pln_sum_prc_amt_adv_rep_6m_rto,2.178562637262116,high_corr
stg_pln_sum_prc_amt_ovd_14d_pls_rep_6m_rto,2.020164564553421,kept
stg_pln_avg_prc_amt_d0_rep_3m,2.108527041251933,high_corr
stg_pln_cnt_adv_d0_rep_3m_rto,2.1233304050851327,high_corr
stg_pln_cnt_ovd_3d_pls_rto,0.057965566297770235,high_corr
stg_pln_sum_prc_amt_adv_rct_3m_rto,2.2666311034854454,high_corr
stg_pln_pay_off_cnt_3m_6m_rto,2.463899438542172,kept
stg_pln_sum_prc_amt_1m_2m_rto,2.1632078941976784,kept
stg_pln_sum_prc_amt_ovd_pls_rep_6m_rto_his,0.2906671238679085,kept
stg_pln_pay_off_cnt_d0_rep_6m_rto,2.2754914616822406,kept
max_ddf_rep_tim_dte_ovd_pls_rep_bjq_12m,0.6724450548843968,high_corr
stg_pln_max_prc_amt_adv_d0_rep_bjq_12m,2.248132314122817,kept
stg_pln_fst_sum_prc_amt_ovd_pls_rep_bjq_12m,2.2321296410379134,kept
stg_pln_min_prc_amt_adv_3d_bjq_12m,2.2320423076561977,kept
stg_pln_max_prc_amt_adv_3d_bjq_12m,2.2475144067775856,kept
stg_pln_sum_prc_amt_adv_fst_ord_bjq_12m,2.243409228432059,kept
min_ddf_rep_tim_dte_ovd_pls_rep_bjq_12m,0.6667485634933592,high_corr
stg_pln_min_prc_amt_adv_14d_bjq_12m,2.2320423076561977,high_corr
min_ddf_rep_tim_dte_adv_fst_ord_bjq_12m,0.35093107451918765,kept
stg_pln_sum_prc_amt_adv_3d_bjq_12m,2.2505005479295734,kept
stg_pln_pay_off_max_prc_amt_pday_bjq_12m,2.2464939261460497,kept
stg_pln_pay_off_cnt_bjq_12m,2.264629883051761,kept
stg_pln_max_prc_amt_ovd_14d_pls_rep_bjq_12m,2.2320423076561977,kept
stg_pln_max_prc_amt_ovd_1d_3d_rep_bjq_12m,2.2341305401379143,kept
max_ddf_mdl_rep_dte_his_bjq,1.8564832324262177,kept
stg_pln_min_prc_amt_ovd_7d_pls_rep_bjq_12m,2.2320423076561977,kept
stg_pln_sum_prc_amt_adv_d0_rep_bjq_12m,2.2474107329352258,kept
stg_pln_max_prc_amt_ovd_3d_pls_rep_bjq_12m,2.232561599331974,kept
stg_pln_fst_cnt_ovd_3d_pls_rep_bjq_12m,2.2320423076561977,kept
stg_pln_sum_prc_amt_adv_bjq_12m,2.2383065841049756,kept
stg_pln_min_prc_amt_bjq_12m_his_bjq_12m,2.2582158672687145,kept
min_ddf_mdl_rep_dte_ovd_3d_pls_bjq,0.18155666418201652,high_corr
stg_pln_cnt_adv_bjq_12m,2.2375303714965575,kept
stg_pln_sum_prc_amt_his_fst_ord_bjq_12m,2.265755984284649,kept
stg_pln_cnt_adv_2m_bjq_12m,2.2346838479916915,kept
stg_pln_min_prc_amt_adv_bjq_12m,2.2320423076561977,kept
min_fst_ddf_mdl_rep_dte_ovd_pls_bjq,0.24372324509925322,kept
stg_pln_sum_prc_amt_ovd_m2_pls_rep_bjq_12m,2.2320423076561977,kept
stg_pln_cnt_adv_3d_bjq_12m,2.2492698362123718,kept
stg_pln_fst_cnt_ovd_pls_rep_bjq_12m,2.2330826577455687,kept
min_ddf_rep_tim_dte_adv_bjq_12m,0.6877031804282232,kept
stg_pln_sum_prc_amt_ovd_pls_rep_bjq_12m,2.2338868929869897,kept
stg_pln_max_prc_amt_ovd_pls_fst_ord_bjq_12m,2.2424531371230794,kept
stg_pln_sum_prc_amt_ovd_3d_pls_rep_bjq_12m,2.233985559526926,kept
stg_pln_max_prc_amt_ovd_m4_pls_rep_bjq_12m,2.2320423076561977,kept
min_ddf_mdl_rep_dte_ovd_pls_bjq,0.7339557091300333,kept
stg_pln_cnt_adv_fst_ord_bjq_12m,2.2385578990574313,kept
min_ddf_mdl_rep_tim_adv_bjq_12m,0.6786213877972928,kept
stg_pln_cnt_ovd_m2_pls_rep_bjq_12m,2.2320423076561977,high_corr
stg_pln_min_prc_amt_adv_d0_rep_bjq_12m,2.242515711542553,kept
stg_pln_max_prc_amt_adv_d0_rep_his_fst_ord_bjq_12m,2.27042317821005,kept
stg_pln_sum_prc_amt_ovd_pls_fst_ord_bjq_12m,2.2399229625294694,kept
stg_pln_cnt_his_fst_ord_bjq_12m,2.242681001944905,kept
stg_pln_cnt_ovd_14d_pls_rep_bjq_12m,2.2320423076561977,kept
stg_pln_max_prc_amt_adv_3m_bjq_12m,2.242760304832061,kept
min_ddf_mdl_rep_tim_d0_rep_his_bjq_12m,1.6995353521920276,kept
stg_pln_max_prc_amt_ovd_7d_pls_rep_bjq_12m,2.2320423076561977,kept
min_ddf_rep_tim_dte_ovd_pls_fst_ord_bjq_12m,0.37169814729318573,kept
stg_pln_min_prc_amt_ovd_pls_rep_bjq_12m,2.2320423076561977,kept
stg_pln_min_prc_amt_ovd_pls_fst_ord_bjq_12m,2.2320423076561977,kept
stg_pln_sum_prc_amt_adv_2m_bjq_12m,2.2381977151050667,high_corr
max_ddf_rep_tim_dte_adv_bjq_12m,0.6889912077248886,kept
stg_pln_min_prc_amt_ovd_14d_pls_rep_bjq_12m,2.2320423076561977,high_corr
stg_pln_cnt_ovd_3d_pls_rep_bjq_12m,2.234046874886644,kept
stg_pln_fst_sum_prc_amt_ovd_3d_pls_rep_bjq_12m,2.2320423076561977,kept
stg_pln_min_prc_amt_ovd_1d_3d_rep_bjq_12m,2.2320423076561977,kept
max_ddf_rep_tim_dte_ovd_pls_fst_ord_bjq_12m,0.37214240890649175,kept
stg_pln_min_prc_amt_ovd_3d_pls_rep_bjq_12m,2.2320423076561977,kept
stg_pln_cnt_ovd_pls_rep_bjq_12m,2.233667103785833,kept
min_ddf_mdl_rep_dte_his_bjq,1.8472930520830473,kept
stg_pln_cnt_ovd_pls_fst_ord_bjq_12m,2.2336998227010434,kept
stg_pln_sum_prc_amt_1m_2m_rto_ftr,2.2014398057901055,high_corr
stg_pln_sum_prc_amt_6m_12m_rto_ftr,1.3812425684801999,kept
stg_pln_cnt_1m_ftr_adv,0.0,low_iv
stg_pln_cnt_3m_ftr,1.9655069698930654,high_corr
stg_pln_cnt_ftr_fst_ord,0.065001602152632,kept
stg_pln_sum_prc_amt_ftr_fst_ord,0.06544128597406185,kept
stg_pln_min_prc_amt_3m_ftr,0.0,low_iv
stg_pln_max_prc_amt_1m_ftr_adv,0.0,low_iv
stg_pln_sum_prc_amt_3m_6m_rto_ftr,1.817017829070799,kept
max_ddf_mdl_rep_dte_ftr,2.2972985114725812,kept
stg_pln_sum_prc_amt_ftr_rep,2.271293412608734,high_corr
stg_pln_cnt_3m_ftr_adv_rto,2.1873414257180235,high_corr
stg_pln_min_prc_amt_6m_ftr,0.10160543804788563,kept
min_ddf_mdl_rep_dte_ftr,2.251911528322049,kept
stg_pln_max_prc_amt_12m_ftr,1.5952280844764417,kept
stg_pln_min_prc_amt_ftr,1.071368655522893,kept
stg_pln_sum_prc_amt_1m_ftr_adv,0.0,low_iv
ddf_bjq_12m_rep_dte_neg_7_crt_dt_ord_cnt,2.2326057905242687,kept
min_ddf_rep_dte_ord_crt_tim_7_bjq_12m,0.4366925698922678,kept
ddf_bjq_12m_rep_dte_0_crt_dt_min_prc_amt,2.2320423076561977,kept
min_ddf_rep_dte_ord_crt_tim_neg_1_bjq_12m,0.31134561924191745,kept
max_ddf_rep_dte_ord_crt_tim_5_bjq_12m,0.40771076288679836,high_corr
ddf_bjq_12m_rep_dte_neg_7_crt_dt_rep_prc_amt_rto,0.44850927581611744,high_corr
ddf_bjq_12m_rep_dte_neg_5_crt_dt_min_prc_amt,2.2320423076561977,kept
ddf_bjq_12m_rep_dte_0_crt_dt_rep_prc_amt_rto,0.2428979133376437,high_corr
avg_ddf_rep_dte_ord_crt_tim_7_bjq_12m,0.43678391937082284,high_corr
ddf_bjq_12m_rep_dte_1_crt_dt_max_prc_amt,2.2326863705583166,kept
avg_ddf_rep_dte_ord_crt_tim_neg_3_bjq_12m,0.3815749655683447,high_corr
max_ddf_rep_dte_ord_crt_tim_neg_7_bjq_12m,0.442248966982441,high_corr
ddf_bjq_12m_rep_dte_neg_5_crt_dt_max_prc_amt,2.232051446654384,kept
avg_ddf_rep_dte_ord_crt_tim_3_bjq_12m,0.393993756784417,high_corr
ddf_bjq_12m_rep_dte_7_crt_dt_rep_prc_amt,2.2337794475434913,kept
min_ddf_rep_dte_ord_crt_tim_neg_5_bjq_12m,0.4146572238924642,kept
ddf_bjq_12m_rep_dte_7_crt_dt_max_prc_amt,2.2338053413572756,kept
ddf_bjq_12m_rep_dte_7_crt_dt_sum_prc_amt,2.233456075799914,high_corr
ddf_bjq_12m_rep_dte_3_crt_dt_min_prc_amt,2.2320423076561977,kept
avg_ddf_rep_dte_ord_crt_tim_neg_7_bjq_12m,0.44471384135664316,high_corr
ddf_bjq_12m_rep_dte_neg_1_crt_dt_min_prc_amt,2.2320423076561977,kept
max_ddf_rep_dte_ord_crt_tim_7_bjq_12m,0.4342737699347825,high_corr
ddf_bjq_12m_rep_dte_7_crt_dt_rep_prc_amt_rto,0.4422676431895716,high_corr
ddf_bjq_12m_rep_dte_7_crt_dt_min_prc_amt,2.2320423076561977,kept
max_ddf_rep_dte_ord_crt_tim_1_bjq_12m,0.30153177242502915,high_corr
mdt_lst_30d_90d_ord_cnt_typ_btch_rte,1.6804056066226576,high_corr
mdt_lst_60d_180d_ord_cnt_typ_btch_rte,2.1657771069205403,high_corr
cnt_stg_cnt_30d_90d,1.66143567768541,high_corr
cnt_ord_cnt_fal_30d,0.004456337057951605,low_iv
mdt_lst_30d_60d_stg_cnt_rte,2.2799225555213276,high_corr
cnt_stg_cnt_ever_overdue_30d_90d,0.0006266810630711066,low_iv
cnt_stg_cnt_ever_overdue_rte_30d_90d,1.8660443164613258,high_corr
cnt_avg_ord_span_30d,1.7449298288045014,kept
cnt_ord_cnt_typ_btch_30d_90d,2.125393858639053,high_corr
cnt_avg_ord_span_30d_90d,2.0703460249876224,kept
cnt_stg_amt_advance_30d_90d,0.13591450660341464,high_corr
mdt_lst_60d_180d_stg_cnt_ever_overdue_rte_rte,0.36995559356505675,kept
cnt_ord_cnt_ever_overdue_rte_30d_90d,1.3463939328992485,kept
mdt_lst_30d_60d_stg_cnt_advance_rte,0.28773238142745833,kept
cnt_stg_cnt_ever_overdue_rte_30d,2.0407187175778962,high_corr
cnt_ord_cnt_suc_30d,0.004456337057951605,low_iv
cnt_ord_cnt_suc_30d_90d,0.9528347588996123,high_corr
cnt_ord_cnt_fal_30d_90d,0.004456337057951605,low_iv
cnt_ord_cnt_typ_btch_30d,1.6785336159889903,high_corr
abf_1y_inter_1m_count_down,1.9131490612155382,high_corr
af_3m_inter_1m_sum_down,0.5974775930738387,high_corr
abf_1y_inter_1m_count_up,1.8966470192005906,kept
af_1m_trend,2.2408319447848255,kept
af_6m_inter_1m_count_down,1.0538321789848852,high_corr
af_1y_inter_1m_sum_up,1.66398405808167,kept
af_3m_inter_1m_sum_up,0.5036626521443417,kept
bf_9m_inter_1m_count_down,0.5820648431326886,high_corr
rsi_bf_1y_inter_1m,1.1736741987873713,kept
af_6m_trend,2.212706879289569,kept
bf_q2_q1_trend,0.8622679190476583,kept
rsi_abf_1y_inter_3m,2.0913585089292592,kept
af_9m_inter_1m_sum_down,1.1760947785589726,kept
bf_3m_inter_1m_sum_up,1.8317089929417687,high_corr
rsi_af_1y_inter_1m,1.8480340407467348,kept
rsi_af_3m_inter_1m,0.5527588756018847,high_corr
abf_1y_inter_1m_sum_up,2.2096355705624022,high_corr
bf_9m_inter_1m_sum_down,0.5204982626946733,high_corr
af_q4_q3_trend,1.4073120342761336,high_corr
rsi_af_6m_inter_1m,1.1054958242693154,kept
af_q2_q1_trend,2.242130060137545,kept
bf_q3_q2_trend,1.1589374933716878,kept
bf_1m_trend,2.091679599858049,high_corr
bf_3m_inter_1m_count_down,0.21284665835361427,high_corr
bf_3m_inter_1m_sum_down,0.3098890638286822,high_corr
af_1y_inter_3m_count_up,0.07898142599895158,high_corr
af_6m_inter_1m_sum_up,1.0501157180584837,kept
af_1y_inter_3m_sum_up,0.1923185455946156,kept
bf_1y_inter_3m_sum_down,0.1784747799386912,kept
rsi_bf_3m_inter_1m,0.6900479019370945,kept
bf_q4_q3_trend,1.6898748140155222,kept
bf_6m_trend,1.194451458443992,kept
bf_1y_inter_3m_count_down,0.07261773072626095,kept
rsi_abf_1y_inter_1m,2.5042029963163106,kept
rsi_af_1y_inter_3m,0.22358954481600674,kept
cnt_avb_lmt_2m_v2,2.0292838697138946,high_corr
avg_avb_lmt_2m_v2,2.344956928107165,high_corr
avg_lmt_use_rat_2m_v2,2.449791610938985,high_corr
sum_avb_lmt_2m_v2,2.374561106134988,kept
succloan_stage_num_mean_all,0.06275889949749182,kept
n_unique_channel_event_result_1,0.3650606598314684,kept
stddev_amt_event_type_repay_all,0.15465750564053798,kept
min_amt_channel_hb,0.4183502913713952,kept
last_amt_channel_hb_microcredit_lv1_all,0.059534929307293566,kept
div_amt_event_type_repay_loan,1.6508884053910973,kept
stddev_day_diff_event_type_repay_all,0.2736878981570135,high_corr
median_amt_event_result_1_all,0.058351985682778454,kept
median_amt_event_result_1_event_type_repay_recent_30,2.2804323782015334,high_corr
n_unique_event_type_day_diff_shift1_event_type_loan,0.6197820982904223,kept
stddev_amt_event_type_repay_event_result_1_recent_180,2.5464851518966425,kept
day_diff_shift1_n_unique_all,0.2803583838672243,kept
first_day_diff_event_result_1_all,2.8765174307436383,kept
n_unique_day_diff_shift1_event_type_loan,0.46441186619819397,kept
cnt_type_light_uid_recent_days_30,0.0,low_iv
cnt_event_type_credit_event_result_1_all,0.1362892822659578,kept
cnt_event_type_repay_event_result_1_all,0.48232055886853725,kept
max_amt_event_type_repay_recent_60,2.377692810849246,kept
sum_day_diff_shift1_event_type_loan_all,0.33735884548231565,kept
median_amt_event_type_loan_recent_180,2.499344862708088,high_corr
n_unique_other_info_event_type_credit,0.029709724700873585,kept
sum_day_diff_type_heavy_all,0.36755828756610465,kept
cnt_event_result_1_uid_recent_days_120,2.2538560825277174,high_corr
median_amt_channel_hb_microcredit_lv1_all,0.05132257984654777,kept
last_day_diff_event_result_0_event_type_loan_all,0.5316526462144433,kept
max_amt_other_info_manual_repay,0.024280445356018115,kept
last_event_type_day_diff_shift1_event_type_repay_all,0.05667004568349566,kept
max_amt_type_light,0.24852448988103215,kept
min_amt_event_type_credit_event_result_1,0.17687439808829666,kept
day_diff_last_repay_loan,0.0708687350886531,kept
std_amt_channel_hb,0.23406137868536522,kept
first_day_diff_event_result_0_event_type_loan_all,1.4405290213456352,kept
cnt_other_info_cash_uid_recent_days_30,0.9650466940787774,high_corr
max_amt_other_info_auto_deduct,0.08227127511517364,high_corr
cnt_other_info_manual_repay_uid_recent_days_90,1.251983686712727,high_corr
cnt_other_info_auto_deduct_uid_recent_days_540,1.4201002867802874,kept
stddev_day_diff_shift1_event_type_repay_all,0.8643420538773366,kept
median_amt_other_info_auto_deduct_all,0.09963226271692552,kept
cnt_event_type_limit_type_heavy_all,0.5040430908306962,kept
redu_amt_event_type_repay_loan,1.6517929216182279,kept
first_amt_event_type_credit_all,0.056507888514914985,kept
last_amt_type_light_all,0.18503273616453653,kept
cnt_channel_hb_all,0.5296390610505547,high_corr
cnt_other_info_cash_uid_recent_days_360,2.5731294549476775,high_corr
succloan_day_diff_reud_stage_num_sum_all,0.5706527321369392,kept
cnt_event_type_loan_uid_recent_days_30,0.9275369551228747,high_corr
per_event_type_limit_all,0.6767612384160909,kept
cnt_other_info_light_uid_recent_days_360,0.44875623744857474,high_corr
cnt_event_type_loan_type_heavy_all,0.6129342597565933,kept
cnt_channel_hb_uid_recent_days_180,1.4201999852493141,high_corr
avg_day_diff_shift1_event_type_repay_all,1.0894428930086149,kept
min_amt_event_type_repay_recent_180,2.4434569133396837,kept
ddf_36m_rep_dte_neg_3_crt_dt_max_prc_amt,0.7032398733302189,kept
ddf_24m_rep_dte_3_crt_dt_max_prc_amt,1.1854842576221896,kept
ddf_rep_dte_7_crt_dt_max_prc_amt,0.3708004481772852,high_corr
ddf_rep_dte_0_crt_dt_max_prc_amt,0.37530170938793617,kept
ddf_36m_rep_dte_5_crt_dt_sum_prc_amt,0.8382721271786783,kept
ddf_24m_rep_dte_neg_7_crt_dt_min_prc_amt,0.0,low_iv
ddf_36m_rep_dte_neg_5_crt_dt_rep_prc_amt_rto,1.1970721455248317,high_corr
ddf_24m_rep_dte_neg_7_crt_dt_avg_prc_amt,1.4437613766732824,kept
ddf_36m_rep_dte_0_crt_dt_rep_prc_amt_rto,0.9261247355039618,high_corr
ddf_24m_rep_dte_neg_1_crt_dt_rep_prc_amt_rto,1.2020709186188268,high_corr
ddf_24m_rep_dte_neg_7_crt_dt_ord_cnt,1.3111079561979717,kept
ddf_24m_rep_dte_1_crt_dt_rep_prc_amt_rto,1.1483302056703901,kept
ddf_24m_rep_dte_neg_7_crt_dt_rep_prc_amt,1.2099862606159202,kept
ddf_24m_rep_dte_7_crt_dt_rep_prc_amt_rto,1.3344186097487534,high_corr
ddf_36m_rep_dte_5_crt_dt_rep_prc_amt_rto,1.1146137226948285,kept
ddf_24m_rep_dte_neg_7_crt_dt_rep_prc_amt_rto,1.4471269873642818,kept
ftr_pending_repay_gurantee_fee_sum_divide_ftr_principal_sum,2.315547906379085,kept
d360_schedule_pay_penalty_max,0.3941819291985295,kept
d90_repaid_tot_fee_sum,2.3508316598339265,high_corr
d90_repaid_exclude_principal_fee_stddev,2.394281093907459,kept
d360_repaid_interest_fee_max,2.092469423849032,kept
d180_repaid_gurantee_fee_sum_divide_d180_principal_sum,2.233704288486588,kept
d1080_sum_repaid_interest_fee_sum_divide_d1080_principal_sum,1.351955763979768,kept
tot_pending_repay_tot_fee_stddev,2.4981211778461163,kept
d720_repaid_tot_fee_stddev,1.8990631517726728,kept
ftr_pending_repay_interest_fee_sum,2.3403975398842043,kept
d360_schedule_pay_penalty_sum_divide_d360_principal_sum,0.399196924951529,high_corr
d90_repaid_interest_fee_stddev,2.3364437259874857,kept
d90_repaid_tot_fee_stddev,2.4920888504456546,kept
d360_repaid_gurantee_fee_stddev,2.192872277920855,kept
d90_repaid_interest_fee_sum,2.3928719540204932,kept
d90_repaid_tot_fee_max,2.2583714008108986,high_corr
d360_stddev_adv_repay_fee,0.4805415538586891,kept
d90_repaid_gurantee_fee_sum,2.34759436174451,kept
d360_repaid_exclude_principal_fee_max,2.0391749580287137,kept
d180_adv_repay_fee_sum,0.45918859439554205,kept
d90_repaid_interest_fee_sum_divide_d90_principal_sum,2.304845361843645,kept
d1080_repaid_interest_fee_stddev,1.2426466349345773,kept
d360_adv_repay_fee_sum_divide_d360_principal_sum,0.4746823629505077,kept
his_repaid_tot_fee_sum,0.18529346496046767,high_corr
d720_repaid_interest_fee_sum,1.8550179565219835,kept
max_con_dau_7d,0.5687633157770225,high_corr
ddf_mdl_max_con_dau_dt_90d,1.343968964902868,kept
dau_90d,1.7158684966789397,kept
ddf_mdl_max_dau_dt_90d,1.6902421901022635,high_corr
ddf_mdl_max_con_dau_dt_30d,1.1147687136134485,kept
ord_apl_suc_min_stg_num_360_day_bjq_12m,2.2553661725130167,kept
ord_apl_suc_sum_prc_amt_360_day_04_06_bjq_12m,2.2320423076561977,kept
ord_apl_cnt_360_day_19_23_bjq_12m,2.2638404838570185,kept
his_360_day_csh_apl_ord_cnt_bjq_12m,2.3518667957019987,kept
ord_apl_suc_cnt_360_day_19_23_bjq_12m,2.232931769284029,kept
ord_apl_min_prc_amt_360_day_bjq_12m,2.2822234989148185,kept
ord_apl_max_prc_amt_360_day_bjq_12m,2.243859171932613,kept
ord_apl_cnt_360_day_04_06_bjq_12m,2.2320423076561977,kept
ord_apl_sum_prc_amt_360_day_bjq_12m,2.277145109657947,kept
ord_apl_suc_sum_prc_amt_360_day_07_12_bjq_12m,2.237989493791682,high_corr
his_360_day_bt_suc_ord_cnt_bjq_12m,2.25932104182003,kept
pst_ord_apl_suc_sum_stg_num_360_day_bjq_12m,2.235243703921637,kept
his_360_day_bt_apl_ord_cnt_csh_rto_bjq_12m,1.0617925967785276,kept
his_360_day_bt_apl_ord_cnt_his_rto_bjq_12m,2.245600808790629,kept
his_360_day_prc_amt_3_000_flg_suc_ord_cnt_bjq_12m,2.232874646175592,kept
ord_apl_suc_cnt_360_day_00_03_bjq_12m,2.2320423076561977,kept
ord_apl_cnt_360_day_07_12_bjq_12m,2.2756209370021336,kept
ord_apl_suc_6_cnt_360_day_rto_bjq_12m,1.2546228406902782,high_corr
his_360_day_csh_apl_ord_cnt_his_rto_bjq_12m,2.264625782696516,kept
ord_apl_suc_sum_prc_amt_360_day_00_03_bjq_12m,2.2320423076561977,kept
ord_apl_suc_sum_prc_amt_360_day_bjq_12m,2.2434843003432032,kept
his_360_day_csh_suc_ord_cnt_bjq_12m,2.236582605224433,kept
ord_apl_suc_6_cnt_360_day_bjq_12m,2.2328841168527265,kept
ord_apl_suc_sum_prc_amt_360_day_19_23_bjq_12m,2.2321054130961695,kept
ord_apl_suc_cnt_360_day_13_18_bjq_12m,2.2329752323916363,kept
ord_apl_suc_max_stg_num_360_day_bjq_12m,2.2705782957553176,kept
ord_apl_suc_cnt_360_day_07_12_bjq_12m,2.232719670443169,kept
ord_apl_fal_cnt_360_day_bjq_12m,2.3601756920757837,kept
ord_apl_cnt_360_day_00_03_bjq_12m,2.2320423076561977,kept
pst_ord_apl_suc_max_prc_amt_360_day_bjq_12m,2.2335270909006404,kept
ord_apl_suc_sum_prc_amt_360_day_13_18_bjq_12m,2.2375402839506893,kept
ord_apl_cnt_360_day_13_18_bjq_12m,2.287951339594369,kept
ord_apl_sum_prc_amt_360_day_04_06_bjq_12m,2.2320423076561977,kept
ord_apl_sum_prc_amt_360_day_19_23_bjq_12m,2.268118068980416,kept
his_360_day_prc_amt_3_000_flg_apl_ord_cnt_bjq_12m,2.286452949519309,kept
bsy_typ_suc_cnt_360_day_bjq_12m,2.2476830171017843,kept
ord_apl_sum_prc_amt_360_day_00_03_bjq_12m,2.2320423076561977,kept
ord_apl_suc_cnt_360_day_04_06_bjq_12m,2.2320423076561977,kept
act_dvc_90d,0.0,low_iv
lst_app_str_hr,1.4009399064293506,kept
ddf_lst_app_str_tim_to_mdl_tim_sec,1.6912455413247298,kept
his_30d_app_str_ctn_v2,1.8070872314492221,kept
dvc_cnt_cjj_7,1.4019567655377232,kept
his_1d_app_str_ctn_v2,1.4541591129822453,kept
dvc_num_log_mid_ngt_90,1.4837191516602344,kept
dvc_cnt_cjj_30,1.4052516866081413,high_corr
his_3d_app_str_ctn_v2,1.5346961211034293,high_corr
his_7d_app_str_ctn_v2,1.6443542482007243,kept
dvc_cnt_cjj_90,1.399550107789691,kept
credit_fund_level2_min_limit_cnt_24m,0.42261878510155876,high_corr
loan_unique_fund_cnt_3m,0.3435769744980838,kept
credit_pass_unique_scene_cnt_36m,0.4385446831922932,kept
loan_fund_cnt_all,0.44757519509538735,kept
credit_pass_unique_fund_cnt_3m,0.3435769744980838,kept
credit_fund_level2_min_ir_cnt_36m,0.3870669363829513,kept
credit_unique_fund_cnt_3m,0.6410042733911664,kept
credit_fund_other_ratio_12m,0.6503151436389651,kept
loan_reject_unique_fund_cnt_6m,0.3435769744980838,kept
credit_fund_level1_reject_cnt_12m,0.43375750463684376,high_corr
loan_avg_ir_36m,0.3713290491557978,high_corr
credit_unique_scene_cnt_all,0.5081835833383995,high_corr
credit_avg_ir_cnt_12m,0.4856327738251808,high_corr
credit_min_limit_cnt_12m,0.48209559535208363,high_corr
loan_fund_level2_max_terms_all,0.29674767947196834,kept
credit_avg_limit_cnt_all,0.4026002006247689,high_corr
credit_min_ir_cnt_all,0.43001590754848823,high_corr
credit_reject_cnt_24m,0.7354723452683236,high_corr
loan_unique_fund_cnt_12m,0.5049078501775625,kept
credit_reject_unique_fund_cnt_6m,0.5632120897954491,high_corr
loan_fund_level2_max_ir_all,0.31563796463584637,high_corr
loan_reject_cnt_all,0.1198030993719167,kept
credit_pass_unique_fund_cnt_1m,0.3435769744980838,high_corr
credit_pass_unique_fund_cnt_24m,0.5261445249698814,kept
credit_fund_level2_ratio_36m,0.49187460757392454,kept
credit_loan_avg_days_36m,0.41309924945425647,kept
credit_fund_other_reject_cnt_6m,0.5398583761606085,kept
credit_reject_unique_scene_cnt_24m,0.5595202841438838,high_corr
credit_fund_other_reject_cnt_24m,0.6160672088859757,kept
loan_fund_level2_min_ir_36m,0.32652770086856076,kept
credit_fund_level2_reject_cnt_12m,0.6215519841455968,high_corr
credit_unique_fund_cnt_12m,0.7345629739589444,high_corr
credit_max_ir_cnt_36m,0.4315573989298269,kept
loan_avg_ir_all,0.3305669994720337,high_corr
credit_max_limit_cnt_12m,0.48751571115392967,high_corr
loan_reject_unique_fund_cnt_1m,0.3435769744980838,kept
credit_loan_usage_rate_24m,0.4452242250968732,kept
credit_limit_cnt_12m,0.49270612416355725,high_corr
credit_loan_avg_days_24m,0.4468836795202282,kept
credit_unique_fund_cnt_1m,0.3435769744980838,kept
credit_ratio_12m,0.7989769566071354,kept
loan_fund_level2_cnt_36m,0.33900140833302544,kept
credit_fund_level2_avg_ir_cnt_24m,0.42621873322031534,kept
credit_min_ir_cnt_24m,0.501619431994656,kept
credit_pass_unique_scene_cnt_6m,0.3927578675022457,high_corr
credit_min_limit_cnt_all,0.4129655721838698,high_corr
credit_unique_fund_cnt_36m,0.5879979936914544,kept
credit_fund_other_reject_cnt_36m,0.5465738678956759,high_corr
loan_avg_terms_36m,0.3672585637041374,kept
credit_fund_level1_ratio_12m,0.49207725175100325,kept
loan_pass_unique_fund_cnt_1m,0.3435769744980838,kept
credit_fund_level1_reject_cnt_24m,0.44284911820364375,kept
credit_fund_level2_ratio_all,0.46865357281784104,high_corr
credit_pass_unique_scene_cnt_1m,0.3435769744980838,high_corr
loan_pass_unique_fund_cnt_24m,0.4772022370401955,high_corr
credit_pass_unique_fund_cnt_6m,0.4766515089344785,kept
credit_unique_scene_cnt_36m,0.5201371589128739,kept
credit_max_limit_cnt_24m,0.4923992892471339,kept
loan_max_ir_36m,0.3805893445112748,kept
credit_unique_scene_cnt_6m,0.536837344805181,kept
credit_limit_cnt_24m,0.5028341256876296,kept
credit_ratio_6m,0.7428052339819756,high_corr
loan_unique_fund_cnt_6m,0.4827968080854298,high_corr
loan_reject_unique_fund_cnt_3m,0.3435769744980838,high_corr
credit_reject_cnt_6m,0.697819875861176,kept
credit_fund_level2_avg_ir_cnt_36m,0.38216069525922186,high_corr
loan_fund_level2_min_ir_all,0.31520299295701276,high_corr
credit_fund_level2_max_ir_cnt_24m,0.4217476635101292,kept
loan_reject_unique_fund_cnt_12m,0.42520527050308277,high_corr
loan_fund_level2_principal_avg_36m,0.3213736820308462,kept
credit_unique_scene_cnt_12m,0.5805875746655941,kept
credit_fund_cnt_all,0.5634920801322439,high_corr
credit_loan_fund_level2_avg_days_36m,0.366157562202383,high_corr
credit_reject_cnt_12m,0.7636340673806742,kept
credit_min_limit_cnt_24m,0.4921655352588538,kept
credit_loan_usage_rate_all,0.4127290076224936,high_corr
credit_avg_ir_cnt_24m,0.4939558475861593,kept
credit_min_ir_cnt_36m,0.43937262965969803,kept
loan_reject_fund_cnt_all,0.38417686381360105,kept
credit_unique_scene_cnt_24m,0.5846678314400369,kept
credit_pass_unique_scene_cnt_3m,0.3435769744980838,high_corr
credit_avg_limit_cnt_36m,0.41487468608024064,kept
credit_fund_other_ratio_24m,0.6269745411084952,high_corr
credit_pass_unique_scene_cnt_12m,0.43442134182465375,kept
credit_fund_level2_cnt_24m,0.43578707280026313,high_corr
loan_fund_level2_principal_sum_all,0.3059119849047479,high_corr
loan_max_ir_all,0.36330939148992814,kept
credit_fund_level2_min_ir_cnt_24m,0.4252602799529547,high_corr
credit_fund_level1_reject_cnt_36m,0.37976852394182814,kept
credit_fund_level2_reject_cnt_36m,0.5067842024330959,kept
pge_id_cnt_7d,0.7345905868468334,kept
dau_00_06_14d,0.0,low_iv
clk_cnt_14d,1.4116726650757643,kept
dau_00_06_90d,0.6142536507020863,kept
clk_cnt_00_06_14d,0.0,low_iv
pge_id_cnt_90d,1.667656781255686,high_corr
clk_cnt_00_06_rep_90d,0.0,low_iv
d360_due_repay_amt_avg_divide_d360_faqi_trade_amt_avg,2.3875043834305374,kept
d360_max_adv_repay_amt_divide_rsk_adt_lmt_cash,0.4901124777599855,kept
d1080_due_repay_amt_larger_than_rsk_adt_lmt_cash_his_t_day_count_sum,1.1375426809379532,kept
d180_ovdrepay_1_4am_trade_in_same_month_count_sum,2.5771680293102848,kept
d90_successamt_thismon_sum_larger_than_rsk_adt_lmt_cash_count_sum,1.4156578420377544,kept
d1080_ovdrepay_ontimrepay_in_same_month_count_sum,0.3585695328215194,kept
d360_max_adv_repay_amt_divide_d360_max_faqi_prc_amt,0.6175264231239501,kept
d1080_ovdrepay_fail_trade_in_same_month_count_sum,1.4220802136351622,kept
d1080_advrepay_large_than_ontimrepay_amt_months_count_sum,0.4024010572688709,kept
d360_trade_fail_stgnum_avg_mon_divide_his_trade_success_stgnum_avg_mon,1.0866285058871725,kept
his_due_repay_amt_avg_divide_his_faqi_trade_amt_avg,0.15214715569102774,high_corr
d360_ovdrepay_thismon_sum_larger_than_rsk_avl_lmt_cash_count_sum,0.38131670623105085,kept
d90_ovdrepay_suc_trade_in_same_month_count_sum,2.6221884491863223,kept
d720_max_ovd_repay_amt_divide_d720_max_suc_prc_amt,0.4505068326476732,kept
d360_due_repay_amt_sum_divide_d360_faqi_trade_amt_sum,2.3999569682488304,kept
d180_max_adv_repay_amt_divide_d180_max_faqi_prc_amt,0.5787515636587713,kept
d360_advrepay_amt_sum_divide_ontimrepay_amt_sum,0.620600393249464,kept
d180_ovdrepay_suc_trade_in_same_month_count_sum,2.5771680293102848,high_corr
d180_faqi_trade_amt_larger_than_rsk_adt_lmt_cash_his_t_day_count_sum,2.4838537783659835,kept
d1080_advrepay_ontimrepay_in_same_month_count_sum,0.4788758853303958,kept
his_advrepay_thismon_sum_larger_than_rsk_avl_lmt_cash_count_sum,0.008650271178822135,kept
d1080_ontimrepay_thismon_sum_larger_than_rsk_adt_lmt_cash_count_sum,1.2180802331804246,kept
d180_due_repay_amt_larger_than_rsk_avl_lmt_cash_his_t_day_count_sum,2.2057582720525,kept
d720_max_due_prc_amt_divide_d720_max_faqi_prc_amt,1.8784329520778946,kept
d1080_trade_fail_amt_sum_mon_divide_his_trade_success_amt_sum_mon,0.8380983346540123,kept
d360_max_faqi_prc_amt_divide_rsk_avl_lmt_cash,2.5457324141509465,kept
his_ovd_1d3d_repay_amt_sum_divide_adv_3dminus_repay_amt_sum,0.015204167065666688,kept
d360_faqi_unpaid_principal_tot_larger_than_rsk_adt_lmt_cash_his_t_day_count_sum,2.478403977005817,high_corr
d1080_due_repay_amt_avg_divide_d1080_faqi_trade_amt_avg,1.6140610269673175,kept
his_ontimrepay_thismon_sum_larger_than_rsk_adt_lmt_cash_count_sum,0.11426460363908442,kept
d360_unpaid_principal_tot_amt_t_day_divide_rsk_adt_lmt_cash_his_t_day_max,2.644507848348174,kept
d360_advrepay_thismon_sum_larger_than_rsk_adt_lmt_cash_count_sum,0.46384925263572885,kept
d1080_avg_due_pay_amt_sum_by_mon_divide_rsk_adt_lmt_cash,1.4788432830629508,high_corr
d720_faqi_trade_amt_larger_than_unpaid_principal_tot_amt_t_day_count_sum,1.979870282863099,kept
d180_ovdrepay_amt_sum_divide_ontimrepay_amt_sum,0.4092100343702794,kept
d360_trade_fail_count_mon_divide_his_trade_success_count_mon,1.1028559736436192,kept
d1080_trade_fail_stgnum_avg_mon_divide_his_trade_success_stgnum_avg_mon,0.8321405654392937,kept
d1080_faqi_trade_amt_larger_than_rsk_adt_lmt_cash_his_t_day_count_sum,1.4831700725741734,kept
d720_faqi_trade_amt_larger_than_rsk_adt_lmt_cash_his_t_day_count_sum,1.9706859473921505,kept
d180_faqiamt_thismon_sum_larger_than_rsk_adt_lmt_cash_count_sum,2.469487594444257,kept
his_advrepay_large_than_ontimrepay_amt_months_count_sum,0.0534840796916143,kept
d720_faqi_trade_amt_larger_than_rsk_avl_lmt_cash_his_t_day_count_sum,2.621894963010392,high_corr
d360_faqi_trade_amt_larger_than_rsk_adt_lmt_cash_his_t_day_count_sum,2.482047814198294,kept
d720_ovdrepay_suc_trade_in_same_month_count_sum,1.9289605126933917,kept
d1080_ovdrepay_1_4am_trade_in_same_month_count_sum,1.36884294892132,kept
d360_successamt_thismon_sum_larger_than_rsk_adt_lmt_cash_count_sum,2.1238759002924166,kept
d1080_max_due_prc_amt_divide_d1080_max_faqi_prc_amt,1.4590443539457958,kept
d720_due_repay_amt_larger_than_rsk_adt_lmt_cash_his_t_day_count_sum,1.5142112367311067,kept
d720_max_ovd_repay_amt_divide_rsk_adt_lmt_cash,0.3587244680673487,high_corr
d720_ontimrepay_thismon_sum_larger_than_rsk_adt_lmt_cash_count_sum,1.603800867914185,kept
d720_unpaid_principal_tot_amt_t_day_divide_rsk_adt_lmt_cash_his_t_day_max,2.155771443388358,kept
d180_faqi_trade_amt_larger_than_rsk_avl_lmt_cash_his_t_day_count_sum,2.821060273003032,high_corr
d180_advrepay_suc_trade_in_same_month_count_sum,2.690617136072002,kept
d1080_ovdrepay_thismon_sum_larger_than_rsk_adt_lmt_cash_count_sum,0.23609738120011733,kept
d180_due_repay_amt_sum_divide_d180_faqi_trade_amt_sum,2.3800151360027946,kept
d1080_faqiamt_thismon_sum_larger_than_rsk_adt_lmt_cash_count_sum,1.5458307592924823,kept
his_trade_fail_amt_sum_mon_divide_his_trade_success_amt_sum_mon,0.1631229400941977,kept
d720_due_repay_amt_avg_divide_d720_faqi_trade_amt_avg,2.0242809955298697,high_corr
d360_ovdrepay_1wplus_trade_in_same_month_count_sum,2.397523695418063,kept
d360_faqiamt_thismon_sum_larger_than_rsk_avl_lmt_cash_count_sum,2.933443411533997,kept
d90_faqiamt_thismon_sum_larger_than_rsk_avl_lmt_cash_count_sum,2.331449238369474,kept
d180_ontimrepay_thismon_sum_larger_than_rsk_adt_lmt_cash_count_sum,2.0960502941916443,kept
his_max_due_prc_amt_divide_his_max_faqi_prc_amt,0.21833679613048126,kept
his_ovdrepay_amt_sum_divide_advrepay_amt_sum,0.009250799025449709,high_corr
d180_max_faqi_prc_amt_divide_rsk_adt_lmt_cash,2.628244237492387,kept
d1080_due_repay_amt_larger_than_rsk_avl_lmt_cash_his_t_day_count_sum,1.3064324323669956,kept
d360_ovdrepay_1_4am_trade_in_same_month_count_sum,2.397523695418063,high_corr
d1080_max_ovd_repay_amt_divide_d1080_max_suc_prc_amt,0.35464587348319904,kept
d720_max_adv_repay_amt_divide_d720_max_faqi_prc_amt,0.5148044533495996,kept
d1080_successamt_thismon_sum_larger_than_rsk_adt_lmt_cash_count_sum,1.5176888075280053,kept
d90_unpaid_principal_tot_amt_t_day_divide_rsk_avl_lmt_cash_his_t_day_max,2.3636585242949772,kept
d360_advrepay_thismon_sum_larger_than_rsk_avl_lmt_cash_count_sum,0.5046634673160233,kept
d720_max_faqi_prc_amt_divide_rsk_adt_lmt_cash,2.069292885722687,kept
d180_faqi_trade_amt_larger_than_due_repay_amt_by_mon_count_sum,2.295103779743153,kept
his_max_faqi_prc_amt_divide_max_due_pay_amt_sum_mon,0.14342694855581314,kept
d90_max_due_prc_amt_divide_rsk_adt_lmt_cash,2.124300508103431,kept
d90_max_due_prc_amt_divide_d90_max_faqi_prc_amt,2.2319665603320606,kept
d180_faqi_unpaid_principal_tot_larger_than_rsk_adt_lmt_cash_his_t_day_count_sum,2.482842315415484,kept
his_success_thismon_sum_larger_than_rsk_avl_lmt_cash_count_sum,0.7789937830682475,high_corr
d720_ovdrepay_amt_sum_divide_ontimrepay_amt_sum,0.4400381396641217,kept
d720_max_ovd_repay_amt_divide_d720_max_fail_prc_amt,0.37190686180992794,kept
d720_due_repay_amt_larger_than_rsk_avl_lmt_cash_his_t_day_count_sum,1.75825972742765,kept
d180_unpaid_principal_tot_amt_t_day_divide_rsk_avl_lmt_cash_his_t_day_max,2.499049405810494,kept
d360_trade_fail_amt_sum_mon_divide_his_trade_success_amt_sum_mon,1.0726485288010312,kept
d360_advrepay_large_than_ontimrepay_amt_months_count_sum,0.5713136952327336,kept
d360_max_due_prc_amt_divide_d360_max_faqi_prc_amt,2.286619731458801,kept
d90_ovdrepay_1_4am_trade_in_same_month_count_sum,2.6221884491863223,kept
d90_unpaid_principal_tot_amt_t_day_divide_rsk_adt_lmt_cash_his_t_day_max,2.344990524915578,high_corr
d90_avg_due_pay_amt_sum_by_mon_divide_rsk_adt_lmt_cash,2.3915432881972825,kept
d90_faqi_trade_amt_larger_than_rsk_adt_lmt_cash_his_t_day_count_sum,2.266411001760625,high_corr
d360_ovdrepay_fail_trade_in_same_month_count_sum,2.4250962670922394,kept
d360_faqi_unpaid_principal_tot_larger_than_rsk_avl_lmt_cash_his_t_day_count_sum,3.119127498305526,high_corr
d360_faqiamt_thismon_sum_larger_than_rsk_adt_lmt_cash_count_sum,2.533145638546923,kept
d90_ovdrepay_1wplus_trade_in_same_month_count_sum,2.6221884491863223,kept
d180_max_due_prc_amt_divide_d180_max_faqi_prc_amt,2.3807388074133757,kept
d720_max_due_prc_amt_divide_rsk_adt_lmt_cash,1.5411298542554603,high_corr
d1080_max_adv_repay_amt_divide_d1080_max_faqi_prc_amt,0.3847204883076041,kept
d1080_unpaid_principal_tot_amt_t_day_divide_rsk_adt_lmt_cash_his_t_day_max,1.707279547424124,kept
d90_due_repay_amt_avg_divide_d90_faqi_trade_amt_avg,2.1865372091218926,kept
his_advrepay_suc_trade_in_same_month_count_sum,0.11186714835102683,kept
d360_max_ovd_repay_amt_divide_d360_max_suc_prc_amt,0.49186823482654063,kept
d360_advrepay_ontimrepay_in_same_month_count_sum,0.6156488677900107,kept
d1080_due_repay_amt_sum_divide_d1080_faqi_trade_amt_sum,1.9319699370979893,kept
d90_faqi_trade_amt_larger_than_unpaid_principal_tot_amt_t_day_count_sum,2.266061435422849,kept
his_successamt_thismon_sum_larger_than_rsk_adt_lmt_cash_count_sum,0.029298079428596337,kept
d720_ovdrepay_amt_sum_divide_advrepay_amt_sum,0.23855132697888046,kept
d360_ovdrepay_thismon_sum_larger_than_rsk_adt_lmt_cash_count_sum,0.38131670623105085,kept
his_max_faqi_prc_amt_divide_max_ontim_amt_sum_mon,0.33560288336235394,kept
d720_trade_fail_amt_sum_mon_divide_his_trade_success_amt_sum_mon,1.0472623781813728,kept
d180_due_repay_amt_avg_divide_d180_faqi_trade_amt_avg,2.4523914501461315,kept
d720_faqi_trade_amt_larger_than_due_repay_amt_by_mon_count_sum,1.9024839514924308,kept
his_due_repay_amt_sum_divide_his_faqi_trade_amt_sum,1.1742843056776435,kept
his_max_faqi_prc_amt_divide_unpaid_principal_tot,2.498850071997415,kept
d720_faqi_unpaid_principal_tot_larger_than_rsk_adt_lmt_cash_his_t_day_count_sum,1.969383215820776,kept
d360_faqi_trade_amt_larger_than_unpaid_principal_tot_amt_t_day_count_sum,2.486082796055366,kept
his_due_repay_amt_larger_than_rsk_adt_lmt_cash_his_t_day_count_sum,0.7760523654650336,kept
d1080_ovdrepay_amt_sum_divide_ontimrepay_amt_sum,0.3524054528744379,high_corr
d720_due_repay_amt_sum_divide_d720_faqi_trade_amt_sum,2.1897507526549407,kept
d180_ontimrepay_thismon_sum_larger_than_rsk_avl_lmt_cash_count_sum,2.197873873054991,kept
his_trade_fail_count_mon_divide_his_trade_success_count_mon,0.18773956044192516,kept
d1080_faqi_unpaid_principal_tot_larger_than_rsk_adt_lmt_cash_his_t_day_count_sum,1.4777139847229952,kept
d90_due_repay_amt_larger_than_rsk_adt_lmt_cash_his_t_day_count_sum,2.084683405445342,kept
his_max_faqi_prc_amt_divide_max_ovd_amt_sum_mon,0.05750299518734169,kept
d720_advrepay_suc_trade_in_same_month_count_sum,2.0518267823144676,kept
d1080_advrepay_thismon_sum_larger_than_rsk_adt_lmt_cash_count_sum,0.23215315383914087,kept
d90_ovdrepay_fail_trade_in_same_month_count_sum,2.6221884491863223,kept
d1080_ovdrepay_large_than_ontimrepay_amt_months_count_sum,0.3500704262259732,kept
d720_trade_fail_count_mon_divide_his_trade_success_count_mon,1.0891902718560482,kept
d1080_max_faqi_prc_amt_divide_rsk_adt_lmt_cash,1.6115961061440276,kept
d360_ovdrepay_amt_sum_divide_ontimrepay_amt_sum,0.46630673672679657,kept
his_max_ovd_repay_amt_divide_his_max_suc_prc_amt,0.10518193617005235,kept
ord_apl_cnt_720_day_04_06,0.0,low_iv
ord_apl_cnt_720_day_00_03,0.0,low_iv
ord_apl_suc_cnt_720_day_07_12,1.1957250117287783,kept
ord_apl_suc_sum_prc_amt_00_03,0.07030980711842091,kept
his_720_day_csh_apl_ord_cnt,2.1760944775719455,high_corr
his_720_day_bt_apl_ord_cnt_his_rto,0.004456337057951605,low_iv
ord_apl_cnt_07_12,0.5988991751969471,kept
ord_apl_suc_cnt_00_03,0.0993265575964727,kept
ord_apl_sum_prc_amt_1080_day_00_03,0.2177489828044407,kept
ord_apl_sum_prc_amt_07_12,0.341101720209416,kept
ord_apl_avg_prc_amt_720_day_per_mth,1.68859980066799,kept
ord_apl_cnt_720_day_19_23,0.8755012531652641,kept
his_1080_day_prc_amt_3_000_flg_apl_ord_cnt,0.8012449958962973,kept
his_bt_suc_ord_cnt,0.10384823102266677,kept
ord_apl_suc_sum_prc_amt_720_day_00_03,0.0,low_iv
his_720_day_csh_apl_ord_cnt_his_rto,1.6729323362144668,kept
his_csh_suc_ord_cnt,0.9485466265149015,kept
his_1080_day_bt_apl_ord_cnt_his_rto,0.004456337057951605,low_iv
ord_apl_cnt_13_18,0.5426759187359116,kept
ord_apl_suc_cnt_04_06,0.12912066348704399,kept
his_720_day_bt_apl_ord_cnt_csh_rto,2.4923233945919545,kept
ord_apl_sum_prc_amt_1080_day_04_06,0.3209218487380927,kept
his_720_day_bt_suc_ord_cnt_csh_rto,1.8572929554535456,kept
ord_apl_suc_sum_prc_amt_19_23,0.18497901380131657,high_corr
his_1080_day_bt_suc_ord_cnt_csh_rto,1.5084874488668027,kept
ord_apl_suc_sum_prc_amt_720_day_19_23,0.8215334633955542,kept
ord_apl_suc_cnt_720_day_13_18,1.1848791052111491,kept
ord_apl_suc_avg_prc_amt_720_day_per_mth,1.5389437232916139,high_corr
ord_apl_cnt_19_23,0.38046569528830887,kept
ord_apl_sum_prc_amt_13_18,0.26059013121671076,kept
his_csh_apl_ord_cnt_his_rto,0.486009802829608,kept
his_1080_day_bt_apl_ord_cnt_csh_rto,2.4923233945919545,kept
his_bt_apl_ord_cnt_csh_rto,0.49482127779070856,kept
his_prc_amt_3_000_flg_suc_ord_cnt,0.33622395519045034,kept
ord_apl_sum_prc_amt_720_day_19_23,0.6430295908789657,high_corr
ord_apl_suc_sum_prc_amt_720_day_04_06,0.0,low_iv
ddf_6m_rep_dte_neg_7_crt_dt_max_prc_amt,0.8608704839806005,kept
avg_ddf_rep_dte_ord_crt_tim_7,0.48146021083001833,kept
ddf_1m_rep_dte_3_crt_dt_max_prc_amt,0.0,low_iv
ddf_3m_rep_dte_neg_3_crt_dt_max_prc_amt,0.0,low_iv
min_ddf_rep_dte_ord_crt_tim_neg_3,0.4412612813062543,kept
ddf_6m_rep_dte_5_crt_dt_rep_prc_amt_rto,1.4639307699784814,high_corr
max_ddf_rep_dte_ord_crt_tim_neg_7,0.4872987148058505,kept
ddf_12m_rep_dte_neg_1_crt_dt_rep_prc_amt_rto,1.3359031485443837,kept
ddf_1m_rep_dte_3_crt_dt_sum_prc_amt,0.0,low_iv
ddf_12m_rep_dte_neg_7_crt_dt_avg_prc_amt,1.6112717680730428,high_corr
ddf_12m_rep_dte_1_crt_dt_rep_prc_amt_rto,1.2775939318351335,kept
ddf_12m_rep_dte_neg_7_crt_dt_ord_cnt,1.0373854062435808,high_corr
min_ddf_rep_dte_ord_crt_tim_neg_1,0.40692867407917654,kept
max_ddf_rep_dte_ord_crt_tim_3,0.4696462713066808,kept
min_ddf_rep_dte_ord_crt_tim_neg_7,0.5007541210658739,kept
avg_ddf_rep_dte_ord_crt_tim_3,0.4708068886148268,kept
ddf_3m_rep_dte_7_crt_dt_rep_prc_amt_rto,1.3334481289798994,kept
ddf_12m_rep_dte_3_crt_dt_max_prc_amt,0.6909573449468929,high_corr
ddf_1m_rep_dte_neg_3_crt_dt_max_prc_amt,0.0,low_iv
max_ddf_rep_dte_ord_crt_tim_5,0.47696883745182783,kept
ddf_6m_rep_dte_1_crt_dt_max_prc_amt,1.0638983847721806,kept
min_ddf_rep_dte_ord_crt_tim_7,0.44344821932760947,kept
ddf_6m_rep_dte_neg_7_crt_dt_rep_prc_amt,1.1159143879783398,high_corr
avg_ddf_rep_dte_ord_crt_tim_1,0.4488118196640748,kept
avg_ddf_rep_dte_ord_crt_tim_neg_7,0.4912472791758815,kept
min_ddf_rep_dte_ord_crt_tim_neg_5,0.4791639691235435,kept
ddf_3m_rep_dte_5_crt_dt_max_prc_amt,1.2304605817348435,kept
avg_ddf_rep_dte_ord_crt_tim_neg_1,0.46657901355311854,kept
ddf_1m_rep_dte_7_crt_dt_ord_cnt,0.0,low_iv
ddf_3m_rep_dte_5_crt_dt_sum_prc_amt,1.2422497969910091,kept
avg_ddf_rep_dte_ord_crt_tim_neg_3,0.4733128944988073,kept
ddf_3m_rep_dte_0_crt_dt_max_prc_amt,0.0,low_iv
ddf_3m_rep_dte_neg_7_crt_dt_rep_prc_amt_rto,1.377721206963824,high_corr
max_ddf_rep_dte_ord_crt_tim_1,0.40091780578831715,kept
ddf_12m_rep_dte_neg_7_crt_dt_rep_prc_amt_rto,1.6202036208097388,kept
ddf_12m_rep_dte_neg_3_crt_dt_sum_prc_amt,0.9117459292176251,high_corr
ddf_1m_rep_dte_neg_3_crt_dt_sum_prc_amt,0.0,low_iv
max_ddf_rep_dte_ord_crt_tim_7,0.4915639703712106,kept
ddf_1m_rep_dte_3_crt_dt_rep_prc_amt,0.0,low_iv
ddf_12m_rep_dte_7_crt_dt_rep_prc_amt_rto,1.5248545092632633,kept
ddf_6m_rep_dte_neg_3_crt_dt_rep_prc_amt_rto,1.4381406787380189,kept
stg_pln_max_prc_amt_ovd_1d_3d,0.005812604703539811,high_corr
stg_pln_pay_off_sum_prc_amt_1m,2.180772448047408,high_corr
stg_pln_pay_off_max_prc_amt_pday,0.0020773867804388993,low_iv
stg_pln_min_prc_amt_d0_rep_12m,0.0,low_iv
max_ddf_rep_tim_dte_ovd_pls_rep_12m,0.4077942408708217,kept
stg_pln_cnt_adv_rep_12m,0.24783302600882545,kept
stg_pln_cnt_2m_his,1.873401425797526,high_corr
stg_pln_fst_sum_prc_amt_ovd_pls_rep_12m,0.0,low_iv
stg_pln_sum_prc_amt_adv_rep_6m,0.15896907762662751,high_corr
min_ddf_rep_tim_dte_ovd_pls,0.004209128589933038,low_iv
stg_pln_min_prc_amt_adv_d0_rep_6m,0.0,low_iv
stg_pln_max_prc_amt_adv_rep_1m,0.18500596247263593,kept
stg_pln_max_prc_amt_adv_rct_3m,0.0,low_iv
stg_pln_sum_prc_amt_ovd_1d_3d_rep_12m,0.24392755877029534,high_corr
stg_pln_max_prc_amt_1m_his,1.500778082356613,high_corr
stg_pln_sum_prc_amt_ovd_3d_pls,0.037208164457418154,high_corr
stg_pln_cnt_ovd_pls_fst_ord,0.014135567917507818,high_corr
stg_pln_max_prc_amt_adv_rct_6m,0.3084091267833802,kept
stg_pln_max_prc_amt_ovd_1d_3d_rep_12m,0.23083096337939774,kept
stg_pln_cnt_adv_fst_ord,0.12083888280987712,kept
stg_pln_sum_prc_amt_1m_his,1.8110226236728875,high_corr
stg_pln_cnt_ovd_1d_3d,0.01785354682645093,high_corr
min_ddf_rep_tim_dte_adv,0.0851942795926325,kept
stg_pln_pay_off_min_prc_amt_12m,0.02308043265206601,high_corr
stg_pln_cnt_adv_rct_6m,0.3116211880953071,kept
stg_pln_cnt_d0_rep_his_fst_ord,0.08334805798410687,kept
min_ddf_rep_tim_dte_adv_fst_ord,0.10579767343748842,high_corr
max_prc_amt_pmth_3m,1.9415758421564369,high_corr
stg_pln_pay_off_cnt_7d,0.6418947448083004,high_corr
stg_pln_sum_prc_amt_adv_fst_ord,0.13840839188076348,kept
stg_pln_cnt_ovd_3d_pls,0.02815715501504566,high_corr
stg_pln_sum_prc_amt_d0_rep_his,0.27984209298277873,high_corr
stg_pln_min_prc_amt_d0_rep_his_fst_ord,0.013183386457055588,kept
stg_pln_sum_prc_amt_adv_rct_6m,0.30281832542881626,high_corr
min_ddf_rep_tim_dte_ovd_pls_rep_6m,0.35493215315887466,kept
stg_pln_min_prc_amt_adv_d0_rep_his_fst_ord,0.1458488876629364,kept
stg_pln_sum_prc_amt_adv_1m,0.019803364775352855,kept
stg_pln_sum_prc_amt_ovd_1d_3d,0.010355447496211357,high_corr
stg_pln_sum_prc_amt_ovd_pls_fst_ord,0.01589828563652948,high_corr
stg_pln_pay_off_sum_prc_amt_14d,1.430738782570524,kept
stg_pln_sum_prc_amt_ovd_1d_3d_rep_3m,0.0,low_iv
max_ddf_rep_tim_dte_adv,0.05025214867113411,kept
stg_pln_max_prc_amt_d0_rep_his,0.10120728864537545,high_corr
stg_pln_min_prc_amt_his,0.30091754414990074,high_corr
stg_pln_pay_off_sum_prc_amt_7d,0.7363346820696859,high_corr
stg_pln_fst_cnt_ovd_pls_rep_12m,0.0,low_iv
stg_pln_max_prc_amt_ovd_pls_fst_ord,0.012072978812424744,high_corr
min_ddf_rep_tim_dte_ovd_pls_rep_12m,0.39073821005365383,kept
stg_pln_min_prc_amt_adv_rep_his,0.0,low_iv
stg_pln_cnt_ovd_1d_3d_rep_12m,0.2648781648023909,high_corr
stg_pln_max_prc_amt_adv_7d,0.0028952631410761654,low_iv
stg_pln_max_prc_amt_adv_rep_his,0.020373534031135204,high_corr
stg_pln_max_prc_amt_ovd_7d_pls,0.0,low_iv
stg_pln_pay_off_max_prc_amt_14d,1.3679445308458622,kept
stg_pln_pay_off_sum_prc_amt_fst_ord,0.03417146564250984,high_corr
min_ddf_mdl_rep_tim_d0_rep_his,2.549097863815639,high_corr
stg_pln_pay_off_cnt_1m,1.8729076332632828,high_corr
stg_pln_cnt_adv_3d,0.011366559347271288,kept
stg_pln_max_prc_amt_adv_rct_12m,0.17827392906600012,kept
stg_pln_max_prc_amt_d0_rep_his_fst_ord,0.018867634853556886,kept
stg_pln_pay_off_cnt_14d,1.1337860151839585,kept
stg_pln_fst_cnt_ovd_pls,0.03320919635027577,high_corr
stg_pln_cnt_ovd_1d_3d_rep_3m,0.0,low_iv
stg_pln_pay_off_cnt,0.5568005859868064,high_corr
stg_pln_cnt_adv_3m,0.06281220171630685,high_corr
stg_pln_pay_off_max_prc_amt_pday_12m,1.470516022587142,kept
stg_pln_fst_sum_prc_amt_ovd_pls,0.019339527189469713,high_corr
stg_pln_sum_prc_amt_adv_rep_his,0.03038415907022867,high_corr
stg_pln_cnt_his_fst_ord,0.007098313330092185,kept
stg_pln_pay_off_max_prc_amt_7d,0.661179873176243,kept
stg_pln_pay_off_min_prc_amt_6m,0.0,low_iv
12m_repay_ftr_amt_second_der_max,2.1870238327426783,kept
3m_repay_ftr_amt_second_der_mean_diff,2.2251361403031957,kept
18m_repay_ftr_amt_first_der_mean_diff,2.3043381786924177,kept
12m_repay_ftr_amt_second_der_sum,2.2102208174746707,kept
6m_ftr_con_keep_repay_amt_max,2.1294526657551676,high_corr
18m_repay_ftr_amt_first_der_mean_rto,0.8445855052771312,high_corr
12m_repay_ftr_amt_first_der_great_0_count,2.5545207295534866,high_corr
3m_repay_ftr_amt_first_der_mean_diff,2.209358943125519,kept
6m_repay_ftr_amt_first_der_mean_rto,1.7317398070976027,kept
12m_repay_ftr_amt_first_der_min,2.0780421784659344,kept
3m_repay_ftr_amt_first_der_small_0_count,2.2290222673507927,kept
3m_repay_ftr_amt_second_der_mean_rto,1.6985581553430442,kept
6m_repay_ftr_amt_second_der_mean_rto,1.5598066064642109,kept
3m_repay_ftr_amt_second_der_small_0_count,2.185974611542881,kept
18m_ftr_con_keep_repay_amt_max,2.1294526657551676,high_corr
12m_repay_ftr_amt_first_der_sum,2.390062022759028,kept
12m_ftr_con_keep_repay_amt_max,2.131991443005287,kept
3m_repay_ftr_amt_first_der_mean_rto,2.049840342053894,kept
3m_repay_ftr_amt_first_der_great_0_count,2.3505460399887195,kept
3m_repay_ftr_amt_first_der_stddev,2.270080298279545,kept
3m_repay_ftr_amt_second_der_median,2.114261932620848,kept
3m_repay_ftr_amt_second_der_great_0_count,2.144712038608432,kept
9m_ftr_con_dsc_repay_amt_max,2.1794131144868687,kept
12m_repay_ftr_amt_second_der_mean_rto,1.152912414501521,kept
3m_repay_ftr_amt_first_der_min,2.136615900358811,kept
12m_repay_ftr_amt_second_der_great_0_count,2.216106591587345,high_corr
18m_repay_ftr_amt_second_der_small_0_count,2.3543198523069413,kept
12m_repay_ftr_amt_second_der_min,2.2031481309617895,kept
18m_repay_ftr_amt_second_der_mean_diff,2.2076028431411485,kept
9m_ftr_con_keep_repay_amt_max,2.130711192494402,high_corr
stg_pln_sum_prc_amt_1m_ftr_his_rep_rto_all,2.356793150377096,high_corr
stg_pln_cnt_3d_ftr_all,0.35744367348745104,kept
stg_pln_sum_prc_amt_6m_12m_ftr_rto_cash,1.3804921956712108,high_corr
stg_pln_avg_prc_amt_2m_ftr_his_rep_rto_all,2.355372340051029,kept
stg_pln_sum_prc_amt_6m_ftr_his_rto_all,2.287020481444799,kept
stg_pln_avg_prc_amt_2m_ftr_his_rto_all,2.3091301711102092,high_corr
stg_pln_cnt_3m_ftr_adv_rto_all,2.194590754732296,high_corr
stg_pln_min_prc_amt_12m_ftr_cash,1.067745658602969,high_corr
stg_pln_min_prc_amt_3m_6m_ftr_rto_cash,1.7306022747283465,kept
stg_pln_cnt_3m_ftr_his_rep_rto_cash,2.359310631110122,kept
stg_pln_max_prc_amt_2m_ftr_adv_cash,0.004975578203613432,low_iv
stg_pln_max_prc_amt_3m_ftr_his_rep_rto_cash,2.2207431066654166,high_corr
stg_pln_bsy_typ_cnt_3m_ftr_all,0.0661584666249132,high_corr
stg_pln_min_prc_amt_1m_3m_ftr_rto_cash,2.0520924688952307,kept
stg_pln_cnt_7d_ftr_all,0.6890795545320495,kept
stg_pln_sum_prc_amt_3d_ftr_cash,0.6344903816539299,kept
stg_pln_sum_prc_amt_3m_6m_ftr_rto_cash,1.817017829070799,high_corr
stg_pln_min_prc_amt_1m_ftr_his_rto_cash,2.125153187153939,kept
stg_pln_sum_prc_amt_1m_3m_ftr_rto_all,2.20395372269292,kept
stg_pln_cnt_7d_ftr_his_rto_all,1.0662850446658738,kept
stg_pln_cnt_7d_ftr_his_rto_cash,1.0636405844996843,kept
stg_pln_max_prc_amt_12m_ftr_cash,1.591094663481562,high_corr
stg_pln_sum_prc_amt_1m_ftr_adv_cash,0.004975578203613432,low_iv
stg_pln_sum_prc_amt_12m_ftr_rep_cash,2.2707681375177624,high_corr
stg_pln_max_prc_amt_12m_ftr_his_rep_rto_cash,2.258081872219906,kept
stg_pln_avg_prc_amt_1m_3m_ftr_rto_all,2.1856879452425058,kept
stg_pln_avg_prc_amt_6m_12m_ftr_rto_all,1.4417284924940592,kept
stg_pln_cnt_7d_ftr_rep_cash,0.6622346279590781,kept
stg_pln_cnt_6m_12m_ftr_all,1.273363436457674,high_corr
stg_pln_sum_prc_amt_7d_ftr_his_rto_cash,1.072407205134751,kept
stg_pln_min_prc_amt_12m_ftr_his_rto_cash,2.152112700010105,kept
stg_pln_cnt_12m_ftr_his_rep_rto_all,2.42220676468322,high_corr
stg_pln_avg_prc_amt_12m_ftr_his_rto_all,2.297640815842132,high_corr
stg_pln_avg_prc_amt_3m_6m_ftr_rto_all,1.863945538795074,kept
stg_pln_min_prc_amt_6m_12m_ftr_rto_cash,1.3191886901660184,kept
stg_pln_min_prc_amt_3m_ftr_his_rto_cash,2.1462571583306973,kept
stg_pln_min_prc_amt_6m_ftr_his_rep_rto_cash,2.2401302474439735,kept
stg_pln_cnt_3m_6m_ftr_rto_all,1.8598625134467455,kept
stg_pln_min_prc_amt_3m_6m_ftr_cash,0.5348564290516842,kept
stg_pln_cnt_1m_ftr_adv_cash,0.004975578203613432,low_iv
stg_pln_cnt_1m_ftr_his_rep_rto_all,2.3660319426506313,kept
stg_pln_cnt_2m_ftr_cash,2.0006910919117056,high_corr
stg_pln_sum_prc_amt_6m_12m_ftr_cash,1.1774303822390684,kept
stg_pln_cnt_1m_ftr_his_rto_cash,2.2717945561056183,kept
stg_pln_avg_prc_amt_12m_ftr_his_rep_rto_cash,2.3499140548015562,kept
stg_pln_sum_prc_amt_12m_ftr_his_rep_rto_cash,2.4576174152435244,kept
stg_pln_sum_prc_amt_2m_ftr_his_rep_rto_all,2.395200108578448,kept
stg_pln_cnt_6m_12m_ftr_rto_all,1.3738486988945597,kept
stg_pln_sum_prc_amt_7d_ftr_cash,0.595893605125658,kept
stg_pln_max_prc_amt_6m_12m_ftr_cash,1.0489549998732033,kept
stg_pln_cnt_1m_3m_ftr_rto_all,2.236519266203479,kept
6thord_con_dsc_apply_amt_max,0.5452351156414373,kept
6ord_apply_amt_first_der_sum,1.859116463389439,kept
18ord_apply_amt_first_der_small_0_count,1.3721843473139836,high_corr
12ord_apply_amt_second_der_sum,1.6659929070426687,kept
3ord_apply_amt_first_der_mean_rto,1.5148106770680956,kept
3ord_apply_amt_second_der_mean_diff,1.910380424011509,kept
18ord_apply_amt_first_der_max,1.90318149792922,kept
6ord_apply_amt_first_der_great_0_count,1.055629572178483,kept
3ord_apply_amt_second_der_mean_rto,1.3805604312019812,kept
12ord_apply_amt_second_der_stddev,1.693814070127416,kept
6ord_apply_amt_second_der_mean_rto,1.1300036386547776,kept
12ord_apply_amt_first_der_stddev,1.9401189324038528,kept
18ord_apply_amt_first_der_median,1.8560128220920888,kept
18ord_apply_amt_first_der_min,1.9241983585335765,kept
3ord_apply_amt_first_der_mean_diff,1.8356730515558946,kept
6thord_con_keep_apply_amt_max,0.12864350190329238,kept
3ord_apply_amt_second_der_small_0_count,0.4460430901514035,kept
3ord_apply_amt_second_der_great_0_sum,1.4400494425445802,kept
18ord_apply_amt_second_der_max,1.691014031977216,high_corr
18thord_con_keep_apply_amt_max,0.255254626186128,kept
18ord_apply_amt_second_der_median,1.6517803651828649,kept
6ord_apply_amt_first_der_mean_rto,1.217904808350301,kept
18ord_apply_amt_second_der_min,1.6931183168382193,high_corr
recent_1m_lend_amt_over10k_month_cnt,0.2965753457109544,kept
recent_12m_credit_fundcls_lv2_month_cnt,0.4590641827953513,kept
recent_1m_credit_fundcls_other_month_cnt,0.39668969126915843,kept
recent_24m_repay_progress_rise_month_cnt,0.5470899071289411,kept
recent_36m_lend_amt_over10k_month_rto,0.30633384860684276,high_corr
recent_24m_lend_amt_rise_month_rto,0.5730258957785128,kept
recent_6m_repay_progress_rise_month_rto,0.5354217061300073,kept
recent_24m_settle_loan_diff_days_min,0.3778617679342632,kept
recent_6m_overdue_3d_month_rto,0.2903269440746286,kept
his_credit_fundcls_lv1_month_cnt,0.40329343402627504,kept
recent_36m_due_month_rto,0.3256344543066395,kept
recent_1m_credit_fundcls_lv2_month_cnt,0.39668969126915843,kept
recent_36m_overdue_3d_month_rto,0.2903269440746286,kept
recent_1m_repay_progress_max,0.4236007904829666,kept
recent_6m_credit_month_rto,0.4566943546691221,high_corr
recent_1m_prepay_3d_month_rto,0.2903269440746286,kept
recent_24m_credit_fundcls_other_month_cnt,0.4267509154333503,kept
recent_12m_lend_amt_over10k_month_rto,0.31046321463122706,kept
recent_1m_stg_rise_month_rto,0.466232416941299,kept
recent_6m_lend_amt_rise_month_cnt,0.466232416941299,kept
recent_24m_settle_loan_diff_days_max,0.35141655329039817,kept
recent_6m_credit_fundcls_other_month_cnt,0.4130461565968094,kept
recent_12m_due_month_cnt,0.3728965866362849,kept
recent_24m_prepay_3d_month_cnt,0.2913613130400531,kept
recent_1m_credit_fundcls_lv1_month_cnt,0.39668969126915843,kept
recent_6m_prepay_3d_month_rto,0.292895201518079,kept
recent_36m_settle_loan_diff_days_min,0.3385955215219702,kept
recent_24m_credit_month_rto,0.4781282239711847,high_corr
his_settle_loan_diff_days_min,0.3022120023288791,kept
recent_1m_overdue_3d_month_rto,0.2903269440746286,kept
recent_24m_credit_fundcls_lv1_month_cnt,0.4051116469735213,kept
his_lend_month_cnt,0.30836024734920986,high_corr
recent_6m_credit_fundcls_lv1_month_cnt,0.39668969126915843,kept
10d_range_ord_cnt_his,0.3683977480421411,kept
15d_range_ord_cnt_12m,0.3435769744980838,high_corr
15d_range_sum_prc_amt_1m,0.3435769744980838,kept
15d_range_avg_prc_amt_6m,0.3435769744980838,kept
10d_range_min_prc_amt_his,0.3435769744980838,kept
10d_range_min_prc_amt_24m,0.3435769744980838,kept
10d_range_min_prc_amt_36m,0.3435769744980838,kept
5d_range_ord_cnt_1m,0.3435769744980838,kept
5d_range_avg_prc_amt_1m,0.3435769744980838,kept
15d_range_min_prc_amt_12m,0.3435769744980838,kept
15d_range_max_prc_amt_12m,0.3435769744980838,kept
10d_range_avg_prc_amt_36m,0.4359711770731633,kept
5d_range_min_prc_amt_his,0.3435769744980838,kept
15d_range_min_prc_amt_36m,0.3435769744980838,kept
10d_range_sum_prc_amt_36m,0.4325216294314442,high_corr
15d_range_min_prc_amt_24m,0.3435769744980838,high_corr
5d_range_max_prc_amt_his,0.3750810270963689,kept
15d_range_min_prc_amt_his,0.3435769744980838,kept
15d_range_avg_prc_amt_1m,0.3435769744980838,high_corr
15d_range_sum_prc_amt_6m,0.3435769744980838,high_corr
5d_range_avg_prc_amt_12m,0.3435769744980838,kept
m1_stg_pln_d0_manual_deduct_rep_apl_fal_cnt,2.2022504615958343,kept
m6_stg_pln_his_ovd_ao_offline_rep_apl_suc_cnt,2.2022504615958343,kept
m6_stg_pln_adv_ao_offline_rep_apl_suc_cnt_rat,0.45470156243413457,kept
m3_stg_pln_adv_normal_batch_rep_apl_suc_cnt,2.2022504615958343,kept
m6_stg_pln_d0_manual_rep_apl_fal_cnt,2.2419118328071206,kept
m6_stg_pln_adv_manual_rep_apl_fal_cnt,2.2022504615958343,kept
m3_stg_pln_adv_manual_deduct_rep_apl_fal_cnt,2.2022504615958343,kept
m3_stg_pln_adv_manual_rep_apl_fal_cnt,2.2022504615958343,kept
m1_stg_pln_d0_ao_offline_rep_apl_suc_cnt,2.2022504615958343,high_corr
m1_stg_pln_his_ovd_rep_apl_cnt_rat,2.2334891284201093,kept
m6_stg_pln_ovd_1d_3d_rep_apl_cnt_rat,2.205482974526011,kept
m6_stg_pln_ovd_1d_3d_manual_rep_apl_fal_cnt,2.2022504615958343,kept
m1_stg_pln_his_ovd_manual_deduct_rep_apl_suc_cnt,2.2022504615958343,high_corr
m6_stg_pln_d0_manual_deduct_rep_apl_suc_cnt,2.2022504615958343,kept
m3_stg_pln_his_ovd_rep_apl_cnt_rat,2.263064319401293,kept
m6_stg_pln_adv_manual_deduct_rep_apl_fal_cnt,2.2022504615958343,kept
m1_stg_pln_adv_rep_apl_cnt_rat,2.233712900098599,kept
m1_stg_pln_his_ovd_normal_batch_rep_apl_suc_cnt,2.2022504615958343,kept
m3_stg_pln_adv_manual_deduct_rep_apl_suc_cnt,2.2022504615958343,kept
m6_stg_pln_ovd_1d_3d_manual_rep_apl_suc_cnt,2.219773563780402,kept
m3_stg_pln_ovd_1d_3d_normal_batch_rep_apl_suc_cnt,2.2022504615958343,kept
m3_stg_pln_his_ovd_normal_batch_rep_apl_fal_cnt,2.2106379342237306,high_corr
m1_stg_pln_d0_rep_apl_cnt,2.6973609270742687,kept
m1_stg_pln_d0_manual_deduct_rep_apl_fal_cnt_rat,0.9491561368596733,high_corr
m3_stg_pln_ovd_1d_3d_manual_deduct_rep_apl_suc_cnt,2.2022504615958343,high_corr
m1_stg_pln_his_ovd_manual_rep_apl_fal_cnt,2.2022504615958343,kept
m1_stg_pln_adv_manual_rep_apl_fal_cnt,2.2022504615958343,high_corr
m1_stg_pln_d0_manual_deduct_rep_apl_suc_cnt,2.2022504615958343,kept
m1_stg_pln_d0_rep_apl_suc_cnt,2.725064357758856,kept
m6_stg_pln_his_ovd_manual_deduct_rep_apl_fal_cnt_rat,0.3715291300002203,high_corr
m6_stg_pln_ovd_1d_3d_manual_rep_apl_fal_cnt_rat,0.356856384107801,kept
m6_stg_pln_ovd_1d_3d_manual_deduct_rep_apl_suc_cnt_rat,0.35957848892545835,kept
m1_stg_pln_ovd_1d_3d_ao_offline_rep_apl_suc_cnt,2.2022504615958343,kept
m1_stg_pln_ovd_1d_3d_manual_rep_apl_suc_cnt,2.2022504615958343,kept
m6_stg_pln_his_ovd_rep_apl_suc_cnt,2.2061108621549126,kept
m6_stg_pln_adv_ao_offline_rep_apl_suc_cnt,2.2022504615958343,high_corr
m3_stg_pln_d0_ao_offline_rep_apl_suc_cnt_rat,2.1012030843850265,high_corr
m6_stg_pln_ovd_1d_3d_ao_offline_rep_apl_suc_cnt_rat,0.3563292013319432,kept
m6_stg_pln_adv_rep_apl_fal_cnt_rat,1.3878494757525688,kept
m6_stg_pln_his_ovd_manual_deduct_rep_apl_fal_cnt,2.2060230186175698,high_corr
m1_stg_pln_adv_manual_deduct_rep_apl_suc_cnt,2.2022504615958343,kept
m1_stg_pln_d0_manual_rep_apl_suc_cnt_rat,1.9968998146024133,high_corr
m6_stg_pln_his_ovd_manual_deduct_rep_apl_suc_cnt,2.2022504615958343,high_corr
m6_stg_pln_ovd_1d_3d_manual_rep_apl_suc_cnt_rat,0.36817728906344555,kept
m6_stg_pln_ovd_1d_3d_normal_batch_rep_apl_suc_cnt_rat,0.35838559746109605,kept
m3_stg_pln_d0_manual_deduct_rep_apl_suc_cnt_rat,2.1012030843850265,kept
m6_stg_pln_d0_normal_batch_rep_apl_suc_cnt_rat,2.165743679273143,kept
m3_stg_pln_ovd_1d_3d_manual_rep_apl_fal_cnt,2.2022504615958343,kept
m6_stg_pln_d0_manual_deduct_rep_apl_fal_cnt_rat,1.35028579513713,kept
m6_stg_pln_ovd_1d_3d_manual_deduct_rep_apl_fal_cnt,2.2022504615958343,kept
m6_stg_pln_adv_manual_deduct_rep_apl_suc_cnt,2.2022504615958343,kept
m1_stg_pln_ovd_1d_3d_rep_apl_cnt,2.2116535247434124,kept
m1_stg_pln_d0_rep_apl_suc_cnt_rat,2.228503286256535,kept
m3_stg_pln_ovd_1d_3d_normal_batch_rep_apl_fal_cnt,2.2181022965530532,kept
m1_stg_pln_adv_manual_rep_apl_suc_cnt,2.245703809541014,kept
m3_stg_pln_adv_rep_apl_cnt_rat,2.2662563147100956,kept
m1_stg_pln_ovd_1d_3d_rep_apl_suc_cnt,2.2115857611284406,kept
m1_stg_pln_adv_rep_apl_fal_cnt_rat,1.007174182669339,kept
m1_stg_pln_d0_normal_batch_rep_apl_fal_cnt_rat,0.9491561368596733,high_corr
m1_stg_pln_adv_manual_deduct_rep_apl_fal_cnt,2.2022504615958343,kept
m1_stg_pln_his_ovd_rep_apl_fal_cnt,2.207556418464451,high_corr
m1_stg_pln_adv_ao_offline_rep_apl_suc_cnt,2.2022504615958343,high_corr
m6_stg_pln_d0_rep_apl_suc_cnt_rat,2.264852987411735,high_corr
m3_stg_pln_ovd_1d_3d_rep_apl_suc_cnt,2.214441989944694,kept
m1_stg_pln_ovd_1d_3d_manual_deduct_rep_apl_fal_cnt,2.2022504615958343,kept
m6_stg_pln_adv_manual_rep_apl_suc_cnt,2.2593202921588036,kept
m3_stg_pln_d0_manual_rep_apl_suc_cnt,2.4921957123807514,high_corr
m6_stg_pln_ovd_1d_3d_normal_batch_rep_apl_fal_cnt_rat,0.36634696592667204,kept
m6_stg_pln_d0_normal_batch_rep_apl_fal_cnt_rat,1.3714972628177935,high_corr
m6_stg_pln_d0_ao_offline_rep_apl_suc_cnt,2.2022504615958343,high_corr
m6_stg_pln_adv_manual_rep_apl_suc_cnt_rat,0.45470156243413457,kept
m1_stg_pln_d0_manual_rep_apl_fal_cnt,2.2022504615958343,kept
m3_manual_rep_apl_suc_stg_pln_cnt_sum,2.4088017778885455,high_corr
m1_manual_deduct_rep_apl_fal_stg_pln_cnt_max,2.2234394150483108,kept
m6_manual_deduct_rep_apl_stg_pln_cnt_mor_1_cnt,2.2022504615958343,kept
m3_manual_rep_apl_fal_stg_pln_cnt_avg,2.2518041862841716,kept
m1_manual_rep_apl_fal_stg_pln_cnt_max,2.2234394150483108,kept
m3_ao_offline_rep_apl_suc_stg_pln_cnt_mor_1_cnt,2.2022504615958343,kept
m1_ao_offline_rep_apl_stg_pln_cnt_sum,2.2234394150483108,kept
m3_ao_offline_rep_apl_stg_pln_cnt_avg,2.248958242751154,high_corr
m1_manual_deduct_rep_apl_stg_pln_cnt_max,2.2234394150483108,kept
m3_manual_deduct_rep_apl_suc_stg_pln_cnt_mor_1_cnt,2.2022504615958343,high_corr
m3_normal_batch_rep_apl_stg_pln_cnt_max,2.248958242751154,kept
m3_normal_batch_rep_apl_fal_stg_pln_cnt_avg,2.267514794875111,high_corr
m1_manual_rep_apl_fal_stg_pln_cnt_min,2.2234394150483108,kept
m3_rep_apl_fal_stg_pln_cnt_max,2.2491518716526877,kept
m3_normal_batch_rep_apl_stg_pln_cnt_avg,2.3204729175874537,kept
m6_manual_deduct_rep_apl_suc_stg_pln_cnt_mor_1_cnt,2.2022504615958343,high_corr
m1_rep_apl_fal_stg_pln_cnt_max,2.223466486405557,kept
m6_ao_offline_rep_apl_stg_pln_cnt_sum,2.2022504615958343,high_corr
m1_rep_apl_stg_pln_cnt_mor_1_cnt,2.2022504615958343,kept
m1_manual_rep_apl_suc_stg_pln_cnt_min,2.2234394150483108,kept
m3_rep_apl_fal_stg_pln_cnt_avg,2.2664942677986333,kept
m1_normal_batch_rep_apl_suc_stg_pln_cnt_min,2.2234394150483108,kept
m1_manual_rep_apl_stg_pln_cnt_avg,2.304728793816624,high_corr
m1_rep_apl_suc_stg_pln_cnt_avg,2.2966445290758606,kept
m1_manual_deduct_rep_apl_stg_pln_cnt_sum,2.2234394150483108,kept
m3_normal_batch_rep_apl_suc_stg_pln_cnt_avg,2.2840248340521097,high_corr
m1_rep_apl_suc_stg_pln_cnt_sum,2.564971959628197,high_corr
m6_manual_rep_apl_suc_stg_pln_cnt_min,2.2022504615958343,kept
m3_normal_batch_rep_apl_fal_stg_pln_cnt_max,2.248958242751154,kept
m1_ao_offline_rep_apl_stg_pln_cnt_mor_1_cnt,2.2022504615958343,high_corr
m3_rep_apl_suc_amt_rat_equal_1_cnt,2.6488873929632977,high_corr
m1_rep_apl_fal_stg_pln_cnt_mor_1_cnt,2.2022504615958343,kept
m1_manual_rep_apl_fal_stg_pln_cnt_avg,2.2234394150483108,kept
m3_manual_rep_apl_stg_pln_cnt_max,2.2499301949859296,kept
m3_rep_apl_fal_stg_pln_cnt_min,2.248958242751154,kept
m3_manual_deduct_rep_apl_fal_stg_pln_cnt_mor_1_cnt,2.2022504615958343,kept
m6_manual_rep_apl_fal_stg_pln_cnt_max,2.2024023311615695,kept
m3_ao_offline_rep_apl_stg_pln_cnt_max,2.248958242751154,kept
m3_manual_deduct_rep_apl_fal_stg_pln_cnt_min,2.248958242751154,high_corr
m3_rep_apl_amt_rat_mor_1_cnt,2.2492545262131296,kept
m3_manual_rep_apl_fal_stg_pln_cnt_sum,2.261186061786754,kept
m3_rep_apl_stg_pln_cnt_max,2.2521332318194007,kept
m3_manual_deduct_rep_apl_suc_stg_pln_cnt_max,2.248958242751154,kept
m1_normal_batch_rep_apl_stg_pln_cnt_max,2.2234394150483108,kept
m6_manual_deduct_rep_apl_suc_stg_pln_cnt_min,2.2022504615958343,kept
m6_manual_rep_apl_fal_stg_pln_cnt_mor_1_cnt,2.2022504615958343,high_corr
m3_manual_rep_apl_suc_stg_pln_cnt_avg,2.309749357854205,kept
m1_normal_batch_rep_apl_fal_stg_pln_cnt_max,2.2234394150483108,kept
m3_rep_apl_suc_amt_rat_mor_1_cnt,2.2504307746091556,kept
m1_manual_deduct_rep_apl_stg_pln_cnt_avg,2.2234394150483108,kept
m3_manual_deduct_rep_apl_stg_pln_cnt_avg,2.248958242751154,kept
m1_manual_deduct_rep_apl_suc_stg_pln_cnt_mor_1_cnt,2.2022504615958343,high_corr
m1_manual_rep_apl_suc_stg_pln_cnt_sum,2.377544738002542,high_corr
m3_rep_apl_stg_pln_cnt_min,2.2596744084086593,kept
m3_manual_deduct_rep_apl_fal_stg_pln_cnt_max,2.248958242751154,kept
m3_manual_deduct_rep_apl_fal_stg_pln_cnt_sum,2.248958242751154,high_corr
m1_normal_batch_rep_apl_suc_stg_pln_cnt_max,2.2234394150483108,high_corr
m3_rep_apl_amt_rat_equal_1_cnt,2.499100008546508,high_corr
m6_normal_batch_rep_apl_stg_pln_cnt_min,2.2022504615958343,high_corr
m1_manual_deduct_rep_apl_fal_stg_pln_cnt_avg,2.2234394150483108,kept
m6_manual_deduct_rep_apl_suc_stg_pln_cnt_sum,2.2022504615958343,high_corr
m1_manual_rep_apl_fal_stg_pln_cnt_sum,2.2234394150483108,kept
m6_rep_apl_suc_stg_pln_cnt_avg,2.2463491367003217,kept
m3_normal_batch_rep_apl_suc_stg_pln_cnt_max,2.248958242751154,kept
m3_normal_batch_rep_apl_stg_pln_cnt_min,2.248958242751154,high_corr
m1_rep_apl_suc_stg_pln_cnt_max,2.2235368765142005,kept
m3_manual_deduct_rep_apl_fal_stg_pln_cnt_avg,2.248958242751154,kept
6m_used_lmt_first_der_min,1.2330092222522873,kept
3m_used_lmt_second_der_median,1.4754159631258583,kept
12m_used_lmt_second_der_mean_rto,1.0299764749775329,kept
6m_used_lmt_first_der_median,2.1294457332881964,kept
12m_used_lmt_second_der_small_0_sum,1.9374377348505902,kept
6m_used_lmt_first_der_small_0_count,1.1291323543271465,high_corr
12m_used_lmt_first_der_min,1.5022389848689683,kept
12m_used_lmt_first_der_sum,1.4576420432870498,kept
12m_used_lmt_first_der_mean_rto,1.0536068423653684,kept
18m_used_lmt_second_der_min,1.846099902879194,kept
12m_used_lmt_second_der_max,1.8310316145187333,kept
3m_used_lmt_first_der_mean_diff,1.5765697155527874,kept
18m_used_lmt_second_der_sum,1.5592743737418673,kept
12m_used_lmt_first_der_great_0_count,1.3937562842258697,high_corr
6m_used_lmt_second_der_min,1.9603798345979644,kept
6m_used_lmt_first_der_sum,1.3109809844009148,kept
3m_used_lmt_first_der_mean_rto,2.12071804142334,kept
12m_used_lmt_second_der_mean_diff,1.5215257336481223,kept
6m_used_lmt_first_der_mean_diff,0.760388051823838,kept
3m_used_lmt_first_der_sum,1.528615285491213,kept
18m_used_lmt_second_der_small_0_count,1.519903023545207,high_corr
6m_used_lmt_second_der_median,1.3130880062957755,kept
3m_used_lmt_second_der_stddev,1.8325504233416379,kept
3m_used_lmt_second_der_mean_diff,1.44799947989854,kept
3m_used_lmt_first_der_median,1.4136334668890786,kept
12m_used_lmt_second_der_sum,1.987139980699819,kept
3m_used_lmt_second_der_small_0_count,0.6489513602617197,kept
12m_used_lmt_first_der_small_0_sum,1.8132348129463143,kept
6m_used_lmt_first_der_mean_rto,1.6292107068574857,kept
18m_used_lmt_second_der_mean_rto,0.7433570973573267,kept
12m_used_lmt_first_der_avg,1.3935987536734473,kept
18m_used_lmt_first_der_sum,2.02396304153402,kept
6m_used_lmt_first_der_max,2.339501830922981,kept
6m_used_lmt_second_der_mean_diff,2.166598214101557,kept
12m_used_lmt_first_der_mean_diff,1.2338620170802532,kept
6m_used_lmt_second_der_sum,1.1175932434301328,kept
3m_used_lmt_first_der_small_0_sum,1.6981993649047338,kept
6m_used_lmt_first_der_small_0_sum,1.9735166883592394,kept
3m_used_lmt_second_der_sum,1.374098200765381,kept
3m_used_lmt_first_der_great_0_count,0.6203003340584775,kept
18m_used_lmt_first_der_mean_rto,0.761309627522575,kept
12m_used_lmt_first_der_great_0_sum,1.8941631858755916,kept
3m_used_lmt_first_der_max,1.894881355254275,kept
stg_pln_cnt_on_1m_rto_his_light,0.2994940414553132,kept
stg_pln_cnt_due_6m_rto_his_light,0.09578452072795457,kept
stg_pln_sum_prc_amt_36m_his_rto_light,0.3620529494789101,kept
stg_pln_cnt_due_1m_rto_his_light,0.04537175064267662,kept
stg_pln_avg_prc_amt_36m_per_mth_light,0.412504728624865,high_corr
stg_pln_cnt_12m_24m_rto_light,0.39902512056468686,kept
stg_pln_sum_prc_amt_24m_36m_rto_light,0.3662933914927461,kept
stg_pln_avg_prc_amt_6m_per_mth_light,0.4694991332653561,kept
ord_apl_fal_cnt_90_day,0.5717507612491544,kept
ord_apl_cnt_90_day_19_23,0.0,low_iv
ord_apl_suc_min_stg_num_360_day,0.0,low_iv
his_180_day_csh_apl_ord_cnt_his_rto,2.1344480093452423,high_corr
ord_apl_suc_max_prc_amt_his,0.04427541510680004,kept
ord_apl_sum_prc_amt_180_day_13_18,1.454591608795619,kept
fst_fal_ord_prc_amt,0.17430972236534759,kept
ord_apl_suc_sum_stg_num_his,0.7540490068606256,high_corr
ord_apl_cnt_30_day,0.9266344147439068,high_corr
fst_ord_prc_amt,0.020865787980327122,high_corr
ord_apl_min_prc_amt_360_day,0.006655846376821236,high_corr
ord_apl_max_prc_amt_180_day,1.9657360919136788,high_corr
max_ddf_lag_crt_dte,0.3616559428660177,kept
ord_apl_sum_prc_amt_360_day_19_23,1.130878422474686,kept
his_30_day_prc_amt_3_000_flg_suc_ord_cnt,0.0,low_iv
ord_apl_suc_cnt_180_day_19_23,0.45860877910632586,kept
ord_apl_suc_max_stg_num_his,0.12141391875753615,kept
fst_ord_stg_num,0.01178194738386594,kept
ord_apl_suc_min_stg_num_his,0.0662995972691697,kept
min_ddf_suc_lag_crt_tim_mnt,0.48475691564804346,kept
ddf_mdl_lst_ord_crt_dte,2.7541622030850816,high_corr
pst_ord_apl_suc_sum_prc_amt_his,0.46182545170758094,high_corr
ord_apl_suc_max_stg_num_90_day,0.001197504260770688,low_iv
ord_apl_sum_prc_amt_90_day_19_23,0.0,low_iv
ord_apl_suc_12_cnt_30_day,0.0,low_iv
ord_apl_suc_sum_prc_amt_180_day_07_12,0.740410649410375,kept
ord_apl_suc_max_prc_amt_360_day,1.396956342642237,high_corr
ord_apl_suc_sum_prc_amt_180_day_19_23,0.7528354624621223,kept
ord_apl_suc_6_cnt_his,0.16962460596553025,kept
ord_apl_suc_6_cnt_360_day,0.0,low_iv
ord_apl_suc_sum_prc_amt_90_day,0.7543504537115202,high_corr
ord_apl_suc_sum_prc_amt_180_day_13_18,0.6677796418264526,high_corr
his_360_day_csh_apl_ord_cnt_his_rto,2.2374559496299002,kept
ord_apl_suc_cnt_90_day_07_12,0.0,low_iv
his_360_day_bt_apl_ord_cnt_csh_rto,2.4923233945919545,kept
ord_apl_sum_prc_amt_30_90_day_rto,2.495911527724231,kept
ord_apl_fal_cnt_360_day,0.7923714094347345,kept
ord_apl_cnt_360_day_04_06,0.0,low_iv
his_360_day_bt_suc_ord_cnt_csh_rto,2.132288516883867,kept
ord_apl_cnt_30_day_13_18,0.0,low_iv
pst_ord_apl_suc_max_prc_amt_180_day,1.753474030482157,kept
ord_apl_sum_prc_amt_180_day_07_12,1.5596487206822578,high_corr
his_30_day_prc_amt_3_000_flg_apl_ord_cnt,0.0,low_iv
pst_ord_apl_suc_sum_prc_amt_180_360_day_rto,2.1688243430880987,kept
fst_ord_prc_fst_adt_lmt_rto,0.022159109036453867,kept
fst_fal_ord_stg_num,0.15419788975693613,kept
ord_apl_suc_weighted_stg_num_180_day,0.8846249702919161,high_corr
ord_apl_sum_prc_amt_360_day,2.37642609180885,high_corr
pst_ord_apl_suc_sum_prc_amt_360_day,1.4214051246424588,high_corr
min_ddf_lag_crt_tim_mnt,0.4659293063729948,kept
ddf_fst_lst_ord_crt_dte,0.5227064754730609,kept
max_ddf_suc_lag_crt_dte,0.4172792153335415,kept
ord_apl_avg_prc_amt_360_day,2.5394340246951135,high_corr
ord_apl_cnt_180_day_13_18,1.2201755749642151,high_corr
ord_apl_fal_cnt_his,0.394985100887026,kept
ord_apl_sum_prc_amt_90_day,1.7711661389356095,high_corr
ord_apl_suc_cnt_90_day_13_18,0.0,low_iv
ddf_fst_adt_fst_ord_crt_dte_mnt,0.02160476950804021,kept
ord_apl_sum_prc_amt_30_day_13_18,0.0,low_iv
ord_apl_cnt_90_day_07_12,0.865755321531274,kept
pst_ord_apl_suc_sum_prc_amt_30_day,0.0,low_iv
bsy_typ_suc_cnt_his,0.011493003498253421,kept
ord_apl_sum_prc_amt_30_day_07_12,0.0,low_iv
ord_apl_suc_min_prc_amt_180_day,0.0,low_iv
his_90_day_csh_apl_ord_cnt_his_rto,1.5658391718289408,high_corr
his_360_day_csh_apl_ord_cnt,2.580821952819931,high_corr
ord_apl_sum_prc_amt_90_180_day_rto,2.7894972339371042,high_corr
ord_apl_sum_prc_amt_30_day,1.14042444946229,high_corr
his_30_day_csh_apl_ord_cnt_his_rto,1.070319371966527,kept
his_90_day_prc_amt_1_000_flg_suc_ord_cnt,1.05442876990836,high_corr
pst_ord_apl_suc_cnt_30_day,0.0,low_iv
ord_apl_cnt_360_day_19_23,0.8568657043493062,high_corr
ord_apl_sum_prc_amt_360_day_04_06,0.0,low_iv
ord_apl_min_prc_amt_his,0.31154995001117736,kept
pst_ord_apl_suc_max_prc_amt_his,0.31062926966658305,kept
his_180_day_prc_amt_3_000_flg_suc_ord_cnt,0.8066366929384288,high_corr
his_180_day_prc_amt_3_000_flg_apl_ord_cnt,1.1541094307621842,high_corr
ord_apl_suc_cnt_360_day_13_18,1.1063132587767552,high_corr
ord_apl_cnt_360_day_00_03,0.0,low_iv
ord_apl_suc_sum_stg_num_180_day,1.6251849333226707,kept
pst_ord_apl_suc_sum_prc_amt_90_180_day_rto,2.0814398715428073,kept
his_180_day_bt_apl_ord_cnt_csh_rto,2.48658980887341,high_corr
ddf_ato_fst_ord_crt_dte,0.07249026169859052,kept
ord_apl_suc_6_cnt_360_day_rto,2.184647298333794,kept
ord_apl_sum_prc_amt_180_360_day_rto,2.9144793239331053,high_corr
ord_apl_sum_prc_amt_360_day_00_03,0.0,low_iv
ord_apl_cnt_30_day_07_12,0.0,low_iv
ord_apl_suc_cnt_360_day_07_12,1.1866410338622282,high_corr
ord_apl_suc_12_cnt_360_day_rto,2.166964922524489,high_corr
m1_stg_pln_bnk_cnt_max,2.0186115462829184,kept
m1_pmt_not_eng_mor_3_stg_pln_cnt,2.0824037586375983,kept
m1_pmt_not_eng_mor_3_stg_pln_amt_sum,2.0712757630482863,kept
m3_payment_not_eng_inteday_max,0.8725174535466222,kept
m3_stg_pln_pmt_not_eng_amt_max,2.1335083037837164,kept
m1_pmt_not_eng_equal_1_stg_pln_d0_cnt,2.1063889265715416,kept
m6_pmt_not_eng_equal_1_stg_pln_d0_amt_sum,2.134300955613594,high_corr
m1_pmt_not_eng_cnt_pday_equal_1_day_cnt,1.176174654806213,kept
m6_payment_not_eng_mdl_crt_ddf_max,1.2084858684926796,kept
m6_pmt_not_eng_equal_2_stg_pln_d0_amt_sum_rat,2.0410299995412875,kept
pmt_not_eng_stg_pln_cnt_1m_3m_rat_trend,1.840256155717792,kept
m1_pmt_not_eng_mor_3_stg_pln_d0_cnt,2.0514292300859718,kept
m3_pmt_not_eng_cnt_pday_min,1.058989709482648,kept
m1_stg_pln_pmt_not_eng_cnt_min,2.0088245426303177,kept
m3_pmt_not_eng_equal_1_stg_pln_amt_rat,2.1062590547094633,kept
m3_pmt_not_eng_equal_3_stg_pln_d0_amt_sum,2.0909803418094928,kept
m1_pmt_not_eng_stg_pln_d0_amt_sum_rat,1.7907016610461568,high_corr
m3_stg_pln_pmt_not_eng_cnt_sum,2.1144590188915977,high_corr
m6_pmt_not_eng_equal_1_stg_pln_d0_cnt_rat,2.0077653397348016,kept
m6_pmt_not_eng_amt_pday_min,1.1799743758472172,kept
m3_stg_pln_crd_cnt_min,2.0633029492507275,kept
m1_pmt_not_eng_equal_2_stg_pln_cnt,2.1018330973414137,kept
m6_pmt_not_eng_equal_2_stg_pln_cnt,2.146238482822432,kept
m3_payment_not_eng_inteday_avg,0.8663268459850784,kept
m6_payment_not_eng_inteday_max,0.9877643166754113,kept
m6_stg_pln_d0_pmt_not_eng_cnt_max,2.036157633973546,high_corr
m6_pmt_not_eng_equal_3_stg_pln_d0_amt_sum_rat,1.956539774932377,kept
m1_stg_pln_d0_pmt_not_eng_cnt_avg,1.7721228938151787,kept
m3_pmt_not_eng_equal_2_stg_pln_d0_amt_sum,2.1354766586588414,kept
m3_pmt_not_eng_equal_2_stg_pln_cnt_rat,2.095176212339459,kept
m3_pmt_not_eng_stg_pln_d0_cnt,2.2356554699598146,kept
m6_pmt_not_eng_equal_1_stg_pln_d0_cnt,2.1734148540129574,kept
m1_pmt_not_eng_cnt_pday_min,0.8049999678546191,kept
m6_stg_pln_d0_pmt_not_eng_cnt_avg,1.9775175140220684,high_corr
m3_pmt_not_eng_cnt_pday_equal_1_day_cnt,1.20178711345791,kept
m3_pmt_not_eng_equal_3_stg_pln_amt_rat,2.067864681108563,kept
m1_stg_pln_crd_cnt_min,1.9968639013829912,kept
m6_pmt_not_eng_amt_pday_max,1.159366925104086,kept
m6_stg_pln_pmt_not_eng_cnt_min,2.0514292300859718,kept
m6_payment_not_eng_mdl_crt_ddf_min,1.2876945382054679,kept
m1_pmt_not_eng_equal_1_stg_pln_amt_rat,1.995832800090198,kept
m1_stg_pln_pmt_not_eng_cnt_max,2.0299423436161197,high_corr
m3_stg_pln_pmt_not_eng_cnt_min,2.0731179518943366,kept
m1_pmt_not_eng_equal_3_stg_pln_d0_amt_sum,2.0514292300859718,kept
m1_pmt_not_eng_mor_3_stg_pln_amt_rat,1.9984516489182278,kept
m6_pmt_not_eng_mor_3_stg_pln_cnt_rat,2.1165095121688235,kept
m6_payment_not_eng_mdl_crt_ddf_avg,1.2525012674121765,kept
m6_pmt_not_eng_mor_3_stg_pln_d0_amt_sum_rat,1.9713433799895381,kept
m3_payment_not_eng_mdl_crt_ddf_avg,1.1202401118297574,kept
pmt_not_eng_stg_pln_cnt_3m_6m_rat_trend,1.5565154762798978,kept
m6_payment_not_eng_inteday_avg,0.9802787447095676,kept
m3_pmt_not_eng_cnt_pday_mor_0_day_cnt,1.2072201408636183,kept
m3_stg_pln_crd_cnt_max,2.089034496098063,kept
m3_payment_not_eng_mdl_crt_ddf_max,1.105647556429024,kept
m3_pmt_not_eng_mor_3_stg_pln_d0_amt_sum,2.1106955443899715,kept
m6_pmt_not_eng_mor_3_stg_pln_cnt,2.071887989938629,high_corr
m3_pmt_not_eng_equal_1_stg_pln_amt_sum,2.13992466255352,kept
m3_stg_pln_bnk_cnt_avg,2.0913053755829476,kept
m1_stg_pln_pmt_not_eng_amt_max,2.1246097752934734,kept
m3_pmt_not_eng_stg_pln_cnt_rat,2.107981028900681,high_corr
m1_pmt_not_eng_cnt_pday_mor_1_day_cnt,1.1819154736044717,kept
m3_stg_pln_pmt_not_eng_cnt_avg,2.0964230960913977,high_corr
m6_pmt_not_eng_equal_3_stg_pln_d0_cnt,2.090965134977744,kept
m1_pmt_not_eng_equal_3_stg_pln_amt_rat,1.9958327028629628,kept
m6_stg_pln_pmt_not_eng_amt_min,1.194510468413898,high_corr
m3_pmt_not_eng_stg_pln_d0_amt_sum,2.1784902441995966,kept
m1_payment_not_eng_mdl_crt_ddf_max,0.8392350772650935,kept
m6_pmt_not_eng_mor_3_stg_pln_d0_cnt,2.099346567046219,high_corr
m6_stg_pln_pmt_not_eng_cnt_max,2.1129286472559805,high_corr
m6_pmt_not_eng_cnt_pday_max,1.1675219473524263,kept
m1_pmt_not_eng_equal_1_stg_pln_amt_sum,2.092302788320172,kept
pmt_not_eng_stg_pln_cnt_3m_6m_rat,1.5064897672116868,kept
m1_pmt_not_eng_equal_2_stg_pln_d0_amt_sum,2.1087917947941937,kept
m6_pmt_not_eng_cnt_pday_min,1.1589655867224224,kept
m6_pmt_not_eng_mor_3_stg_pln_amt_sum,2.0698414173181856,kept
m1_pmt_not_eng_equal_2_stg_pln_amt_rat,2.001037002317355,kept
m1_pmt_not_eng_equal_3_stg_pln_cnt,2.0514292300859718,kept
m3_rep_apl_suc_cnt_rat,2.272269514667321,high_corr
m6_ao_offline_rep_apl_suc_cnt,2.2113822537217507,kept
m3_manual_work_day_rep_apl_fal_cnt,2.2282073032050542,kept
m1_manual_tim_0_5_rep_apl_fal_cnt,2.2113822537217507,kept
m1_ao_offline_rep_apl_suc_amt_min,2.2113822537217507,kept
m6_ao_offline_rep_apl_suc_amt_sum,2.2113822537217507,kept
m3_manual_deduct_rep_apl_suc_amt_sum,2.2113822537217507,kept
m1_manual_rep_apl_suc_cnt_in_manual_rep_rat,1.1190729556105918,kept
m3_manual_tim_13_18_rep_apl_fal_cnt,2.2113822537217507,kept
m6_manual_deduct_rep_apl_suc_amt_avg,2.2113822537217507,kept
m1_manual_tim_6_12_rep_apl_fal_cnt,2.2113822537217507,kept
m1_manual_tim_6_12_rep_apl_cnt_rat,1.155944104742214,kept
m1_add_bathch_rep_apl_suc_cnt_rat,2.230999372688594,kept
m6_add_bathch_rep_apl_suc_cnt,2.211622288367391,high_corr
m3_manual_deduct_rep_apl_cnt_rat,2.25365685730124,kept
m1_manual_tim_13_18_rep_apl_suc_cnt,2.2809117351668027,kept
m1_normal_batch_rep_apl_suc_cnt,2.518800262615561,high_corr
m1_ao_offline_rep_apl_cnt,2.2113822537217507,kept
m3_ao_offline_mrn_rep_apl_suc_cnt,2.2113822537217507,kept
m1_manual_mrn_rep_apl_suc_cnt,2.386149371268166,high_corr
m1_mrn_rep_apl_cnt,2.6271048276193563,kept
m6_manual_deduct_rep_apl_fal_cnt,2.2151522082368085,high_corr
m1_manual_rep_apl_fal_cnt,2.2113822537217507,high_corr
m6_ao_offline_rep_apl_suc_amt_max,2.2113822537217507,high_corr
m1_manual_deduct_rep_apl_suc_amt_sum,2.2113822537217507,kept
m3_submit_fal_rep_apl_cnt,2.2113822537217507,kept
m3_manual_rep_apl_suc_amt_avg,2.355684754453222,kept
m1_manual_weekend_day_rep_apl_fal_cnt,2.2113822537217507,kept
m3_manual_tim_19_24_rep_apl_fal_cnt,2.2113822537217507,kept
m6_manual_tim_19_24_rep_apl_suc_cnt_rat,1.5971727359162429,kept
m1_manual_deduct_rep_apl_cnt_rat,2.230885795929976,kept
m6_manual_tim_13_18_rep_apl_suc_cnt,2.343459648460755,kept
m6_manual_rep_apl_fal_cnt,2.2451873364124575,kept
m6_manual_rep_apl_suc_cnt_in_manual_rep_rat,1.6683082361100228,kept
m6_ao_offline_rep_apl_suc_amt_avg,2.2113822537217507,kept
m6_manual_rep_apl_suc_amt_max,2.273216023971412,kept
m6_manual_rep_apl_fal_cnt_rat,1.4119198619867013,kept
m1_rep_apl_suc_amt_max,2.401577670905886,kept
m3_add_bathch_mrn_rep_apl_suc_cnt,2.2141184055070617,high_corr
m6_part_suc_rep_apl_cnt,2.23263890500957,kept
m6_manual_weekend_day_rep_apl_fal_cnt,2.2113822537217507,kept
m1_manual_deduct_rep_apl_cnt,2.2113822537217507,high_corr
m1_manual_rep_apl_fal_cnt_rat,1.0072765404650281,high_corr
m1_rep_apl_suc_cnt,2.6909146486347364,high_corr
m1_part_suc_rep_apl_cnt_rat,2.230885795929976,kept
m6_manual_tim_19_24_rep_apl_suc_cnt,2.2795244766959653,kept
m1_ao_offline_mrn_rep_apl_suc_cnt,2.2113822537217507,kept
m3_add_bathch_rep_apl_suc_cnt_rat,2.2571038185342025,kept
m1_manual_rep_apl_suc_cnt_rat,2.305961269284408,high_corr
m6_manual_tim_6_12_rep_apl_cnt_rat,1.6649359186772013,kept
m1_normal_batch_rep_apl_suc_amt_avg,2.331597141204146,kept
m6_manual_tim_13_18_rep_apl_suc_cnt_rat,1.647931408427371,kept
m6_add_bathch_rep_apl_suc_amt_max,2.211425829265001,kept
m1_manual_rep_apl_suc_amt_avg,2.372770407061715,high_corr
m6_manual_tim_0_5_rep_apl_fal_cnt,2.2113822537217507,kept
m6_normal_batch_rep_apl_fal_cnt_rat,1.4444187987066397,kept
m1_manual_tim_13_18_rep_apl_cnt_rat,1.129353055502543,kept
m1_rep_apl_suc_amt_avg,2.4178990351746643,kept
m6_manual_tim_0_5_rep_apl_suc_cnt,2.2977440367859754,kept
m3_ao_offline_rep_apl_suc_amt_avg,2.2113822537217507,kept
m1_manual_tim_13_18_rep_apl_fal_cnt,2.2113822537217507,kept
m6_add_bathch_rep_apl_suc_amt_avg,2.2116982026710295,kept
m1_submit_fal_rep_apl_cnt_rat,2.230885795929976,kept
m3_manual_tim_0_5_rep_apl_fal_cnt,2.2113822537217507,kept
m3_normal_batch_rep_apl_suc_amt_sum,2.3383456089507715,high_corr
m1_add_bathch_rep_apl_suc_amt_sum,2.2113822537217507,kept
m1_rep_apl_suc_amt_sum,2.506403808241486,kept
m1_normal_batch_rep_apl_fal_cnt_rat,1.0187090713647804,kept
m1_ao_offline_rep_apl_suc_amt_max,2.2113822537217507,high_corr
m1_normal_batch_rep_apl_cnt_rat,2.2891371616231977,high_corr
m1_part_suc_rep_apl_cnt,2.2113822537217507,kept
m6_manual_work_day_rep_apl_suc_cnt_rat,1.6688212487632295,kept
m1_manual_tim_19_24_rep_apl_cnt_rat,1.1295732398572107,kept
m1_manual_weekend_day_rep_apl_suc_cnt,2.316436167932248,kept
m3_manual_deduct_rep_apl_suc_amt_avg,2.2113822537217507,kept
m6_manual_deduct_rep_apl_suc_cnt,2.2113822537217507,kept
m6_rep_apl_suc_amt_sum,2.3302624690747997,high_corr
m1_manual_deduct_rep_apl_suc_amt_min,2.2113822537217507,kept
m1_manual_deduct_mrn_rep_apl_suc_cnt,2.2113822537217507,high_corr
m6_manual_rep_apl_suc_cnt_rat,2.2510164427155948,high_corr
m1_manual_work_day_rep_apl_cnt_rat,1.1570974647289576,kept
m6_mrn_rep_apl_cnt,2.498400780860485,kept
m6_manual_tim_13_18_rep_apl_fal_cnt,2.2113822537217507,kept
m1_ao_offline_rep_apl_suc_amt_sum,2.2113822537217507,high_corr
m1_add_bathch_rep_apl_suc_amt_avg,2.2113822537217507,kept
m6_normal_batch_rep_apl_suc_amt_min,2.245234036305446,kept
m3_ao_offline_rep_apl_cnt_rat,2.25365685730124,kept
m6_normal_batch_rep_apl_suc_amt_avg,2.2476582056731678,kept
m6_normal_batch_rep_apl_suc_amt_max,2.237149980250047,kept
m3_manual_weekend_day_rep_apl_fal_cnt,2.2113822537217507,kept
m3_ao_offline_rep_apl_suc_amt_max,2.2113822537217507,kept
m1_manual_deduct_rep_apl_suc_cnt_rat,2.230999372688594,kept
m1_normal_batch_rep_apl_suc_amt_max,2.304142457148269,kept
m3_submit_fal_rep_apl_cnt_rat,2.25365685730124,kept
m3_ao_offline_rep_apl_suc_amt_sum,2.2113822537217507,high_corr
m3_rep_apl_suc_amt_avg,2.35526359912393,kept
m3_part_suc_rep_apl_cnt_rat,2.25365685730124,kept
m3_manual_deduct_rep_apl_suc_cnt_rat,2.2537656737952676,kept
m1_manual_tim_19_24_rep_apl_fal_cnt,2.2113822537217507,kept
m1_manual_tim_19_24_rep_apl_suc_cnt,2.2113822537217507,kept
m1_manual_rep_apl_suc_amt_sum,2.391220994219397,kept
m3_add_bathch_rep_apl_suc_amt_sum,2.2127921581327463,kept
m6_manual_tim_19_24_rep_apl_fal_cnt,2.2113822537217507,kept
m3_manual_mrn_rep_apl_fal_cnt,2.2113822537217507,kept
m1_normal_batch_rep_apl_suc_amt_min,2.2113822537217507,kept
m6_add_bathch_rep_apl_cnt_rat,2.2133507331277382,kept
m1_add_bathch_mrn_rep_apl_suc_cnt,2.2113822537217507,kept
m6_normal_batch_rep_apl_cnt_rat,2.238479744048838,high_corr
m6_manual_tim_0_5_rep_apl_suc_cnt_rat,1.5994588855382368,kept
m3_manual_rep_apl_suc_cnt,2.5089596579461917,kept
m1_submit_fal_rep_apl_cnt,2.2113822537217507,kept
m3_manual_deduct_rep_apl_suc_cnt,2.2113822537217507,high_corr
m6_manual_rep_apl_suc_amt_avg,2.292484616055197,kept
m6_submit_fal_rep_apl_cnt,2.2113822537217507,high_corr
m1_manual_tim_0_5_rep_apl_suc_cnt,2.2113822537217507,high_corr
m3_manual_rep_apl_suc_amt_sum,2.38145302954086,kept
m3_ao_offline_rep_apl_suc_cnt_rat,2.2537656737952676,kept
m3_add_bathch_rep_apl_suc_amt_avg,2.212079233362757,kept
m3_normal_batch_rep_apl_suc_cnt_rat,2.326216167267896,high_corr
m3_manual_rep_apl_cnt_rat,2.304458055716111,high_corr
m6_rep_apl_suc_amt_min,2.2775551932947202,kept
m1_manual_tim_0_5_rep_apl_cnt_rat,1.1189392623788874,high_corr
m3_manual_rep_apl_suc_amt_max,2.351540176581248,high_corr
m6_manual_deduct_rep_apl_suc_amt_max,2.2113822537217507,kept
d365_avl_lmt_eql_0_month_cnt,0.026469536232895146,kept
d180_avl_lmt_eql_0_month_cnt,0.0,low_iv
d1095_avl_lmt_con_drp_month_max,0.42404993060895113,kept
d730_avl_lmt_eql_0_month_cnt,0.09671883543940825,kept
d90_avl_lmt_con_drp_month_max,0.38620516539239885,kept
d180_avl_lmt_shift1_rise_month_cnt,1.6453894037343826,kept
d730_avl_lmt_shift1_rise_month_cnt,0.9110835179020682,high_corr
d1095_avl_lmt_eql_0_month_cnt,0.13154435761683173,kept
d365_avl_lmt_con_drp_month_max,0.8170593924253884,kept
d730_avl_lmt_con_drp_month_max,0.6788371246421805,kept
ai_refuse_cnt_60d,0.5005396895583499,kept
ai_alpa_cnt_3d,0.4981121351914333,kept
ai_rtp_cnt_30d,0.4981121351914333,kept
ai_busy_cnt_3d,0.4981121351914333,kept
ai_call_cnt_60d,0.5057640901442156,kept
ai_wcnhk_cnt_90d,0.498133639849644,kept
ai_ptp_cnt_60d,0.4981121351914333,kept
ai_call_cnt_10d,0.5022777777213578,kept
ai_ptp_cnt_7d,0.4981121351914333,kept
ai_rtp_cnt,0.4981121351914333,kept
ai_ptp_cnt_21d,0.4981121351914333,kept
ai_tousu2_cnt_15d,0.4981121351914333,kept
ai_alpa_cnt_7d,0.4981121351914333,kept
ai_answer_cnt_60d,0.4988490821836903,kept
ai_call_cnt_21d,0.5067140136238765,kept
ai_answer_close_cnt_15d,0.4981121351914333,kept
ai_alpa_cnt_30d,0.4981121351914333,kept
ai_tousu2_cnt,0.4981121351914333,kept
ai_tousu2_cnt_21d,0.4981121351914333,kept
ai_wcnhk_cnt_7d,0.4981121351914333,kept
ai_answer_close_cnt_30d,0.4992814161021044,kept
ai_ptp_cnt_3d,0.4981121351914333,kept
ai_busy_cnt_15d,0.49819087765492814,kept
ai_busy_cnt,0.5017614772201622,kept
ai_refuse_cnt,0.4991233133097296,kept
ai_rtp_cnt_10d,0.4981121351914333,high_corr
ai_wcnhk_cnt_15d,0.49838398367094794,kept
ai_answer_cnt_3d,0.4981121351914333,kept
ai_wcnhk_cnt_30d,0.4981177509905991,kept
ai_answer_cnt_10d,0.498164871235852,kept
ai_answer_cnt_21d,0.49813845467504253,kept
ai_call_cnt_3d,0.4981121351914333,kept
ai_answer_close_cnt_7d,0.4981121351914333,kept
ai_busy_cnt_7d,0.4981121351914333,kept
ai_answer_close_cnt_3d,0.4981121351914333,kept
ai_refuse_cnt_7d,0.4981121351914333,kept
ai_wcnhk_cnt_3d,0.4981121351914333,kept
ai_rtp_cnt_7d,0.4981121351914333,kept
ai_refuse_cnt_21d,0.4981121351914333,kept
ai_refuse_cnt_3d,0.4981121351914333,kept
ai_answer_close_cnt_90d,0.5018246829512488,kept
ai_busy_cnt_30d,0.4987937834317481,kept
ai_tousu2_cnt_10d,0.4981121351914333,high_corr
ai_tousu2_cnt_90d,0.4981121351914333,kept
ai_rtp_cnt_3d,0.4981121351914333,kept
ai_alpa_cnt_15d,0.4981121351914333,kept
d365_aplord_amt_grt_fst_month_rto,0.6320023748362253,kept
d365_aplord_amt_grt_fst_month_cnt,0.5787607687118975,kept
d365_aplord_amt10000plus_month_cnt,2.547475582043081,kept
d1095_aplord_stg_grt_fst_month_cnt,0.16604481978739935,kept
d365_aplord_amt10000plus_month_rto,2.4833399037138557,kept
d180_aplord_stg_grt_fst_month_cnt,0.0,low_iv
d90_aplord_amt_grt_fst_month_rto,0.4968074174009874,kept
d90_aplord_fal_month_cnt,2.2823662054056224,kept
d730_aplord_amt_grt_fst_month_rto,0.16989122363729958,kept
d1095_aplord_fal_month_cnt,1.649169804485503,kept
d90_aplord_suc_month_cnt,2.5168557895138925,kept
d730_aplord_stg_grt_fst_month_rto,0.1098506113204401,kept
d365_aplord_suc_month_cnt,3.147736596580685,kept
d365_aplord_fal_month_rto,2.6379195172355834,kept
d90_aplord_suc_month_rto,2.246880004101975,kept
d365_aplord_fal_month_cnt,2.5616579118600518,kept
6m_repay_amt_second_der_median,1.8669942334037115,kept
18m_repay_amt_second_der_mean_rto,0.6861576317265117,kept
3stg_pln_repay_amt_first_der_mean_rto,1.6303001279202247,kept
6m_repay_amt_second_der_mean_diff,1.8485936188817025,kept
12stg_pln_repay_amt_first_der_median,1.7703356805975727,kept
12m_repay_amt_first_der_mean_rto,1.055291820802216,kept
24thord_con_ontime_repay_max,0.33747926909141907,kept
3m_repay_amt_first_der_max,2.2378586826379316,kept
36stg_pln_repay_amt_first_der_great_0_count,1.5412854469540958,kept
3m_repay_amt_first_der_median,2.1475704032876717,high_corr
6stg_pln_repay_amt_second_der_mean_rto,1.1199087887596497,kept
3m_repay_amt_second_der_sum,1.9541991949538593,kept
12stg_pln_repay_amt_first_der_sum,1.835206046316836,kept
30stg_pln_repay_amt_second_der_mean_rto,1.0634173172425698,kept
3stg_pln_repay_amt_second_der_small_0_count,0.2785392269930581,kept
6m_repay_amt_first_der_great_0_count,2.046268914326978,kept
36stg_pln_repay_amt_first_der_sum,1.8423361007464079,kept
3m_repay_amt_first_der_mean_diff,2.114821154136557,kept
12m_con_keep_repay_max,2.019086117469648,kept
6stg_pln_repay_amt_second_der_median,1.7654173062904235,kept
6m_con_keep_repay_max,2.0257212846163113,kept
3stg_pln_repay_amt_second_der_mean_diff,2.0033793105639437,kept
12m_repay_amt_second_der_sum,1.6957705317887712,kept
12m_repay_amt_second_der_median,1.618251871928848,kept
6stg_pln_repay_amt_first_der_mean_diff,1.8475864658952674,kept
12stg_pln_repay_amt_second_der_mean_rto,1.0550120043487827,kept
3stg_pln_repay_amt_first_der_mean_diff,1.9415594002720957,kept
3m_repay_amt_second_der_mean_rto,1.557152622810348,kept
18m_repay_amt_first_der_mean_rto,0.7939704557730166,kept
12m_repay_amt_second_der_avg,1.6619440563892591,kept
3m_repay_amt_second_der_median,1.9603252638268687,kept
24stg_pln_repay_amt_second_der_avg,1.728845877660575,kept
12stg_pln_repay_amt_first_der_mean_diff,1.7986417788391047,kept
36stg_pln_repay_amt_first_der_mean_rto,1.0384329943370776,high_corr
3m_repay_amt_first_der_sum,2.174183777548838,kept
18m_con_keep_repay_max,2.0190860129430854,kept
3m_repay_amt_second_der_mean_diff,2.0822985658594164,kept
3stg_pln_repay_amt_first_der_sum,1.9363660384118802,kept
18m_repay_amt_second_der_avg,1.546094418535143,kept
3m_repay_amt_first_der_min,2.010829870638855,kept
3m_repay_amt_second_der_max,1.95942084932443,kept
12m_repay_amt_second_der_mean_rto,0.8989354794033325,kept
3m_repay_amt_second_der_great_0_count,1.7845262305641807,kept
3m_repay_amt_first_der_small_0_count,1.778540646493875,kept
3stg_pln_repay_amt_first_der_small_0_count,0.5445611249603546,kept
6stg_pln_repay_amt_first_der_median,1.8313755177301752,kept
24stg_pln_repay_amt_second_der_mean_rto,1.1270600713620313,kept
6m_repay_amt_second_der_small_0_count,2.126939719654087,kept
3m_repay_amt_second_der_min,1.9313395420155153,kept
18m_repay_amt_first_der_avg,1.883678159274195,kept
18m_con_dsc_repay_max,2.094804493743852,kept
36stg_pln_repay_amt_second_der_mean_diff,1.723922745966503,kept
18m_repay_amt_second_der_mean_diff,1.556147542072229,kept
18stg_pln_repay_amt_first_der_mean_rto,1.1210888518481088,kept
6m_repay_amt_first_der_median,2.106142825842819,kept
24stg_pln_repay_amt_first_der_mean_rto,1.1440315425749246,kept
18stg_pln_repay_amt_second_der_mean_diff,1.7260562526563021,kept
12thord_con_late_repay_max,0.03489344316211095,kept
6stg_pln_repay_amt_first_der_mean_rto,1.3753397002095753,kept
3stg_pln_repay_amt_second_der_mean_rto,1.3198484651530655,kept
3m_repay_amt_first_der_mean_rto,1.8750509032166462,kept
36stg_pln_repay_amt_first_der_small_0_count,1.40673875564999,high_corr
6m_repay_amt_first_der_mean_rto,1.4286296225986204,kept
12m_repay_amt_second_der_mean_diff,1.6660242876179805,kept
12m_repay_amt_first_der_stddev,1.949639773214781,kept
6stg_pln_repay_amt_second_der_sum,1.7921693817575455,kept
6m_repay_amt_first_der_sum,2.127592741608084,kept
6stg_pln_repay_amt_first_der_great_0_count,1.3979779984962861,kept
6m_repay_amt_second_der_mean_rto,1.2672476175206349,kept
12stg_pln_repay_amt_second_der_median,1.6992535636371389,kept
12stg_pln_repay_amt_first_der_mean_rto,1.226430840045833,kept
18m_repay_amt_second_der_sum,1.5770658401144422,kept
6m_repay_amt_second_der_sum,1.8740744088201824,kept
6thord_con_adv_repay_max,0.3975554839932258,kept
12m_repay_amt_second_der_great_0_count,1.8808555481671276,kept
6stg_pln_repay_amt_first_der_min,1.9565616562787138,kept
18m_repay_amt_second_der_median,1.4673731056335586,kept
6m_repay_amt_first_der_max,2.2362803848859536,kept
12m_repay_amt_first_der_mean_diff,1.8854365788468135,kept
3stg_pln_repay_amt_first_der_median,1.9093112076354903,kept
18m_con_asc_repay_max,2.0603916610343695,kept
18m_repay_amt_first_der_mean_diff,1.7013456308680623,kept
18stg_pln_repay_amt_second_der_mean_rto,1.0691107951496064,kept
18m_repay_amt_first_der_median,1.709697258838397,kept
6stg_pln_repay_amt_first_der_max,1.949297321337248,kept
30stg_pln_repay_amt_first_der_mean_rto,1.077154685601497,kept
24stg_pln_repay_amt_first_der_mean_diff,1.801107905778097,kept
18stg_pln_repay_amt_first_der_stddev,1.9055005568503156,kept
6thord_con_ontime_repay_max,0.34225593146564476,kept
6m_repay_amt_first_der_mean_diff,2.0820270148631543,kept
12m_repay_amt_first_der_sum,2.0057093517039477,kept
36stg_pln_repay_amt_second_der_mean_rto,1.0260805712018395,kept
12m_repay_amt_first_der_median,1.890180808190969,kept
6m_con_dsc_repay_max,2.059784393771995,kept
3stg_pln_repay_amt_first_der_stddev,2.014745300190701,kept
f54__percent_true_call_mode_is_manual_called_phone_social_relations_is_friend_30d,0.5605823346839366,kept
f54__percent_true_call_mode_is_ai_called_phone_social_relations_is_self_15d,0.5702488204059237,kept
percent_true_call_mode_is_yuce_called_phone_social_relations_is_self_180d,0.5605823346839366,kept
f54__percent_true_call_mode_is_ai_called_phone_social_relations_is_self_7d,0.5675114077648582,kept
percent_true_call_mode_is_yuce_called_phone_social_relations_is_self_60d,0.5605823346839366,kept
f54__percent_true_call_mode_is_manual_called_phone_social_relations_is_family_is_can_contact_person_is_yes_60d,0.5605823346839366,kept
num_true_call_mode_is_ai_called_phone_social_relations_is_self_is_can_contact_person_is_no_60d,0.0,low_iv
percent_true_call_mode_is_yuce_called_phone_social_relations_is_friend_is_can_contact_person_is_no_30d,0.5605823346839366,kept
percent_true_call_mode_is_manual_called_phone_social_relations_is_family_7d,0.5605823346839366,kept
percent_true_call_mode_is_yuce_called_phone_social_relations_is_friend_is_can_contact_person_is_no_180d,0.5605823346839366,kept
sum_talk_duration_call_mode_ai_180d,0.5602090021202482,kept
percent_true_call_mode_is_manual_called_phone_social_relations_is_family_180d,0.5722088456547014,high_corr
percent_true_call_mode_is_yuce_called_phone_social_relations_is_friend_is_can_contact_person_is_no_60d,0.5605823346839366,kept
percent_true_call_mode_is_yuce_called_phone_social_relations_is_family_is_can_contact_person_is_no_30d,0.5605823346839366,kept
f54__percent_true_call_mode_is_manual_called_phone_social_relations_is_friend_180d,0.5709744004442362,kept
f54__percent_true_call_mode_is_manual_called_phone_social_relations_is_friend_15d,0.5605823346839366,high_corr
percent_true_call_mode_is_manual_called_phone_social_relations_is_friend_is_can_contact_person_is_yes_30d,0.5605823346839366,kept
f54__percent_true_call_mode_is_manual_called_phone_social_relations_is_self_is_can_contact_person_is_yes_90d,0.5605823346839366,kept
f54__percent_true_call_mode_is_manual_called_phone_social_relations_is_self_is_can_contact_person_is_yes_30d,0.5605823346839366,kept
f54__percent_true_call_mode_is_manual_called_phone_social_relations_is_friend_is_can_contact_person_is_yes_15d,0.5605823346839366,high_corr
sum_talk_duration_180d,0.5690446397890396,kept
f54__percent_true_call_mode_is_manual_called_phone_social_relations_is_self_is_can_contact_person_is_yes_180d,0.5677306348531563,kept
f54__percent_true_call_mode_is_manual_called_phone_social_relations_is_self_is_can_contact_person_is_yes_15d,0.5605823346839366,kept
percent_true_call_mode_is_manual_called_phone_social_relations_is_family_90d,0.5691815554795097,kept
percent_true_call_mode_is_manual_called_phone_social_relations_is_friend_7d,0.5605823346839366,kept
percent_true_call_mode_is_manual_called_phone_social_relations_is_friend_is_can_contact_person_is_yes_180d,0.5605823346839366,kept
percent_true_call_mode_is_yuce_called_phone_social_relations_is_family_is_can_contact_person_is_no_180d,0.5605823346839366,kept
percent_true_call_mode_is_ai_called_phone_social_relations_is_self_is_can_contact_person_is_no_60d,0.5792233449100005,kept
percent_true_call_mode_is_manual_called_phone_social_relations_is_family_is_can_contact_person_is_yes_180d,0.5698940460149042,kept
f54__percent_true_call_mode_is_ai_called_phone_social_relations_is_self_180d,0.5830498874247524,kept
f54__percent_true_call_mode_is_yuce_called_phone_social_relations_is_self_30d,0.5605823346839366,high_corr
percent_true_call_mode_is_manual_called_phone_social_relations_is_friend_is_can_contact_person_is_yes_90d,0.5605823346839366,kept
percent_true_call_mode_is_manual_called_phone_social_relations_is_family_30d,0.5605823346839366,kept
percent_true_call_mode_is_manual_called_phone_social_relations_is_friend_90d,0.5605823346839366,high_corr
f54__percent_true_call_mode_is_manual_called_phone_social_relations_is_self_is_can_contact_person_is_no_30d,0.5605823346839366,kept
f54__percent_true_call_mode_is_manual_called_phone_social_relations_is_family_15d,0.5605823346839366,kept
f54__percent_true_call_mode_is_manual_called_phone_social_relations_is_self_7d,0.5605823346839366,kept
f54__percent_true_call_mode_is_ai_called_phone_social_relations_is_self_30d,0.5747636100932633,kept
f54__percent_true_call_mode_is_ai_called_phone_social_relations_is_self_90d,0.5811129206132761,kept
percent_true_call_mode_is_manual_called_phone_social_relations_is_family_is_can_contact_person_is_yes_30d,0.5605823346839366,kept
f54__percent_true_call_mode_is_manual_called_phone_social_relations_is_family_is_can_contact_person_is_yes_15d,0.5605823346839366,kept
percent_true_call_mode_is_manual_called_phone_social_relations_is_self_15d,0.5605823346839366,kept
f54__percent_true_call_mode_is_manual_called_phone_social_relations_is_self_is_can_contact_person_is_no_90d,0.5664020059222289,kept
used_rate_ch_grt_0p2_rate_3m_suc,2.2765292172723255,kept
rsk_avl_lmt_ch_les_1000_cnt_3m,2.483814525471881,kept
rsk_avl_lmt_ch_les_500_cnt_12m,2.940213244418068,kept
used_rate_ch_grt_0p8_rate_1m_suc,1.5830130514191159,kept
used_rate_ch_grt_0p5_cnt_3m,2.5335756932520326,high_corr
rsk_avl_lmt_ch_les_1000_rate_12m,2.703525630532403,kept
rsk_avl_lmt_ch_les_500_cnt_1m,1.6086479810809065,kept
rsk_avl_lmt_ch_les_10000_rate_3m,2.290744588279037,high_corr
used_rate_ch_grt_0p2_cnt_3m,2.252115484597308,kept
used_rate_ch_grt_0p2_rate_12m,2.491990331611977,kept
rsk_avl_lmt_ch_les_5000_cnt_1m,1.6405663086795768,kept
used_rate_ch_grt_0p95_rate_1m,1.5822729889478608,kept
rsk_avl_lmt_ch_les_5000_rate_1m,1.582284587885055,kept
used_rate_ch_grt_0p5_rate_3m,2.3040380975224277,kept
rsk_avl_lmt_ch_les_500_rate_3m,2.295343105050803,kept
rsk_avl_lmt_ch_les_10000_cnt_12m,3.046497280076691,kept
used_rate_ch_grt_0p2_cnt_12m_suc,2.4588406647475405,kept
used_rate_ch_grt_0p8_cnt_1m_suc,1.6231898037052448,kept
used_rate_ch_grt_0p8_cnt_1m,1.65535162241081,kept
min_rsk_lmt_rate_bt_ch_3m,1.80326395707605,kept
used_rate_ch_grt_0p9_cnt_12m_suc,2.7240698022559813,kept
used_rate_ch_grt_0p5_cnt_12m,2.8330448188495434,kept
used_rate_ch_grt_0p5_cnt_3m_suc,2.473447112218647,kept
rsk_avl_lmt_ch_les_5000_rate_12m,2.7000997617124938,kept
rsk_avl_lmt_ch_les_10000_cnt_3m,2.5721035036126634,kept
used_rate_ch_grt_0p5_rate_3m_suc,2.2975774253049046,kept
used_rate_ch_grt_0p95_cnt_6m,2.682492461899775,kept
used_rate_ch_grt_0p2_cnt_1m_suc,1.5446644617386753,kept
used_rate_ch_grt_0p95_rate_3m_suc,2.2956840646065904,kept
max_rsk_lmt_rate_bt_ch_3m,1.776028261841437,kept
percent_true_followup_code_yjt_called_phone_social_relations_friend_30d,0.5605823346839366,kept
f56__percent_true_call_mode_is_manual_called_phone_social_relations_is_self_7d,0.5605823346839366,high_corr
f56__percent_true_call_mode_is_yuce_called_phone_social_relations_is_self_30d,0.5605823346839366,high_corr
percent_true_call_mode_is_yuce_called_phone_social_relations_is_friend_60d,0.5605823346839366,high_corr
f56__percent_true_call_mode_is_manual_called_phone_social_relations_is_family_is_can_contact_person_is_yes_60d,0.5605823346839366,high_corr
percent_true_followup_code_tskh_called_phone_social_relations_friend_30d,0.5605823346839366,kept
f56__percent_true_call_mode_is_manual_called_phone_social_relations_is_self_is_can_contact_person_is_no_90d,0.5664020059222289,high_corr
percent_true_followup_code_wfjt_called_phone_social_relations_family_180d,0.5726661472500753,kept
percent_true_call_mode_is_manual_called_phone_social_relations_is_family_is_can_contact_person_is_no_7d,0.5605823346839366,high_corr
percent_true_followup_code_yjt_called_phone_social_relations_family_60d,0.5605823346839366,kept
percent_true_followup_code_yjt_is_can_contact_person_yes_180d,0.5605823346839366,kept
percent_true_called_phone_social_relations_is_friend_is_can_contact_person_is_yes_30d,0.5605823346839366,high_corr
percent_true_followup_code_other_call_mode_manual_7d,0.5605823346839366,kept
percent_true_followup_code_other_call_mode_manual_180d,0.5769876332736575,kept
percent_true_followup_code_yjt_call_mode_manual_90d,0.5605823346839366,high_corr
percent_true_followup_code_jjhk_called_phone_social_relations_friend_30d,0.5605823346839366,kept
percent_true_followup_code_yjt_90d,0.564830151482656,kept
percent_true_followup_code_other_call_mode_manual_90d,0.5662140843141694,kept
percent_true_followup_code_tskh_is_can_contact_person_yes_60d,0.5605823346839366,kept
f56__percent_true_call_mode_is_manual_called_phone_social_relations_is_friend_is_can_contact_person_is_yes_15d,0.5605823346839366,high_corr
percent_true_followup_code_yyxh_called_phone_social_relations_family_180d,0.5605823346839366,kept
percent_true_followup_code_wfjt_called_phone_social_relations_family_90d,0.5688365830029943,high_corr
percent_true_call_mode_is_yuce_called_phone_social_relations_is_family_180d,0.5605823346839366,high_corr
percent_true_called_phone_social_relations_is_family_is_can_contact_person_is_yes_30d,0.5605823346839366,high_corr
percent_true_followup_code_wfjt_is_can_contact_person_yes_90d,0.56692218873237,high_corr
f56__percent_true_call_mode_is_ai_called_phone_social_relations_is_self_7d,0.5675114077648582,high_corr
percent_true_followup_code_yjt_180d,0.5637640562285037,high_corr
percent_true_followup_code_jjhk_is_can_contact_person_yes_30d,0.5605823346839366,kept
percent_true_followup_code_tskh_30d,0.5605823346839366,high_corr
percent_true_followup_code_jjhk_called_phone_social_relations_friend_60d,0.5605823346839366,high_corr
percent_true_followup_code_tskh_call_mode_manual_180d,0.5605823346839366,high_corr
percent_true_followup_code_wfjt_called_phone_social_relations_friend_7d,0.5605823346839366,high_corr
percent_true_followup_code_yjt_call_mode_manual_15d,0.5605823346839366,kept
percent_true_followup_code_yjt_30d,0.5638037503790523,kept
percent_true_followup_code_tskh_60d,0.5605823346839366,kept
percent_true_followup_code_jjhk_15d,0.5605823346839366,kept
percent_true_followup_code_other_called_phone_social_relations_family_180d,0.5718491878107014,kept
percent_true_followup_code_jjhk_180d,0.5605823346839366,kept
percent_true_followup_code_other_called_phone_social_relations_friend_30d,0.5605823346839366,kept
percent_true_followup_code_yjt_called_phone_social_relations_friend_60d,0.5605823346839366,kept
percent_true_followup_code_yyxh_180d,0.5613548413605342,kept
percent_true_followup_code_other_call_mode_yuce_60d,0.5605823346839366,high_corr
f56__percent_true_call_mode_is_manual_called_phone_social_relations_is_self_is_can_contact_person_is_yes_30d,0.5605823346839366,high_corr
percent_true_followup_code_jjhk_call_mode_manual_180d,0.5605823346839366,kept
percent_true_followup_code_other_called_phone_social_relations_family_90d,0.5605823346839366,kept
percent_true_followup_code_other_called_phone_social_relations_family_7d,0.5605823346839366,kept
percent_true_followup_code_tskh_is_can_contact_person_yes_30d,0.5605823346839366,high_corr
percent_true_followup_code_yjt_called_phone_social_relations_friend_180d,0.5605823346839366,kept
percent_true_call_mode_is_yuce_called_phone_social_relations_is_friend_30d,0.5605823346839366,high_corr
percent_true_call_mode_is_yuce_called_phone_social_relations_is_family_30d,0.5605823346839366,high_corr
percent_true_followup_code_yyxh_call_mode_ai_60d,0.5605823346839366,kept
percent_true_followup_code_wfjt_is_can_contact_person_yes_15d,0.5605823346839366,kept
percent_true_followup_code_yjt_15d,0.5605823346839366,kept
percent_true_followup_code_other_called_phone_social_relations_friend_15d,0.5605823346839366,kept
percent_true_followup_code_jjhk_called_phone_social_relations_family_60d,0.5605823346839366,kept
percent_true_call_mode_is_yuce_called_phone_social_relations_is_friend_180d,0.5605823346839366,high_corr
f56__percent_true_call_mode_is_ai_called_phone_social_relations_is_self_30d,0.5747636100932633,high_corr
percent_true_followup_code_wfjt_call_mode_manual_60d,0.5643849148852911,kept
percent_true_followup_code_jjhk_called_phone_social_relations_family_180d,0.5605823346839366,kept
percent_true_followup_code_other_7d,0.5605823346839366,kept
percent_true_followup_code_wfjt_180d,0.5633545475924369,kept
percent_true_call_mode_is_yuce_called_phone_social_relations_is_self_is_can_contact_person_is_no_90d,0.5605823346839366,high_corr
percent_true_followup_code_yyxh_30d,0.5605823346839366,kept
f56__percent_true_call_mode_is_ai_called_phone_social_relations_is_self_90d,0.5811129206132761,high_corr
percent_true_followup_code_yyxh_call_mode_manual_7d,0.5605823346839366,kept
percent_true_followup_code_tskh_180d,0.5605823346839366,kept
count_call_mode_ai_60d,0.0,low_iv
f56__percent_true_call_mode_is_manual_called_phone_social_relations_is_friend_180d,0.5709744004442362,high_corr
percent_true_followup_code_other_call_mode_yuce_180d,0.5605823346839366,high_corr
percent_true_followup_code_other_called_phone_social_relations_friend_180d,0.5707636528564405,kept
percent_true_followup_code_jjhk_called_phone_social_relations_family_30d,0.5605823346839366,high_corr
percent_true_followup_code_yyxh_call_mode_manual_30d,0.5605823346839366,kept
f56__percent_true_call_mode_is_manual_called_phone_social_relations_is_friend_15d,0.5605823346839366,high_corr
percent_true_followup_code_other_call_mode_manual_15d,0.5605823346839366,kept
percent_true_call_mode_is_ai_called_phone_social_relations_is_self_60d,0.5792233449100005,high_corr
percent_true_called_phone_social_relations_is_friend_is_can_contact_person_is_yes_90d,0.5605823346839366,high_corr
percent_true_followup_code_other_15d,0.5605823346839366,kept
f56__percent_true_call_mode_is_manual_called_phone_social_relations_is_self_is_can_contact_person_is_no_30d,0.5605823346839366,high_corr
percent_true_followup_code_other_called_phone_social_relations_friend_60d,0.5605823346839366,high_corr
f56__percent_true_call_mode_is_manual_called_phone_social_relations_is_family_is_can_contact_person_is_yes_15d,0.5605823346839366,high_corr
percent_true_followup_code_tskh_called_phone_social_relations_friend_90d,0.5605823346839366,high_corr
f56__percent_true_call_mode_is_manual_called_phone_social_relations_is_family_15d,0.5605823346839366,high_corr
percent_true_followup_code_yyxh_call_mode_manual_90d,0.5605823346839366,kept
percent_true_followup_code_wfjt_is_can_contact_person_yes_30d,0.5605823346839366,kept
percent_true_followup_code_other_call_mode_manual_30d,0.5605823346839366,kept
percent_true_followup_code_tskh_called_phone_social_relations_friend_60d,0.5605823346839366,high_corr
percent_true_call_mode_is_manual_called_phone_social_relations_is_family_is_can_contact_person_is_no_30d,0.5605823346839366,high_corr
percent_true_followup_code_yjt_7d,0.5605823346839366,kept
percent_true_followup_code_other_180d,0.5692878047743531,kept
percent_true_followup_code_other_30d,0.5605823346839366,kept
percent_true_followup_code_yyxh_called_phone_social_relations_family_90d,0.5605823346839366,kept
percent_true_followup_code_yyxh_call_mode_ai_15d,0.5605823346839366,kept
percent_true_followup_code_other_90d,0.5616576293993124,kept
f56__percent_true_call_mode_is_ai_called_phone_social_relations_is_self_180d,0.5830498874247524,high_corr
percent_true_followup_code_jjhk_90d,0.5605823346839366,kept
f56__percent_true_call_mode_is_manual_called_phone_social_relations_is_friend_30d,0.5605823346839366,high_corr
percent_true_followup_code_jjhk_is_can_contact_person_yes_15d,0.5605823346839366,kept
percent_true_followup_code_yjt_called_phone_social_relations_family_180d,0.5605823346839366,kept
percent_true_followup_code_yyxh_7d,0.5605823346839366,kept
percent_true_called_phone_social_relations_is_family_is_can_contact_person_is_yes_180d,0.5697731999907225,high_corr
percent_true_followup_code_jjhk_called_phone_social_relations_friend_180d,0.5605823346839366,kept
percent_true_called_phone_social_relations_is_friend_is_can_contact_person_is_yes_180d,0.5605823346839366,high_corr
percent_true_followup_code_wfjt_90d,0.5686745901337212,kept
percent_true_followup_code_yyxh_is_can_contact_person_yes_180d,0.5605823346839366,kept
percent_true_followup_code_other_called_phone_social_relations_family_30d,0.5605823346839366,kept
percent_true_followup_code_yyxh_call_mode_manual_15d,0.5605823346839366,kept
f56__percent_true_call_mode_is_manual_called_phone_social_relations_is_self_is_can_contact_person_is_yes_15d,0.5605823346839366,high_corr
percent_true_followup_code_yyxh_called_phone_social_relations_friend_180d,0.5605823346839366,kept
percent_true_followup_code_other_called_phone_social_relations_family_15d,0.5605823346839366,kept
percent_true_followup_code_wfjt_call_mode_manual_15d,0.5605823346839366,high_corr
percent_true_followup_code_wfjt_is_can_contact_person_yes_180d,0.5677403621831933,kept
percent_true_followup_code_yyxh_called_phone_social_relations_family_30d,0.5605823346839366,high_corr
f56__percent_true_call_mode_is_ai_called_phone_social_relations_is_self_15d,0.5702488204059237,high_corr
percent_true_followup_code_wfjt_called_phone_social_relations_friend_90d,0.5661556131035271,kept
f56__percent_true_call_mode_is_manual_called_phone_social_relations_is_self_is_can_contact_person_is_yes_180d,0.5677306348531563,high_corr
percent_true_followup_code_yjt_called_phone_social_relations_family_30d,0.5605823346839366,kept
percent_true_followup_code_jjhk_30d,0.5605823346839366,kept
f56__percent_true_call_mode_is_manual_called_phone_social_relations_is_self_is_can_contact_person_is_yes_90d,0.5605823346839366,high_corr
num_true_followup_code_yjt_180d,0.0,low_iv
percent_true_followup_code_tskh_called_phone_social_relations_family_180d,0.5605823346839366,kept
m6_stg_pln_d0_rep_apl_cnt_mor_4_cnt_rat,2.150879073140081,kept
m6_stg_pln_d0_normal_batch_rep_apl_cnt_equal_2_cnt_rat,2.126230888996542,kept
m1_stg_pln_d0_rep_apl_fal_cnt_equal_1_cnt,2.259539601272211,high_corr
m6_stg_pln_manual_rep_apl_suc_cnt_min,2.2022523742043294,kept
m1_stg_pln_d0_normal_batch_rep_apl_fal_cnt_mor_4_cnt,2.2022504615958343,kept
m6_stg_pln_d0_rep_apl_fal_cnt_equal_2_cnt,2.328399141527651,kept
m3_stg_pln_ao_offline_rep_apl_cnt_max,2.248958242751154,kept
m6_stg_pln_manual_deduct_rep_apl_cnt_sum,2.2106835249840326,kept
m1_stg_pln_d0_manual_deduct_rep_apl_cnt_equal_1_cnt_rat,1.9432066412069076,high_corr
m1_stg_pln_manual_deduct_rep_apl_cnt_equal_1_cnt_rat,2.2234394150483108,kept
m6_stg_pln_rep_apl_cnt_ovd_1d_3d_max,0.3590756848236123,kept
m3_stg_pln_manual_deduct_rep_apl_cnt_avg,2.248958242751154,kept
m3_stg_pln_manual_rep_apl_suc_cnt_sum,2.4087915678697094,high_corr
m3_stg_pln_ao_offline_rep_apl_suc_cnt_min,2.248958242751154,high_corr
m1_stg_pln_d0_rep_apl_fal_cnt_mor_4_cnt_rat,1.9432066412069076,kept
m1_stg_pln_rep_apl_cnt_avg,2.263709362638867,kept
m6_stg_pln_d0_manual_deduct_rep_apl_cnt_equal_1_cnt_rat,2.0955985913050883,high_corr
m3_stg_pln_rep_apl_cnt_d0_sum,2.46611003099041,high_corr
m1_stg_pln_rep_apl_cnt_less_4_cnt,2.62674329796503,kept
m6_stg_pln_rep_apl_cnt_equal_1_manual_rep_apl_amt_sum,0.8603227855436988,kept
m1_stg_pln_manual_rep_apl_cnt_max,2.23409889415176,kept
m1_stg_pln_rep_apl_cnt_mor_2_cnt_rat,2.3290335060753735,kept
m6_stg_pln_rep_apl_fal_cnt_mor_1_rep_apl_amt_max,1.0702080218972765,high_corr
m1_stg_pln_normal_batch_rep_apl_cnt_mor_0_cnt,2.675847507513181,high_corr
m6_stg_pln_rep_apl_cnt_ovd_1d_3d_min,0.3584528201628446,kept
m3_stg_pln_manual_deduct_rep_apl_suc_cnt_max,2.248958242751154,kept
m6_stg_pln_rep_apl_fal_cnt_equal_1_cnt_rat,2.227444538470408,high_corr
m1_stg_pln_d0_rep_apl_cnt_mor_2_cnt,2.3691234931833813,high_corr
m1_stg_pln_manual_deduct_rep_apl_suc_cnt_max,2.2234394150483108,kept
m1_stg_pln_rep_apl_fal_cnt_mor_1_rep_apl_amt_sum,0.7940684584762028,kept
m6_stg_pln_rep_apl_cnt_d0_avg,2.1277934814222816,kept
m3_stg_pln_rep_apl_amt_d0_max,2.1064729049683506,high_corr
m3_stg_pln_normal_batch_rep_apl_cnt_equal_2_cnt_rat,2.2820204879746706,kept
m1_stg_pln_ao_offline_rep_apl_cnt_mor_0_cnt,2.2022504615958343,high_corr
m6_stg_pln_rep_apl_cnt_mor_4_stg_amt_min,0.7948579090895908,high_corr
m6_stg_pln_normal_batch_rep_apl_cnt_mor_4_cnt_rat,2.2562014088761053,kept
m6_stg_pln_rep_apl_suc_cnt_min,2.2030580264124735,kept
m6_stg_pln_rep_apl_cnt_equal_1_adv_cnt,2.2136647923896042,high_corr
m3_stg_pln_normal_batch_rep_apl_cnt_mor_0_cnt_rat,2.2791490721303442,kept
m6_stg_pln_rep_apl_cnt_mor_2_cnt,2.340595804080606,kept
m1_stg_pln_add_bathch_rep_apl_cnt_avg,2.2234394150483108,kept
m6_stg_pln_normal_batch_rep_apl_cnt_min,2.2084666323089737,kept
m6_stg_pln_rep_apl_fal_cnt_mor_1_rep_apl_amt_sum,1.0973448559393042,kept
m3_stg_pln_rep_apl_fal_cnt_max,2.301757209201696,kept
m6_stg_pln_d0_ao_offline_rep_apl_cnt_mor_0_cnt,2.2022504615958343,high_corr
m6_stg_pln_rep_apl_fal_cnt_mor_1_rep_apl_amt_min,1.0803067913163527,kept
m3_stg_pln_rep_apl_suc_cnt_sum,2.5265115753527274,kept
m1_stg_pln_rep_apl_fal_cnt_equal_2_cnt_rat,2.2236918754234387,kept
m6_stg_pln_normal_batch_rep_apl_cnt_mor_2_stg_amt_sum,0.8216222807521407,kept
m3_stg_pln_manual_deduct_rep_apl_suc_cnt_sum,2.248958242751154,kept
m3_stg_pln_ao_offline_rep_apl_suc_cnt_sum,2.248958242751154,high_corr
m6_stg_pln_rep_apl_amt_his_ovd_sum,0.35011737953442534,high_corr
m1_stg_pln_ao_offline_rep_apl_cnt_min,2.2234394150483108,high_corr
m3_stg_pln_manual_rep_apl_cnt_min,2.2513635539491204,kept
m3_stg_pln_rep_apl_fal_cnt_mor_2_cnt_rat,2.2953496657905306,kept
m6_stg_pln_rep_apl_cnt_his_ovd_avg,0.36361513061720663,kept
m1_stg_pln_manual_deduct_rep_apl_suc_cnt_sum,2.2234394150483108,kept
m3_stg_pln_rep_apl_suc_cnt_min,2.2501566315551145,kept
m3_stg_pln_normal_batch_rep_apl_fal_cnt_equal_2_cnt_rat,2.338832177229602,kept
m1_stg_pln_rep_apl_suc_cnt_min,2.2311190704192168,kept
m6_stg_pln_rep_apl_amt_ovd_1d_3d_avg,0.3577772943826935,high_corr
m1_stg_pln_manual_deduct_rep_apl_suc_cnt_min,2.2234394150483108,kept
m1_stg_pln_d0_normal_batch_rep_apl_fal_cnt_equal_0_cnt_rat,1.9718252552181113,high_corr
m3_stg_pln_rep_apl_suc_cnt_avg,2.292835804551133,kept
m6_stg_pln_rep_apl_fal_cnt_mor_3_rep_apl_amt_sum,0.6231733062646982,high_corr
m6_stg_pln_rep_apl_cnt_d0_max,2.205394293457464,kept
m3_stg_pln_normal_batch_rep_apl_cnt_mor_4_cnt,2.2416338560989484,kept
m1_stg_pln_normal_batch_rep_apl_cnt_mor_2_cnt,2.3152593672864397,kept
m1_stg_pln_rep_apl_fal_cnt_sum,2.285134533394255,high_corr
m3_stg_pln_normal_batch_rep_apl_suc_cnt_max,2.253424137807897,kept
m6_stg_pln_rep_apl_cnt_equal_1_manual_rep_apl_amt_min,0.9194774576116245,kept
m3_stg_pln_manual_rep_apl_fal_cnt_min,2.248958242751154,kept
m3_stg_pln_rep_apl_cnt_sum,2.4646270184014982,high_corr
m6_stg_pln_d0_manual_rep_apl_cnt_mor_0_cnt,2.4865492059228824,high_corr
m6_stg_pln_d0_ao_offline_rep_apl_cnt_mor_0_cnt_rat,2.0955985913050883,kept
m6_stg_pln_d0_rep_apl_fal_cnt_equal_1_cnt,2.3103767019088655,high_corr
m1_stg_pln_rep_apl_cnt_equal_2_cnt_rat,2.2861159345252338,kept
m1_stg_pln_rep_apl_cnt_min,2.242260062564099,kept
m1_stg_pln_normal_batch_rep_apl_fal_cnt_equal_2_cnt,2.271772414160742,kept
m1_stg_pln_rep_apl_cnt_mor_4_cnt_rat,2.2550919027213965,kept
m3_stg_pln_d0_manual_deduct_rep_apl_cnt_equal_1_cnt,2.2022504615958343,kept
m6_stg_pln_normal_batch_rep_apl_cnt_equal_2_cnt,2.327221933454089,kept
m1_stg_pln_manual_rep_apl_cnt_min,2.2277867840015713,kept
m3_stg_pln_d0_normal_batch_rep_apl_cnt_mor_2_cnt_rat,2.1454593738175074,kept
m6_stg_pln_manual_rep_apl_fal_cnt_max,2.2109837147767344,high_corr
m6_stg_pln_rep_apl_amt_adv_sum,0.4841507339167369,kept
m6_stg_pln_rep_apl_cnt_equal_1_manual_deduct_cnt,2.2022504615958343,kept
m3_stg_pln_rep_apl_amt_d0_min,2.1940580665929037,high_corr
m6_stg_pln_rep_apl_cnt_min,2.2022504615958343,kept
m6_stg_pln_d0_normal_batch_rep_apl_fal_cnt_equal_2_cnt_rat,2.123569001657213,kept
m6_stg_pln_rep_apl_amt_d0_sum,2.2252655515905833,high_corr
m3_stg_pln_manual_rep_apl_suc_cnt_max,2.2572224887674297,kept
m6_stg_pln_ao_offline_rep_apl_cnt_mor_0_cnt_rat,2.2022504615958343,high_corr
m1_stg_pln_manual_rep_apl_fal_cnt_avg,2.2234394150483108,kept
m3_stg_pln_rep_apl_cnt_equal_1_manual_rep_apl_amt_max,0.718558645394338,high_corr
m1_stg_pln_manual_rep_apl_cnt_mor_0_cnt,2.4312801561801547,kept
m3_stg_pln_d0_normal_batch_rep_apl_fal_cnt_equal_1_cnt_rat,2.130515362247941,high_corr
m3_stg_pln_manual_rep_apl_fal_cnt_avg,2.2489790487967665,kept
m3_stg_pln_rep_apl_cnt_min,2.2607279585937157,kept
m6_stg_pln_d0_normal_batch_rep_apl_fal_cnt_mor_4_cnt_rat,2.1329196996239013,kept
m3_stg_pln_manual_rep_apl_fal_cnt_sum,2.2608370534277995,high_corr
m3_stg_pln_add_bathch_rep_apl_cnt_max,2.2489595146586385,high_corr
m3_stg_pln_normal_batch_rep_apl_cnt_avg,2.31167751307754,kept
m3_stg_pln_normal_batch_rep_apl_fal_cnt_equal_0_cnt_rat,2.295453898086924,kept
m6_stg_pln_manual_deduct_rep_apl_cnt_equal_1_cnt_rat,2.2022504615958343,high_corr
m3_stg_pln_manual_rep_apl_cnt_max,2.274950946769332,kept
m6_stg_pln_manual_rep_apl_cnt_avg,2.237812986212668,kept
m1_stg_pln_normal_batch_rep_apl_cnt_equal_2_cnt,2.2789034411926923,kept
m3_stg_pln_normal_batch_rep_apl_cnt_less_2_stg_amt_sum,2.113604128890035,high_corr
m1_stg_pln_manual_rep_apl_suc_cnt_avg,2.3083519313791294,kept
m3_stg_pln_d0_rep_apl_cnt_mor_4_cnt,2.289071066637457,kept
m3_stg_pln_d0_normal_batch_rep_apl_cnt_mor_0_cnt_rat,2.1639074559756537,kept
m3_stg_pln_d0_rep_apl_cnt_mor_2_cnt_rat,2.1463620378865658,kept
m6_stg_pln_rep_apl_cnt_adv_avg,0.46025385905241833,high_corr
m3_stg_pln_normal_batch_rep_apl_suc_cnt_avg,2.3347369192865353,kept
m3_stg_pln_manual_deduct_rep_apl_suc_cnt_min,2.248958242751154,kept
m6_stg_pln_ao_offline_rep_apl_suc_cnt_avg,2.2022504615958343,high_corr
m1_stg_pln_rep_apl_cnt_less_4_stg_amt_sum,1.8551344484459413,high_corr
m1_stg_pln_manual_deduct_rep_apl_fal_cnt_min,2.2234394150483108,high_corr
m6_stg_pln_rep_apl_cnt_equal_1_manual_rep_apl_amt_max,0.8667840821310843,high_corr
m1_stg_pln_rep_apl_cnt_equal_1_d0_cnt,2.527775966482559,high_corr
m1_stg_pln_normal_batch_rep_apl_suc_cnt_max,2.224606653874991,high_corr
m1_stg_pln_ao_offline_rep_apl_cnt_mor_0_cnt_rat,2.2234394150483108,high_corr
m1_stg_pln_rep_apl_amt_d0_sum,2.0198713183196566,high_corr
m1_stg_pln_normal_batch_rep_apl_cnt_equal_2_cnt_rat,2.285366159868797,kept
m3_stg_pln_rep_apl_fal_cnt_equal_2_cnt_rat,2.3272933938753746,high_corr
m6_stg_pln_normal_batch_rep_apl_fal_cnt_avg,2.2636321288181587,high_corr
m1_stg_pln_normal_batch_rep_apl_cnt_min,2.238234977801607,high_corr
m6_stg_pln_rep_apl_cnt_ovd_1d_3d_sum,0.36092921933125555,high_corr
m1_stg_pln_manual_rep_apl_fal_cnt_max,2.2234394150483108,kept
m6_stg_pln_rep_apl_amt_adv_min,0.519321915397324,high_corr
m6_stg_pln_manual_rep_apl_cnt_mor_0_cnt_rat,2.238864301721678,high_corr
m6_stg_pln_normal_batch_rep_apl_cnt_sum,2.439548410800985,high_corr
m6_stg_pln_manual_deduct_rep_apl_suc_cnt_max,2.2022504615958343,high_corr
m3_stg_pln_rep_apl_cnt_equal_1_manual_deduct_cnt,2.2022504615958343,high_corr
m3_stg_pln_normal_batch_rep_apl_fal_cnt_equal_1_cnt_rat,2.2750465394458557,kept
m1_stg_pln_d0_normal_batch_rep_apl_fal_cnt_equal_1_cnt_rat,1.9899801688301582,high_corr
m6_stg_pln_rep_apl_cnt_less_4_stg_amt_max,2.0779978757684776,high_corr
m6_stg_pln_manual_deduct_rep_apl_fal_cnt_max,2.2063073787262026,high_corr
m3_stg_pln_d0_manual_deduct_rep_apl_cnt_equal_1_cnt_rat,2.1012030843850265,kept
m3_stg_pln_normal_batch_rep_apl_cnt_max,2.2946557854270058,high_corr
m6_stg_pln_d0_normal_batch_rep_apl_fal_cnt_mor_4_cnt,2.2532827719230992,high_corr
m1_stg_pln_normal_batch_rep_apl_suc_cnt_min,2.224317193492729,kept
m1_stg_pln_normal_batch_rep_apl_fal_cnt_sum,2.288684762936586,high_corr
m6_stg_pln_manual_rep_apl_fal_cnt_sum,2.227630059392862,kept
m6_stg_pln_rep_apl_cnt_mor_2_cnt_rat,2.227468322209069,high_corr
m6_stg_pln_d0_rep_apl_cnt_equal_2_cnt,2.3154452004896515,kept
m3_stg_pln_ao_offline_rep_apl_cnt_sum,2.248958242751154,high_corr
m3_stg_pln_normal_batch_rep_apl_cnt_equal_2_cnt,2.326778415005875,high_corr
m3_stg_pln_normal_batch_rep_apl_fal_cnt_mor_2_cnt_rat,2.2639814156556834,high_corr
m1_stg_pln_manual_rep_apl_fal_cnt_sum,2.2234394150483108,high_corr
m1_stg_pln_rep_apl_cnt_mor_4_stg_amt_sum,0.5488474553012347,high_corr
m1_stg_pln_rep_apl_cnt_d0_avg,1.9587561509008462,high_corr
m1_stg_pln_d0_normal_batch_rep_apl_cnt_mor_2_cnt,2.313796370725167,high_corr
m1_stg_pln_d0_rep_apl_cnt_equal_2_cnt,2.260765804833609,kept
m6_stg_pln_manual_deduct_rep_apl_fal_cnt_avg,2.211065960564175,high_corr
m1_stg_pln_rep_apl_cnt_mor_4_stg_amt_min,0.5456609904618376,high_corr
m1_stg_pln_normal_batch_rep_apl_cnt_mor_2_cnt_rat,2.2619987747566155,high_corr
m3_stg_pln_d0_manual_rep_apl_cnt_mor_0_cnt,2.492573205977493,high_corr
m6_stg_pln_normal_batch_rep_apl_suc_cnt_min,2.202253352817358,kept
m3_stg_pln_rep_apl_fal_cnt_mor_3_rep_apl_amt_max,0.5712831050181346,high_corr
m3_stg_pln_manual_deduct_rep_apl_suc_cnt_avg,2.248958242751154,high_corr
m6_stg_pln_normal_batch_rep_apl_suc_cnt_max,2.209447108153679,high_corr
m6_stg_pln_rep_apl_fal_cnt_equal_2_cnt,2.326338930616582,high_corr
m1_stg_pln_d0_rep_apl_fal_cnt_equal_0_cnt_rat,1.9726084599277849,high_corr
m1_stg_pln_rep_apl_cnt_equal_1_adv_cnt,2.2344763015933644,high_corr
m1_stg_pln_normal_batch_rep_apl_cnt_avg,2.2809035255155568,high_corr
m6_stg_pln_rep_apl_amt_ovd_1d_3d_min,0.35878351278399984,kept
m3_stg_pln_d0_normal_batch_rep_apl_fal_cnt_mor_4_cnt_rat,2.1322285516592783,high_corr
m3_stg_pln_rep_apl_fal_cnt_equal_0_cnt_rat,2.290378732089029,high_corr
m6_stg_pln_manual_deduct_rep_apl_suc_cnt_min,2.2022504615958343,high_corr
m6_stg_pln_manual_deduct_rep_apl_cnt_min,2.2022504615958343,high_corr
m6_stg_pln_rep_apl_amt_ovd_1d_3d_sum,0.35957512788096024,kept
m3_stg_pln_manual_rep_apl_cnt_mor_0_cnt,2.414365111191259,kept
m1_stg_pln_rep_apl_fal_cnt_mor_4_cnt,2.2414444963471207,high_corr
m3_stg_pln_manual_deduct_rep_apl_cnt_equal_1_cnt_rat,2.248958242751154,kept
m6_stg_pln_rep_apl_cnt_less_4_cnt,2.5251601132136248,high_corr
m3_stg_pln_rep_apl_suc_cnt_max,2.2669924153512135,kept
m1_stg_pln_d0_normal_batch_rep_apl_cnt_mor_4_cnt,2.2022504615958343,high_corr
m3_stg_pln_normal_batch_rep_apl_suc_cnt_min,2.2490716080468185,high_corr
m1_stg_pln_manual_deduct_rep_apl_fal_cnt_avg,2.2234394150483108,high_corr
m6_stg_pln_rep_apl_amt_d0_min,2.203342863440356,high_corr
m1_stg_pln_rep_apl_fal_cnt_equal_0_cnt,2.5297571633917864,high_corr
m6_stg_pln_manual_deduct_rep_apl_cnt_equal_1_cnt,2.2022504615958343,high_corr
m6_stg_pln_normal_batch_rep_apl_cnt_mor_0_cnt,2.5708070969559325,high_corr
m1_stg_pln_normal_batch_rep_apl_cnt_mor_4_cnt_rat,2.2281056871366234,high_corr
m1_stg_pln_d0_ao_offline_rep_apl_cnt_mor_0_cnt,2.2022504615958343,high_corr
m1_stg_pln_rep_apl_cnt_equal_1_manual_deduct_cnt,2.2022504615958343,high_corr
m6_stg_pln_d0_manual_deduct_rep_apl_cnt_equal_1_cnt,2.2022504615958343,high_corr
m6_stg_pln_d0_rep_apl_fal_cnt_equal_2_cnt_rat,2.1206871003438086,high_corr
m6_stg_pln_d0_normal_batch_rep_apl_cnt_mor_0_cnt_rat,2.119809964463601,high_corr
stg_pln_max_prc_amt_24m_ftr_light,0.5357562840475663,kept
stg_pln_avg_rep_prc_his_due_light,0.34461590829269106,kept
stg_pln_cnt_his_adv_light,0.34671733659197107,kept
stg_pln_min_rep_prc_24m_due_light,0.3435769744980838,kept
stg_pln_max_rep_prc_24m_due_light,0.39378679394443683,kept
stg_pln_min_prc_amt_24m_adv_light,0.3435769744980838,kept
stg_pln_avg_prc_amt_his_ftr_light,0.5425433067369317,kept
stg_pln_max_prc_amt_36m_adv_light,0.3530894020324144,kept
stg_pln_min_rep_prc_6m_due_light,0.3435769744980838,kept
stg_pln_sum_prc_amt_6m_light,0.4694991332653561,high_corr
stg_pln_max_prc_amt_1m_adv_light,0.3435769744980838,kept
stg_pln_avg_rep_prc_6m_due_light,0.3435769744980838,kept
stg_pln_min_prc_amt_24m_ftr_light,0.3435769744980838,kept
stg_pln_max_prc_amt_his_light,0.3687054091015657,kept
stg_pln_sum_prc_amt_36m_on_light,0.4358421487641877,kept
stg_pln_cnt_his_ftr_light,0.5648053290465475,kept
stg_pln_max_prc_amt_24m_light,0.4482493926572725,kept
stg_pln_sum_prc_amt_6m_adv_light,0.3435769744980838,kept
stg_pln_avg_prc_amt_his_light,0.39328863182703927,kept
stg_pln_sum_prc_amt_his_adv_light,0.34614783473942434,kept
stg_pln_cnt_12m_adv_light,0.3435769744980838,kept
stg_pln_min_rep_prc_12m_due_light,0.3435769744980838,kept
stg_pln_min_prc_amt_24m_light,0.3435769744980838,kept
stg_pln_sum_rep_prc_6m_due_light,0.3435769744980838,kept
stg_pln_avg_prc_amt_his_due_light,0.36015239151217887,kept
stg_pln_max_prc_amt_36m_on_light,0.4284208116983206,high_corr
stg_pln_cnt_his_due_light,0.3501334284955475,kept
stg_pln_sum_prc_amt_36m_ftr_light,0.5501303857721399,kept
stg_pln_avg_rep_prc_12m_due_light,0.3435769744980838,kept
stg_pln_sum_prc_amt_24m_adv_light,0.35896949021630403,kept
stg_pln_avg_prc_amt_6m_light,0.444883225601469,kept
stg_pln_cnt_12m_due_light,0.3435769744980838,kept
stg_pln_min_prc_amt_36m_light,0.34484973288014875,kept
stg_pln_avg_prc_amt_1m_on_light,0.529415341809288,kept
stg_pln_max_rep_prc_12m_due_light,0.3435769744980838,kept
stg_pln_min_prc_amt_36m_adv_light,0.3435769744980838,kept
stg_pln_min_prc_amt_his_due_light,0.3435769744980838,kept
stg_pln_max_prc_amt_1m_due_light,0.3435769744980838,kept
stg_pln_avg_prc_amt_24m_adv_light,0.3576199035380066,kept
stg_pln_min_prc_amt_12m_on_light,0.3435769744980838,kept
stg_pln_avg_prc_amt_1m_adv_light,0.3435769744980838,kept
stg_pln_min_prc_amt_12m_adv_light,0.3435769744980838,kept
stg_pln_min_prc_amt_12m_light,0.3435769744980838,kept
stg_pln_min_rep_prc_36m_due_light,0.3435769744980838,high_corr
stg_pln_max_rep_prc_his_due_light,0.3476199063962376,high_corr
stg_pln_avg_rep_prc_24m_due_light,0.39261477126640093,kept
stg_pln_cnt_1m_due_light,0.3435769744980838,kept
stg_pln_min_rep_prc_his_due_light,0.3435769744980838,kept
stg_pln_cnt_36m_adv_light,0.3491158361630835,kept
stg_pln_cnt_1m_adv_light,0.3435769744980838,kept
stg_pln_avg_prc_amt_6m_adv_light,0.3435769744980838,kept
stg_pln_min_prc_amt_6m_light,0.3435769744980838,kept
stg_pln_max_prc_amt_6m_adv_light,0.3435769744980838,kept
stg_pln_min_prc_amt_6m_on_light,0.3435769744980838,kept
stg_pln_max_prc_amt_6m_light,0.4632116279500562,kept
stg_pln_min_prc_amt_24m_on_light,0.3435769744980838,kept
stg_pln_avg_prc_amt_1m_due_light,0.3435769744980838,kept
stg_pln_cnt_36m_light,0.41686209609319536,kept
stg_pln_cnt_12m_on_light,0.48007437718483215,high_corr
stg_pln_avg_prc_amt_24m_light,0.4405342610094162,kept
stg_pln_min_prc_amt_36m_on_light,0.3435769744980838,kept
stg_pln_min_prc_amt_his_adv_light,0.3435769744980838,high_corr
stg_pln_avg_prc_amt_his_adv_light,0.35433349966707695,kept
stg_pln_min_prc_amt_his_on_light,0.3435769744980838,kept
stg_pln_sum_prc_amt_his_due_light,0.348170178279784,kept
stg_pln_cnt_36m_due_light,0.3657497254039168,kept
stg_pln_max_prc_amt_12m_on_light,0.4597632201092511,kept
stg_pln_min_prc_amt_6m_ftr_light,0.3435769744980838,kept
stg_pln_sum_rep_prc_24m_due_light,0.3940615039628096,kept
stg_pln_avg_prc_amt_12m_adv_light,0.3435769744980838,kept
d15_suc_ord_prc_amt_per_stg_max_all,2.226545711801296,kept
d7_apl_ord_prc_amt_sum_all,2.6772190208892894,high_corr
d90_apl_ord_prc_amt_sum_all,2.9922875405797065,high_corr
d180_apl_ord_cnt_all,3.259208406474463,kept
d15_prc_amt_mor_3_000_suc_ord_cnt,2.1321852970970916,kept
d30_suc_ord_prc_amt_per_stg_min_all,2.132293558848346,kept
d360_suc_ord_prc_amt_avg,2.1725646548445514,high_corr
d360_apl_ord_prc_amt_per_stg_max,2.5082844776213262,high_corr
d60_apl_ord_prc_amt_max,2.9296766985530738,kept
d360_apl_ord_prc_amt_per_stg_sum,2.7257309445836606,high_corr
d60_prc_amt_mor_20_000_suc_ord_cnt,2.1321852970970916,kept
d60_prc_amt_mor_10_000_apl_ord_cnt,2.5802111916796955,high_corr
d30_apl_ord_prc_amt_max_all,3.0165691167180473,kept
d180_prc_amt_mor_20_000_apl_ord_cnt,2.5195685208328964,high_corr
d7_prc_amt_mor_3_000_apl_ord_cnt,2.492217089173068,kept
d60_prc_amt_mor_50_000_apl_ord_cnt,2.492217089173068,kept
d360_prc_amt_mor_20_000_suc_ord_cnt,2.141693582174539,high_corr
d60_bsy_typ_api_apl_ord_cnt_all,2.4586636721520336,kept
d360_bsy_typ_api_suc_ord_cnt_all,2.132293558848346,kept
d180_apl_ord_stg_num_max,2.4879442857718175,high_corr
d30_prc_amt_mor_50_000_apl_ord_cnt,2.492217089173068,kept
d15_d360_suc_ord_cnt_rat,2.1832468975624666,kept
d90_apl_ord_stg_num_sum,2.576391291902209,kept
d15_apl_ord_prc_amt_per_stg_sum,2.680543234066218,kept
d15_prc_amt_mor_5_000_apl_ord_cnt,2.492217089173068,high_corr
d60_prc_amt_mor_20_000_apl_ord_cnt,2.492217089173068,high_corr
d30_d90_suc_ord_prc_amt_avg_rat_all,2.469428036881027,high_corr
d30_suc_ord_prc_amt_avg_all,2.32557219840821,high_corr
d180_apl_ord_prc_amt_avg,2.8173760656176885,kept
d15_apl_ord_prc_amt_max,2.647910584269034,kept
d60_apl_ord_prc_amt_avg,2.9217855257799696,kept
d60_apl_ord_stg_num_max,2.0603577003917533,high_corr
d15_suc_ord_days_cnt,2.250413763207676,kept
d60_d90_apl_ord_cnt_rat_all,3.0963687239118465,high_corr
d30_apl_ord_days_cnt,3.0003686061187276,kept
d60_d360_apl_ord_prc_amt_avg_rat,2.9686677140914206,kept
d90_apl_ord_prc_amt_per_stg_min_all,2.4720349918535542,kept
d60_suc_ord_stg_num_sum_all,1.4105714664827897,high_corr
d90_apl_ord_prc_amt_per_stg_max,2.891429292586839,kept
d15_apl_ord_prc_amt_per_stg_min,2.492217089173068,kept
d180_bsy_typ_api_suc_ord_cnt_all,2.132293558848346,high_corr
d7_d360_apl_ord_cnt_rat,2.492217089173068,high_corr
d60_d90_suc_ord_prc_amt_avg_rat,1.4032141793381399,kept
d30_suc_ord_days_cnt_all,2.370110629410085,kept
d180_apl_ord_days_cnt,3.3960229637561614,kept
d60_apl_ord_ddf_mdl_ord_crt_dte_max,2.0886248867089683,kept
d7_bsy_typ_api_suc_ord_cnt_all,2.132293558848346,high_corr
d360_apl_ord_stg_num_avg,2.5590473502494255,high_corr
d7_bsy_typ_bt_cash_suc_ord_cnt_all,2.132293558848346,kept
d90_d180_suc_ord_prc_amt_avg_rat,1.7093894108589927,kept
d30_apl_ord_ddf_mdl_ord_crt_dte_min,1.5825455864312117,high_corr
d90_bsy_typ_api_suc_ord_cnt_all,2.132293558848346,kept
d30_apl_ord_prc_amt_min,2.492217089173068,kept
d15_suc_ord_prc_amt_per_stg_avg_all,2.2020314383485253,high_corr
d7_apl_ord_days_cnt,2.492217089173068,kept
d7_suc_ord_prc_amt_avg_all,2.132293558848346,high_corr
d180_suc_ord_cnt_all,2.701734394751475,high_corr
d15_prc_amt_mor_20_000_apl_ord_cnt,2.492217089173068,kept
d180_apl_ord_prc_amt_per_stg_min,2.540774985854149,kept
d360_apl_ord_stg_num_max_all,2.4646694635291913,high_corr
d180_prc_amt_mor_3_000_apl_ord_cnt,2.8672749882724,kept
d90_apl_ord_stg_num_min_all,2.2819383310840418,high_corr
d90_bsy_typ_ep_suc_ord_cnt_all,2.132293558848346,kept
d30_d360_apl_ord_prc_amt_avg_rat_all,3.0508087740454113,kept
d15_suc_ord_prc_amt_min_all,2.132293558848346,kept
d30_bsy_typ_api_apl_ord_cnt_all,2.4586636721520336,kept
d7_apl_ord_prc_amt_per_stg_max_all,2.67844959950079,kept
d90_apl_ord_prc_amt_avg,2.897221209923658,kept
d7_prc_amt_mor_10_000_suc_ord_cnt,2.1321852970970916,kept
d360_bsy_typ_bt_cash_suc_ord_cnt_all,2.695719826815072,high_corr
d360_apl_ord_prc_amt_per_stg_min,2.6721762466094985,high_corr
d30_apl_ord_days_cnt_all,2.899143741877256,kept
d360_suc_ord_ddf_mdl_ord_crt_dte_max,2.19623350191414,high_corr
d15_d30_suc_ord_prc_amt_avg_rat_all,2.3644652447667855,high_corr
d180_d360_suc_ord_prc_amt_avg_rat,2.063121755780631,kept
d15_prc_amt_mor_20_000_suc_ord_cnt,2.1321852970970916,kept
d360_prc_amt_mor_50_000_suc_ord_cnt,2.1321852970970916,high_corr
d15_prc_amt_mor_10_000_apl_ord_cnt,2.492217089173068,kept
d60_apl_ord_prc_amt_per_stg_min,2.492217089173068,kept
d15_apl_ord_prc_amt_avg,2.6026291121026843,high_corr
d7_suc_ord_prc_amt_per_stg_min_all,2.132293558848346,high_corr
d7_d30_apl_ord_prc_amt_avg_rat,0.7258834066094055,high_corr
d90_d360_suc_ord_prc_amt_avg_rat,1.614136138649767,kept
d30_prc_amt_mor_50_000_suc_ord_cnt,2.1321852970970916,kept
d7_prc_amt_mor_3_000_suc_ord_cnt,2.1321852970970916,high_corr
d30_d360_suc_ord_cnt_rat,2.330180116570547,kept
d360_apl_ord_bsy_typ_cnt_all,2.4586636721520336,kept
d180_d360_apl_ord_cnt_rat,2.920416106314022,kept
d90_d360_apl_ord_prc_amt_avg_rat,2.9420534350158523,kept
d30_apl_ord_cnt_all,2.8767974104585776,high_corr
d180_apl_ord_bsy_typ_cnt_all,2.474983693895704,kept
d30_prc_amt_mor_3_000_suc_ord_cnt,2.2105750601773884,kept
d15_bsy_typ_api_suc_ord_cnt_all,2.132293558848346,high_corr
d90_suc_ord_prc_amt_sum_all,2.4199988794090785,kept
d30_prc_amt_mor_3_000_apl_ord_cnt,2.6859998460142345,kept
d15_d360_apl_ord_prc_amt_avg_rat,2.591757604642173,kept
d360_suc_ord_stg_num_sum_all,2.6144331363102307,kept
d30_suc_ord_prc_amt_sum_all,2.3411454391032307,kept
d180_prc_amt_mor_3_000_suc_ord_cnt,2.3582880059398827,kept
d90_suc_ord_days_cnt,2.6547981593738825,high_corr
d90_d180_apl_ord_cnt_rat,3.2163619313536937,high_corr
d60_apl_ord_prc_amt_per_stg_sum,3.0113752082294627,high_corr
d60_prc_amt_mor_10_000_suc_ord_cnt,2.177415622167997,high_corr
d7_prc_amt_mor_20_000_suc_ord_cnt,2.1321852970970916,high_corr
d7_apl_ord_prc_amt_per_stg_avg_all,2.6744974810972053,kept
d15_d30_apl_ord_cnt_rat,2.8835064878075736,high_corr
d180_prc_amt_mor_10_000_apl_ord_cnt,2.5886671333608335,high_corr
d7_apl_ord_prc_amt_min_all,2.4586636721520336,kept
d90_prc_amt_mor_50_000_suc_ord_cnt,2.1321852970970916,kept
d180_apl_ord_days_cnt_all,3.292354005135887,kept
d60_suc_ord_prc_amt_per_stg_min,1.3157375479726046,high_corr
d15_prc_amt_mor_50_000_suc_ord_cnt,2.1321852970970916,kept
d360_suc_ord_ddf_mdl_ord_crt_dte_min,2.5426664157107624,high_corr
d360_apl_ord_stg_num_min_all,2.554222206613286,high_corr
d30_d360_suc_ord_prc_amt_avg_rat_all,2.3473273398495156,high_corr
d360_suc_ord_prc_amt_per_stg_sum_all,2.2885384083506537,high_corr
d360_apl_ord_stg_num_min,2.5829515079786316,kept
d360_apl_ord_ddf_mdl_ord_crt_dte_max,2.5760660835565115,kept
d360_apl_ord_prc_amt_min,2.7346694843189265,kept
d30_prc_amt_mor_10_000_apl_ord_cnt,2.492217089173068,kept
d15_d360_apl_ord_cnt_rat,2.578482826448474,high_corr
d15_bsy_typ_ep_apl_ord_cnt_all,2.4586636721520336,high_corr
d30_apl_ord_prc_amt_max,2.7950692806327826,high_corr
d180_apl_ord_prc_amt_min,2.5539217872981124,high_corr
d15_apl_ord_prc_amt_per_stg_avg,2.610653914507137,kept
d30_apl_ord_ddf_mdl_ord_crt_dte_max,1.58113560866245,kept
d60_prc_amt_mor_5_000_suc_ord_cnt,2.2295119348703443,kept
d60_suc_ord_prc_amt_per_stg_sum_all,2.3397497302692303,high_corr
d30_apl_ord_prc_amt_avg_all,3.046649925055737,kept
d30_d90_suc_ord_cnt_rat,2.473800403229215,kept
d15_d30_apl_ord_prc_amt_avg_rat_all,2.8312031462007186,kept
d60_apl_ord_prc_amt_per_stg_avg_all,2.8801312812042035,high_corr
d15_suc_ord_prc_amt_sum_all,2.225911656846902,high_corr
d60_apl_ord_prc_amt_per_stg_max_all,2.899419185008477,high_corr
d180_apl_ord_dis_bsy_typ_cnt_all,2.474983693895704,high_corr
d360_apl_ord_stg_num_sum_all,3.0606285108769,kept
d30_d360_apl_ord_cnt_rat,2.7359152225590018,high_corr
d180_apl_ord_ddf_mdl_ord_crt_dte_max,2.564854256865855,kept
d90_apl_ord_ddf_mdl_ord_crt_dte_max,2.305514146261613,kept
d180_apl_ord_stg_num_sum,2.9586271044719537,high_corr
d180_apl_ord_prc_amt_max,2.781131412950088,high_corr
d15_d30_suc_ord_cnt_rat,2.3662866861409433,kept
d90_apl_ord_prc_amt_per_stg_sum,3.021134209365572,kept
d90_apl_ord_dis_bsy_typ_cnt_all,2.475830988308587,kept
d60_suc_ord_prc_amt_max_all,2.28999064201825,high_corr
d60_d180_suc_ord_cnt_rat,2.470994297259475,kept
d360_prc_amt_mor_50_000_apl_ord_cnt,2.492217089173068,kept
d180_bsy_typ_api_apl_ord_cnt_all,2.4586636721520336,kept
d90_suc_ord_prc_amt_per_stg_avg_all,2.4478548355352454,high_corr
d360_apl_ord_dis_bsy_typ_cnt_all,2.4586636721520336,high_corr
d7_prc_amt_mor_20_000_apl_ord_cnt,2.492217089173068,kept
d180_apl_ord_stg_num_avg,2.5561681101351716,kept
d7_d360_suc_ord_prc_amt_avg_rat_all,2.132293558848346,kept
d90_suc_ord_stg_num_sum_all,1.7338365181205513,kept
d7_apl_ord_prc_amt_per_stg_min_all,2.4586636721520336,high_corr
d90_bsy_typ_bt_cash_suc_ord_cnt_all,2.6423117296195753,kept
d180_apl_ord_prc_amt_per_stg_avg_all,2.7587746332595433,high_corr
d180_suc_ord_prc_amt_sum_all,2.406039594647268,high_corr
d15_prc_amt_mor_3_000_apl_ord_cnt,2.5794976361392643,kept
d7_suc_ord_dis_bsy_typ_cnt_all,2.132293558848346,high_corr
d30_suc_ord_bsy_typ_cnt_all,2.3517750226021814,high_corr
d30_d60_apl_ord_cnt_rat,3.0986101979365497,kept
d15_apl_ord_prc_amt_per_stg_min_all,2.4586636721520336,high_corr
d7_suc_ord_bsy_typ_cnt_all,2.132293558848346,high_corr
d180_bsy_typ_ep_suc_ord_cnt_all,2.132293558848346,high_corr
d30_prc_amt_mor_10_000_suc_ord_cnt,2.1321852970970916,high_corr
d30_apl_ord_prc_amt_per_stg_min_all,2.4586636721520336,high_corr
d7_bsy_typ_api_apl_ord_cnt_all,2.4586636721520336,kept
d7_prc_amt_mor_5_000_suc_ord_cnt,2.1321852970970916,kept
d30_suc_ord_prc_amt_min_all,2.132293558848346,high_corr
d7_d360_apl_ord_cnt_rat_all,2.672568264589371,kept
d90_apl_ord_days_cnt,3.3513653160491437,high_corr
d60_apl_ord_stg_num_sum_all,2.2130865082896403,kept
d7_suc_ord_prc_amt_per_stg_avg_all,2.132293558848346,high_corr
d360_apl_ord_cnt_all,3.08495565474184,high_corr
d15_bsy_typ_bt_cash_apl_ord_cnt_all,2.6887106022628227,high_corr
d60_apl_ord_prc_amt_min,2.492217089173068,high_corr
d180_apl_ord_prc_amt_sum_all,2.9306175697142565,kept
d60_apl_ord_prc_amt_sum,2.9979170163653577,kept
d15_prc_amt_mor_50_000_apl_ord_cnt,2.492217089173068,kept
d15_suc_ord_prc_amt_avg_all,2.1961673666076136,kept
d360_apl_ord_prc_amt_per_stg_avg,2.513941809395254,kept
d7_suc_ord_prc_amt_per_stg_max_all,2.132293558848346,high_corr
d7_bsy_typ_bt_cash_apl_ord_cnt_all,2.4586636721520336,high_corr
d90_d360_apl_ord_cnt_rat_all,2.8809604339539874,high_corr
d15_apl_ord_prc_amt_per_stg_max,2.6608637865006144,high_corr
d360_apl_ord_ddf_mdl_ord_crt_dte_min,3.3166649223137394,kept
d60_prc_amt_mor_3_000_apl_ord_cnt,2.811189654114826,high_corr
d180_prc_amt_mor_5_000_apl_ord_cnt,2.724527667811335,high_corr
d15_bsy_typ_api_apl_ord_cnt_all,2.4586636721520336,kept
d30_prc_amt_mor_20_000_suc_ord_cnt,2.1321852970970916,high_corr
d360_apl_ord_stg_num_max,2.4943582298316267,kept
d7_d15_apl_ord_prc_amt_avg_rat,1.334595976824629,kept
d7_prc_amt_mor_50_000_apl_ord_cnt,2.492217089173068,kept
d180_suc_ord_days_cnt_all,2.7186241445088237,kept
d60_d360_suc_ord_cnt_rat_all,2.274929803731901,high_corr
d180_d360_apl_ord_prc_amt_avg_rat_all,2.875420024851718,high_corr
