feature,iv,drop_reason
max_ctn_ovd_day,0.001200358825138815,low_iv
not_ovd_tqhk_rep_tim_cnt_12m,0.4216823335365049,high_corr
ddf_mdl_max_not_ovd_tqhk_rep_tim_12m,0.5694616744078356,kept
max_con_not_ovd_tqhk_rep_tim_cnt_5m,0.14025448555712935,kept
max_con_not_ovd_tqhk_rep_tim_cnt_12m,0.17974489063786087,kept
not_ovd_tqhk_rep_tim_cnt_3m,0.0,low_iv
lag_his_rep_amt_sum_per_mth_btch_rat_mor_50_per_cnt,2.1369755673089985,kept
d30_d60_his_rep_amt_sum_rat_btch,2.520611958828237,kept
d90_d360_his_rep_amt_sum_rat_btch,2.328083327827422,high_corr
lag_his_rep_amt_sum_per_mth_all_rat_max,2.251858376856429,kept
lag_his_rep_amt_sum_per_mth_btch_rat_max,2.2015459723242543,kept
m6_up_flg_btch_cnt_rat,2.185355244018901,kept
d30_d180_his_rep_amt_sum_rat_all,2.422301714786494,kept
d30_his_rep_amt_sum_btch,2.439214610397665,high_corr
d180_d360_his_rep_amt_sum_rat_all,2.2663287502761698,high_corr
min_avl_lmt_lft_rep_prc_all_cash_bjq_12m,1.3423470746241164,high_corr
rsk_lmt_rate_ch_1m_grt_0p2_cnt_bjq_12m,1.5957427791640615,high_corr
rsk_avl_lmt_ch_1m_les_10000_rate_bjq_12m,1.5818355773253339,kept
rsk_avl_lmt_ch_1m_les_500_cnt_bjq_12m,1.5888070498003786,high_corr
min_rsk_avl_lmt_bjq_12m_all,1.5866992764859038,kept
max_rsk_lmt_rate_bjq_12m_all,1.5298640823909415,kept
min_avl_lmt_lft_rep_prc_2m_cash_bjq_12m,1.333854248998455,kept
rsk_lmt_rate_ch_1m_grt_0p2_rate_bjq_12m,1.5901249397271304,kept
rsk_avl_lmt_ch_1m_les_500_rate_bjq_12m,1.598876092489422,kept
rsk_lmt_rate_ch_1m_grt_0p9_cnt_bjq_12m,1.5920240253002602,kept
min_rsk_lmt_rate_bjq_12m_all,1.5320174107702633,high_corr
avg_avl_lmt_lft_rep_prc_all_cash_bjq_12m,1.3237868219738118,high_corr
rsk_lmt_rate_ch_1m_grt_0p95_rate_bjq_12m,1.5755214068354308,kept
rsk_lmt_rate_ch_1m_grt_0p5_rate_bjq_12m,1.5903592819644032,kept
max_avl_lmt_lft_rep_prc_3m_cash_bjq_12m,1.3454370850959156,high_corr
rsk_avl_lmt_ch_1m_les_10000_cnt_bjq_12m,1.6184434076129255,kept
max_rsk_avl_lmt_bjq_12m_all,1.5714406225208526,high_corr
stg_pln_sum_rep_prc_3m_his_d0_non_zd_rto_v2,2.308647495252186,kept
stg_pln_sum_rep_prc_1m_his_d0_evn_zd_rto_v2,2.270193501262948,kept
stg_pln_sum_rep_prc_1m_his_ovd_14d_pls_30d_zd_rto_v2,2.270193501262948,high_corr
stg_pln_sum_rep_prc_1m_his_d0_afn_pk_rto_v2,2.270193501262948,kept
stg_pln_sum_rep_prc_12m_his_ovd_0d_pls_3d_mrn_pk_rto_v2,2.0240606347632784,kept
stg_pln_sum_rep_prc_12m_his_ovd_14d_pls_30d_zd_rto_v2,2.02188446132032,high_corr
stg_pln_sum_rep_prc_1m_his_d0_afn_zd_rto_v2,2.2898805304663683,high_corr
stg_pln_sum_rep_prc_3m_his_d0_afn_zd_rto_v2,2.3492875566853346,high_corr
stg_pln_sum_rep_prc_1m_his_ovd_3d_pls_7d_zd_rto_v2,2.270193501262948,kept
stg_pln_sum_rep_prc_6m_his_ovd_7d_pls_14d_afn_pk_rto_v2,2.2332233543910585,high_corr
stg_pln_sum_rep_prc_12m_his_ovd_3d_pls_7d_afn_pk_rto_v2,2.02188446132032,kept
stg_pln_sum_rep_prc_6m_his_ovd_14d_pls_30d_afn_pk_rto_v2,2.2332233543910585,kept
stg_pln_sum_rep_prc_1m_his_ovd_14d_pls_30d_mrn_pk_rto_v2,2.270193501262948,kept
stg_pln_sum_rep_prc_12m_his_ovd_m2_pls_zd_rto_v2,2.02188446132032,kept
stg_pln_sum_rep_prc_1m_his_ovd_7d_pls_14d_afn_pk_rto_v2,2.270193501262948,kept
stg_pln_sum_rep_prc_1m_his_d0_mrn_zd_rto_v2,2.3500609303995845,kept
stg_pln_sum_rep_prc_his_d0_evn_zd_rto_v2,0.011442084841079291,kept
stg_pln_sum_rep_prc_12m_his_ovd_7d_pls_14d_afn_pk_rto_v2,2.02188446132032,kept
stg_pln_sum_rep_prc_3m_his_ovd_3d_pls_7d_zd_rto_v2,2.2922166215794926,kept
stg_pln_sum_rep_prc_3m_his_ovd_m2_pls_zd_rto_v2,2.2922166215794926,kept
stg_pln_sum_rep_prc_3m_his_ovd_3d_pls_7d_mrn_pk_rto_v2,2.2922166215794926,kept
stg_pln_sum_rep_prc_3m_his_d0_dwn_zd_rto_v2,2.3104164592185805,kept
stg_pln_sum_rep_prc_12m_his_ovd_m2_pls_mrn_pk_rto_v2,2.02188446132032,high_corr
stg_pln_sum_rep_prc_1m_his_d0_dwn_zd_rto_v2,2.270193501262948,kept
stg_pln_sum_rep_prc_1m_his_ovd_0d_pls_3d_zd_rto_v2,2.273489402008169,kept
stg_pln_sum_rep_prc_6m_his_ovd_14d_pls_30d_mrn_pk_rto_v2,2.2332233543910585,kept
stg_pln_sum_rep_prc_his_ovd_0d_pls_3d_zd_rto_v2,0.03362323625505701,kept
stg_pln_sum_rep_prc_12m_his_d0_non_zd_rto_v2,2.077007848652978,kept
stg_pln_sum_rep_prc_3m_his_ovd_3d_pls_7d_afn_pk_rto_v2,2.2922166215794926,kept
stg_pln_sum_rep_prc_12m_his_ovd_7d_pls_14d_zd_rto_v2,2.02188446132032,kept
stg_pln_sum_rep_prc_3m_his_ovd_0d_pls_3d_zd_rto_v2,2.2926112623466652,high_corr
stg_pln_sum_rep_prc_3m_his_ovd_0d_pls_3d_afn_pk_rto_v2,2.2922166215794926,kept
stg_pln_sum_rep_prc_3m_his_ovd_7d_pls_14d_afn_pk_rto_v2,2.2922166215794926,kept
stg_pln_sum_rep_prc_6m_his_ovd_m2_pls_mrn_pk_rto_v2,2.2332233543910585,kept
stg_pln_sum_rep_prc_1m_his_d0_non_zd_rto_v2,2.270193501262948,kept
stg_pln_sum_rep_prc_12m_his_ovd_7d_pls_14d_mrn_pk_rto_v2,2.02188446132032,high_corr
stg_pln_sum_rep_prc_his_d0_afn_zd_rto_v2,0.045346447562047934,kept
stg_pln_sum_rep_prc_3m_his_ovd_14d_pls_30d_afn_pk_rto_v2,2.2922166215794926,kept
stg_pln_sum_rep_prc_12m_his_ovd_14d_pls_30d_mrn_pk_rto_v2,2.02188446132032,high_corr
stg_pln_sum_rep_prc_1m_his_ovd_3d_pls_7d_afn_pk_rto_v2,2.270193501262948,kept
stg_pln_sum_rep_prc_1m_his_ovd_3d_pls_7d_mrn_pk_rto_v2,2.270193501262948,kept
stg_pln_sum_rep_prc_12m_his_ovd_3d_pls_7d_mrn_pk_rto_v2,2.02188446132032,high_corr
stg_pln_sum_rep_prc_12m_his_ovd_0d_pls_3d_afn_pk_rto_v2,2.02188446132032,kept
stg_pln_sum_rep_prc_3m_his_d0_mrn_zd_rto_v2,2.350688291827275,kept
stg_pln_sum_rep_prc_1m_his_ovd_7d_pls_14d_mrn_pk_rto_v2,2.270193501262948,kept
stg_pln_sum_rep_prc_3m_his_ovd_7d_pls_14d_zd_rto_v2,2.2922166215794926,kept
stg_pln_sum_rep_prc_3m_his_d0_afn_pk_rto_v2,2.298606808631537,kept
stg_pln_sum_rep_prc_1m_his_ovd_7d_pls_14d_zd_rto_v2,2.270193501262948,kept
stg_pln_sum_rep_prc_3m_his_ovd_0d_pls_3d_mrn_pk_rto_v2,2.2922166215794926,kept
stg_pln_sum_rep_prc_3m_his_ovd_14d_pls_30d_mrn_pk_rto_v2,2.2922166215794926,kept
stg_pln_sum_rep_prc_3m_his_ovd_7d_pls_14d_mrn_pk_rto_v2,2.2922166215794926,kept
stg_pln_sum_rep_prc_1m_his_ovd_0d_pls_3d_afn_pk_rto_v2,2.270193501262948,kept
stg_pln_sum_rep_prc_1m_his_ovd_0d_pls_3d_mrn_pk_rto_v2,2.270193501262948,kept
stg_pln_sum_rep_prc_1m_his_ovd_14d_pls_30d_afn_pk_rto_v2,2.270193501262948,high_corr
stg_pln_sum_rep_prc_his_d0_mrn_zd_rto_v2,0.14917819449162045,kept
stg_pln_sum_rep_prc_12m_his_d0_afn_pk_rto_v2,2.0656607331562564,high_corr
stg_pln_sum_rep_prc_his_d0_mrn_pk_rto_v2,0.07869594370228061,kept
stg_pln_sum_rep_prc_3m_his_ovd_14d_pls_30d_zd_rto_v2,2.2922166215794926,kept
stg_pln_sum_rep_prc_6m_his_ovd_7d_pls_14d_mrn_pk_rto_v2,2.2332233543910585,kept
stg_pln_sum_rep_prc_3m_his_d0_evn_zd_rto_v2,2.3028521056333098,kept
stg_pln_sum_rep_prc_12m_his_ovd_3d_pls_7d_zd_rto_v2,2.02188446132032,high_corr
stg_pln_avg_prc_amt_bjq_12m_his,1.897946907798923,high_corr
stg_pln_pay_off_cnt_d0_rep_bjq_12m_rto,1.900021737923198,kept
stg_pln_cnt_ovd_m2_pls_rep_bjq_12m_rto,1.880845761029844,high_corr
stg_pln_sum_prc_amt_ovd_pls_rep_bjq_12m_rto,1.8831900007892908,kept
stg_pln_cnt_adv_rep_bjq_12m_rto,1.883561637452125,kept
stg_pln_sum_prc_amt_ovd_14d_pls_rep_bjq_12m_rto,1.880845761029844,kept
stg_pln_avg_prc_amt_bjq_12m_his_per_mth,2.2669606287656103,kept
stg_pln_sum_prc_amt_ovd_3d_pls_rep_bjq_12m_rto,1.8822605654156925,kept
stg_pln_sum_prc_amt_ovd_7d_pls_rep_bjq_12m_rto,1.880845761029844,kept
stg_pln_sum_rep_prc_1m_his_ovd_7d_pls_14d_mrn_pk_rto,2.270193501262948,high_corr
stg_pln_sum_rep_prc_3m_his_ovd_7d_pls_14d_mrn_pk_rto,2.2922166215794926,kept
stg_pln_sum_rep_prc_3m_his_ovd_m2_pls_zd_rto,2.2922166215794926,high_corr
stg_pln_sum_rep_prc_3m_his_ovd_7d_pls_14d_zd_rto,2.2922166215794926,high_corr
stg_pln_sum_rep_prc_1m_3m_rto_his,2.5017825404103573,high_corr
stg_pln_sum_rep_prc_1m_his_ovd_3d_pls_7d_afn_pk_rto,2.270193501262948,kept
stg_pln_sum_rep_prc_12m_his_ovd_14d_pls_30d_zd_rto,2.02188446132032,kept
stg_pln_sum_rep_prc_1m_his_ovd_7d_pls_14d_zd_rto,2.270193501262948,kept
stg_pln_sum_rep_prc_3m_his_ovd_0d_pls_3d_zd_rto,2.304125523814491,kept
stg_pln_sum_rep_prc_1m_his_d0_evn_zd_rto,2.270193501262948,high_corr
stg_pln_sum_rep_prc_12m_his_ovd_14d_pls_30d_afn_pk_rto,2.02188446132032,high_corr
stg_pln_sum_rep_prc_3m_6m_rto_his,2.450731656362022,high_corr
stg_pln_sum_rep_prc_3m_his_ovd_0d_pls_3d_mrn_pk_rto,2.2922166215794926,kept
stg_pln_sum_rep_prc_3m_his_d0_afn_zd_rto,2.3586446960708933,kept
stg_pln_sum_rep_prc_1m_his_ovd_3d_pls_7d_mrn_pk_rto,2.270193501262948,kept
stg_pln_sum_rep_prc_1m_his_d0_non_zd_rto,2.277769100912045,kept
stg_pln_sum_rep_prc_12m_his_ovd_0d_pls_3d_mrn_pk_rto,2.02188446132032,kept
stg_pln_sum_rep_prc_1m_his_ovd_0d_pls_3d_mrn_pk_rto,2.270193501262948,kept
stg_pln_sum_rep_prc_12m_his_ovd_14d_pls_30d_mrn_pk_rto,2.02188446132032,high_corr
stg_pln_sum_rep_prc_his_ovd_0d_pls_3d_mrn_pk_rto,0.0001296591434080966,low_iv
stg_pln_sum_rep_prc_1m_his_ovd_0d_pls_3d_afn_pk_rto,2.270193501262948,kept
stg_pln_sum_rep_prc_12m_his_ovd_7d_pls_14d_zd_rto,2.02188446132032,kept
stg_pln_sum_rep_prc_3m_his_d0_afn_pk_rto,2.2932618267263,kept
stg_pln_sum_rep_prc_12m_his_ovd_3d_pls_7d_afn_pk_rto,2.02188446132032,kept
stg_pln_sum_rep_prc_12m_his_ovd_3d_pls_7d_mrn_pk_rto,2.02188446132032,high_corr
stg_pln_sum_rep_prc_1m_his_d0_afn_zd_rto,2.2914289641174728,kept
stg_pln_sum_rep_prc_3m_his_ovd_3d_pls_7d_afn_pk_rto,2.2922166215794926,kept
stg_pln_sum_rep_prc_6m_his_ovd_14d_pls_30d_afn_pk_rto,2.2332233543910585,high_corr
stg_pln_sum_rep_prc_6m_his_ovd_7d_pls_14d_afn_pk_rto,2.2332233543910585,high_corr
stg_pln_sum_rep_prc_3m_his_ovd_14d_pls_30d_mrn_pk_rto,2.2922166215794926,kept
stg_pln_sum_rep_prc_3m_his_ovd_14d_pls_30d_afn_pk_rto,2.2922166215794926,kept
stg_pln_sum_rep_prc_12m_his_ovd_7d_pls_14d_afn_pk_rto,2.02188446132032,kept
stg_pln_sum_rep_prc_3m_his_ovd_3d_pls_7d_mrn_pk_rto,2.2922166215794926,kept
stg_pln_sum_rep_prc_3m_his_ovd_14d_pls_30d_zd_rto,2.2922166215794926,kept
stg_pln_sum_rep_prc_12m_his_d0_afn_zd_rto,2.1342107057232558,high_corr
stg_pln_sum_rep_prc_12m_his_ovd_0d_pls_3d_afn_pk_rto,2.02188446132032,kept
stg_pln_sum_rep_prc_6m_12m_rto_his,2.351442725526227,high_corr
stg_pln_sum_rep_prc_12m_his_d0_mrn_zd_rto,2.1035701277007908,kept
stg_pln_sum_rep_prc_1m_his_ovd_14d_pls_30d_afn_pk_rto,2.270193501262948,kept
stg_pln_sum_rep_prc_1m_his_ovd_14d_pls_30d_zd_rto,2.270193501262948,high_corr
stg_pln_sum_rep_prc_1m_his_ovd_0d_pls_3d_zd_rto,2.27028564550056,high_corr
stg_pln_sum_rep_prc_3m_his_d0_evn_zd_rto,2.3028521056333098,high_corr
stg_pln_sum_rep_prc_his_d0_evn_zd_rto,0.005808211013709143,high_corr
stg_pln_sum_rep_prc_3m_his_ovd_3d_pls_7d_zd_rto,2.2922166215794926,high_corr
stg_pln_sum_rep_prc_6m_his_ovd_14d_pls_30d_mrn_pk_rto,2.2332233543910585,high_corr
stg_pln_sum_rep_prc_3m_his_ovd_7d_pls_14d_afn_pk_rto,2.2922166215794926,kept
stg_pln_sum_rep_prc_12m_his_ovd_3d_pls_7d_zd_rto,2.02188446132032,kept
stg_pln_sum_rep_prc_12m_his_d0_mrn_pk_rto,2.078150937306056,kept
stg_pln_sum_rep_prc_6m_his_d0_non_zd_rto,2.331274684976487,kept
stg_pln_sum_rep_prc_6m_his_adv_rto,2.2708315314695464,high_corr
stg_pln_sum_rep_prc_12m_his_d0_afn_pk_rto,2.1234709070162685,kept
stg_pln_sum_rep_prc_6m_his_ovd_7d_pls_14d_mrn_pk_rto,2.2332233543910585,high_corr
stg_pln_sum_rep_prc_12m_his_ovd_7d_pls_14d_mrn_pk_rto,2.02188446132032,kept
stg_pln_sum_rep_prc_1m_his_ovd_14d_pls_30d_mrn_pk_rto,2.270193501262948,high_corr
stg_pln_sum_rep_prc_1m_his_adv_rto,2.2760522319416916,high_corr
stg_pln_sum_rep_prc_6m_his_ovd_0d_pls_3d_mrn_pk_rto,2.2332233543910585,high_corr
stg_pln_sum_rep_prc_6m_his_ovd_3d_pls_7d_mrn_pk_rto,2.2332233543910585,high_corr
stg_pln_sum_rep_prc_1m_his_ovd_7d_pls_14d_afn_pk_rto,2.270193501262948,kept
stg_pln_sum_rep_prc_1m_his_d0_afn_pk_rto,2.270193501262948,kept
stg_pln_sum_rep_prc_3m_his_ovd_0d_pls_3d_afn_pk_rto,2.2922166215794926,kept
stg_pln_sum_rep_prc_1m_his_ovd_3d_pls_7d_zd_rto,2.270193501262948,high_corr
rsk_lmt_rate_ch_1m_grt_0p2_rate_36m,1.6541504068068436,kept
min_rsk_lmt_rate_24m_bt_ch,1.8680794273463175,high_corr
rsk_avl_lmt_ch_1m_les_1000_rate_24m,1.995800789773667,high_corr
rsk_lmt_rate_ch_1m_grt_0p95_rate_36m,1.5594289790494107,high_corr
rsk_avl_lmt_ch_1m_les_1000_cnt_24m,2.2655973783867633,kept
min_rsk_avl_lmt_36m_bt_ch,1.4069818814169943,kept
rsk_lmt_rate_ch_1m_grt_0p2_cnt_24m,1.8428024678398378,kept
max_avl_lmt_lft_rep_prc_1m_cash_36m,1.2801049207037576,kept
rsk_lmt_rate_ch_1m_grt_0p5_cnt_24m,2.4158588522602926,kept
rsk_avl_lmt_ch_1m_les_10000_rate_24m,1.9742934642423726,high_corr
max_avl_lmt_lft_rep_prc_all_cash_24m,1.8774297369540662,high_corr
rsk_lmt_rate_ch_1m_grt_0p5_rate_24m,2.2373501388816543,high_corr
min_rsk_avl_lmt_24m_bt_ch,1.9383124248849266,high_corr
rsk_lmt_rate_ch_1m_grt_0p9_rate_24m,2.083267854241381,high_corr
avg_avl_lmt_lft_rep_prc_all_cash_36m,1.5814948890887328,kept
min_avl_lmt_lft_rep_prc_all_cash_36m,1.4122658179032679,kept
max_rsk_lmt_rate_24m_bt_ch,1.9998223482457202,high_corr
max_rsk_avl_lmt_24m_bt_ch,1.7740046442567858,high_corr
min_avl_lmt_lft_rep_prc_2m_cash_36m,1.3963725656361456,kept
avg_avl_lmt_lft_rep_prc_all_cash_24m,1.9954259483787409,kept
stg_pln_sum_prc_amt_12m_36m_rto,0.8354632698867,kept
stg_pln_avg_prc_amt_24m_his_per_mth,1.0144316828671098,high_corr
stg_pln_avg_prc_amt_24m_his,1.529594516292754,high_corr
stg_pln_sum_prc_amt_adv_rct_36m_rto,1.2945409847699652,high_corr
stg_pln_pay_off_cnt_d0_rep_24m_rto,1.796372050518276,high_corr
stg_pln_pay_off_sum_prc_amt_12m_24m_rto,2.1364468403885546,high_corr
stg_pln_sum_rep_prc_12m_his_ovd_0d_pls_3d_zd,0.2554518769196766,high_corr
stg_pln_sum_rep_prc_his_ovd_3d_pls_7d_zd,0.0343552837551324,kept
stg_pln_sum_rep_prc_his_ovd_0d_pls_3d_zd,0.014236662481688003,high_corr
stg_pln_max_rep_prc_12m_his,1.4776642457245917,high_corr
stg_pln_sum_rep_prc_his_fst_ord,0.04246842859450035,kept
stg_pln_sum_rep_prc_12m_his,1.5981625969648934,high_corr
stg_pln_sum_rep_prc_12m_his_d0_dwn_zd,0.4813514041781372,kept
stg_pln_sum_rep_prc_his_d0_evn_zd,0.035144841773033654,high_corr
stg_pln_min_rep_prc_12m_his,0.0444864348870414,kept
stg_pln_sum_rep_prc_his_d0_afn_pk,0.08297524151291104,kept
stg_pln_sum_rep_prc_12m_his_d0_afn_pk,0.36630263452534195,high_corr
stg_pln_sum_rep_prc_3m_his_ovd_0d_pls_3d_zd,0.0,low_iv
stg_pln_sum_rep_prc_3m_his_d0_afn_pk,0.0,low_iv
stg_pln_max_rep_prc_his,0.02402502868274231,high_corr
stg_pln_sum_rep_prc_6m_his_d0_mrn_pk,0.989055032520451,high_corr
stg_pln_sum_rep_prc_6m_his_d0_evn_zd,0.0,low_iv
stg_pln_sum_rep_prc_3m_his_d0_non_zd,0.0,low_iv
stg_pln_max_rep_prc_1m_his,2.112686924762563,high_corr
stg_pln_sum_rep_prc_1m_his_d0_dwn_zd,0.0,low_iv
stg_pln_min_rep_prc_6m_his,0.0,low_iv
stg_pln_sum_rep_prc_his_d0_mrn_pk,0.27586817728993324,kept
stg_pln_sum_rep_prc_his_d0_non_zd,0.05381414110939294,high_corr
min_ddf_mdl_rep_tim_his,2.7040633641022698,high_corr
stg_pln_sum_rep_prc_his_adv,0.03721995488771434,high_corr
stg_pln_sum_rep_prc_1m_his,2.2330568077268866,high_corr
stg_pln_sum_rep_prc_his_d0_afn_zd,0.04814754497513905,high_corr
stg_pln_sum_rep_prc_6m_his_adv,0.30292651560014966,high_corr
stg_pln_sum_rep_prc_12m_his_d0_afn_zd,0.4384968113754343,high_corr
stg_pln_min_rep_prc_his,0.20810269685709648,kept
lst_rep_prc,0.05547865093802375,high_corr
stg_pln_sum_rep_prc_12m_his_d0_non_zd,0.44690916532314867,high_corr
stg_pln_sum_rep_prc_3m_his_d0_non_zd_v2,0.0,low_iv
stg_pln_sum_rep_prc_his_d0_mrn_pk_v2,0.18760350035836992,high_corr
stg_pln_sum_rep_prc_12m_his_d0_mrn_zd_v2,0.9400264366910007,kept
stg_pln_sum_rep_prc_6m_his_d0_mrn_pk_v2,1.5014660347195046,high_corr
stg_pln_sum_rep_prc_his_ovd_3d_pls_7d_zd_v2,0.0,low_iv
stg_pln_sum_rep_prc_3m_his_ovd_0d_pls_3d_zd_v2,0.0,low_iv
stg_pln_sum_rep_prc_his_d0_afn_pk_v2,0.025574698974097726,high_corr
stg_pln_sum_rep_prc_his_d0_mrn_zd_v2,0.2125624347559682,kept
stg_pln_sum_rep_prc_his_d0_afn_zd_v2,0.07909685207509848,kept
stg_pln_sum_rep_prc_6m_his_d0_dwn_zd_v2,0.0,low_iv
stg_pln_sum_rep_prc_6m_his_d0_evn_zd_v2,0.0,low_iv
stg_pln_sum_rep_prc_6m_his_d0_afn_zd_v2,0.5385153785718321,kept
stg_pln_sum_rep_prc_12m_his_ovd_0d_pls_3d_mrn_pk_v2,0.0,low_iv
stg_pln_sum_rep_prc_his_d0_evn_zd_v2,0.04167863705132955,kept
stg_pln_sum_rep_prc_his_d0_dwn_zd_v2,0.16097636961712103,kept
stg_pln_sum_rep_prc_12m_his_ovd_0d_pls_3d_zd_v2,0.2980192518006697,kept
stg_pln_sum_rep_prc_his_ovd_0d_pls_3d_zd_v2,0.020371791096186375,kept
stg_pln_sum_rep_prc_his_ovd_0d_pls_3d_mrn_pk_v2,0.005485828699326319,kept
stg_pln_sum_rep_prc_1m_his_d0_mrn_zd_v2,0.0,low_iv
stg_pln_sum_rep_prc_12m_his_d0_afn_pk_v2,0.3804992024651349,kept
stg_pln_sum_rep_prc_12m_his_d0_non_zd_v2,0.4901615627877867,kept
stg_pln_sum_rep_prc_his_d0_non_zd_v2,0.05539641802737488,kept
stg_pln_sum_prc_amt_adv_rct,0.03764026257517912,high_corr
stg_pln_min_prc_amt_d0_rep,0.001434963889807062,low_iv
stg_pln_max_prc_amt_adv_rct_24m,0.17929517623324026,high_corr
stg_pln_sum_prc_amt_d0_rep_24m,1.5161137082696965,high_corr
stg_pln_min_prc_amt_adv_rct,0.0,low_iv
stg_pln_sum_prc_amt_adv_rct_24m,0.1886203085893991,high_corr
stg_pln_max_prc_amt_d0_rep,0.11133466561274974,high_corr
stg_pln_max_prc_amt_d0_rep_24m,1.4223211678960908,high_corr
stg_pln_max_prc_amt_adv_rct_36m,0.14610335432446064,high_corr
stg_pln_cnt_adv_rct_24m,0.2237213122285687,high_corr
stg_pln_cnt_adv_rct,0.05229306160804345,kept
stg_pln_min_prc_amt_d0_rep_24m,0.07752532140274747,kept
stg_pln_cnt_d0_rep_24m,1.651957071489821,high_corr
his_light_fail_trade_heavy_ovd_repay_same_date_count,0.16142143706988824,kept
light_his_sum_faqi_prc_amt_divide_heavy_his_sum_ovd_repay_amt,0.09151976193641662,kept
his_heavy_suc_trade_light_ovd_repay_same_month_count,0.19942408190563815,kept
light_his_sum_faqi_prc_amt_divide_heavy_his_sum_faqi_prc_amt,0.20481762924920366,high_corr
his_heavy_light_suc_trade_same_month_count,0.2127127030100841,kept
d90_lend_light_to_repay_heavy_inner7d_order_stg_sum,0.26915940152829876,kept
his_heavy_ontime_repay_light_ovd_repay_same_date_count,0.1869303087462855,kept
his_heavy_ontime_repay_light_ovd_repay_same_month_count,0.18543875772644391,kept
his_lend_light_to_repay_heavy_inner7d_order_stg_sum,0.21541166626969743,kept
his_heavy_advance_repay_light_ovd_repay_same_month_count,0.18477082869802292,kept
light_his_sum_faqi_count_divide_heavy_his_sum_faqi_count,0.23523343729161367,kept
d360_light_limit_divide_btch_adt_limit,0.4150887181351611,kept
his_heavy_suc_trade_light_ovd_repay_same_date_count,0.18365848980605692,kept
his_light_suc_trade_heavy_ovd_repay_same_date_count,0.16236287904236918,kept
his_heavy_suc_trade_light_advance_repay_same_month_count,0.1959949561639706,kept
his_heavy_fail_trade_light_ovd_repay_same_date_count,0.18365848980605692,kept
his_light_limit_divide_btch_avl_limit,0.48369427190542713,high_corr
his_heavy_shouxin_samemonth_light_ovd_repay_count,0.18365848980605692,kept
his_light_ontime_repay_heavy_ovd_repay_same_month_count,0.19436563643812296,kept
heavy_unpaid_principal_his_divide_d720_light_limit_max,0.44321315690615387,kept
his_light_suc_trade_heavy_ovd_repay_same_month_count,0.16719719088376778,kept
his_light_ontime_repay_heavy_ovd_repay_same_date_count,0.18614208074874108,kept
light_his_sum_larger_than_1w_faqi_count_divide_heavy_his_sum_larger_than_1w_faqi_count,0.12632332050316822,kept
heavy_his_sum_fail_prc_amt_divide_light_his_sum_ontim_repay_amt,0.21993898068464734,kept
his_lend_heavy_to_repay_light_inner14d_order_amt_rate,0.2010506464057837,high_corr
unpaid_principal_future_light_divide_heavy,2.2647074344131104,kept
his_heavy_light_suc_trade_same_date_count,0.16121467597301145,kept
light_his_sum_faqi_prc_amt_divide_heavy_his_sum_ontim_repay_amt,0.19731263952006797,kept
his_light_advance_repay_heavy_ovd_repay_same_date_count,0.18379221014163882,kept
d360_lend_heavy_to_repay_light_inner7d_order_amt_sum,0.0016649365914982223,low_iv
heavy_unpaid_principal_future_divide_his_light_limit_max,0.7303542047105144,kept
heavy_d720_sum_faqi_prc_amt_divide_light_d720_sum_ontim_repay_amt,0.36028377475071294,kept
his_light_shouxin_heavy_fail_trade_same_month_count,0.30847424021402436,kept
his_heavy_ovd_repay_light_ovd_repay_same_month_count,0.18384747016523878,kept
his_heavy_light_fail_trade_same_date_count,0.17969028432259015,kept
light_d720_max_ontim_repay_amt_divide_heavy_d720_max_ontim_repay_amt,0.3374873966850517,kept
unpaid_principal_future_light_add_heavy,2.3982073763229597,kept
his_lend_heavy_to_repay_light_inner3d_order_amt_sum,0.2519534014106604,kept
his_light_limit_divide_btch_adt_limit,0.36498657351880637,high_corr
d360_lend_light_to_repay_heavy_inner7d_order_num_sum,0.3192473224794434,kept
his_heavy_ontime_repay_light_ontime_repay_same_month_count,0.25286814788175604,kept
his_heavy_advance_repay_light_advance_repay_same_date_count,0.1884732849856178,kept
light_his_sum_ontim_repay_amt_divide_heavy_his_sum_ontim_repay_amt,0.2283690032492924,kept
his_lend_heavy_to_repay_light_inner3d_order_amt_rate,0.2530250732377245,kept
light_d360_sum_faqi_count_divide_heavy_d360_sum_faqi_count,0.532149333145177,kept
his_light_fail_trade_heavy_ovd_repay_same_month_count,0.16370308513944082,kept
light_his_sum_faqi_prc_amt_divide_heavy_his_sum_adv_repay_amt,0.10386824994720092,kept
his_heavy_shouxin_inner30d_light_advance_repay_count,0.18365848980605692,kept
his_light_suc_trade_heavy_advance_repay_same_date_count,0.16289230711175806,kept
light_his_sum_fail_prc_amt_divide_heavy_his_sum_fail_prc_amt,0.13768160288484033,kept
d360_lend_light_to_repay_heavy_inner7d_order_amt_sum,0.33628859442912606,kept
light_his_max_fail_prc_amt_divide_heavy_his_max_adv_repay_amt,0.06659959470577931,kept
his_heavy_ontime_repay_light_ontime_repay_same_date_count,0.231937290286673,kept
his_light_shouxin_heavy_suc_trade_same_month_count,0.2609385766099637,kept
his_light_advance_repay_heavy_ovd_repay_same_month_count,0.18366553936369068,kept
his_heavy_shouxin_inner30d_light_trade_fail_count,0.16121467597301145,kept
his_lend_light_to_repay_heavy_inner3d_order_amt_sum,0.20414111042129043,kept
light_d720_sum_faqi_prc_amt_divide_heavy_d720_sum_faqi_prc_amt,0.4082517062949408,kept
his_heavy_ovd_repay_light_ovd_repay_same_date_count,0.18859484285367908,kept
light_his_max_faqi_prc_amt_divide_heavy_his_max_faqi_prc_amt,0.16678894549709394,kept
his_heavy_advance_repay_light_ovd_repay_same_date_count,0.18674787497626666,kept
his_lend_heavy_to_repay_light_inner14d_order_num_sum,0.2746873497927823,kept
heavy_unpaid_principal_his_divide_his_light_limit,0.3523996200711535,high_corr
his_light_suc_trade_heavy_advance_repay_same_month_count,0.16692312286969369,kept
d360_lend_heavy_to_repay_light_inner7d_order_stg_rate,2.5206005263113838,kept
d360_lend_heavy_to_repay_light_inner7d_order_stg_sum,0.0016649365914982223,low_iv
his_heavy_shouxin_samemonth_light_advance_repay_count,0.18365848980605692,kept
d90_lend_heavy_to_repay_light_inner7d_order_num_sum,0.0016649365914982223,low_iv
his_heavy_fail_trade_light_ovd_repay_same_month_count,0.18898354106795281,kept
his_lend_light_to_repay_heavy_inner3d_order_stg_rate,0.2141511357720483,kept
light_d720_sum_faqi_stg_num_divide_heavy_d720_sum_faqi_stg_num,0.43009620891859834,kept
his_heavy_advance_repay_light_advance_repay_same_month_count,0.18798535017645,high_corr
his_heavy_suc_trade_light_advance_repay_same_date_count,0.18365848980605692,kept
d90_lend_heavy_to_repay_light_inner7d_order_amt_sum,0.0016649365914982223,low_iv
his_heavy_light_fail_trade_same_month_count,0.18862371135090644,kept
d90_lend_light_to_repay_heavy_inner7d_order_amt_sum,0.2908216096635753,kept
his_heavy_shouxin_samemonth_light_trade_fail_count,0.16121467597301145,high_corr
his_heavy_shouxin_inner30d_light_trade_suc_count,0.16121467597301145,kept
his_lend_light_to_repay_heavy_inner14d_order_amt_rate,0.21206484818759863,kept
rsk_lmt_rate_ch_1m_grt_0p5_cnt_3m,3.058167420497817,kept
rsk_lmt_rate_ch_1m_grt_0p2_cnt_3m,2.679927665096552,kept
rsk_avl_lmt_ch_1m_les_10000_cnt_12m,2.804416112684039,high_corr
rsk_avl_lmt_ch_1m_les_500_cnt_12m,2.679912105590622,high_corr
min_rsk_lmt_rate_12m_bt_ch,2.4322109414472206,kept
avg_avl_lmt_lft_rep_prc_all_cash_12m,2.2715033679858196,kept
rsk_avl_lmt_ch_1m_les_5000_rate_3m,2.7314434553242695,kept
rsk_lmt_rate_ch_1m_grt_0p95_rate_3m,2.7121764956878947,kept
rsk_lmt_rate_ch_1m_grt_0p8_rate_3m,2.803220651353424,kept
avg_avl_lmt_lft_rep_prc_3m_cash_1m,2.336951806521721,kept
rsk_lmt_rate_ch_1m_grt_0p2_rate_6m,2.792242660074595,kept
rsk_lmt_rate_ch_1m_grt_0p95_cnt_1m,2.691684742354769,kept
min_rsk_lmt_rate_3m_bt_ch,2.7285587052942755,kept
min_rsk_avl_lmt_3m_bt_ch,2.7246770862592324,kept
max_rsk_lmt_rate_12m_bt_ch,2.5358815161339288,high_corr
rsk_lmt_rate_ch_1m_grt_0p5_rate_6m,2.8612830324172296,kept
rsk_avl_lmt_ch_1m_les_5000_cnt_3m,2.950636241348308,kept
max_rsk_lmt_rate_1m_all,2.663176731203794,kept
rsk_avl_lmt_ch_1m_les_10000_rate_6m,2.655168337185528,kept
min_avl_lmt_lft_rep_prc_2m_cash_3m,2.4266536572071593,kept
rsk_avl_lmt_ch_1m_les_500_cnt_3m,2.8265251384489876,kept
max_avl_lmt_lft_rep_prc_1m_cash_3m,2.324263141855647,kept
rsk_lmt_rate_ch_1m_grt_0p9_cnt_6m,2.9733932336000377,kept
rsk_lmt_rate_ch_1m_grt_0p95_rate_1m,2.5968201344146404,kept
rsk_lmt_rate_ch_1m_grt_0p2_rate_1m,2.583895340050275,kept
min_rsk_avl_lmt_12m_bt_ch,2.4773547773466458,kept
max_avl_lmt_lft_rep_prc_all_cash_12m,2.213352403300526,kept
rsk_avl_lmt_ch_1m_les_500_rate_3m,2.6717829388127488,kept
rsk_avl_lmt_ch_1m_les_1000_rate_1m,2.6015335349093394,kept
rsk_lmt_rate_ch_1m_grt_0p9_rate_12m,2.525477237487197,kept
rsk_avl_lmt_ch_1m_les_1000_rate_6m,2.7167149827779262,kept
rsk_lmt_rate_ch_1m_grt_0p8_rate_1m,2.56988579313538,kept
rsk_lmt_rate_ch_1m_grt_0p8_cnt_1m,2.8092547844812614,kept
pmt_hnd_amt_rat_1m,1.0566528158835853,kept
payment_not_balancenotenough_day_3m,0.0,low_iv
payment_not_balancenotenough_dis_rate_3m,2.2617051597702647,kept
payment_balancenotenough_day_rate_3m,2.2664739713180726,kept
pmt_crd_amt_1m,1.2742474522845484,kept
mid_2_pmt_blc_not_eng_rat_1m,2.5476270751023966,high_corr
mid_1_pmt_blc_not_eng_rat_3m,2.3384989131338676,high_corr
payment_balancenotenough_dis_rate_1m,2.117770047248798,kept
payment_balancenotenough_day_6m,0.9889944991926372,high_corr
pmt_hnd_cnt_rat_3m,2.212492834247427,high_corr
pmt_crd_nmb_3m,0.42518464551639334,high_corr
payment_day_6m,1.8848890561834166,kept
pmt_crd_amt_3m,1.8960982006300102,kept
payment_not_balancenotenough_cnt_dis_3m,0.0,low_iv
pmt_crd_amt_pmonth_his,1.463345601863647,kept
payment_balancenotenough_day_1m,0.4979069275933739,high_corr
stg_pln_sum_prc_amt_3m_6m_rto,1.5809815823949394,high_corr
stg_pln_sum_prc_amt_ovd_14d_pls_rep_1m_rto,2.166017188007954,kept
stg_pln_cnt_ovd_pls_rep_1m_rto_his,0.0023391230917639005,low_iv
stg_pln_avg_prc_amt_6m_his_per_mth,2.124115990704663,high_corr
stg_pln_cnt_ovd_3d_pls_rep_3m_rto,2.146127887995126,kept
stg_pln_sum_prc_amt_ovd_m2_pls_rep_3m_rto,2.146127887995126,high_corr
stg_pln_sum_prc_amt_ovd_m2_pls_rep_12m_rto,1.873788301219125,kept
stg_pln_pay_off_sum_prc_amt_14d_1m_rto,2.3863021440280665,kept
stg_pln_pay_off_sum_prc_amt_d0_rep_1m_rto,2.2768318903951137,high_corr
stg_pln_sum_prc_amt_ovd_3d_pls_rep_1m_rto_his,0.050384405389649674,kept
stg_pln_sum_prc_amt_ovd_m2_pls_rep_6m_rto,2.0936256563842495,high_corr
stg_pln_pay_off_sum_prc_amt_7d_1m_rto,2.3517776904002003,kept
stg_pln_sum_prc_amt_6m_12m_rto,1.1322950892900026,kept
stg_pln_sum_prc_amt_ovd_m3_pls_rep_3m_rto,2.146127887995126,high_corr
stg_pln_avg_prc_amt_adv_rep_12m,0.38975703766278075,kept
stg_pln_sum_prc_amt_ovd_3d_pls_rep_1m_rto,2.166017188007954,kept
stg_pln_sum_prc_amt_adv_rct_14d_rto,1.4743207700124459,high_corr
stg_pln_cnt_ovd_7d_pls_rep_1m_rto,2.166017188007954,kept
stg_pln_sum_prc_amt_ovd_7d_pls_rep_12m_rto,1.873788301219125,kept
stg_pln_cnt_ovd_7d_pls_rep_3m_rto,2.146127887995126,kept
stg_pln_pay_off_sum_prc_amt_6m_12m_rto,2.354940069360664,kept
stg_pln_cnt_ovd_pls_rep_12m_rto_his,0.4846372520508215,high_corr
stg_pln_pay_off_sum_prc_amt_1m_3m_rto,2.5052067088632217,kept
stg_pln_sum_prc_amt_ovd_3d_pls_rep_3m_rto_his,0.09588891480837775,high_corr
stg_pln_sum_prc_amt_ovd_m4_pls_rep_6m_rto,2.0936256563842495,high_corr
stg_pln_avg_prc_amt_adv_3d,0.02843155275344348,kept
stg_pln_cnt_ovd_14d_pls_rep_3m_rto,2.146127887995126,high_corr
stg_pln_sum_prc_amt_adv_rep_6m_rto,2.231119722673369,kept
stg_pln_sum_prc_amt_ovd_14d_pls_rep_6m_rto,2.0936256563842495,high_corr
stg_pln_avg_prc_amt_d0_rep_3m,2.106609238928462,high_corr
stg_pln_cnt_adv_d0_rep_3m_rto,2.17906382822565,high_corr
stg_pln_cnt_ovd_3d_pls_rto,0.06658532345277873,high_corr
stg_pln_sum_prc_amt_adv_rct_3m_rto,2.306758791180391,high_corr
stg_pln_pay_off_cnt_3m_6m_rto,2.5057496961888006,kept
stg_pln_sum_prc_amt_1m_2m_rto,2.156476916096006,kept
stg_pln_sum_prc_amt_ovd_pls_rep_6m_rto_his,0.32131010125449294,kept
stg_pln_pay_off_cnt_d0_rep_6m_rto,2.3028073675218224,kept
max_ddf_rep_tim_dte_ovd_pls_rep_bjq_12m,0.7236563957812393,kept
stg_pln_max_prc_amt_adv_d0_rep_bjq_12m,2.2712176139762423,kept
stg_pln_fst_sum_prc_amt_ovd_pls_rep_bjq_12m,2.2534636509513106,kept
stg_pln_min_prc_amt_adv_3d_bjq_12m,2.2530694523742545,kept
stg_pln_max_prc_amt_adv_3d_bjq_12m,2.272101767830069,kept
stg_pln_sum_prc_amt_adv_fst_ord_bjq_12m,2.2551045021277907,kept
min_ddf_rep_tim_dte_ovd_pls_rep_bjq_12m,0.7330381021964142,kept
stg_pln_min_prc_amt_adv_14d_bjq_12m,2.2530694523742545,high_corr
min_ddf_rep_tim_dte_adv_fst_ord_bjq_12m,0.32870652726563493,kept
stg_pln_sum_prc_amt_adv_3d_bjq_12m,2.263056235937786,kept
stg_pln_pay_off_max_prc_amt_pday_bjq_12m,2.2728064599841673,kept
stg_pln_pay_off_cnt_bjq_12m,2.2837523949540888,kept
stg_pln_max_prc_amt_ovd_14d_pls_rep_bjq_12m,2.2530694523742545,kept
stg_pln_max_prc_amt_ovd_1d_3d_rep_bjq_12m,2.2586897793287655,kept
max_ddf_mdl_rep_dte_his_bjq,1.8957304188534982,kept
stg_pln_min_prc_amt_ovd_7d_pls_rep_bjq_12m,2.2530694523742545,kept
stg_pln_sum_prc_amt_adv_d0_rep_bjq_12m,2.265033293435744,high_corr
stg_pln_max_prc_amt_ovd_3d_pls_rep_bjq_12m,2.2532416879379897,kept
stg_pln_fst_cnt_ovd_3d_pls_rep_bjq_12m,2.2530694523742545,kept
stg_pln_sum_prc_amt_adv_bjq_12m,2.257938607922645,kept
stg_pln_min_prc_amt_bjq_12m_his_bjq_12m,2.2755217484005987,kept
min_ddf_mdl_rep_dte_ovd_3d_pls_bjq,0.21645758972413726,high_corr
stg_pln_cnt_adv_bjq_12m,2.255821168822779,kept
stg_pln_sum_prc_amt_his_fst_ord_bjq_12m,2.3018469475546652,kept
stg_pln_cnt_adv_2m_bjq_12m,2.255983962395998,high_corr
stg_pln_min_prc_amt_adv_bjq_12m,2.2530694523742545,kept
min_fst_ddf_mdl_rep_dte_ovd_pls_bjq,0.2463330582308796,kept
stg_pln_sum_prc_amt_ovd_m2_pls_rep_bjq_12m,2.2530694523742545,high_corr
stg_pln_cnt_adv_3d_bjq_12m,2.2635762928448155,kept
stg_pln_fst_cnt_ovd_pls_rep_bjq_12m,2.2554150452790553,kept
min_ddf_rep_tim_dte_adv_bjq_12m,0.6681136769294967,kept
stg_pln_sum_prc_amt_ovd_pls_rep_bjq_12m,2.260515959434417,kept
stg_pln_max_prc_amt_ovd_pls_fst_ord_bjq_12m,2.271129625459233,kept
stg_pln_sum_prc_amt_ovd_3d_pls_rep_bjq_12m,2.2532324912759907,high_corr
stg_pln_max_prc_amt_ovd_m4_pls_rep_bjq_12m,2.2530694523742545,high_corr
min_ddf_mdl_rep_dte_ovd_pls_bjq,0.7902800383000319,kept
stg_pln_cnt_adv_fst_ord_bjq_12m,2.2552324837402042,kept
min_ddf_mdl_rep_tim_adv_bjq_12m,0.6724563056295745,kept
stg_pln_cnt_ovd_m2_pls_rep_bjq_12m,2.2530694523742545,kept
stg_pln_min_prc_amt_adv_d0_rep_bjq_12m,2.256755015439439,kept
stg_pln_max_prc_amt_adv_d0_rep_his_fst_ord_bjq_12m,2.2930115870415504,kept
stg_pln_sum_prc_amt_ovd_pls_fst_ord_bjq_12m,2.266563306236632,kept
stg_pln_cnt_his_fst_ord_bjq_12m,2.2787020773490827,kept
stg_pln_cnt_ovd_14d_pls_rep_bjq_12m,2.2530694523742545,kept
stg_pln_max_prc_amt_adv_3m_bjq_12m,2.257043321146374,kept
min_ddf_mdl_rep_tim_d0_rep_his_bjq_12m,1.7446341563381529,kept
stg_pln_max_prc_amt_ovd_7d_pls_rep_bjq_12m,2.2530694523742545,kept
min_ddf_rep_tim_dte_ovd_pls_fst_ord_bjq_12m,0.4059766313638775,high_corr
stg_pln_min_prc_amt_ovd_pls_rep_bjq_12m,2.2530694523742545,kept
stg_pln_min_prc_amt_ovd_pls_fst_ord_bjq_12m,2.2530694523742545,kept
stg_pln_sum_prc_amt_adv_2m_bjq_12m,2.2549154668343014,high_corr
max_ddf_rep_tim_dte_adv_bjq_12m,0.6740578134787633,kept
stg_pln_min_prc_amt_ovd_14d_pls_rep_bjq_12m,2.2530694523742545,high_corr
stg_pln_cnt_ovd_3d_pls_rep_bjq_12m,2.253191354697515,kept
stg_pln_fst_sum_prc_amt_ovd_3d_pls_rep_bjq_12m,2.2530694523742545,kept
stg_pln_min_prc_amt_ovd_1d_3d_rep_bjq_12m,2.2530694523742545,kept
max_ddf_rep_tim_dte_ovd_pls_fst_ord_bjq_12m,0.4072338387140821,high_corr
stg_pln_min_prc_amt_ovd_3d_pls_rep_bjq_12m,2.2530694523742545,high_corr
stg_pln_cnt_ovd_pls_rep_bjq_12m,2.257900291922417,kept
min_ddf_mdl_rep_dte_his_bjq,1.8884340672115263,kept
stg_pln_cnt_ovd_pls_fst_ord_bjq_12m,2.2559377427860428,kept
stg_pln_sum_prc_amt_1m_2m_rto_ftr,2.2591999072942275,high_corr
stg_pln_sum_prc_amt_6m_12m_rto_ftr,1.424395769058418,kept
stg_pln_cnt_1m_ftr_adv,0.0,low_iv
stg_pln_cnt_3m_ftr,1.9197207361535322,high_corr
stg_pln_cnt_ftr_fst_ord,0.10310617556062905,kept
stg_pln_sum_prc_amt_ftr_fst_ord,0.09325658171934843,kept
stg_pln_min_prc_amt_3m_ftr,0.0,low_iv
stg_pln_max_prc_amt_1m_ftr_adv,0.0,low_iv
stg_pln_sum_prc_amt_3m_6m_rto_ftr,1.861226076119023,kept
max_ddf_mdl_rep_dte_ftr,2.3785533895664446,kept
stg_pln_sum_prc_amt_ftr_rep,2.311105084600319,high_corr
stg_pln_cnt_3m_ftr_adv_rto,2.2478931826791277,high_corr
stg_pln_min_prc_amt_6m_ftr,0.11717143976111451,kept
min_ddf_mdl_rep_dte_ftr,2.326027553462789,kept
stg_pln_max_prc_amt_12m_ftr,1.686585133890659,high_corr
stg_pln_min_prc_amt_ftr,1.1816001409755006,kept
stg_pln_sum_prc_amt_1m_ftr_adv,0.0,low_iv
ddf_bjq_12m_rep_dte_neg_7_crt_dt_ord_cnt,2.253302332389983,kept
min_ddf_rep_dte_ord_crt_tim_7_bjq_12m,0.44954425670430653,kept
ddf_bjq_12m_rep_dte_0_crt_dt_min_prc_amt,2.2530694523742545,kept
min_ddf_rep_dte_ord_crt_tim_neg_1_bjq_12m,0.3009207039501,kept
max_ddf_rep_dte_ord_crt_tim_5_bjq_12m,0.41030469550182364,kept
ddf_bjq_12m_rep_dte_neg_7_crt_dt_rep_prc_amt_rto,0.45054608177410455,high_corr
ddf_bjq_12m_rep_dte_neg_5_crt_dt_min_prc_amt,2.2530694523742545,kept
ddf_bjq_12m_rep_dte_0_crt_dt_rep_prc_amt_rto,0.2520971095822242,high_corr
avg_ddf_rep_dte_ord_crt_tim_7_bjq_12m,0.4508312565984858,kept
ddf_bjq_12m_rep_dte_1_crt_dt_max_prc_amt,2.2542494434885905,kept
avg_ddf_rep_dte_ord_crt_tim_neg_3_bjq_12m,0.37738232428851404,high_corr
max_ddf_rep_dte_ord_crt_tim_neg_7_bjq_12m,0.43242067355182956,high_corr
ddf_bjq_12m_rep_dte_neg_5_crt_dt_max_prc_amt,2.2542837382757845,kept
avg_ddf_rep_dte_ord_crt_tim_3_bjq_12m,0.37109973600147744,high_corr
ddf_bjq_12m_rep_dte_7_crt_dt_rep_prc_amt,2.2550363798266546,high_corr
min_ddf_rep_dte_ord_crt_tim_neg_5_bjq_12m,0.4181442463402022,kept
ddf_bjq_12m_rep_dte_7_crt_dt_max_prc_amt,2.256902478113421,kept
ddf_bjq_12m_rep_dte_7_crt_dt_sum_prc_amt,2.2561618596814412,kept
ddf_bjq_12m_rep_dte_3_crt_dt_min_prc_amt,2.2530694523742545,kept
avg_ddf_rep_dte_ord_crt_tim_neg_7_bjq_12m,0.4443840457956498,high_corr
ddf_bjq_12m_rep_dte_neg_1_crt_dt_min_prc_amt,2.2530694523742545,kept
max_ddf_rep_dte_ord_crt_tim_7_bjq_12m,0.4406593340356605,kept
ddf_bjq_12m_rep_dte_7_crt_dt_rep_prc_amt_rto,0.48221802846284,high_corr
ddf_bjq_12m_rep_dte_7_crt_dt_min_prc_amt,2.2530694523742545,kept
max_ddf_rep_dte_ord_crt_tim_1_bjq_12m,0.3173418100976788,high_corr
mdt_lst_30d_90d_ord_cnt_typ_btch_rte,1.6203997411803563,high_corr
mdt_lst_60d_180d_ord_cnt_typ_btch_rte,2.152672932169195,high_corr
cnt_stg_cnt_30d_90d,1.6274446517012844,high_corr
cnt_ord_cnt_fal_30d,0.0016649365914982223,low_iv
mdt_lst_30d_60d_stg_cnt_rte,2.3411613149941948,high_corr
cnt_stg_cnt_ever_overdue_30d_90d,5.789400568558317e-05,low_iv
cnt_stg_cnt_ever_overdue_rte_30d_90d,1.9000634438707737,high_corr
cnt_avg_ord_span_30d,1.6817219911097998,kept
cnt_ord_cnt_typ_btch_30d_90d,2.068629650065228,high_corr
cnt_avg_ord_span_30d_90d,1.9817258440297847,kept
cnt_stg_amt_advance_30d_90d,0.14164773591358087,high_corr
mdt_lst_60d_180d_stg_cnt_ever_overdue_rte_rte,0.39673127042125267,kept
cnt_ord_cnt_ever_overdue_rte_30d_90d,1.3825047294599904,kept
mdt_lst_30d_60d_stg_cnt_advance_rte,0.31984402583115795,kept
cnt_stg_cnt_ever_overdue_rte_30d,2.123271988841151,high_corr
cnt_ord_cnt_suc_30d,0.0016649365914982223,low_iv
cnt_ord_cnt_suc_30d_90d,0.9085500728260976,high_corr
cnt_ord_cnt_fal_30d_90d,0.0016649365914982223,low_iv
cnt_ord_cnt_typ_btch_30d,1.639440074824479,high_corr
abf_1y_inter_1m_count_down,1.840931360559545,high_corr
af_3m_inter_1m_sum_down,0.6273025242088375,high_corr
abf_1y_inter_1m_count_up,1.970420342957598,kept
af_1m_trend,2.3163772107389082,kept
af_6m_inter_1m_count_down,0.9608639233772817,high_corr
af_1y_inter_1m_sum_up,1.7458017731610724,kept
af_3m_inter_1m_sum_up,0.5444426702908206,high_corr
bf_9m_inter_1m_count_down,0.5659683285561891,high_corr
rsi_bf_1y_inter_1m,1.13987793465601,kept
af_6m_trend,2.2810141075892774,kept
bf_q2_q1_trend,0.7970115591646887,kept
rsi_abf_1y_inter_3m,2.1236162603098983,kept
af_9m_inter_1m_sum_down,1.185703813850531,high_corr
bf_3m_inter_1m_sum_up,1.8662641852208928,kept
rsi_af_1y_inter_1m,1.862137705786279,kept
rsi_af_3m_inter_1m,0.5747815929845234,high_corr
abf_1y_inter_1m_sum_up,2.250270334604225,high_corr
bf_9m_inter_1m_sum_down,0.490678083793874,high_corr
af_q4_q3_trend,1.4488153901704521,high_corr
rsi_af_6m_inter_1m,1.146327489078876,kept
af_q2_q1_trend,2.2968328333924597,kept
bf_q3_q2_trend,1.0759835906880586,kept
bf_1m_trend,2.130325897176812,high_corr
bf_3m_inter_1m_count_down,0.22848668769053676,high_corr
bf_3m_inter_1m_sum_down,0.30082760110118895,high_corr
af_1y_inter_3m_count_up,0.11918089499470289,high_corr
af_6m_inter_1m_sum_up,1.1084913375300633,kept
af_1y_inter_3m_sum_up,0.24698241083148784,kept
bf_1y_inter_3m_sum_down,0.18759807012116084,kept
rsi_bf_3m_inter_1m,0.646330649005687,kept
bf_q4_q3_trend,1.6153387954585527,kept
bf_6m_trend,1.1287351060044235,high_corr
bf_1y_inter_3m_count_down,0.07293416121942381,kept
rsi_abf_1y_inter_1m,2.5056009396180405,kept
rsi_af_1y_inter_3m,0.2963034412866683,kept
cnt_avb_lmt_2m_v2,2.0071588041287183,high_corr
avg_avb_lmt_2m_v2,2.402056460746523,high_corr
avg_lmt_use_rat_2m_v2,2.503445221158638,high_corr
sum_avb_lmt_2m_v2,2.4076181417106897,kept
succloan_stage_num_mean_all,0.056152307256529456,kept
n_unique_channel_event_result_1,0.32263143463747335,kept
stddev_amt_event_type_repay_all,0.12071341411225973,kept
min_amt_channel_hb,0.38607162617456015,kept
last_amt_channel_hb_microcredit_lv1_all,0.06389132929455935,kept
div_amt_event_type_repay_loan,1.7323468747792474,high_corr
stddev_day_diff_event_type_repay_all,0.27354182781624936,high_corr
median_amt_event_result_1_all,0.0437364337556681,kept
median_amt_event_result_1_event_type_repay_recent_30,2.3684634812827836,high_corr
n_unique_event_type_day_diff_shift1_event_type_loan,0.5534365860757876,kept
stddev_amt_event_type_repay_event_result_1_recent_180,2.5460904450964263,kept
day_diff_shift1_n_unique_all,0.3559748992617236,kept
first_day_diff_event_result_1_all,2.916190787566258,kept
n_unique_day_diff_shift1_event_type_loan,0.43399632606346966,kept
cnt_type_light_uid_recent_days_30,0.0,low_iv
cnt_event_type_credit_event_result_1_all,0.11098103059010511,kept
cnt_event_type_repay_event_result_1_all,0.3714994913826623,high_corr
max_amt_event_type_repay_recent_60,2.4613451035225924,kept
sum_day_diff_shift1_event_type_loan_all,0.3433473079052128,kept
median_amt_event_type_loan_recent_180,2.5901634806152236,high_corr
n_unique_other_info_event_type_credit,0.024414983621727844,kept
sum_day_diff_type_heavy_all,0.40273717159096795,kept
cnt_event_result_1_uid_recent_days_120,2.233819780490938,high_corr
median_amt_channel_hb_microcredit_lv1_all,0.06603446334568511,kept
last_day_diff_event_result_0_event_type_loan_all,0.5393481449928827,kept
max_amt_other_info_manual_repay,0.02513642993512668,kept
last_event_type_day_diff_shift1_event_type_repay_all,0.054680325888421914,kept
max_amt_type_light,0.2213120356718538,kept
min_amt_event_type_credit_event_result_1,0.16462111425671352,kept
day_diff_last_repay_loan,0.07693677382925364,kept
std_amt_channel_hb,0.2072721718532743,kept
first_day_diff_event_result_0_event_type_loan_all,1.4156645333563938,kept
cnt_other_info_cash_uid_recent_days_30,0.9189994934489204,high_corr
max_amt_other_info_auto_deduct,0.0750213345581855,high_corr
cnt_other_info_manual_repay_uid_recent_days_90,1.2212001101730103,high_corr
cnt_other_info_auto_deduct_uid_recent_days_540,1.3585866473900303,kept
stddev_day_diff_shift1_event_type_repay_all,0.8485911586287915,kept
median_amt_other_info_auto_deduct_all,0.08753594589067955,kept
cnt_event_type_limit_type_heavy_all,0.5442461950956647,kept
redu_amt_event_type_repay_loan,1.7398541806013526,high_corr
first_amt_event_type_credit_all,0.06459213880687738,kept
last_amt_type_light_all,0.1627467299186456,kept
cnt_channel_hb_all,0.4890692074436504,high_corr
cnt_other_info_cash_uid_recent_days_360,2.5226731025631732,high_corr
succloan_day_diff_reud_stage_num_sum_all,0.6926384887637461,kept
cnt_event_type_loan_uid_recent_days_30,0.8793140653391665,high_corr
per_event_type_limit_all,0.6264510207516619,kept
cnt_other_info_light_uid_recent_days_360,0.40335534744179835,high_corr
cnt_event_type_loan_type_heavy_all,0.5429307016495307,kept
cnt_channel_hb_uid_recent_days_180,1.3863580813786953,kept
avg_day_diff_shift1_event_type_repay_all,1.048995744664213,kept
min_amt_event_type_repay_recent_180,2.445939623932473,kept
ddf_36m_rep_dte_neg_3_crt_dt_max_prc_amt,0.6609499826441698,kept
ddf_24m_rep_dte_3_crt_dt_max_prc_amt,1.0882122747596852,kept
ddf_rep_dte_7_crt_dt_max_prc_amt,0.3108453151895805,high_corr
ddf_rep_dte_0_crt_dt_max_prc_amt,0.3101013686719941,kept
ddf_36m_rep_dte_5_crt_dt_sum_prc_amt,0.7870760679186372,high_corr
ddf_24m_rep_dte_neg_7_crt_dt_min_prc_amt,0.0,low_iv
ddf_36m_rep_dte_neg_5_crt_dt_rep_prc_amt_rto,1.1525338855606966,kept
ddf_24m_rep_dte_neg_7_crt_dt_avg_prc_amt,1.3997393423055604,kept
ddf_36m_rep_dte_0_crt_dt_rep_prc_amt_rto,0.8549459810694646,kept
ddf_24m_rep_dte_neg_1_crt_dt_rep_prc_amt_rto,1.1169071058740756,high_corr
ddf_24m_rep_dte_neg_7_crt_dt_ord_cnt,1.262045600140463,kept
ddf_24m_rep_dte_1_crt_dt_rep_prc_amt_rto,1.0715371128258973,high_corr
ddf_24m_rep_dte_neg_7_crt_dt_rep_prc_amt,1.1541726137268236,kept
ddf_24m_rep_dte_7_crt_dt_rep_prc_amt_rto,1.2626844543965081,high_corr
ddf_36m_rep_dte_5_crt_dt_rep_prc_amt_rto,1.0498273845124724,kept
ddf_24m_rep_dte_neg_7_crt_dt_rep_prc_amt_rto,1.408746263789886,high_corr
ftr_pending_repay_gurantee_fee_sum_divide_ftr_principal_sum,2.3276623883229663,kept
d360_schedule_pay_penalty_max,0.42141686658779054,kept
d90_repaid_tot_fee_sum,2.3989564257082896,high_corr
d90_repaid_exclude_principal_fee_stddev,2.4180201322371104,kept
d360_repaid_interest_fee_max,2.1079839014184065,kept
d180_repaid_gurantee_fee_sum_divide_d180_principal_sum,2.2735783104389062,kept
d1080_sum_repaid_interest_fee_sum_divide_d1080_principal_sum,1.3138225820836422,kept
tot_pending_repay_tot_fee_stddev,2.4948820051421423,kept
d720_repaid_tot_fee_stddev,1.9045685530678584,kept
ftr_pending_repay_interest_fee_sum,2.3625586191495835,kept
d360_schedule_pay_penalty_sum_divide_d360_principal_sum,0.4274472784781024,kept
d90_repaid_interest_fee_stddev,2.3781740541209513,kept
d90_repaid_tot_fee_stddev,2.520093173417669,kept
d360_repaid_gurantee_fee_stddev,2.194079852643812,kept
d90_repaid_interest_fee_sum,2.432082461621333,kept
d90_repaid_tot_fee_max,2.3117827811964973,high_corr
d360_stddev_adv_repay_fee,0.4830127683366089,kept
d90_repaid_gurantee_fee_sum,2.385278411976218,high_corr
d360_repaid_exclude_principal_fee_max,2.0580182242918044,kept
d180_adv_repay_fee_sum,0.4577531797249652,kept
d90_repaid_interest_fee_sum_divide_d90_principal_sum,2.3450435539042305,kept
d1080_repaid_interest_fee_stddev,1.2070830289710832,kept
d360_adv_repay_fee_sum_divide_d360_principal_sum,0.4942513120377266,kept
his_repaid_tot_fee_sum,0.17791663906232824,high_corr
d720_repaid_interest_fee_sum,1.8456260754516807,kept
max_con_dau_7d,0.5660159401474293,kept
ddf_mdl_max_con_dau_dt_90d,1.312906045336256,kept
dau_90d,1.6651302951827318,high_corr
ddf_mdl_max_dau_dt_90d,1.6866393406880746,kept
ddf_mdl_max_con_dau_dt_30d,1.0912589882981045,kept
ord_apl_suc_min_stg_num_360_day_bjq_12m,2.265802394494786,kept
ord_apl_suc_sum_prc_amt_360_day_04_06_bjq_12m,2.2530694523742545,kept
ord_apl_cnt_360_day_19_23_bjq_12m,2.272332045590853,kept
his_360_day_csh_apl_ord_cnt_bjq_12m,2.3324837301269823,kept
ord_apl_suc_cnt_360_day_19_23_bjq_12m,2.2550760885272583,kept
ord_apl_min_prc_amt_360_day_bjq_12m,2.308324816214763,kept
ord_apl_max_prc_amt_360_day_bjq_12m,2.274244831691121,kept
ord_apl_cnt_360_day_04_06_bjq_12m,2.2530694523742545,kept
ord_apl_sum_prc_amt_360_day_bjq_12m,2.290715342631855,kept
ord_apl_suc_sum_prc_amt_360_day_07_12_bjq_12m,2.257281393798148,kept
his_360_day_bt_suc_ord_cnt_bjq_12m,2.288472786011711,kept
pst_ord_apl_suc_sum_stg_num_360_day_bjq_12m,2.2607144918477933,kept
his_360_day_bt_apl_ord_cnt_csh_rto_bjq_12m,1.0865086552054066,kept
his_360_day_bt_apl_ord_cnt_his_rto_bjq_12m,2.2683262991477493,kept
his_360_day_prc_amt_3_000_flg_suc_ord_cnt_bjq_12m,2.2539371106254866,kept
ord_apl_suc_cnt_360_day_00_03_bjq_12m,2.2530694523742545,kept
ord_apl_cnt_360_day_07_12_bjq_12m,2.284224302668979,kept
ord_apl_suc_6_cnt_360_day_rto_bjq_12m,1.2529019251412474,high_corr
his_360_day_csh_apl_ord_cnt_his_rto_bjq_12m,2.2481317827609044,kept
ord_apl_suc_sum_prc_amt_360_day_00_03_bjq_12m,2.2530694523742545,kept
ord_apl_suc_sum_prc_amt_360_day_bjq_12m,2.2664134114756394,kept
his_360_day_csh_suc_ord_cnt_bjq_12m,2.2620574346458078,kept
ord_apl_suc_6_cnt_360_day_bjq_12m,2.2565581982261884,kept
ord_apl_suc_sum_prc_amt_360_day_19_23_bjq_12m,2.2549270939935564,kept
ord_apl_suc_cnt_360_day_13_18_bjq_12m,2.253290583361667,kept
ord_apl_suc_max_stg_num_360_day_bjq_12m,2.2912336366753134,kept
ord_apl_suc_cnt_360_day_07_12_bjq_12m,2.2533199964706845,kept
ord_apl_fal_cnt_360_day_bjq_12m,2.344489273842541,kept
ord_apl_cnt_360_day_00_03_bjq_12m,2.2530694523742545,kept
pst_ord_apl_suc_max_prc_amt_360_day_bjq_12m,2.2559553918960185,kept
ord_apl_suc_sum_prc_amt_360_day_13_18_bjq_12m,2.2564878064414433,kept
ord_apl_cnt_360_day_13_18_bjq_12m,2.285577467095507,kept
ord_apl_sum_prc_amt_360_day_04_06_bjq_12m,2.2530694523742545,kept
ord_apl_sum_prc_amt_360_day_19_23_bjq_12m,2.2820848305957693,kept
his_360_day_prc_amt_3_000_flg_apl_ord_cnt_bjq_12m,2.2909901205061782,kept
bsy_typ_suc_cnt_360_day_bjq_12m,2.2799128697158,kept
ord_apl_sum_prc_amt_360_day_00_03_bjq_12m,2.2530694523742545,kept
ord_apl_suc_cnt_360_day_04_06_bjq_12m,2.2530694523742545,kept
act_dvc_90d,0.0,low_iv
lst_app_str_hr,1.389916211824652,kept
ddf_lst_app_str_tim_to_mdl_tim_sec,1.6805966423475445,high_corr
his_30d_app_str_ctn_v2,1.7778710071634127,kept
dvc_cnt_cjj_7,1.393322708775368,kept
his_1d_app_str_ctn_v2,1.4358361937977153,kept
dvc_num_log_mid_ngt_90,1.4597630914320354,kept
dvc_cnt_cjj_30,1.3948527189331905,kept
his_3d_app_str_ctn_v2,1.5203625070382665,kept
his_7d_app_str_ctn_v2,1.6291362007157286,kept
dvc_cnt_cjj_90,1.3886396026515984,kept
credit_fund_level2_min_limit_cnt_24m,0.37420380015713384,high_corr
loan_unique_fund_cnt_3m,0.3250014845433038,kept
credit_pass_unique_scene_cnt_36m,0.413724798364564,kept
loan_fund_cnt_all,0.407523804319734,kept
credit_pass_unique_fund_cnt_3m,0.3250014845433038,kept
credit_fund_level2_min_ir_cnt_36m,0.3319716642252408,high_corr
credit_unique_fund_cnt_3m,0.46076315466388607,kept
credit_fund_other_ratio_12m,0.6300711587717863,kept
loan_reject_unique_fund_cnt_6m,0.3250014845433038,kept
credit_fund_level1_reject_cnt_12m,0.3917072832513098,high_corr
loan_avg_ir_36m,0.3278913304694101,high_corr
credit_unique_scene_cnt_all,0.47997732251409525,high_corr
credit_avg_ir_cnt_12m,0.44375415302061305,high_corr
credit_min_limit_cnt_12m,0.4442847359879235,high_corr
loan_fund_level2_max_terms_all,0.2770912931013192,kept
credit_avg_limit_cnt_all,0.36185672511514183,high_corr
credit_min_ir_cnt_all,0.3731774264723726,high_corr
credit_reject_cnt_24m,0.7093300480410072,high_corr
loan_unique_fund_cnt_12m,0.4598000239268326,kept
credit_reject_unique_fund_cnt_6m,0.5255890367848303,high_corr
loan_fund_level2_max_ir_all,0.27785617154955244,kept
loan_reject_cnt_all,0.09689110838550913,kept
credit_pass_unique_fund_cnt_1m,0.3250014845433038,high_corr
credit_pass_unique_fund_cnt_24m,0.4859356898407294,kept
credit_fund_level2_ratio_36m,0.4661480446365756,kept
credit_loan_avg_days_36m,0.3729912529853827,kept
credit_fund_other_reject_cnt_6m,0.48951986049308605,kept
credit_reject_unique_scene_cnt_24m,0.521491911684559,high_corr
credit_fund_other_reject_cnt_24m,0.5775269051950246,kept
loan_fund_level2_min_ir_36m,0.27517313480406524,kept
credit_fund_level2_reject_cnt_12m,0.6061655887216253,high_corr
credit_unique_fund_cnt_12m,0.6965358183927054,high_corr
credit_max_ir_cnt_36m,0.3913958281913525,high_corr
loan_avg_ir_all,0.2791485125763463,high_corr
credit_max_limit_cnt_12m,0.449053253990942,kept
loan_reject_unique_fund_cnt_1m,0.3250014845433038,kept
credit_loan_usage_rate_24m,0.3966940061420999,kept
credit_limit_cnt_12m,0.4550336696792977,high_corr
credit_loan_avg_days_24m,0.4062066095026031,kept
credit_unique_fund_cnt_1m,0.3250014845433038,kept
credit_ratio_12m,0.7811091404473068,kept
loan_fund_level2_cnt_36m,0.28746361264844283,kept
credit_fund_level2_avg_ir_cnt_24m,0.37909163683738856,kept
credit_min_ir_cnt_24m,0.4578353018819026,kept
credit_pass_unique_scene_cnt_6m,0.3637171176803603,high_corr
credit_min_limit_cnt_all,0.36697325042913775,high_corr
credit_unique_fund_cnt_36m,0.550167019418315,kept
credit_fund_other_reject_cnt_36m,0.5094002002392631,high_corr
loan_avg_terms_36m,0.3219122457172027,kept
credit_fund_level1_ratio_12m,0.4503694110285957,kept
loan_pass_unique_fund_cnt_1m,0.3250014845433038,kept
credit_fund_level1_reject_cnt_24m,0.40246633573895907,kept
credit_fund_level2_ratio_all,0.4428143596717598,high_corr
credit_pass_unique_scene_cnt_1m,0.3250014845433038,high_corr
loan_pass_unique_fund_cnt_24m,0.4388055401793097,high_corr
credit_pass_unique_fund_cnt_6m,0.42756278196438224,kept
credit_unique_scene_cnt_36m,0.48756601015423007,kept
credit_max_limit_cnt_24m,0.4487033799090933,high_corr
loan_max_ir_36m,0.33395093943055876,kept
credit_unique_scene_cnt_6m,0.5130014797040083,kept
credit_limit_cnt_24m,0.4577334148796735,kept
credit_ratio_6m,0.6984228310847621,high_corr
loan_unique_fund_cnt_6m,0.4526394775516913,high_corr
loan_reject_unique_fund_cnt_3m,0.3250014845433038,high_corr
credit_reject_cnt_6m,0.644354004072977,kept
credit_fund_level2_avg_ir_cnt_36m,0.3335920074703556,kept
loan_fund_level2_min_ir_all,0.26123143489530093,high_corr
credit_fund_level2_max_ir_cnt_24m,0.3743366032015829,kept
loan_reject_unique_fund_cnt_12m,0.4061420131189879,high_corr
loan_fund_level2_principal_avg_36m,0.2715695267760293,kept
credit_unique_scene_cnt_12m,0.5575417510124774,kept
credit_fund_cnt_all,0.5263530110399965,high_corr
credit_loan_fund_level2_avg_days_36m,0.3250931266951544,high_corr
credit_reject_cnt_12m,0.739943920560566,kept
credit_min_limit_cnt_24m,0.44742937146638256,kept
credit_loan_usage_rate_all,0.3694631292468771,high_corr
credit_avg_ir_cnt_24m,0.45076117780755315,kept
credit_min_ir_cnt_36m,0.38302535639028834,kept
loan_reject_fund_cnt_all,0.35941739618581,kept
credit_unique_scene_cnt_24m,0.5503318218859373,kept
credit_pass_unique_scene_cnt_3m,0.3250014845433038,high_corr
credit_avg_limit_cnt_36m,0.37260373304256006,kept
credit_fund_other_ratio_24m,0.6057328669115933,high_corr
credit_pass_unique_scene_cnt_12m,0.4186263672389568,kept
credit_fund_level2_cnt_24m,0.3893214649561596,high_corr
loan_fund_level2_principal_sum_all,0.2603029543802112,high_corr
loan_max_ir_all,0.3069536463928294,high_corr
credit_fund_level2_min_ir_cnt_24m,0.3747334147301661,kept
credit_fund_level1_reject_cnt_36m,0.3477121515716549,kept
credit_fund_level2_reject_cnt_36m,0.4741663613649289,kept
pge_id_cnt_7d,0.719933594041618,high_corr
dau_00_06_14d,0.0,low_iv
clk_cnt_14d,1.4246849388715936,kept
dau_00_06_90d,0.5653466946612373,kept
clk_cnt_00_06_14d,0.0,low_iv
pge_id_cnt_90d,1.6269531967580249,kept
clk_cnt_00_06_rep_90d,0.0,low_iv
d360_due_repay_amt_avg_divide_d360_faqi_trade_amt_avg,2.4101166532012033,kept
d360_max_adv_repay_amt_divide_rsk_adt_lmt_cash,0.5030559204891618,kept
d1080_due_repay_amt_larger_than_rsk_adt_lmt_cash_his_t_day_count_sum,1.1104372126314668,kept
d180_ovdrepay_1_4am_trade_in_same_month_count_sum,2.5982819083486364,kept
d90_successamt_thismon_sum_larger_than_rsk_adt_lmt_cash_count_sum,1.4618844740844406,kept
d1080_ovdrepay_ontimrepay_in_same_month_count_sum,0.3635076917041895,kept
d360_max_adv_repay_amt_divide_d360_max_faqi_prc_amt,0.6257590386857572,kept
d1080_ovdrepay_fail_trade_in_same_month_count_sum,1.3765835457647309,kept
d1080_advrepay_large_than_ontimrepay_amt_months_count_sum,0.37424875556210724,kept
d360_trade_fail_stgnum_avg_mon_divide_his_trade_success_stgnum_avg_mon,1.071917025261352,kept
his_due_repay_amt_avg_divide_his_faqi_trade_amt_avg,0.14064084915466415,kept
d360_ovdrepay_thismon_sum_larger_than_rsk_avl_lmt_cash_count_sum,0.40189486673453323,kept
d90_ovdrepay_suc_trade_in_same_month_count_sum,2.637765711193228,kept
d720_max_ovd_repay_amt_divide_d720_max_suc_prc_amt,0.4558588208194472,kept
d360_due_repay_amt_sum_divide_d360_faqi_trade_amt_sum,2.428526213848196,kept
d180_max_adv_repay_amt_divide_d180_max_faqi_prc_amt,0.5751099959759451,kept
d360_advrepay_amt_sum_divide_ontimrepay_amt_sum,0.5937166986337353,kept
d180_ovdrepay_suc_trade_in_same_month_count_sum,2.5982819083486364,high_corr
d180_faqi_trade_amt_larger_than_rsk_adt_lmt_cash_his_t_day_count_sum,2.57869447266053,kept
d1080_advrepay_ontimrepay_in_same_month_count_sum,0.44321755618816305,kept
his_advrepay_thismon_sum_larger_than_rsk_avl_lmt_cash_count_sum,0.1549084863013064,high_corr
d1080_ontimrepay_thismon_sum_larger_than_rsk_adt_lmt_cash_count_sum,1.1907925096438121,kept
d180_due_repay_amt_larger_than_rsk_avl_lmt_cash_his_t_day_count_sum,2.2614252577315215,kept
d720_max_due_prc_amt_divide_d720_max_faqi_prc_amt,1.8909719381157446,kept
d1080_trade_fail_amt_sum_mon_divide_his_trade_success_amt_sum_mon,0.8281550694387754,kept
d360_max_faqi_prc_amt_divide_rsk_avl_lmt_cash,2.6050253348063483,kept
his_ovd_1d3d_repay_amt_sum_divide_adv_3dminus_repay_amt_sum,0.01976319472089473,kept
d360_faqi_unpaid_principal_tot_larger_than_rsk_adt_lmt_cash_his_t_day_count_sum,2.4767960478138407,high_corr
d1080_due_repay_amt_avg_divide_d1080_faqi_trade_amt_avg,1.5699089271404134,high_corr
his_ontimrepay_thismon_sum_larger_than_rsk_adt_lmt_cash_count_sum,0.09984576309546338,kept
d360_unpaid_principal_tot_amt_t_day_divide_rsk_adt_lmt_cash_his_t_day_max,2.649711712595301,kept
d360_advrepay_thismon_sum_larger_than_rsk_adt_lmt_cash_count_sum,0.4658572535487904,kept
d1080_avg_due_pay_amt_sum_by_mon_divide_rsk_adt_lmt_cash,1.4602353749348804,high_corr
d720_faqi_trade_amt_larger_than_unpaid_principal_tot_amt_t_day_count_sum,1.9579286818456734,high_corr
d180_ovdrepay_amt_sum_divide_ontimrepay_amt_sum,0.415865841687026,kept
d360_trade_fail_count_mon_divide_his_trade_success_count_mon,1.0890734368920896,kept
d1080_trade_fail_stgnum_avg_mon_divide_his_trade_success_stgnum_avg_mon,0.7909656848309854,high_corr
d1080_faqi_trade_amt_larger_than_rsk_adt_lmt_cash_his_t_day_count_sum,1.4683135739691537,kept
d720_faqi_trade_amt_larger_than_rsk_adt_lmt_cash_his_t_day_count_sum,1.974785786943545,kept
d180_faqiamt_thismon_sum_larger_than_rsk_adt_lmt_cash_count_sum,2.5420450840864866,kept
his_advrepay_large_than_ontimrepay_amt_months_count_sum,0.03649091850121712,kept
d720_faqi_trade_amt_larger_than_rsk_avl_lmt_cash_his_t_day_count_sum,2.5927633171310944,kept
d360_faqi_trade_amt_larger_than_rsk_adt_lmt_cash_his_t_day_count_sum,2.482368432938074,kept
d720_ovdrepay_suc_trade_in_same_month_count_sum,1.9400831708903263,kept
d1080_ovdrepay_1_4am_trade_in_same_month_count_sum,1.3240209505757492,kept
d360_successamt_thismon_sum_larger_than_rsk_adt_lmt_cash_count_sum,2.2032476687119407,kept
d1080_max_due_prc_amt_divide_d1080_max_faqi_prc_amt,1.4436458642665837,kept
d720_due_repay_amt_larger_than_rsk_adt_lmt_cash_his_t_day_count_sum,1.5179960096718306,kept
d720_max_ovd_repay_amt_divide_rsk_adt_lmt_cash,0.3593162534588587,kept
d720_ontimrepay_thismon_sum_larger_than_rsk_adt_lmt_cash_count_sum,1.6263506644755847,kept
d720_unpaid_principal_tot_amt_t_day_divide_rsk_adt_lmt_cash_his_t_day_max,2.1616290592919913,kept
d180_faqi_trade_amt_larger_than_rsk_avl_lmt_cash_his_t_day_count_sum,2.9015790115159037,kept
d180_advrepay_suc_trade_in_same_month_count_sum,2.719016510932689,kept
d1080_ovdrepay_thismon_sum_larger_than_rsk_adt_lmt_cash_count_sum,0.2335813106887399,kept
d180_due_repay_amt_sum_divide_d180_faqi_trade_amt_sum,2.4650512667408644,kept
d1080_faqiamt_thismon_sum_larger_than_rsk_adt_lmt_cash_count_sum,1.5146457129569846,kept
his_trade_fail_amt_sum_mon_divide_his_trade_success_amt_sum_mon,0.15118488038034505,kept
d720_due_repay_amt_avg_divide_d720_faqi_trade_amt_avg,2.035297310397937,high_corr
d360_ovdrepay_1wplus_trade_in_same_month_count_sum,2.3649182009224843,kept
d360_faqiamt_thismon_sum_larger_than_rsk_avl_lmt_cash_count_sum,2.926768588386607,kept
d90_faqiamt_thismon_sum_larger_than_rsk_avl_lmt_cash_count_sum,2.326574797587566,kept
his_max_due_prc_amt_divide_his_max_faqi_prc_amt,0.23844749112108019,kept
his_ovdrepay_amt_sum_divide_advrepay_amt_sum,0.009868935709352168,kept
d180_max_faqi_prc_amt_divide_rsk_adt_lmt_cash,2.704337881136696,kept
d1080_due_repay_amt_larger_than_rsk_avl_lmt_cash_his_t_day_count_sum,1.2721322939830193,kept
d360_ovdrepay_1_4am_trade_in_same_month_count_sum,2.3649182009224843,high_corr
d1080_max_ovd_repay_amt_divide_d1080_max_suc_prc_amt,0.3599471501550081,kept
d720_max_adv_repay_amt_divide_d720_max_faqi_prc_amt,0.5178190696985878,kept
d1080_successamt_thismon_sum_larger_than_rsk_adt_lmt_cash_count_sum,1.520722672865222,kept
d90_unpaid_principal_tot_amt_t_day_divide_rsk_avl_lmt_cash_his_t_day_max,2.336901294538857,high_corr
d360_advrepay_thismon_sum_larger_than_rsk_avl_lmt_cash_count_sum,0.5027075164543062,kept
d720_max_faqi_prc_amt_divide_rsk_adt_lmt_cash,2.074544403692278,kept
d180_faqi_trade_amt_larger_than_due_repay_amt_by_mon_count_sum,2.2896279011616523,kept
his_max_faqi_prc_amt_divide_max_due_pay_amt_sum_mon,0.12296352168984447,kept
d90_max_due_prc_amt_divide_rsk_adt_lmt_cash,2.177472457044841,kept
d90_max_due_prc_amt_divide_d90_max_faqi_prc_amt,2.25498400625402,kept
d180_faqi_unpaid_principal_tot_larger_than_rsk_adt_lmt_cash_his_t_day_count_sum,2.579188749843632,kept
his_success_thismon_sum_larger_than_rsk_avl_lmt_cash_count_sum,0.794653628049342,high_corr
d720_ovdrepay_amt_sum_divide_ontimrepay_amt_sum,0.435523262966964,high_corr
d720_max_ovd_repay_amt_divide_d720_max_fail_prc_amt,0.36945931823395334,kept
d720_due_repay_amt_larger_than_rsk_avl_lmt_cash_his_t_day_count_sum,1.7551531085611791,kept
d180_unpaid_principal_tot_amt_t_day_divide_rsk_avl_lmt_cash_his_t_day_max,2.5033930302444865,kept
d360_trade_fail_amt_sum_mon_divide_his_trade_success_amt_sum_mon,1.066015905163391,kept
d360_advrepay_large_than_ontimrepay_amt_months_count_sum,0.5732238081720205,kept
d360_max_due_prc_amt_divide_d360_max_faqi_prc_amt,2.3177726283312206,kept
d90_ovdrepay_1_4am_trade_in_same_month_count_sum,2.637765711193228,kept
d90_unpaid_principal_tot_amt_t_day_divide_rsk_adt_lmt_cash_his_t_day_max,2.353130027466473,high_corr
d90_avg_due_pay_amt_sum_by_mon_divide_rsk_adt_lmt_cash,2.4340333208437404,kept
d90_faqi_trade_amt_larger_than_rsk_adt_lmt_cash_his_t_day_count_sum,2.2678505511931046,high_corr
d360_ovdrepay_fail_trade_in_same_month_count_sum,2.391872587217147,kept
d360_faqi_unpaid_principal_tot_larger_than_rsk_avl_lmt_cash_his_t_day_count_sum,3.0869465392544955,high_corr
d360_faqiamt_thismon_sum_larger_than_rsk_adt_lmt_cash_count_sum,2.5199861923552964,high_corr
d90_ovdrepay_1wplus_trade_in_same_month_count_sum,2.637765711193228,kept
d180_max_due_prc_amt_divide_d180_max_faqi_prc_amt,2.468369786147917,kept
d720_max_due_prc_amt_divide_rsk_adt_lmt_cash,1.5472070049019915,high_corr
d1080_max_adv_repay_amt_divide_d1080_max_faqi_prc_amt,0.37512191353634355,kept
d1080_unpaid_principal_tot_amt_t_day_divide_rsk_adt_lmt_cash_his_t_day_max,1.7005801741647721,kept
d90_due_repay_amt_avg_divide_d90_faqi_trade_amt_avg,2.196449497563338,kept
his_advrepay_suc_trade_in_same_month_count_sum,0.09932262425182335,kept
d360_max_ovd_repay_amt_divide_d360_max_suc_prc_amt,0.5333998499931144,kept
d360_advrepay_ontimrepay_in_same_month_count_sum,0.6069336974446281,kept
d1080_due_repay_amt_sum_divide_d1080_faqi_trade_amt_sum,1.8666090275403269,kept
d90_faqi_trade_amt_larger_than_unpaid_principal_tot_amt_t_day_count_sum,2.2678527245406483,kept
his_successamt_thismon_sum_larger_than_rsk_adt_lmt_cash_count_sum,0.03400682579265954,kept
d720_ovdrepay_amt_sum_divide_advrepay_amt_sum,0.261808399789508,kept
d360_ovdrepay_thismon_sum_larger_than_rsk_adt_lmt_cash_count_sum,0.40189486673453323,kept
his_max_faqi_prc_amt_divide_max_ontim_amt_sum_mon,0.3223934175495506,kept
d720_trade_fail_amt_sum_mon_divide_his_trade_success_amt_sum_mon,1.04381589023432,kept
d180_due_repay_amt_avg_divide_d180_faqi_trade_amt_avg,2.5039546346033053,kept
d720_faqi_trade_amt_larger_than_due_repay_amt_by_mon_count_sum,1.843543870953749,kept
his_due_repay_amt_sum_divide_his_faqi_trade_amt_sum,1.1251382452408552,kept
his_max_faqi_prc_amt_divide_unpaid_principal_tot,2.4953511060757596,kept
d720_faqi_unpaid_principal_tot_larger_than_rsk_adt_lmt_cash_his_t_day_count_sum,1.9518010183422125,kept
d360_faqi_trade_amt_larger_than_unpaid_principal_tot_amt_t_day_count_sum,2.4800401054392767,kept
his_due_repay_amt_larger_than_rsk_adt_lmt_cash_his_t_day_count_sum,0.7165542247888705,kept
d1080_ovdrepay_amt_sum_divide_ontimrepay_amt_sum,0.339975979614807,high_corr
d720_due_repay_amt_sum_divide_d720_faqi_trade_amt_sum,2.1854616142566323,kept
d180_ontimrepay_thismon_sum_larger_than_rsk_avl_lmt_cash_count_sum,2.2253678073747456,kept
his_trade_fail_count_mon_divide_his_trade_success_count_mon,0.15794300798783978,kept
d1080_faqi_unpaid_principal_tot_larger_than_rsk_adt_lmt_cash_his_t_day_count_sum,1.448305981535009,kept
d90_due_repay_amt_larger_than_rsk_adt_lmt_cash_his_t_day_count_sum,2.1454263140704932,kept
his_max_faqi_prc_amt_divide_max_ovd_amt_sum_mon,0.046468183792657984,kept
d720_advrepay_suc_trade_in_same_month_count_sum,2.0906846208342467,kept
d1080_advrepay_thismon_sum_larger_than_rsk_adt_lmt_cash_count_sum,0.22749842233705206,kept
d90_ovdrepay_fail_trade_in_same_month_count_sum,2.637765711193228,kept
d1080_ovdrepay_large_than_ontimrepay_amt_months_count_sum,0.35420742724943444,kept
d720_trade_fail_count_mon_divide_his_trade_success_count_mon,1.0825735231071505,kept
d1080_max_faqi_prc_amt_divide_rsk_adt_lmt_cash,1.6010091730873928,kept
d360_ovdrepay_amt_sum_divide_ontimrepay_amt_sum,0.4962544448229925,kept
his_max_ovd_repay_amt_divide_his_max_suc_prc_amt,0.10193486116337815,kept
ord_apl_cnt_720_day_04_06,0.0,low_iv
ord_apl_cnt_720_day_00_03,0.0,low_iv
ord_apl_suc_cnt_720_day_07_12,1.1481662219285496,high_corr
ord_apl_suc_sum_prc_amt_00_03,0.05197211183675949,kept
his_720_day_csh_apl_ord_cnt,2.111668904161233,high_corr
his_720_day_bt_apl_ord_cnt_his_rto,0.0016649365914982223,low_iv
ord_apl_cnt_07_12,0.5251605866288734,kept
ord_apl_suc_cnt_00_03,0.08077153752864537,kept
ord_apl_sum_prc_amt_1080_day_00_03,0.21223937507341029,kept
ord_apl_sum_prc_amt_07_12,0.3006242231789555,kept
ord_apl_avg_prc_amt_720_day_per_mth,1.5816344165771339,kept
ord_apl_cnt_720_day_19_23,0.8244595303207986,kept
his_1080_day_prc_amt_3_000_flg_apl_ord_cnt,0.7465876173487003,high_corr
his_bt_suc_ord_cnt,0.11907790343098285,kept
ord_apl_suc_sum_prc_amt_720_day_00_03,0.0,low_iv
his_720_day_csh_apl_ord_cnt_his_rto,1.7653489281175767,kept
his_csh_suc_ord_cnt,0.8632794963844754,kept
his_1080_day_bt_apl_ord_cnt_his_rto,0.0016649365914982223,low_iv
ord_apl_cnt_13_18,0.47964534072019377,kept
ord_apl_suc_cnt_04_06,0.1127248023954539,kept
his_720_day_bt_apl_ord_cnt_csh_rto,2.4908180598750653,kept
ord_apl_sum_prc_amt_1080_day_04_06,0.29951674788243715,kept
his_720_day_bt_suc_ord_cnt_csh_rto,1.8959792850928303,kept
ord_apl_suc_sum_prc_amt_19_23,0.1700934308454738,kept
his_1080_day_bt_suc_ord_cnt_csh_rto,1.513107617342087,kept
ord_apl_suc_sum_prc_amt_720_day_19_23,0.8406183462638477,kept
ord_apl_suc_cnt_720_day_13_18,1.1338053044177405,kept
ord_apl_suc_avg_prc_amt_720_day_per_mth,1.5283332560786036,high_corr
ord_apl_cnt_19_23,0.3268395146220564,kept
ord_apl_sum_prc_amt_13_18,0.23574791322361013,kept
his_csh_apl_ord_cnt_his_rto,0.5100136555354293,kept
his_1080_day_bt_apl_ord_cnt_csh_rto,2.4908180598750653,kept
his_bt_apl_ord_cnt_csh_rto,0.47133407518445436,kept
his_prc_amt_3_000_flg_suc_ord_cnt,0.3034203775513986,kept
ord_apl_sum_prc_amt_720_day_19_23,0.6422696807830162,high_corr
ord_apl_suc_sum_prc_amt_720_day_04_06,0.0,low_iv
ddf_6m_rep_dte_neg_7_crt_dt_max_prc_amt,0.8829274781415493,kept
avg_ddf_rep_dte_ord_crt_tim_7,0.41211939065910974,high_corr
ddf_1m_rep_dte_3_crt_dt_max_prc_amt,0.0,low_iv
ddf_3m_rep_dte_neg_3_crt_dt_max_prc_amt,0.0,low_iv
min_ddf_rep_dte_ord_crt_tim_neg_3,0.37912780688666514,kept
ddf_6m_rep_dte_5_crt_dt_rep_prc_amt_rto,1.415206051989219,high_corr
max_ddf_rep_dte_ord_crt_tim_neg_7,0.4363467062611305,kept
ddf_12m_rep_dte_neg_1_crt_dt_rep_prc_amt_rto,1.2585002180858007,kept
ddf_1m_rep_dte_3_crt_dt_sum_prc_amt,0.0,low_iv
ddf_12m_rep_dte_neg_7_crt_dt_avg_prc_amt,1.5923617865683646,high_corr
ddf_12m_rep_dte_1_crt_dt_rep_prc_amt_rto,1.1959135658360824,kept
ddf_12m_rep_dte_neg_7_crt_dt_ord_cnt,1.0043470690733882,high_corr
min_ddf_rep_dte_ord_crt_tim_neg_1,0.34044058638566477,kept
max_ddf_rep_dte_ord_crt_tim_3,0.4049666650070767,kept
min_ddf_rep_dte_ord_crt_tim_neg_7,0.4607279255362127,kept
avg_ddf_rep_dte_ord_crt_tim_3,0.4145599330675903,kept
ddf_3m_rep_dte_7_crt_dt_rep_prc_amt_rto,1.3030035475334323,kept
ddf_12m_rep_dte_3_crt_dt_max_prc_amt,0.689350369711458,high_corr
ddf_1m_rep_dte_neg_3_crt_dt_max_prc_amt,0.0,low_iv
max_ddf_rep_dte_ord_crt_tim_5,0.4009876029105579,high_corr
ddf_6m_rep_dte_1_crt_dt_max_prc_amt,0.979821550188796,kept
min_ddf_rep_dte_ord_crt_tim_7,0.37692476291280996,kept
ddf_6m_rep_dte_neg_7_crt_dt_rep_prc_amt,1.121358401841491,high_corr
avg_ddf_rep_dte_ord_crt_tim_1,0.38545162178341436,kept
avg_ddf_rep_dte_ord_crt_tim_neg_7,0.4486305064783961,kept
min_ddf_rep_dte_ord_crt_tim_neg_5,0.44192446613568137,kept
ddf_3m_rep_dte_5_crt_dt_max_prc_amt,1.1693430129187512,kept
avg_ddf_rep_dte_ord_crt_tim_neg_1,0.3954175594988407,kept
ddf_1m_rep_dte_7_crt_dt_ord_cnt,0.0,low_iv
ddf_3m_rep_dte_5_crt_dt_sum_prc_amt,1.1769849668468297,kept
avg_ddf_rep_dte_ord_crt_tim_neg_3,0.4061113684617082,kept
ddf_3m_rep_dte_0_crt_dt_max_prc_amt,0.0,low_iv
ddf_3m_rep_dte_neg_7_crt_dt_rep_prc_amt_rto,1.3717392805754567,kept
max_ddf_rep_dte_ord_crt_tim_1,0.3381127466371371,kept
ddf_12m_rep_dte_neg_7_crt_dt_rep_prc_amt_rto,1.6054778134314476,kept
ddf_12m_rep_dte_neg_3_crt_dt_sum_prc_amt,0.8700488888245353,high_corr
ddf_1m_rep_dte_neg_3_crt_dt_sum_prc_amt,0.0,low_iv
max_ddf_rep_dte_ord_crt_tim_7,0.41933291480622525,high_corr
ddf_1m_rep_dte_3_crt_dt_rep_prc_amt,0.0,low_iv
ddf_12m_rep_dte_7_crt_dt_rep_prc_amt_rto,1.4680074857650744,kept
ddf_6m_rep_dte_neg_3_crt_dt_rep_prc_amt_rto,1.3634656448184765,high_corr
stg_pln_max_prc_amt_ovd_1d_3d,0.011339419221276717,high_corr
stg_pln_pay_off_sum_prc_amt_1m,2.226176075052498,high_corr
stg_pln_pay_off_max_prc_amt_pday,0.007803271095694426,high_corr
stg_pln_min_prc_amt_d0_rep_12m,0.0,low_iv
max_ddf_rep_tim_dte_ovd_pls_rep_12m,0.4329920076931487,high_corr
stg_pln_cnt_adv_rep_12m,0.26917723811949745,kept
stg_pln_cnt_2m_his,1.834550364045979,high_corr
stg_pln_fst_sum_prc_amt_ovd_pls_rep_12m,0.0,low_iv
stg_pln_sum_prc_amt_adv_rep_6m,0.1915620464866049,kept
min_ddf_rep_tim_dte_ovd_pls,0.0023391230917639005,low_iv
stg_pln_min_prc_amt_adv_d0_rep_6m,0.0,low_iv
stg_pln_max_prc_amt_adv_rep_1m,0.22500607819163324,kept
stg_pln_max_prc_amt_adv_rct_3m,0.0,low_iv
stg_pln_sum_prc_amt_ovd_1d_3d_rep_12m,0.25222045477767774,high_corr
stg_pln_max_prc_amt_1m_his,1.5696728728211158,kept
stg_pln_sum_prc_amt_ovd_3d_pls,0.04622247016366221,high_corr
stg_pln_cnt_ovd_pls_fst_ord,0.01900272152801704,high_corr
stg_pln_max_prc_amt_adv_rct_6m,0.31924341934562944,kept
stg_pln_max_prc_amt_ovd_1d_3d_rep_12m,0.23634666783063255,kept
stg_pln_cnt_adv_fst_ord,0.10914511598829547,kept
stg_pln_sum_prc_amt_1m_his,1.8434365760244693,high_corr
stg_pln_cnt_ovd_1d_3d,0.017868901894145972,high_corr
min_ddf_rep_tim_dte_adv,0.06943533458546587,kept
stg_pln_pay_off_min_prc_amt_12m,0.0337482918362169,high_corr
stg_pln_cnt_adv_rct_6m,0.3104911397442618,high_corr
stg_pln_cnt_d0_rep_his_fst_ord,0.07691179022242772,kept
min_ddf_rep_tim_dte_adv_fst_ord,0.10939166846015683,high_corr
max_prc_amt_pmth_3m,1.9332791906222413,high_corr
stg_pln_pay_off_cnt_7d,0.6096658699727306,high_corr
stg_pln_sum_prc_amt_adv_fst_ord,0.14155609649008838,kept
stg_pln_cnt_ovd_3d_pls,0.035527754214510515,high_corr
stg_pln_sum_prc_amt_d0_rep_his,0.2402924606464016,high_corr
stg_pln_min_prc_amt_d0_rep_his_fst_ord,0.006793298684656323,kept
stg_pln_sum_prc_amt_adv_rct_6m,0.302044305825507,high_corr
min_ddf_rep_tim_dte_ovd_pls_rep_6m,0.377644869209591,kept
stg_pln_min_prc_amt_adv_d0_rep_his_fst_ord,0.11970559503230077,kept
stg_pln_sum_prc_amt_adv_1m,0.026083002018172277,kept
stg_pln_sum_prc_amt_ovd_1d_3d,0.016258450806687173,high_corr
stg_pln_sum_prc_amt_ovd_pls_fst_ord,0.012916274338460217,high_corr
stg_pln_pay_off_sum_prc_amt_14d,1.3756933300866012,kept
stg_pln_sum_prc_amt_ovd_1d_3d_rep_3m,0.0,low_iv
max_ddf_rep_tim_dte_adv,0.058697761298690296,kept
stg_pln_max_prc_amt_d0_rep_his,0.11133466561274974,high_corr
stg_pln_min_prc_amt_his,0.28197079859206825,high_corr
stg_pln_pay_off_sum_prc_amt_7d,0.6685464928219751,high_corr
stg_pln_fst_cnt_ovd_pls_rep_12m,0.0,low_iv
stg_pln_max_prc_amt_ovd_pls_fst_ord,0.010449430035026859,high_corr
min_ddf_rep_tim_dte_ovd_pls_rep_12m,0.4038183246935152,kept
stg_pln_min_prc_amt_adv_rep_his,0.0,low_iv
stg_pln_cnt_ovd_1d_3d_rep_12m,0.28337229506759887,kept
stg_pln_max_prc_amt_adv_7d,0.006947645571812418,high_corr
stg_pln_max_prc_amt_adv_rep_his,0.026740869418905112,kept
stg_pln_max_prc_amt_ovd_7d_pls,0.0,low_iv
stg_pln_pay_off_max_prc_amt_14d,1.3146833736285704,kept
stg_pln_pay_off_sum_prc_amt_fst_ord,0.042255456554446603,high_corr
min_ddf_mdl_rep_tim_d0_rep_his,2.5549374357847783,high_corr
stg_pln_pay_off_cnt_1m,1.817060191027505,high_corr
stg_pln_cnt_adv_3d,0.006601604648620064,kept
stg_pln_max_prc_amt_adv_rct_12m,0.17393531417583497,kept
stg_pln_max_prc_amt_d0_rep_his_fst_ord,0.021355590668255493,kept
stg_pln_pay_off_cnt_14d,1.0686560962318519,kept
stg_pln_fst_cnt_ovd_pls,0.024777139752684828,high_corr
stg_pln_cnt_ovd_1d_3d_rep_3m,0.0,low_iv
stg_pln_pay_off_cnt,0.5329631743193709,high_corr
stg_pln_cnt_adv_3m,0.06016892298117073,high_corr
stg_pln_pay_off_max_prc_amt_pday_12m,1.4387538595425355,kept
stg_pln_fst_sum_prc_amt_ovd_pls,0.019137008893635774,high_corr
stg_pln_sum_prc_amt_adv_rep_his,0.03848997009002841,kept
stg_pln_cnt_his_fst_ord,0.00772279053225949,kept
stg_pln_pay_off_max_prc_amt_7d,0.6038961750069212,kept
stg_pln_pay_off_min_prc_amt_6m,0.0,low_iv
12m_repay_ftr_amt_second_der_max,2.2267606144174303,kept
3m_repay_ftr_amt_second_der_mean_diff,2.266190399761632,kept
18m_repay_ftr_amt_first_der_mean_diff,2.343515073596524,kept
12m_repay_ftr_amt_second_der_sum,2.2479796084094295,kept
6m_ftr_con_keep_repay_amt_max,2.205132175918111,high_corr
18m_repay_ftr_amt_first_der_mean_rto,0.8910249640723535,high_corr
12m_repay_ftr_amt_first_der_great_0_count,2.568432725317125,high_corr
3m_repay_ftr_amt_first_der_mean_diff,2.2552730349467556,kept
6m_repay_ftr_amt_first_der_mean_rto,1.7919483687976134,kept
12m_repay_ftr_amt_first_der_min,2.143117077562213,kept
3m_repay_ftr_amt_first_der_small_0_count,2.2853352634104285,kept
3m_repay_ftr_amt_second_der_mean_rto,1.7498257111025648,kept
6m_repay_ftr_amt_second_der_mean_rto,1.6124165618382653,kept
3m_repay_ftr_amt_second_der_small_0_count,2.248402338649959,kept
18m_ftr_con_keep_repay_amt_max,2.205132175918111,kept
12m_repay_ftr_amt_first_der_sum,2.4376345154147594,kept
12m_ftr_con_keep_repay_amt_max,2.210308460832053,kept
3m_repay_ftr_amt_first_der_mean_rto,2.113650842698971,kept
3m_repay_ftr_amt_first_der_great_0_count,2.3996056573893894,kept
3m_repay_ftr_amt_first_der_stddev,2.31987308064029,kept
3m_repay_ftr_amt_second_der_median,2.157811935000866,high_corr
3m_repay_ftr_amt_second_der_great_0_count,2.2204763213536984,kept
9m_ftr_con_dsc_repay_amt_max,2.229405873779151,kept
12m_repay_ftr_amt_second_der_mean_rto,1.1591857907394627,kept
3m_repay_ftr_amt_first_der_min,2.1839262598186657,high_corr
12m_repay_ftr_amt_second_der_great_0_count,2.303320794772286,high_corr
18m_repay_ftr_amt_second_der_small_0_count,2.3790155238279533,kept
12m_repay_ftr_amt_second_der_min,2.258012967372217,kept
18m_repay_ftr_amt_second_der_mean_diff,2.23074626740908,kept
9m_ftr_con_keep_repay_amt_max,2.210308460832053,high_corr
stg_pln_sum_prc_amt_1m_ftr_his_rep_rto_all,2.41377519345143,high_corr
stg_pln_cnt_3d_ftr_all,0.3439219960606716,kept
stg_pln_sum_prc_amt_6m_12m_ftr_rto_cash,1.4226775521552755,high_corr
stg_pln_avg_prc_amt_2m_ftr_his_rep_rto_all,2.3635648438059462,high_corr
stg_pln_sum_prc_amt_6m_ftr_his_rto_all,2.3692431378994017,high_corr
stg_pln_avg_prc_amt_2m_ftr_his_rto_all,2.3636440307673166,kept
stg_pln_cnt_3m_ftr_adv_rto_all,2.270783229335823,kept
stg_pln_min_prc_amt_12m_ftr_cash,1.1647506193035448,high_corr
stg_pln_min_prc_amt_3m_6m_ftr_rto_cash,1.7988653506259529,kept
stg_pln_cnt_3m_ftr_his_rep_rto_cash,2.3955102149812855,kept
stg_pln_max_prc_amt_2m_ftr_adv_cash,0.0016654344451159798,low_iv
stg_pln_max_prc_amt_3m_ftr_his_rep_rto_cash,2.2387637079129012,high_corr
stg_pln_bsy_typ_cnt_3m_ftr_all,0.0770694992061264,high_corr
stg_pln_min_prc_amt_1m_3m_ftr_rto_cash,2.1247659985855227,kept
stg_pln_cnt_7d_ftr_all,0.6662607147971333,kept
stg_pln_sum_prc_amt_3d_ftr_cash,0.6487484148755208,kept
stg_pln_sum_prc_amt_3m_6m_ftr_rto_cash,1.861226076119023,high_corr
stg_pln_min_prc_amt_1m_ftr_his_rto_cash,2.2087140500173956,kept
stg_pln_sum_prc_amt_1m_3m_ftr_rto_all,2.2594259692266743,kept
stg_pln_cnt_7d_ftr_his_rto_all,1.0392901887630235,kept
stg_pln_cnt_7d_ftr_his_rto_cash,1.028360997741618,high_corr
stg_pln_max_prc_amt_12m_ftr_cash,1.6763995909036522,high_corr
stg_pln_sum_prc_amt_1m_ftr_adv_cash,0.0016654344451159798,low_iv
stg_pln_sum_prc_amt_12m_ftr_rep_cash,2.3066092172913013,high_corr
stg_pln_max_prc_amt_12m_ftr_his_rep_rto_cash,2.2746569202645226,high_corr
stg_pln_avg_prc_amt_1m_3m_ftr_rto_all,2.2581146941465877,kept
stg_pln_avg_prc_amt_6m_12m_ftr_rto_all,1.4701332532132951,kept
stg_pln_cnt_7d_ftr_rep_cash,0.6328990381582625,kept
stg_pln_cnt_6m_12m_ftr_all,1.2904617819096518,high_corr
stg_pln_sum_prc_amt_7d_ftr_his_rto_cash,1.0411803970981899,kept
stg_pln_min_prc_amt_12m_ftr_his_rto_cash,2.224515453993294,kept
stg_pln_cnt_12m_ftr_his_rep_rto_all,2.4517808647710044,high_corr
stg_pln_avg_prc_amt_12m_ftr_his_rto_all,2.3552241865333645,kept
stg_pln_avg_prc_amt_3m_6m_ftr_rto_all,1.9272500261217962,kept
stg_pln_min_prc_amt_6m_12m_ftr_rto_cash,1.377235238391531,kept
stg_pln_min_prc_amt_3m_ftr_his_rto_cash,2.2218492221144697,kept
stg_pln_min_prc_amt_6m_ftr_his_rep_rto_cash,2.2568765974304057,kept
stg_pln_cnt_3m_6m_ftr_rto_all,1.8963833848826452,kept
stg_pln_min_prc_amt_3m_6m_ftr_cash,0.6146578680218434,kept
stg_pln_cnt_1m_ftr_adv_cash,0.0016654344451159798,low_iv
stg_pln_cnt_1m_ftr_his_rep_rto_all,2.409610910392433,kept
stg_pln_cnt_2m_ftr_cash,1.941884045780672,high_corr
stg_pln_sum_prc_amt_6m_12m_ftr_cash,1.223955063601427,kept
stg_pln_cnt_1m_ftr_his_rto_cash,2.344387975565596,kept
stg_pln_avg_prc_amt_12m_ftr_his_rep_rto_cash,2.3531676226349747,high_corr
stg_pln_sum_prc_amt_12m_ftr_his_rep_rto_cash,2.476223387205073,kept
stg_pln_sum_prc_amt_2m_ftr_his_rep_rto_all,2.427187312259866,kept
stg_pln_cnt_6m_12m_ftr_rto_all,1.421881295350128,kept
stg_pln_sum_prc_amt_7d_ftr_cash,0.6250981209639835,kept
stg_pln_max_prc_amt_6m_12m_ftr_cash,1.1200079125236964,kept
stg_pln_cnt_1m_3m_ftr_rto_all,2.2886363951208,kept
6thord_con_dsc_apply_amt_max,0.5026968018953879,kept
6ord_apply_amt_first_der_sum,1.8113470116672272,kept
18ord_apply_amt_first_der_small_0_count,1.2989043507795481,high_corr
12ord_apply_amt_second_der_sum,1.6211968625560937,kept
3ord_apply_amt_first_der_mean_rto,1.4587748490017483,kept
3ord_apply_amt_second_der_mean_diff,1.8651071840479863,kept
18ord_apply_amt_first_der_max,1.8532441634773376,kept
6ord_apply_amt_first_der_great_0_count,1.031305804844948,kept
3ord_apply_amt_second_der_mean_rto,1.3057233469581657,kept
12ord_apply_amt_second_der_stddev,1.6427405658958887,kept
6ord_apply_amt_second_der_mean_rto,1.06339866608695,kept
12ord_apply_amt_first_der_stddev,1.8896789732219084,kept
18ord_apply_amt_first_der_median,1.8098647959850238,kept
18ord_apply_amt_first_der_min,1.8744830935269672,kept
3ord_apply_amt_first_der_mean_diff,1.7946286021325868,high_corr
6thord_con_keep_apply_amt_max,0.12404209784518912,kept
3ord_apply_amt_second_der_small_0_count,0.41665190859737333,kept
3ord_apply_amt_second_der_great_0_sum,1.3860988802294247,kept
18ord_apply_amt_second_der_max,1.6429230658823677,high_corr
18thord_con_keep_apply_amt_max,0.24532293756045856,kept
18ord_apply_amt_second_der_median,1.614094784506221,high_corr
6ord_apply_amt_first_der_mean_rto,1.1313875915242502,high_corr
18ord_apply_amt_second_der_min,1.6419932448789376,high_corr
recent_1m_lend_amt_over10k_month_cnt,0.24431845715387365,kept
recent_12m_credit_fundcls_lv2_month_cnt,0.41777891782896515,kept
recent_1m_credit_fundcls_other_month_cnt,0.3524271598100864,kept
recent_24m_repay_progress_rise_month_cnt,0.508789379548741,kept
recent_36m_lend_amt_over10k_month_rto,0.25144760504542035,high_corr
recent_24m_lend_amt_rise_month_rto,0.5388397085009349,kept
recent_6m_repay_progress_rise_month_rto,0.49727519576384466,kept
recent_24m_settle_loan_diff_days_min,0.32248776502966986,kept
recent_6m_overdue_3d_month_rto,0.23932313684086992,kept
his_credit_fundcls_lv1_month_cnt,0.35547049305712036,kept
recent_36m_due_month_rto,0.2868890485432372,kept
recent_1m_credit_fundcls_lv2_month_cnt,0.3524271598100864,kept
recent_36m_overdue_3d_month_rto,0.23932313684086992,kept
recent_1m_repay_progress_max,0.3699066083871384,kept
recent_6m_credit_month_rto,0.4080823373228796,high_corr
recent_1m_prepay_3d_month_rto,0.23932313684086992,kept
recent_24m_credit_fundcls_other_month_cnt,0.3682638479444662,kept
recent_12m_lend_amt_over10k_month_rto,0.2568484498148366,kept
recent_1m_stg_rise_month_rto,0.44495820432786576,kept
recent_6m_lend_amt_rise_month_cnt,0.44495820432786576,high_corr
recent_24m_settle_loan_diff_days_max,0.30312843509264903,kept
recent_6m_credit_fundcls_other_month_cnt,0.36087364603557087,kept
recent_12m_due_month_cnt,0.3235013028607338,kept
recent_24m_prepay_3d_month_cnt,0.23974639579891138,kept
recent_1m_credit_fundcls_lv1_month_cnt,0.3524271598100864,kept
recent_6m_prepay_3d_month_rto,0.23932313684086992,kept
recent_36m_settle_loan_diff_days_min,0.28824949844123615,kept
recent_24m_credit_month_rto,0.43606805347876987,high_corr
his_settle_loan_diff_days_min,0.2543226938112047,kept
recent_1m_overdue_3d_month_rto,0.23932313684086992,kept
recent_24m_credit_fundcls_lv1_month_cnt,0.36066995379988237,high_corr
his_lend_month_cnt,0.254991452209844,high_corr
recent_6m_credit_fundcls_lv1_month_cnt,0.3524271598100864,kept
10d_range_ord_cnt_his,0.35035783448770685,kept
15d_range_ord_cnt_12m,0.3250014845433038,high_corr
15d_range_sum_prc_amt_1m,0.3250014845433038,kept
15d_range_avg_prc_amt_6m,0.3250014845433038,kept
10d_range_min_prc_amt_his,0.3250014845433038,kept
10d_range_min_prc_amt_36m,0.3250014845433038,kept
5d_range_ord_cnt_1m,0.3250014845433038,kept
5d_range_avg_prc_amt_1m,0.3250014845433038,kept
15d_range_max_prc_amt_12m,0.3250014845433038,high_corr
10d_range_avg_prc_amt_36m,0.4061177701603014,kept
15d_range_min_prc_amt_36m,0.3250014845433038,kept
10d_range_sum_prc_amt_36m,0.4030173573166318,high_corr
15d_range_min_prc_amt_24m,0.3250014845433038,kept
5d_range_max_prc_amt_his,0.3546387282499351,kept
15d_range_min_prc_amt_his,0.3250014845433038,kept
15d_range_avg_prc_amt_1m,0.3250014845433038,high_corr
15d_range_sum_prc_amt_6m,0.3250014845433038,high_corr
5d_range_avg_prc_amt_12m,0.3250014845433038,high_corr
m1_stg_pln_d0_manual_deduct_rep_apl_fal_cnt,2.2521614642556136,kept
m6_stg_pln_his_ovd_ao_offline_rep_apl_suc_cnt,2.2521614642556136,kept
m6_stg_pln_adv_ao_offline_rep_apl_suc_cnt_rat,0.45426720228521283,high_corr
m3_stg_pln_adv_normal_batch_rep_apl_suc_cnt,2.2521614642556136,kept
m6_stg_pln_d0_manual_rep_apl_fal_cnt,2.2878284272200773,kept
m6_stg_pln_adv_manual_rep_apl_fal_cnt,2.2521614642556136,kept
m3_stg_pln_adv_manual_deduct_rep_apl_fal_cnt,2.2521614642556136,kept
m3_stg_pln_adv_manual_rep_apl_fal_cnt,2.2521614642556136,high_corr
m1_stg_pln_d0_ao_offline_rep_apl_suc_cnt,2.2521614642556136,kept
m1_stg_pln_his_ovd_rep_apl_cnt_rat,2.2890496431520173,kept
m6_stg_pln_ovd_1d_3d_rep_apl_cnt_rat,2.2563316733275225,kept
m6_stg_pln_ovd_1d_3d_manual_rep_apl_fal_cnt,2.2521614642556136,kept
m1_stg_pln_his_ovd_manual_deduct_rep_apl_suc_cnt,2.2521614642556136,high_corr
m6_stg_pln_d0_manual_deduct_rep_apl_suc_cnt,2.2521614642556136,high_corr
m3_stg_pln_his_ovd_rep_apl_cnt_rat,2.3178343637633008,kept
m6_stg_pln_adv_manual_deduct_rep_apl_fal_cnt,2.2521614642556136,high_corr
m1_stg_pln_adv_rep_apl_cnt_rat,2.294013834167247,kept
m1_stg_pln_his_ovd_normal_batch_rep_apl_suc_cnt,2.2521614642556136,kept
m3_stg_pln_adv_manual_deduct_rep_apl_suc_cnt,2.2521614642556136,kept
m6_stg_pln_ovd_1d_3d_manual_rep_apl_suc_cnt,2.2702869384230127,kept
m3_stg_pln_ovd_1d_3d_normal_batch_rep_apl_suc_cnt,2.2521614642556136,kept
m3_stg_pln_his_ovd_normal_batch_rep_apl_fal_cnt,2.2657895894337434,kept
m1_stg_pln_d0_rep_apl_cnt,2.6875121936009227,kept
m1_stg_pln_d0_manual_deduct_rep_apl_fal_cnt_rat,0.9455720244882568,high_corr
m3_stg_pln_ovd_1d_3d_manual_deduct_rep_apl_suc_cnt,2.2521614642556136,high_corr
m1_stg_pln_his_ovd_manual_rep_apl_fal_cnt,2.2521614642556136,kept
m1_stg_pln_adv_manual_rep_apl_fal_cnt,2.2521614642556136,kept
m1_stg_pln_d0_manual_deduct_rep_apl_suc_cnt,2.2521614642556136,kept
m1_stg_pln_d0_rep_apl_suc_cnt,2.6896748546728007,high_corr
m6_stg_pln_his_ovd_manual_deduct_rep_apl_fal_cnt_rat,0.39887136072596874,high_corr
m6_stg_pln_ovd_1d_3d_manual_rep_apl_fal_cnt_rat,0.37846020729927976,kept
m6_stg_pln_ovd_1d_3d_manual_deduct_rep_apl_suc_cnt_rat,0.3819234042572721,kept
m1_stg_pln_ovd_1d_3d_ao_offline_rep_apl_suc_cnt,2.2521614642556136,kept
m1_stg_pln_ovd_1d_3d_manual_rep_apl_suc_cnt,2.2521614642556136,high_corr
m6_stg_pln_his_ovd_rep_apl_suc_cnt,2.2559333405581445,kept
m6_stg_pln_adv_ao_offline_rep_apl_suc_cnt,2.2521614642556136,high_corr
m3_stg_pln_d0_ao_offline_rep_apl_suc_cnt_rat,2.10572858978737,high_corr
m6_stg_pln_ovd_1d_3d_ao_offline_rep_apl_suc_cnt_rat,0.3780803935953978,kept
m6_stg_pln_adv_rep_apl_fal_cnt_rat,1.4248518612924497,kept
m6_stg_pln_his_ovd_manual_deduct_rep_apl_fal_cnt,2.2556020018091614,high_corr
m1_stg_pln_adv_manual_deduct_rep_apl_suc_cnt,2.2521614642556136,kept
m1_stg_pln_d0_manual_rep_apl_suc_cnt_rat,1.9437082632725906,high_corr
m6_stg_pln_his_ovd_manual_deduct_rep_apl_suc_cnt,2.2521614642556136,high_corr
m6_stg_pln_ovd_1d_3d_manual_rep_apl_suc_cnt_rat,0.39183126559412934,kept
m6_stg_pln_ovd_1d_3d_normal_batch_rep_apl_suc_cnt_rat,0.3788182357776009,kept
m3_stg_pln_d0_manual_deduct_rep_apl_suc_cnt_rat,2.10572858978737,kept
m6_stg_pln_d0_normal_batch_rep_apl_suc_cnt_rat,2.182677127805831,kept
m3_stg_pln_ovd_1d_3d_manual_rep_apl_fal_cnt,2.2521614642556136,kept
m6_stg_pln_d0_manual_deduct_rep_apl_fal_cnt_rat,1.3894707104542778,high_corr
m6_stg_pln_ovd_1d_3d_manual_deduct_rep_apl_fal_cnt,2.2521614642556136,kept
m6_stg_pln_adv_manual_deduct_rep_apl_suc_cnt,2.2521614642556136,kept
m1_stg_pln_ovd_1d_3d_rep_apl_cnt,2.2645223979737983,kept
m1_stg_pln_d0_rep_apl_suc_cnt_rat,2.2850877568583274,kept
m3_stg_pln_ovd_1d_3d_normal_batch_rep_apl_fal_cnt,2.2736498324251286,kept
m1_stg_pln_adv_manual_rep_apl_suc_cnt,2.2926598890390393,kept
m3_stg_pln_adv_rep_apl_cnt_rat,2.316072933718922,kept
m1_stg_pln_ovd_1d_3d_rep_apl_suc_cnt,2.264054975970131,kept
m1_stg_pln_adv_rep_apl_fal_cnt_rat,1.0283662385672967,kept
m1_stg_pln_d0_normal_batch_rep_apl_fal_cnt_rat,0.9455720244882568,high_corr
m1_stg_pln_adv_manual_deduct_rep_apl_fal_cnt,2.2521614642556136,kept
m1_stg_pln_his_ovd_rep_apl_fal_cnt,2.257426045326979,high_corr
m1_stg_pln_adv_ao_offline_rep_apl_suc_cnt,2.2521614642556136,high_corr
m6_stg_pln_d0_rep_apl_suc_cnt_rat,2.3011077818017314,high_corr
m3_stg_pln_ovd_1d_3d_rep_apl_suc_cnt,2.2675240264189673,kept
m1_stg_pln_ovd_1d_3d_manual_deduct_rep_apl_fal_cnt,2.2521614642556136,kept
m6_stg_pln_adv_manual_rep_apl_suc_cnt,2.301202575377917,kept
m3_stg_pln_d0_manual_rep_apl_suc_cnt,2.4902244617400235,high_corr
m6_stg_pln_ovd_1d_3d_normal_batch_rep_apl_fal_cnt_rat,0.3913809414654315,kept
m6_stg_pln_d0_normal_batch_rep_apl_fal_cnt_rat,1.4093616829986635,high_corr
m6_stg_pln_d0_ao_offline_rep_apl_suc_cnt,2.2521614642556136,high_corr
m6_stg_pln_adv_manual_rep_apl_suc_cnt_rat,0.45426720228521283,kept
m1_stg_pln_d0_manual_rep_apl_fal_cnt,2.2521614642556136,kept
m3_manual_rep_apl_suc_stg_pln_cnt_sum,2.443184734532054,high_corr
m1_manual_deduct_rep_apl_fal_stg_pln_cnt_max,2.2799401876846095,kept
m6_manual_deduct_rep_apl_stg_pln_cnt_mor_1_cnt,2.2521614642556136,high_corr
m3_manual_rep_apl_fal_stg_pln_cnt_avg,2.303927731976079,kept
m1_manual_rep_apl_fal_stg_pln_cnt_max,2.2799401876846095,kept
m3_ao_offline_rep_apl_suc_stg_pln_cnt_mor_1_cnt,2.2521614642556136,high_corr
m1_ao_offline_rep_apl_stg_pln_cnt_sum,2.2799401876846095,kept
m3_ao_offline_rep_apl_stg_pln_cnt_avg,2.3012102680857316,high_corr
m1_manual_deduct_rep_apl_stg_pln_cnt_max,2.2799401876846095,kept
m3_manual_deduct_rep_apl_suc_stg_pln_cnt_mor_1_cnt,2.2521614642556136,high_corr
m3_normal_batch_rep_apl_stg_pln_cnt_max,2.3012102680857316,kept
m3_normal_batch_rep_apl_fal_stg_pln_cnt_avg,2.3259445659288147,high_corr
m1_manual_rep_apl_fal_stg_pln_cnt_min,2.2799401876846095,kept
m3_rep_apl_fal_stg_pln_cnt_max,2.3012693261986343,kept
m3_normal_batch_rep_apl_stg_pln_cnt_avg,2.365922066998454,high_corr
m6_manual_deduct_rep_apl_suc_stg_pln_cnt_mor_1_cnt,2.2521614642556136,high_corr
m1_rep_apl_fal_stg_pln_cnt_max,2.281003836568435,kept
m6_ao_offline_rep_apl_stg_pln_cnt_sum,2.2521614642556136,high_corr
m1_rep_apl_stg_pln_cnt_mor_1_cnt,2.2521614642556136,kept
m1_manual_rep_apl_suc_stg_pln_cnt_min,2.2799401876846095,high_corr
m3_rep_apl_fal_stg_pln_cnt_avg,2.32410142120287,kept
m1_normal_batch_rep_apl_suc_stg_pln_cnt_min,2.2799401876846095,kept
m1_manual_rep_apl_stg_pln_cnt_avg,2.3393237884570435,kept
m1_rep_apl_suc_stg_pln_cnt_avg,2.3326140779421163,kept
m1_manual_deduct_rep_apl_stg_pln_cnt_sum,2.2799401876846095,kept
m3_normal_batch_rep_apl_suc_stg_pln_cnt_avg,2.3390049960842783,high_corr
m1_rep_apl_suc_stg_pln_cnt_sum,2.5435706489363286,high_corr
m6_manual_rep_apl_suc_stg_pln_cnt_min,2.2521614642556136,kept
m3_normal_batch_rep_apl_fal_stg_pln_cnt_max,2.3012102680857316,kept
m1_ao_offline_rep_apl_stg_pln_cnt_mor_1_cnt,2.2521614642556136,high_corr
m3_rep_apl_suc_amt_rat_equal_1_cnt,2.6381650250418778,high_corr
m1_rep_apl_fal_stg_pln_cnt_mor_1_cnt,2.2521614642556136,kept
m1_manual_rep_apl_fal_stg_pln_cnt_avg,2.2799401876846095,high_corr
m3_manual_rep_apl_stg_pln_cnt_max,2.3020257892297393,high_corr
m3_manual_deduct_rep_apl_fal_stg_pln_cnt_mor_1_cnt,2.2521614642556136,kept
m6_manual_rep_apl_fal_stg_pln_cnt_max,2.252251677886196,kept
m3_ao_offline_rep_apl_stg_pln_cnt_max,2.3012102680857316,kept
m3_rep_apl_amt_rat_mor_1_cnt,2.302032697144578,kept
m3_manual_rep_apl_fal_stg_pln_cnt_sum,2.315395680339069,high_corr
m3_rep_apl_stg_pln_cnt_max,2.3024662405870826,kept
m3_manual_deduct_rep_apl_suc_stg_pln_cnt_max,2.3012102680857316,kept
m1_normal_batch_rep_apl_stg_pln_cnt_max,2.2799401876846095,kept
m6_manual_deduct_rep_apl_suc_stg_pln_cnt_min,2.2521614642556136,kept
m6_manual_rep_apl_fal_stg_pln_cnt_mor_1_cnt,2.2521614642556136,high_corr
m3_manual_rep_apl_suc_stg_pln_cnt_avg,2.3481347627079847,kept
m1_normal_batch_rep_apl_fal_stg_pln_cnt_max,2.2799401876846095,kept
m3_rep_apl_suc_amt_rat_mor_1_cnt,2.3012102680857316,high_corr
m1_manual_deduct_rep_apl_stg_pln_cnt_avg,2.2799401876846095,high_corr
m3_manual_deduct_rep_apl_stg_pln_cnt_avg,2.3012102680857316,kept
m1_manual_deduct_rep_apl_suc_stg_pln_cnt_mor_1_cnt,2.2521614642556136,high_corr
m1_manual_rep_apl_suc_stg_pln_cnt_sum,2.411646736567161,high_corr
m3_rep_apl_stg_pln_cnt_min,2.3065871839847585,kept
m3_manual_deduct_rep_apl_fal_stg_pln_cnt_max,2.3012102680857316,kept
m3_manual_deduct_rep_apl_fal_stg_pln_cnt_sum,2.3012102680857316,high_corr
m1_normal_batch_rep_apl_suc_stg_pln_cnt_max,2.2799401876846095,high_corr
m3_rep_apl_amt_rat_equal_1_cnt,2.516971905548205,high_corr
m6_normal_batch_rep_apl_stg_pln_cnt_min,2.2521614642556136,high_corr
m1_manual_deduct_rep_apl_fal_stg_pln_cnt_avg,2.2799401876846095,high_corr
m6_manual_deduct_rep_apl_suc_stg_pln_cnt_sum,2.2521614642556136,kept
m1_manual_rep_apl_fal_stg_pln_cnt_sum,2.2799401876846095,high_corr
m6_rep_apl_suc_stg_pln_cnt_avg,2.2946024420771507,kept
m3_normal_batch_rep_apl_suc_stg_pln_cnt_max,2.3012102680857316,high_corr
m3_normal_batch_rep_apl_stg_pln_cnt_min,2.3012102680857316,high_corr
m1_rep_apl_suc_stg_pln_cnt_max,2.2799401876846095,kept
m3_manual_deduct_rep_apl_fal_stg_pln_cnt_avg,2.3012102680857316,kept
6m_used_lmt_first_der_min,1.2627223654826267,kept
3m_used_lmt_second_der_median,1.5448165435974626,kept
12m_used_lmt_second_der_mean_rto,0.9868596556325413,high_corr
6m_used_lmt_first_der_median,2.144529132660841,kept
12m_used_lmt_second_der_small_0_sum,1.925024364536318,kept
6m_used_lmt_first_der_small_0_count,1.125876842540965,high_corr
12m_used_lmt_first_der_min,1.5149946862791344,kept
12m_used_lmt_first_der_sum,1.4443842029697862,high_corr
12m_used_lmt_first_der_mean_rto,1.0110281413428317,kept
18m_used_lmt_second_der_min,1.8624437702898178,kept
12m_used_lmt_second_der_max,1.7863221085319445,kept
3m_used_lmt_first_der_mean_diff,1.6847974161670791,kept
18m_used_lmt_second_der_sum,1.6708680102503988,kept
12m_used_lmt_first_der_great_0_count,1.3912905701909417,high_corr
6m_used_lmt_second_der_min,2.0237108362842364,kept
6m_used_lmt_first_der_sum,1.3816805902436025,kept
3m_used_lmt_first_der_mean_rto,2.143545253454219,kept
12m_used_lmt_second_der_mean_diff,1.5592865024411213,kept
6m_used_lmt_first_der_mean_diff,0.8536727192164278,kept
3m_used_lmt_first_der_sum,1.613290289217027,kept
18m_used_lmt_second_der_small_0_count,1.4411138788350708,high_corr
6m_used_lmt_second_der_median,1.3540555819905336,kept
3m_used_lmt_second_der_stddev,1.831944725451715,kept
3m_used_lmt_second_der_mean_diff,1.556327257655843,kept
3m_used_lmt_first_der_median,1.4931356471554373,kept
12m_used_lmt_second_der_sum,2.0267962859485547,kept
3m_used_lmt_second_der_small_0_count,0.6231652874494205,kept
12m_used_lmt_first_der_small_0_sum,1.7873835361789103,kept
6m_used_lmt_first_der_mean_rto,1.5839631194159218,kept
18m_used_lmt_second_der_mean_rto,0.7055623214485603,kept
12m_used_lmt_first_der_avg,1.3853676453355015,kept
18m_used_lmt_first_der_sum,2.1624477534101674,kept
6m_used_lmt_first_der_max,2.3943967853811063,kept
6m_used_lmt_second_der_mean_diff,2.2655199413025464,kept
12m_used_lmt_first_der_mean_diff,1.3083130380363206,kept
6m_used_lmt_second_der_sum,1.1778780535622515,kept
3m_used_lmt_first_der_small_0_sum,1.6616006436080037,kept
6m_used_lmt_first_der_small_0_sum,1.986327814828194,kept
3m_used_lmt_second_der_sum,1.4757294522068334,kept
3m_used_lmt_first_der_great_0_count,0.6491166173644887,kept
18m_used_lmt_first_der_mean_rto,0.7125432120844111,kept
12m_used_lmt_first_der_great_0_sum,1.8861930204903117,kept
3m_used_lmt_first_der_max,1.939841487738947,kept
stg_pln_cnt_on_1m_rto_his_light,0.25339879077640803,kept
stg_pln_cnt_due_6m_rto_his_light,0.10811654135812508,kept
stg_pln_sum_prc_amt_36m_his_rto_light,0.32682541780444735,kept
stg_pln_cnt_due_1m_rto_his_light,0.03659651161832764,kept
stg_pln_avg_prc_amt_36m_per_mth_light,0.38527513647317835,kept
stg_pln_cnt_12m_24m_rto_light,0.34591638108841377,kept
stg_pln_sum_prc_amt_24m_36m_rto_light,0.3156729850031237,kept
stg_pln_avg_prc_amt_6m_per_mth_light,0.4355306832635131,kept
ord_apl_fal_cnt_90_day,0.5345117796862392,kept
ord_apl_cnt_90_day_19_23,0.0,low_iv
ord_apl_suc_min_stg_num_360_day,0.0,low_iv
his_180_day_csh_apl_ord_cnt_his_rto,2.2144143699681744,high_corr
ord_apl_suc_max_prc_amt_his,0.0369397981334205,kept
ord_apl_sum_prc_amt_180_day_13_18,1.437697363435492,kept
fst_fal_ord_prc_amt,0.14625984070999437,kept
ord_apl_suc_sum_stg_num_his,0.7024436935607238,high_corr
ord_apl_cnt_30_day,0.8655948860878414,high_corr
fst_ord_prc_amt,0.019382675832474033,high_corr
ord_apl_min_prc_amt_360_day,0.016891274238041952,high_corr
ord_apl_max_prc_amt_180_day,2.02699995961343,high_corr
max_ddf_lag_crt_dte,0.3529357687237749,kept
ord_apl_sum_prc_amt_360_day_19_23,1.1110919216615511,kept
his_30_day_prc_amt_3_000_flg_suc_ord_cnt,0.0,low_iv
ord_apl_suc_cnt_180_day_19_23,0.4282355166274909,kept
ord_apl_suc_max_stg_num_his,0.13119896238377324,kept
fst_ord_stg_num,0.013407912397613828,kept
ord_apl_suc_min_stg_num_his,0.05471852586020727,kept
min_ddf_suc_lag_crt_tim_mnt,0.4289499181786831,kept
ddf_mdl_lst_ord_crt_dte,2.8241134646669965,high_corr
pst_ord_apl_suc_sum_prc_amt_his,0.42212712155802323,high_corr
ord_apl_suc_max_stg_num_90_day,0.004920620608770517,low_iv
ord_apl_sum_prc_amt_90_day_19_23,0.0,low_iv
ord_apl_suc_12_cnt_30_day,0.0,low_iv
ord_apl_suc_sum_prc_amt_180_day_07_12,0.7489747300992637,kept
ord_apl_suc_max_prc_amt_360_day,1.4635997835321237,high_corr
ord_apl_suc_sum_prc_amt_180_day_19_23,0.7772609456730157,kept
ord_apl_suc_6_cnt_his,0.14013002743643252,kept
ord_apl_suc_6_cnt_360_day,0.0,low_iv
ord_apl_suc_sum_prc_amt_90_day,0.8172236030618968,high_corr
ord_apl_suc_sum_prc_amt_180_day_13_18,0.6540152037814619,high_corr
his_360_day_csh_apl_ord_cnt_his_rto,2.2631232668698282,kept
ord_apl_suc_cnt_90_day_07_12,0.5111190953316207,kept
ord_apl_sum_prc_amt_30_90_day_rto,2.4651846283251966,kept
ord_apl_fal_cnt_360_day,0.7398763567282041,kept
ord_apl_cnt_360_day_04_06,0.0,low_iv
ord_apl_cnt_30_day_13_18,0.0,low_iv
pst_ord_apl_suc_max_prc_amt_180_day,1.729261469259694,kept
ord_apl_sum_prc_amt_180_day_07_12,1.5669958306915106,kept
his_30_day_prc_amt_3_000_flg_apl_ord_cnt,0.0,low_iv
pst_ord_apl_suc_sum_prc_amt_180_360_day_rto,2.1458647158668054,kept
fst_ord_prc_fst_adt_lmt_rto,0.016770087407691738,kept
fst_fal_ord_stg_num,0.13574254950752837,kept
ord_apl_suc_weighted_stg_num_180_day,0.9614975927681947,high_corr
ord_apl_sum_prc_amt_360_day,2.3594219949684794,high_corr
pst_ord_apl_suc_sum_prc_amt_360_day,1.390772811171087,high_corr
min_ddf_lag_crt_tim_mnt,0.4161257723413894,kept
ddf_fst_lst_ord_crt_dte,0.4659939055101712,kept
max_ddf_suc_lag_crt_dte,0.3788527622393203,kept
ord_apl_avg_prc_amt_360_day,2.536548983014269,high_corr
ord_apl_cnt_180_day_13_18,1.1896320575404493,high_corr
ord_apl_fal_cnt_his,0.3490406442280298,kept
ord_apl_sum_prc_amt_90_day,1.760002619054216,high_corr
ord_apl_suc_cnt_90_day_13_18,0.5190229615084297,kept
ddf_fst_adt_fst_ord_crt_dte_mnt,0.025202178828872893,kept
ord_apl_sum_prc_amt_30_day_13_18,0.0,low_iv
ord_apl_cnt_90_day_07_12,0.7923799179864334,kept
pst_ord_apl_suc_sum_prc_amt_30_day,0.0,low_iv
bsy_typ_suc_cnt_his,0.015898262301227206,kept
ord_apl_sum_prc_amt_30_day_07_12,0.0,low_iv
ord_apl_suc_min_prc_amt_180_day,0.0,low_iv
his_90_day_csh_apl_ord_cnt_his_rto,1.575624509418989,high_corr
his_360_day_csh_apl_ord_cnt,2.538405239391797,high_corr
ord_apl_sum_prc_amt_90_180_day_rto,2.837342645040292,high_corr
ord_apl_sum_prc_amt_30_day,1.100206819977845,high_corr
his_30_day_csh_apl_ord_cnt_his_rto,1.0277448048101188,kept
his_90_day_prc_amt_1_000_flg_suc_ord_cnt,1.0285215476359335,high_corr
pst_ord_apl_suc_cnt_30_day,0.0,low_iv
ord_apl_cnt_360_day_19_23,0.8098812555365205,high_corr
ord_apl_sum_prc_amt_360_day_04_06,0.0,low_iv
ord_apl_min_prc_amt_his,0.2625882519930468,kept
pst_ord_apl_suc_max_prc_amt_his,0.26882296107775655,kept
his_180_day_prc_amt_3_000_flg_suc_ord_cnt,0.7945352536293929,high_corr
his_180_day_prc_amt_3_000_flg_apl_ord_cnt,1.1209921873692807,high_corr
ord_apl_suc_cnt_360_day_13_18,1.099304674593781,high_corr
ord_apl_cnt_360_day_00_03,0.0,low_iv
ord_apl_suc_sum_stg_num_180_day,1.6030461904356104,kept
pst_ord_apl_suc_sum_prc_amt_90_180_day_rto,2.059635368945729,kept
ddf_ato_fst_ord_crt_dte,0.07260562662138946,kept
ord_apl_suc_6_cnt_360_day_rto,2.2646156109925872,kept
ord_apl_sum_prc_amt_180_360_day_rto,2.94035157988061,high_corr
ord_apl_sum_prc_amt_360_day_00_03,0.0,low_iv
ord_apl_cnt_30_day_07_12,0.0,low_iv
ord_apl_suc_cnt_360_day_07_12,1.1512797614430799,kept
ord_apl_suc_12_cnt_360_day_rto,2.246812864749027,high_corr
m1_stg_pln_bnk_cnt_max,2.062972892988788,kept
m1_pmt_not_eng_mor_3_stg_pln_cnt,2.1106687990543698,kept
m1_pmt_not_eng_mor_3_stg_pln_amt_sum,2.100545493901173,kept
m3_payment_not_eng_inteday_max,0.9027515797941228,kept
m3_stg_pln_pmt_not_eng_amt_max,2.16208809046058,kept
m1_pmt_not_eng_equal_1_stg_pln_d0_cnt,2.1119040502764443,kept
m6_pmt_not_eng_equal_1_stg_pln_d0_amt_sum,2.1482500578436445,high_corr
m1_pmt_not_eng_cnt_pday_equal_1_day_cnt,1.2066960217613907,kept
m6_payment_not_eng_mdl_crt_ddf_max,1.255639937711841,kept
m6_pmt_not_eng_equal_2_stg_pln_d0_amt_sum_rat,2.030911179958692,kept
pmt_not_eng_stg_pln_cnt_1m_3m_rat_trend,1.8665761740373115,kept
m1_pmt_not_eng_mor_3_stg_pln_d0_cnt,2.076800233986508,kept
m3_pmt_not_eng_cnt_pday_min,1.0827732486545967,kept
m1_stg_pln_pmt_not_eng_cnt_min,2.034705051889107,kept
m3_pmt_not_eng_equal_1_stg_pln_amt_rat,2.141730668379083,kept
m3_pmt_not_eng_equal_3_stg_pln_d0_amt_sum,2.115348428719592,kept
m1_pmt_not_eng_stg_pln_d0_amt_sum_rat,1.7254231955426405,high_corr
m3_stg_pln_pmt_not_eng_cnt_sum,2.160424903364607,high_corr
m6_pmt_not_eng_equal_1_stg_pln_d0_cnt_rat,2.024012082016565,kept
m6_pmt_not_eng_amt_pday_min,1.2174944111807344,kept
m3_stg_pln_crd_cnt_min,2.109825697917069,kept
m1_pmt_not_eng_equal_2_stg_pln_cnt,2.1149660333096065,kept
m6_pmt_not_eng_equal_2_stg_pln_cnt,2.175560469530218,high_corr
m3_payment_not_eng_inteday_avg,0.8978499265127772,kept
m6_payment_not_eng_inteday_max,1.0043182978886627,kept
m6_stg_pln_d0_pmt_not_eng_cnt_max,2.054116633921871,high_corr
m6_pmt_not_eng_equal_3_stg_pln_d0_amt_sum_rat,1.9722226799516638,kept
m1_stg_pln_d0_pmt_not_eng_cnt_avg,1.719695073752499,kept
m3_pmt_not_eng_equal_2_stg_pln_d0_amt_sum,2.1589046722552414,kept
m3_pmt_not_eng_equal_2_stg_pln_cnt_rat,2.129051474735561,kept
m3_pmt_not_eng_stg_pln_d0_cnt,2.2330500427530966,kept
m6_pmt_not_eng_equal_1_stg_pln_d0_cnt,2.167919435163582,high_corr
m1_pmt_not_eng_cnt_pday_min,0.8378958352561602,kept
m6_stg_pln_d0_pmt_not_eng_cnt_avg,2.0000879858247216,high_corr
m3_pmt_not_eng_cnt_pday_equal_1_day_cnt,1.2198879697262164,kept
m3_pmt_not_eng_equal_3_stg_pln_amt_rat,2.112989075352141,kept
m1_stg_pln_crd_cnt_min,2.0244958174403394,kept
m6_pmt_not_eng_amt_pday_max,1.196808789035025,high_corr
m6_stg_pln_pmt_not_eng_cnt_min,2.076800233986508,kept
m6_payment_not_eng_mdl_crt_ddf_min,1.3329570483270476,kept
m1_pmt_not_eng_equal_1_stg_pln_amt_rat,2.024276496857716,kept
m1_stg_pln_pmt_not_eng_cnt_max,2.0634272907999285,high_corr
m3_stg_pln_pmt_not_eng_cnt_min,2.1172855542739373,kept
m1_pmt_not_eng_equal_3_stg_pln_d0_amt_sum,2.076800233986508,kept
m1_pmt_not_eng_mor_3_stg_pln_amt_rat,2.0243672863520144,kept
m6_pmt_not_eng_mor_3_stg_pln_cnt_rat,2.1415980561874783,kept
m6_payment_not_eng_mdl_crt_ddf_avg,1.3033301555079144,kept
m6_pmt_not_eng_mor_3_stg_pln_d0_amt_sum_rat,1.990361337072823,kept
m3_payment_not_eng_mdl_crt_ddf_avg,1.1568525760357478,kept
pmt_not_eng_stg_pln_cnt_3m_6m_rat_trend,1.5164696355509224,kept
m6_payment_not_eng_inteday_avg,1.0017396124007718,kept
m3_pmt_not_eng_cnt_pday_mor_0_day_cnt,1.2387389860691282,kept
m3_stg_pln_crd_cnt_max,2.1521141633002947,kept
m3_payment_not_eng_mdl_crt_ddf_max,1.1431076087182177,kept
m3_pmt_not_eng_mor_3_stg_pln_d0_amt_sum,2.1433307271936783,kept
m6_pmt_not_eng_mor_3_stg_pln_cnt,2.1027349021507344,kept
m3_pmt_not_eng_equal_1_stg_pln_amt_sum,2.1495442909109608,kept
m3_stg_pln_bnk_cnt_avg,2.1430795164093506,kept
m1_stg_pln_pmt_not_eng_amt_max,2.156302247767767,kept
m3_pmt_not_eng_stg_pln_cnt_rat,2.150818084731991,high_corr
m1_pmt_not_eng_cnt_pday_mor_1_day_cnt,1.2172883083860133,kept
m3_stg_pln_pmt_not_eng_cnt_avg,2.1419728585771267,high_corr
m6_pmt_not_eng_equal_3_stg_pln_d0_cnt,2.1265521705763857,kept
m1_pmt_not_eng_equal_3_stg_pln_amt_rat,2.024122629380495,kept
m6_stg_pln_pmt_not_eng_amt_min,1.2303699767993923,kept
m3_pmt_not_eng_stg_pln_d0_amt_sum,2.196922446571791,kept
m1_payment_not_eng_mdl_crt_ddf_max,0.886224595066011,kept
m6_pmt_not_eng_mor_3_stg_pln_d0_cnt,2.1310944509080687,high_corr
m6_stg_pln_pmt_not_eng_cnt_max,2.1429775469191514,high_corr
m6_pmt_not_eng_cnt_pday_max,1.2048802932943832,kept
m1_pmt_not_eng_equal_1_stg_pln_amt_sum,2.117957702104899,kept
pmt_not_eng_stg_pln_cnt_3m_6m_rat,1.446823225688876,kept
m1_pmt_not_eng_equal_2_stg_pln_d0_amt_sum,2.1241698460512755,kept
m6_pmt_not_eng_cnt_pday_min,1.1931372648524279,kept
m6_pmt_not_eng_mor_3_stg_pln_amt_sum,2.1010291086127957,kept
m1_pmt_not_eng_equal_2_stg_pln_amt_rat,2.026232214682753,kept
m1_pmt_not_eng_equal_3_stg_pln_cnt,2.076800233986508,kept
m3_rep_apl_suc_cnt_rat,2.336219982908699,high_corr
m6_ao_offline_rep_apl_suc_cnt,2.2705458544462145,kept
m3_manual_work_day_rep_apl_fal_cnt,2.2948078245996752,kept
m1_manual_tim_0_5_rep_apl_fal_cnt,2.2705458544462145,kept
m6_ao_offline_rep_apl_suc_amt_sum,2.2705458544462145,high_corr
m3_manual_deduct_rep_apl_suc_amt_sum,2.2705458544462145,kept
m1_manual_rep_apl_suc_cnt_in_manual_rep_rat,1.1174451437428683,kept
m3_manual_tim_13_18_rep_apl_fal_cnt,2.2705458544462145,kept
m6_manual_deduct_rep_apl_suc_amt_avg,2.2705458544462145,kept
m1_manual_tim_6_12_rep_apl_fal_cnt,2.2705458544462145,kept
m1_manual_tim_6_12_rep_apl_cnt_rat,1.1543519364040855,kept
m1_add_bathch_rep_apl_suc_cnt_rat,2.2947577530461176,kept
m6_add_bathch_rep_apl_suc_cnt,2.273468156709861,high_corr
m3_manual_deduct_rep_apl_cnt_rat,2.310354897060044,kept
m1_manual_tim_13_18_rep_apl_suc_cnt,2.341178733557488,kept
m1_normal_batch_rep_apl_suc_cnt,2.528047191629801,kept
m1_ao_offline_rep_apl_cnt,2.2705458544462145,kept
m3_ao_offline_mrn_rep_apl_suc_cnt,2.2705458544462145,kept
m1_manual_mrn_rep_apl_suc_cnt,2.4139357319408274,high_corr
m1_mrn_rep_apl_cnt,2.650812677251204,kept
m6_manual_deduct_rep_apl_fal_cnt,2.2740043464916573,kept
m1_manual_rep_apl_fal_cnt,2.2705458544462145,high_corr
m6_ao_offline_rep_apl_suc_amt_max,2.2705458544462145,high_corr
m1_manual_deduct_rep_apl_suc_amt_sum,2.2705458544462145,kept
m3_submit_fal_rep_apl_cnt,2.2705458544462145,kept
m3_manual_rep_apl_suc_amt_avg,2.3999260221284486,kept
m1_manual_weekend_day_rep_apl_fal_cnt,2.2705458544462145,kept
m3_manual_tim_19_24_rep_apl_fal_cnt,2.2705458544462145,kept
m6_manual_tim_19_24_rep_apl_suc_cnt_rat,1.6606346093098705,kept
m1_manual_deduct_rep_apl_cnt_rat,2.2947577530461176,kept
m6_manual_tim_13_18_rep_apl_suc_cnt,2.3894803753101073,kept
m6_manual_rep_apl_fal_cnt,2.300226261091081,kept
m6_manual_rep_apl_suc_cnt_in_manual_rep_rat,1.6901605053882243,kept
m6_ao_offline_rep_apl_suc_amt_avg,2.2705458544462145,high_corr
m6_manual_rep_apl_suc_amt_max,2.327318204507911,kept
m6_manual_rep_apl_fal_cnt_rat,1.4437265947499278,kept
m1_rep_apl_suc_amt_max,2.4599493245694997,kept
m3_add_bathch_mrn_rep_apl_suc_cnt,2.2778791777713847,high_corr
m6_part_suc_rep_apl_cnt,2.2909364705864865,kept
m6_manual_weekend_day_rep_apl_fal_cnt,2.2705458544462145,kept
m1_manual_deduct_rep_apl_cnt,2.2705458544462145,high_corr
m1_manual_rep_apl_fal_cnt_rat,1.0289278719426729,kept
m1_rep_apl_suc_cnt,2.704455333676841,kept
m1_part_suc_rep_apl_cnt_rat,2.2947577530461176,kept
m6_manual_tim_19_24_rep_apl_suc_cnt,2.328107098594667,kept
m1_ao_offline_mrn_rep_apl_suc_cnt,2.2705458544462145,kept
m3_add_bathch_rep_apl_suc_cnt_rat,2.310572967036454,kept
m1_manual_rep_apl_suc_cnt_rat,2.3556707094780736,kept
m6_manual_tim_6_12_rep_apl_cnt_rat,1.676701930027774,kept
m1_normal_batch_rep_apl_suc_amt_avg,2.379756662335794,kept
m6_manual_tim_13_18_rep_apl_suc_cnt_rat,1.6639257431277978,kept
m6_add_bathch_rep_apl_suc_amt_max,2.2731165132750224,kept
m1_manual_rep_apl_suc_amt_avg,2.4106097082287303,high_corr
m6_manual_tim_0_5_rep_apl_fal_cnt,2.2705458544462145,kept
m6_normal_batch_rep_apl_fal_cnt_rat,1.485762208755308,kept
m1_manual_tim_13_18_rep_apl_cnt_rat,1.123182472486404,kept
m1_rep_apl_suc_amt_avg,2.478097430630048,kept
m6_manual_tim_0_5_rep_apl_suc_cnt,2.3424515273346533,kept
m3_ao_offline_rep_apl_suc_amt_avg,2.2705458544462145,high_corr
m1_manual_tim_13_18_rep_apl_fal_cnt,2.2705458544462145,kept
m6_add_bathch_rep_apl_suc_amt_avg,2.2711494196523545,high_corr
m1_submit_fal_rep_apl_cnt_rat,2.2947577530461176,kept
m3_manual_tim_0_5_rep_apl_fal_cnt,2.2705458544462145,high_corr
m3_normal_batch_rep_apl_suc_amt_sum,2.3861885137549392,kept
m1_add_bathch_rep_apl_suc_amt_sum,2.2705458544462145,kept
m1_rep_apl_suc_amt_sum,2.552993474864702,kept
m1_normal_batch_rep_apl_fal_cnt_rat,1.0352748512215384,kept
m1_ao_offline_rep_apl_suc_amt_max,2.2705458544462145,high_corr
m1_normal_batch_rep_apl_cnt_rat,2.3439872263110217,kept
m1_part_suc_rep_apl_cnt,2.2705458544462145,kept
m6_manual_work_day_rep_apl_suc_cnt_rat,1.686960732912528,kept
m1_manual_tim_19_24_rep_apl_cnt_rat,1.1243843076885962,kept
m1_manual_weekend_day_rep_apl_suc_cnt,2.3808856259478253,kept
m3_manual_deduct_rep_apl_suc_amt_avg,2.2705458544462145,kept
m6_manual_deduct_rep_apl_suc_cnt,2.2705458544462145,kept
m6_rep_apl_suc_amt_sum,2.375634978072636,high_corr
m1_manual_deduct_rep_apl_suc_amt_min,2.2705458544462145,kept
m1_manual_deduct_mrn_rep_apl_suc_cnt,2.2705458544462145,high_corr
m6_manual_rep_apl_suc_cnt_rat,2.3025542407350463,high_corr
m1_manual_work_day_rep_apl_cnt_rat,1.1496236021030901,kept
m6_mrn_rep_apl_cnt,2.5281913646763963,kept
m6_manual_tim_13_18_rep_apl_fal_cnt,2.2705458544462145,kept
m1_ao_offline_rep_apl_suc_amt_sum,2.2705458544462145,high_corr
m1_add_bathch_rep_apl_suc_amt_avg,2.2705458544462145,kept
m6_normal_batch_rep_apl_suc_amt_min,2.30545819017014,kept
m3_ao_offline_rep_apl_cnt_rat,2.310354897060044,kept
m6_normal_batch_rep_apl_suc_amt_avg,2.3078042363413775,kept
m6_normal_batch_rep_apl_suc_amt_max,2.2964295551802216,high_corr
m3_manual_weekend_day_rep_apl_fal_cnt,2.2705458544462145,kept
m3_ao_offline_rep_apl_suc_amt_max,2.2705458544462145,high_corr
m1_manual_deduct_rep_apl_suc_cnt_rat,2.2947577530461176,kept
m1_normal_batch_rep_apl_suc_amt_max,2.3560082319442524,kept
m3_submit_fal_rep_apl_cnt_rat,2.310354897060044,kept
m3_ao_offline_rep_apl_suc_amt_sum,2.2705458544462145,high_corr
m3_rep_apl_suc_amt_avg,2.419807283183303,kept
m3_part_suc_rep_apl_cnt_rat,2.310354897060044,kept
m3_manual_deduct_rep_apl_suc_cnt_rat,2.310354897060044,kept
m1_manual_tim_19_24_rep_apl_fal_cnt,2.2705458544462145,kept
m1_manual_tim_19_24_rep_apl_suc_cnt,2.3022252885356886,kept
m1_manual_rep_apl_suc_amt_sum,2.429335054548259,kept
m3_add_bathch_rep_apl_suc_amt_sum,2.2771390744450977,kept
m6_manual_tim_19_24_rep_apl_fal_cnt,2.2705458544462145,kept
m3_manual_mrn_rep_apl_fal_cnt,2.2705458544462145,kept
m1_normal_batch_rep_apl_suc_amt_min,2.2705458544462145,kept
m6_add_bathch_rep_apl_cnt_rat,2.2705678676429444,kept
m1_add_bathch_mrn_rep_apl_suc_cnt,2.2705458544462145,kept
m6_normal_batch_rep_apl_cnt_rat,2.294692727598173,kept
m6_manual_tim_0_5_rep_apl_suc_cnt_rat,1.625209636496911,kept
m3_manual_rep_apl_suc_cnt,2.516121360983724,kept
m1_submit_fal_rep_apl_cnt,2.2705458544462145,kept
m3_manual_deduct_rep_apl_suc_cnt,2.2705458544462145,high_corr
m6_manual_rep_apl_suc_amt_avg,2.3386347091817736,kept
m6_submit_fal_rep_apl_cnt,2.2705458544462145,kept
m1_manual_tim_0_5_rep_apl_suc_cnt,2.2705458544462145,high_corr
m3_manual_rep_apl_suc_amt_sum,2.4291502009194414,kept
m3_ao_offline_rep_apl_suc_cnt_rat,2.310354897060044,kept
m3_add_bathch_rep_apl_suc_amt_avg,2.275763822583847,kept
m3_normal_batch_rep_apl_suc_cnt_rat,2.3723595125422894,kept
m3_manual_rep_apl_cnt_rat,2.378359994937462,kept
m6_rep_apl_suc_amt_min,2.332730744465469,kept
m1_manual_tim_0_5_rep_apl_cnt_rat,1.117242774467982,high_corr
m3_manual_rep_apl_suc_amt_max,2.4054693729980157,high_corr
m6_manual_deduct_rep_apl_suc_amt_max,2.2705458544462145,kept
d365_avl_lmt_eql_0_month_cnt,0.016120834021834212,kept
d180_avl_lmt_eql_0_month_cnt,0.0,low_iv
d1095_avl_lmt_con_drp_month_max,0.37549822603074784,kept
d730_avl_lmt_eql_0_month_cnt,0.08293106552402739,kept
d90_avl_lmt_con_drp_month_max,0.3664181384856463,kept
d180_avl_lmt_shift1_rise_month_cnt,1.5944666257335032,kept
d730_avl_lmt_shift1_rise_month_cnt,0.8565415498717482,high_corr
d1095_avl_lmt_eql_0_month_cnt,0.11151072152986519,kept
d365_avl_lmt_con_drp_month_max,0.7794161110990181,kept
d730_avl_lmt_con_drp_month_max,0.6272019108606748,kept
ai_refuse_cnt_60d,0.4970539655572657,kept
ai_alpa_cnt_3d,0.4935500122842072,kept
ai_rtp_cnt_30d,0.4935500122842072,kept
ai_busy_cnt_3d,0.4935500122842072,kept
ai_call_cnt_60d,0.5042875167508025,kept
ai_wcnhk_cnt_90d,0.49379405485101907,kept
ai_ptp_cnt_60d,0.4935500122842072,kept
ai_call_cnt_10d,0.5052837300000189,kept
ai_ptp_cnt_7d,0.4935500122842072,high_corr
ai_rtp_cnt,0.4935500122842072,high_corr
ai_ptp_cnt_21d,0.4935500122842072,kept
ai_tousu2_cnt_15d,0.4935500122842072,kept
ai_alpa_cnt_7d,0.4935500122842072,kept
ai_answer_cnt_60d,0.49492429836575075,kept
ai_call_cnt_21d,0.5058498121067005,kept
ai_answer_close_cnt_15d,0.4935500122842072,kept
ai_alpa_cnt_30d,0.4935500122842072,kept
ai_tousu2_cnt,0.4935500122842072,kept
ai_tousu2_cnt_21d,0.4935500122842072,kept
ai_wcnhk_cnt_7d,0.4935500122842072,kept
ai_answer_close_cnt_30d,0.4935700947203683,kept
ai_ptp_cnt_3d,0.4935500122842072,high_corr
ai_busy_cnt_15d,0.4935507291978219,kept
ai_busy_cnt,0.49777481641494437,kept
ai_refuse_cnt,0.4961596342628249,kept
ai_rtp_cnt_10d,0.4935500122842072,high_corr
ai_wcnhk_cnt_15d,0.4939486882214374,kept
ai_answer_cnt_3d,0.4935500122842072,high_corr
ai_wcnhk_cnt_30d,0.4936946291505536,kept
ai_answer_cnt_10d,0.49383879917306,kept
ai_answer_cnt_21d,0.49514143486967815,kept
ai_call_cnt_3d,0.4935500122842072,kept
ai_answer_close_cnt_7d,0.4935500122842072,kept
ai_busy_cnt_7d,0.4935500122842072,kept
ai_answer_close_cnt_3d,0.4935500122842072,kept
ai_refuse_cnt_7d,0.4935500122842072,kept
ai_wcnhk_cnt_3d,0.4935500122842072,kept
ai_rtp_cnt_7d,0.4935500122842072,high_corr
ai_refuse_cnt_21d,0.4935500122842072,kept
ai_refuse_cnt_3d,0.4935500122842072,kept
ai_answer_close_cnt_90d,0.49545541671003757,kept
ai_busy_cnt_30d,0.4941159773703131,kept
ai_tousu2_cnt_10d,0.4935500122842072,kept
ai_tousu2_cnt_90d,0.4935500122842072,kept
ai_rtp_cnt_3d,0.4935500122842072,kept
ai_alpa_cnt_15d,0.4935500122842072,kept
d365_aplord_amt_grt_fst_month_rto,0.6274890854714931,kept
d365_aplord_amt_grt_fst_month_cnt,0.5586260623975481,kept
d365_aplord_amt10000plus_month_cnt,2.538119100232483,kept
d1095_aplord_stg_grt_fst_month_cnt,0.14580514219570773,kept
d365_aplord_amt10000plus_month_rto,2.47574787069999,kept
d180_aplord_stg_grt_fst_month_cnt,0.0,low_iv
d90_aplord_amt_grt_fst_month_rto,0.5184308080986405,kept
d90_aplord_fal_month_cnt,2.2790802383345206,kept
d730_aplord_amt_grt_fst_month_rto,0.15039157672158962,kept
d1095_aplord_fal_month_cnt,1.628265637878289,kept
d90_aplord_suc_month_cnt,2.5243330055220277,kept
d730_aplord_stg_grt_fst_month_rto,0.08712300005211335,kept
d365_aplord_suc_month_cnt,3.113877713763392,kept
d365_aplord_fal_month_rto,2.6774023528433326,kept
d90_aplord_suc_month_rto,2.2627940100514654,kept
d365_aplord_fal_month_cnt,2.5257370749562686,kept
6m_repay_amt_second_der_median,1.8743134515999635,kept
18m_repay_amt_second_der_mean_rto,0.6892459292165564,kept
3stg_pln_repay_amt_first_der_mean_rto,1.5886955281913169,kept
6m_repay_amt_second_der_mean_diff,1.832311225607715,kept
12stg_pln_repay_amt_first_der_median,1.7368309395240549,kept
12m_repay_amt_first_der_mean_rto,1.0267153096740866,kept
24thord_con_ontime_repay_max,0.2782117315459657,kept
3m_repay_amt_first_der_max,2.249932495035144,high_corr
36stg_pln_repay_amt_first_der_great_0_count,1.4917220980027377,kept
3m_repay_amt_first_der_median,2.169763520687555,high_corr
6stg_pln_repay_amt_second_der_mean_rto,1.0446742045115665,kept
3m_repay_amt_second_der_sum,1.9509414202117985,kept
12stg_pln_repay_amt_first_der_sum,1.814082441651442,kept
30stg_pln_repay_amt_second_der_mean_rto,1.051158569014334,kept
3stg_pln_repay_amt_second_der_small_0_count,0.27299563338284905,kept
6m_repay_amt_first_der_great_0_count,2.0615937413329966,kept
36stg_pln_repay_amt_first_der_sum,1.815592955639476,kept
3m_repay_amt_first_der_mean_diff,2.1385104528980596,kept
12m_con_keep_repay_max,2.1003197619886977,kept
6stg_pln_repay_amt_second_der_median,1.7032760281997747,kept
6m_con_keep_repay_max,2.095206840711443,kept
3stg_pln_repay_amt_second_der_mean_diff,1.9996806770189748,kept
12m_repay_amt_second_der_sum,1.6687460689569675,kept
12m_repay_amt_second_der_median,1.5916322014165192,kept
6stg_pln_repay_amt_first_der_mean_diff,1.8342693370224306,kept
12stg_pln_repay_amt_second_der_mean_rto,0.9824375616477219,kept
3stg_pln_repay_amt_first_der_mean_diff,1.9279265162109724,kept
3m_repay_amt_second_der_mean_rto,1.5136919952977852,kept
18m_repay_amt_first_der_mean_rto,0.7818212096165651,kept
12m_repay_amt_second_der_avg,1.6358700109189384,kept
3m_repay_amt_second_der_median,1.949964611027312,kept
24stg_pln_repay_amt_second_der_avg,1.6628735838847133,kept
12stg_pln_repay_amt_first_der_mean_diff,1.7664671391945168,kept
36stg_pln_repay_amt_first_der_mean_rto,1.0115240585872054,kept
3m_repay_amt_first_der_sum,2.2000603497973232,kept
18m_con_keep_repay_max,2.095206840711443,kept
3m_repay_amt_second_der_mean_diff,2.086508381364342,kept
3stg_pln_repay_amt_first_der_sum,1.9148304760242751,kept
18m_repay_amt_second_der_avg,1.5045552736565102,high_corr
3m_repay_amt_first_der_min,2.0386117488146493,kept
3m_repay_amt_second_der_max,1.9558932770163477,kept
12m_repay_amt_second_der_mean_rto,0.8694191940678593,kept
3m_repay_amt_second_der_great_0_count,1.8274074555732918,kept
3m_repay_amt_first_der_small_0_count,1.8220248804381363,kept
3stg_pln_repay_amt_first_der_small_0_count,0.5350934250614788,kept
6stg_pln_repay_amt_first_der_median,1.7848169697856775,kept
24stg_pln_repay_amt_second_der_mean_rto,1.111087430871775,kept
6m_repay_amt_second_der_small_0_count,2.131025150292011,kept
3m_repay_amt_second_der_min,1.9378711749690674,kept
18m_repay_amt_first_der_avg,1.8591259718255304,kept
18m_con_dsc_repay_max,2.161412597910521,kept
36stg_pln_repay_amt_second_der_mean_diff,1.655476619310181,kept
18m_repay_amt_second_der_mean_diff,1.5049848421038146,kept
18stg_pln_repay_amt_first_der_mean_rto,1.0781329475096892,kept
6m_repay_amt_first_der_median,2.139830842849533,kept
24stg_pln_repay_amt_first_der_mean_rto,1.115399100940131,kept
18stg_pln_repay_amt_second_der_mean_diff,1.663487502979586,kept
12thord_con_late_repay_max,0.03165549401221687,kept
6stg_pln_repay_amt_first_der_mean_rto,1.2962545855978265,kept
3stg_pln_repay_amt_second_der_mean_rto,1.2417686709242381,kept
3m_repay_amt_first_der_mean_rto,1.8680624292100423,kept
36stg_pln_repay_amt_first_der_small_0_count,1.3408965437054159,high_corr
6m_repay_amt_first_der_mean_rto,1.4023865534133244,kept
12m_repay_amt_second_der_mean_diff,1.6394031873555526,kept
12m_repay_amt_first_der_stddev,1.934993033833949,kept
6stg_pln_repay_amt_second_der_sum,1.737332919821693,kept
6m_repay_amt_first_der_sum,2.149745112035776,kept
6stg_pln_repay_amt_first_der_great_0_count,1.3413258934655705,kept
6m_repay_amt_second_der_mean_rto,1.2386632376203943,kept
12stg_pln_repay_amt_second_der_median,1.6516489928331477,kept
12stg_pln_repay_amt_first_der_mean_rto,1.1680762288933157,kept
18m_repay_amt_second_der_sum,1.534524638129379,kept
6m_repay_amt_second_der_sum,1.8635610935399038,kept
6thord_con_adv_repay_max,0.3776259862771755,high_corr
12m_repay_amt_second_der_great_0_count,1.8980140748861887,kept
6stg_pln_repay_amt_first_der_min,1.9300067910227092,kept
18m_repay_amt_second_der_median,1.4476864007621046,high_corr
6m_repay_amt_first_der_max,2.269737510887178,kept
12m_repay_amt_first_der_mean_diff,1.8790331749745306,kept
3stg_pln_repay_amt_first_der_median,1.871837207870792,kept
18m_con_asc_repay_max,2.1343169590580047,kept
18m_repay_amt_first_der_mean_diff,1.6657817355342486,kept
18stg_pln_repay_amt_second_der_mean_rto,1.042933146958098,kept
18m_repay_amt_first_der_median,1.6952201979116461,kept
6stg_pln_repay_amt_first_der_max,1.91046477638046,kept
30stg_pln_repay_amt_first_der_mean_rto,1.0603527871897995,kept
24stg_pln_repay_amt_first_der_mean_diff,1.7669701369985655,kept
18stg_pln_repay_amt_first_der_stddev,1.8772431828758498,kept
6thord_con_ontime_repay_max,0.28809961344192025,kept
6m_repay_amt_first_der_mean_diff,2.1191775593296382,kept
12m_repay_amt_first_der_sum,1.9712608192336385,kept
36stg_pln_repay_amt_second_der_mean_rto,1.002690702807003,kept
12m_repay_amt_first_der_median,1.8857222684087724,kept
6m_con_dsc_repay_max,2.135535409422998,kept
3stg_pln_repay_amt_first_der_stddev,2.003569096493982,kept
f54__percent_true_call_mode_is_manual_called_phone_social_relations_is_friend_30d,0.5646663605871496,kept
f54__percent_true_call_mode_is_ai_called_phone_social_relations_is_self_15d,0.5713811217404378,kept
percent_true_call_mode_is_yuce_called_phone_social_relations_is_self_180d,0.5646663605871496,kept
f54__percent_true_call_mode_is_ai_called_phone_social_relations_is_self_7d,0.572907138118308,kept
percent_true_call_mode_is_yuce_called_phone_social_relations_is_self_60d,0.5646663605871496,kept
f54__percent_true_call_mode_is_manual_called_phone_social_relations_is_family_is_can_contact_person_is_yes_60d,0.5646663605871496,kept
num_true_call_mode_is_ai_called_phone_social_relations_is_self_is_can_contact_person_is_no_60d,0.3576973833980795,high_corr
percent_true_call_mode_is_yuce_called_phone_social_relations_is_friend_is_can_contact_person_is_no_30d,0.5646663605871496,kept
percent_true_call_mode_is_manual_called_phone_social_relations_is_family_7d,0.5646663605871496,kept
percent_true_call_mode_is_yuce_called_phone_social_relations_is_friend_is_can_contact_person_is_no_180d,0.5646663605871496,kept
sum_talk_duration_call_mode_ai_180d,0.5650557968794732,kept
percent_true_call_mode_is_manual_called_phone_social_relations_is_family_180d,0.5724966578747085,high_corr
percent_true_call_mode_is_yuce_called_phone_social_relations_is_friend_is_can_contact_person_is_no_60d,0.5646663605871496,kept
percent_true_call_mode_is_yuce_called_phone_social_relations_is_family_is_can_contact_person_is_no_30d,0.5646663605871496,kept
f54__percent_true_call_mode_is_manual_called_phone_social_relations_is_friend_180d,0.5745474819648702,kept
f54__percent_true_call_mode_is_manual_called_phone_social_relations_is_friend_15d,0.5646663605871496,high_corr
percent_true_call_mode_is_manual_called_phone_social_relations_is_friend_is_can_contact_person_is_yes_30d,0.5646663605871496,kept
f54__percent_true_call_mode_is_manual_called_phone_social_relations_is_self_is_can_contact_person_is_yes_90d,0.5646663605871496,kept
f54__percent_true_call_mode_is_manual_called_phone_social_relations_is_self_is_can_contact_person_is_yes_30d,0.5646663605871496,kept
f54__percent_true_call_mode_is_manual_called_phone_social_relations_is_friend_is_can_contact_person_is_yes_15d,0.5646663605871496,kept
sum_talk_duration_180d,0.5691663613799844,kept
f54__percent_true_call_mode_is_manual_called_phone_social_relations_is_self_is_can_contact_person_is_yes_180d,0.5720615492842354,kept
f54__percent_true_call_mode_is_manual_called_phone_social_relations_is_self_is_can_contact_person_is_yes_15d,0.5646663605871496,high_corr
percent_true_call_mode_is_manual_called_phone_social_relations_is_family_90d,0.5688438794423898,high_corr
percent_true_call_mode_is_manual_called_phone_social_relations_is_friend_7d,0.5646663605871496,kept
percent_true_call_mode_is_manual_called_phone_social_relations_is_friend_is_can_contact_person_is_yes_180d,0.5646663605871496,kept
percent_true_call_mode_is_yuce_called_phone_social_relations_is_family_is_can_contact_person_is_no_180d,0.5646663605871496,kept
percent_true_call_mode_is_ai_called_phone_social_relations_is_self_is_can_contact_person_is_no_60d,0.5796397828952455,kept
percent_true_call_mode_is_manual_called_phone_social_relations_is_family_is_can_contact_person_is_yes_180d,0.5698553588028403,kept
f54__percent_true_call_mode_is_ai_called_phone_social_relations_is_self_180d,0.5858901025248906,kept
f54__percent_true_call_mode_is_yuce_called_phone_social_relations_is_self_30d,0.5646663605871496,kept
percent_true_call_mode_is_manual_called_phone_social_relations_is_friend_is_can_contact_person_is_yes_90d,0.5646663605871496,kept
percent_true_call_mode_is_manual_called_phone_social_relations_is_family_30d,0.5646663605871496,kept
percent_true_call_mode_is_manual_called_phone_social_relations_is_friend_90d,0.5646663605871496,high_corr
f54__percent_true_call_mode_is_manual_called_phone_social_relations_is_self_is_can_contact_person_is_no_30d,0.5646663605871496,kept
f54__percent_true_call_mode_is_manual_called_phone_social_relations_is_family_15d,0.5646663605871496,kept
f54__percent_true_call_mode_is_manual_called_phone_social_relations_is_self_7d,0.5646663605871496,kept
f54__percent_true_call_mode_is_ai_called_phone_social_relations_is_self_30d,0.5762509231542909,kept
f54__percent_true_call_mode_is_ai_called_phone_social_relations_is_self_90d,0.5845589069202771,kept
percent_true_call_mode_is_manual_called_phone_social_relations_is_family_is_can_contact_person_is_yes_30d,0.5646663605871496,kept
f54__percent_true_call_mode_is_manual_called_phone_social_relations_is_family_is_can_contact_person_is_yes_15d,0.5646663605871496,kept
percent_true_call_mode_is_manual_called_phone_social_relations_is_self_15d,0.5646663605871496,kept
f54__percent_true_call_mode_is_manual_called_phone_social_relations_is_self_is_can_contact_person_is_no_90d,0.5688438794423898,kept
used_rate_ch_grt_0p2_rate_3m_suc,2.296260395026005,kept
rsk_avl_lmt_ch_les_1000_cnt_3m,2.47240022084343,high_corr
rsk_avl_lmt_ch_les_500_cnt_12m,2.901091918580856,high_corr
used_rate_ch_grt_0p8_rate_1m_suc,1.556304279790744,kept
used_rate_ch_grt_0p5_cnt_3m,2.5032445280026905,high_corr
rsk_avl_lmt_ch_les_1000_rate_12m,2.6945748219229033,kept
rsk_avl_lmt_ch_les_500_cnt_1m,1.5719583219139748,kept
rsk_avl_lmt_ch_les_10000_rate_3m,2.3385377419148012,high_corr
used_rate_ch_grt_0p2_cnt_3m,2.277060936741752,kept
used_rate_ch_grt_0p2_rate_12m,2.488275160305706,kept
rsk_avl_lmt_ch_les_5000_cnt_1m,1.624269079582976,kept
used_rate_ch_grt_0p95_rate_1m,1.5557218164294855,kept
rsk_avl_lmt_ch_les_5000_rate_1m,1.5559206089508932,kept
used_rate_ch_grt_0p5_rate_3m,2.3220672078588676,kept
rsk_avl_lmt_ch_les_500_rate_3m,2.3108945385465636,kept
rsk_avl_lmt_ch_les_10000_cnt_12m,2.9989136085260033,kept
used_rate_ch_grt_0p2_cnt_12m_suc,2.4531254748947666,kept
used_rate_ch_grt_0p8_cnt_1m_suc,1.5918525799919399,kept
used_rate_ch_grt_0p8_cnt_1m,1.6265523941112245,kept
min_rsk_lmt_rate_bt_ch_3m,1.7707677055713693,kept
used_rate_ch_grt_0p9_cnt_12m_suc,2.6848510592930266,kept
used_rate_ch_grt_0p5_cnt_12m,2.7856209569787866,kept
used_rate_ch_grt_0p5_cnt_3m_suc,2.4455424706124265,kept
rsk_avl_lmt_ch_les_5000_rate_12m,2.6896518010547945,kept
rsk_avl_lmt_ch_les_10000_cnt_3m,2.54643393831239,kept
used_rate_ch_grt_0p5_rate_3m_suc,2.322559554501689,kept
used_rate_ch_grt_0p95_cnt_6m,2.7460936918905032,kept
used_rate_ch_grt_0p2_cnt_1m_suc,1.5287351093609942,kept
used_rate_ch_grt_0p95_rate_3m_suc,2.312530795903233,kept
max_rsk_lmt_rate_bt_ch_3m,1.7509234915497331,kept
percent_true_followup_code_yjt_called_phone_social_relations_friend_30d,0.5646663605871496,kept
f56__percent_true_call_mode_is_manual_called_phone_social_relations_is_self_7d,0.5646663605871496,high_corr
f56__percent_true_call_mode_is_yuce_called_phone_social_relations_is_self_30d,0.5646663605871496,high_corr
percent_true_call_mode_is_yuce_called_phone_social_relations_is_friend_60d,0.5646663605871496,high_corr
f56__percent_true_call_mode_is_manual_called_phone_social_relations_is_family_is_can_contact_person_is_yes_60d,0.5646663605871496,high_corr
percent_true_followup_code_tskh_called_phone_social_relations_friend_30d,0.5646663605871496,kept
f56__percent_true_call_mode_is_manual_called_phone_social_relations_is_self_is_can_contact_person_is_no_90d,0.5688438794423898,high_corr
percent_true_followup_code_wfjt_called_phone_social_relations_family_180d,0.5750529672480943,kept
percent_true_call_mode_is_manual_called_phone_social_relations_is_family_is_can_contact_person_is_no_7d,0.5646663605871496,high_corr
percent_true_followup_code_yjt_called_phone_social_relations_family_60d,0.5646663605871496,kept
percent_true_followup_code_yjt_is_can_contact_person_yes_180d,0.5646663605871496,kept
percent_true_called_phone_social_relations_is_friend_is_can_contact_person_is_yes_30d,0.5646663605871496,high_corr
percent_true_followup_code_other_call_mode_manual_7d,0.5646663605871496,kept
percent_true_followup_code_other_call_mode_manual_180d,0.5800839475369788,kept
percent_true_followup_code_yjt_call_mode_manual_90d,0.5646663605871496,kept
percent_true_followup_code_jjhk_called_phone_social_relations_friend_30d,0.5646663605871496,kept
percent_true_followup_code_yjt_90d,0.5692469406191538,kept
percent_true_followup_code_other_call_mode_manual_90d,0.5685316360958892,kept
percent_true_followup_code_tskh_is_can_contact_person_yes_60d,0.5646663605871496,kept
f56__percent_true_call_mode_is_manual_called_phone_social_relations_is_friend_is_can_contact_person_is_yes_15d,0.5646663605871496,high_corr
percent_true_followup_code_yyxh_called_phone_social_relations_family_180d,0.5646663605871496,kept
percent_true_followup_code_wfjt_called_phone_social_relations_family_90d,0.5702176160080688,kept
percent_true_call_mode_is_yuce_called_phone_social_relations_is_family_180d,0.5646663605871496,kept
percent_true_called_phone_social_relations_is_family_is_can_contact_person_is_yes_30d,0.5646663605871496,high_corr
percent_true_followup_code_wfjt_is_can_contact_person_yes_90d,0.5698553588028403,kept
f56__percent_true_call_mode_is_ai_called_phone_social_relations_is_self_7d,0.572907138118308,high_corr
percent_true_followup_code_yjt_180d,0.5678546911017591,kept
percent_true_followup_code_jjhk_is_can_contact_person_yes_30d,0.5646663605871496,kept
percent_true_followup_code_tskh_30d,0.5646663605871496,kept
percent_true_followup_code_jjhk_called_phone_social_relations_friend_60d,0.5646663605871496,high_corr
percent_true_followup_code_tskh_call_mode_manual_180d,0.5646663605871496,kept
percent_true_followup_code_wfjt_called_phone_social_relations_friend_7d,0.5646663605871496,high_corr
percent_true_followup_code_yjt_call_mode_manual_15d,0.5646663605871496,kept
percent_true_followup_code_yjt_30d,0.5720257731143292,kept
percent_true_followup_code_tskh_60d,0.5646663605871496,high_corr
percent_true_followup_code_jjhk_15d,0.5646663605871496,kept
percent_true_followup_code_other_called_phone_social_relations_family_180d,0.5726591021214793,kept
percent_true_followup_code_jjhk_180d,0.5646663605871496,kept
percent_true_followup_code_other_called_phone_social_relations_friend_30d,0.5646663605871496,kept
percent_true_followup_code_yjt_called_phone_social_relations_friend_60d,0.5646663605871496,kept
percent_true_followup_code_yyxh_180d,0.5664821135519342,kept
percent_true_followup_code_other_call_mode_yuce_60d,0.5646663605871496,high_corr
f56__percent_true_call_mode_is_manual_called_phone_social_relations_is_self_is_can_contact_person_is_yes_30d,0.5646663605871496,high_corr
percent_true_followup_code_jjhk_call_mode_manual_180d,0.5646663605871496,kept
percent_true_followup_code_other_called_phone_social_relations_family_90d,0.5646663605871496,kept
percent_true_followup_code_other_called_phone_social_relations_family_7d,0.5646663605871496,high_corr
percent_true_followup_code_tskh_is_can_contact_person_yes_30d,0.5646663605871496,kept
percent_true_followup_code_yjt_called_phone_social_relations_friend_180d,0.5646663605871496,kept
percent_true_call_mode_is_yuce_called_phone_social_relations_is_friend_30d,0.5646663605871496,high_corr
percent_true_call_mode_is_yuce_called_phone_social_relations_is_family_30d,0.5646663605871496,kept
percent_true_followup_code_yyxh_call_mode_ai_60d,0.5646663605871496,kept
percent_true_followup_code_wfjt_is_can_contact_person_yes_15d,0.5646663605871496,kept
percent_true_followup_code_yjt_15d,0.5646663605871496,kept
percent_true_followup_code_other_called_phone_social_relations_friend_15d,0.5646663605871496,high_corr
percent_true_followup_code_jjhk_called_phone_social_relations_family_60d,0.5646663605871496,high_corr
percent_true_call_mode_is_yuce_called_phone_social_relations_is_friend_180d,0.5646663605871496,high_corr
f56__percent_true_call_mode_is_ai_called_phone_social_relations_is_self_30d,0.5762509231542909,high_corr
percent_true_followup_code_wfjt_call_mode_manual_60d,0.5669165608213147,kept
percent_true_followup_code_jjhk_called_phone_social_relations_family_180d,0.5646663605871496,kept
percent_true_followup_code_other_7d,0.5646663605871496,kept
percent_true_followup_code_wfjt_180d,0.5675514138659105,kept
percent_true_call_mode_is_yuce_called_phone_social_relations_is_self_is_can_contact_person_is_no_90d,0.5646663605871496,kept
percent_true_followup_code_yyxh_30d,0.5646663605871496,kept
f56__percent_true_call_mode_is_ai_called_phone_social_relations_is_self_90d,0.5845589069202771,high_corr
percent_true_followup_code_yyxh_call_mode_manual_7d,0.5646663605871496,kept
percent_true_followup_code_tskh_180d,0.5646663605871496,kept
count_call_mode_ai_60d,0.3576973833980795,high_corr
f56__percent_true_call_mode_is_manual_called_phone_social_relations_is_friend_180d,0.5745474819648702,high_corr
percent_true_followup_code_other_call_mode_yuce_180d,0.5646663605871496,kept
percent_true_followup_code_other_called_phone_social_relations_friend_180d,0.5755720090011359,kept
percent_true_followup_code_jjhk_called_phone_social_relations_family_30d,0.5646663605871496,kept
percent_true_followup_code_yyxh_call_mode_manual_30d,0.5646663605871496,kept
f56__percent_true_call_mode_is_manual_called_phone_social_relations_is_friend_15d,0.5646663605871496,high_corr
percent_true_followup_code_other_call_mode_manual_15d,0.5646663605871496,kept
percent_true_call_mode_is_ai_called_phone_social_relations_is_self_60d,0.5796397828952455,high_corr
percent_true_called_phone_social_relations_is_friend_is_can_contact_person_is_yes_90d,0.5646663605871496,high_corr
percent_true_followup_code_other_15d,0.5646663605871496,kept
f56__percent_true_call_mode_is_manual_called_phone_social_relations_is_self_is_can_contact_person_is_no_30d,0.5646663605871496,high_corr
percent_true_followup_code_other_called_phone_social_relations_friend_60d,0.5646663605871496,kept
f56__percent_true_call_mode_is_manual_called_phone_social_relations_is_family_is_can_contact_person_is_yes_15d,0.5646663605871496,high_corr
percent_true_followup_code_tskh_called_phone_social_relations_friend_90d,0.5646663605871496,kept
f56__percent_true_call_mode_is_manual_called_phone_social_relations_is_family_15d,0.5646663605871496,high_corr
percent_true_followup_code_yyxh_call_mode_manual_90d,0.5646663605871496,kept
percent_true_followup_code_wfjt_is_can_contact_person_yes_30d,0.5646663605871496,high_corr
percent_true_followup_code_other_call_mode_manual_30d,0.5646663605871496,kept
percent_true_followup_code_tskh_called_phone_social_relations_friend_60d,0.5646663605871496,kept
percent_true_call_mode_is_manual_called_phone_social_relations_is_family_is_can_contact_person_is_no_30d,0.5646663605871496,high_corr
percent_true_followup_code_yjt_7d,0.5646663605871496,kept
percent_true_followup_code_other_180d,0.5668912544849222,kept
percent_true_followup_code_other_30d,0.5646663605871496,high_corr
percent_true_followup_code_yyxh_called_phone_social_relations_family_90d,0.5646663605871496,kept
percent_true_followup_code_yyxh_call_mode_ai_15d,0.5646663605871496,kept
percent_true_followup_code_other_90d,0.5648405984871259,kept
f56__percent_true_call_mode_is_ai_called_phone_social_relations_is_self_180d,0.5858901025248906,high_corr
percent_true_followup_code_jjhk_90d,0.5646663605871496,high_corr
f56__percent_true_call_mode_is_manual_called_phone_social_relations_is_friend_30d,0.5646663605871496,high_corr
percent_true_followup_code_jjhk_is_can_contact_person_yes_15d,0.5646663605871496,kept
percent_true_followup_code_yjt_called_phone_social_relations_family_180d,0.5646663605871496,kept
percent_true_followup_code_yyxh_7d,0.5646663605871496,kept
percent_true_called_phone_social_relations_is_family_is_can_contact_person_is_yes_180d,0.5698553588028403,high_corr
percent_true_followup_code_jjhk_called_phone_social_relations_friend_180d,0.5646663605871496,kept
percent_true_called_phone_social_relations_is_friend_is_can_contact_person_is_yes_180d,0.5646663605871496,high_corr
percent_true_followup_code_wfjt_90d,0.5712925780903451,kept
percent_true_followup_code_yyxh_is_can_contact_person_yes_180d,0.5646663605871496,kept
percent_true_followup_code_other_called_phone_social_relations_family_30d,0.5646663605871496,kept
percent_true_followup_code_yyxh_call_mode_manual_15d,0.5646663605871496,high_corr
f56__percent_true_call_mode_is_manual_called_phone_social_relations_is_self_is_can_contact_person_is_yes_15d,0.5646663605871496,high_corr
percent_true_followup_code_yyxh_called_phone_social_relations_friend_180d,0.5646663605871496,kept
percent_true_followup_code_other_called_phone_social_relations_family_15d,0.5646663605871496,high_corr
percent_true_followup_code_wfjt_call_mode_manual_15d,0.5646663605871496,high_corr
percent_true_followup_code_wfjt_is_can_contact_person_yes_180d,0.5720615492842354,kept
percent_true_followup_code_yyxh_called_phone_social_relations_family_30d,0.5646663605871496,kept
f56__percent_true_call_mode_is_ai_called_phone_social_relations_is_self_15d,0.5713811217404378,high_corr
percent_true_followup_code_wfjt_called_phone_social_relations_friend_90d,0.5674059742643731,kept
f56__percent_true_call_mode_is_manual_called_phone_social_relations_is_self_is_can_contact_person_is_yes_180d,0.5720615492842354,high_corr
percent_true_followup_code_yjt_called_phone_social_relations_family_30d,0.5646663605871496,high_corr
percent_true_followup_code_jjhk_30d,0.5646663605871496,kept
f56__percent_true_call_mode_is_manual_called_phone_social_relations_is_self_is_can_contact_person_is_yes_90d,0.5646663605871496,high_corr
num_true_followup_code_yjt_180d,0.0,low_iv
percent_true_followup_code_tskh_called_phone_social_relations_family_180d,0.5646663605871496,kept
m6_stg_pln_d0_rep_apl_cnt_mor_4_cnt_rat,2.185845351960488,kept
m6_stg_pln_d0_normal_batch_rep_apl_cnt_equal_2_cnt_rat,2.1545955025038483,kept
m1_stg_pln_d0_rep_apl_fal_cnt_equal_1_cnt,2.2916100469330685,high_corr
m6_stg_pln_manual_rep_apl_suc_cnt_min,2.252207842145245,kept
m1_stg_pln_d0_normal_batch_rep_apl_fal_cnt_mor_4_cnt,2.2521614642556136,kept
m6_stg_pln_d0_rep_apl_fal_cnt_equal_2_cnt,2.3682469266010213,kept
m3_stg_pln_ao_offline_rep_apl_cnt_max,2.3012102680857316,kept
m6_stg_pln_manual_deduct_rep_apl_cnt_sum,2.2591852221793363,high_corr
m1_stg_pln_d0_manual_deduct_rep_apl_cnt_equal_1_cnt_rat,1.9081097653014287,high_corr
m1_stg_pln_manual_deduct_rep_apl_cnt_equal_1_cnt_rat,2.2799401876846095,kept
m6_stg_pln_rep_apl_cnt_ovd_1d_3d_max,0.3828836087573598,kept
m3_stg_pln_manual_deduct_rep_apl_cnt_avg,2.3012102680857316,high_corr
m3_stg_pln_manual_rep_apl_suc_cnt_sum,2.443184734532054,high_corr
m3_stg_pln_ao_offline_rep_apl_suc_cnt_min,2.3012102680857316,high_corr
m1_stg_pln_d0_rep_apl_fal_cnt_mor_4_cnt_rat,1.9081097653014287,kept
m1_stg_pln_rep_apl_cnt_avg,2.3197151759721106,high_corr
m6_stg_pln_d0_manual_deduct_rep_apl_cnt_equal_1_cnt_rat,2.1288862951685332,high_corr
m3_stg_pln_rep_apl_cnt_d0_sum,2.424906609178115,high_corr
m1_stg_pln_rep_apl_cnt_less_4_cnt,2.6155299542377426,kept
m6_stg_pln_rep_apl_cnt_equal_1_manual_rep_apl_amt_sum,0.8341890592724616,kept
m1_stg_pln_manual_rep_apl_cnt_max,2.290275381533886,kept
m1_stg_pln_rep_apl_cnt_mor_2_cnt_rat,2.362655733015301,kept
m6_stg_pln_rep_apl_fal_cnt_mor_1_rep_apl_amt_max,1.0756833253885234,high_corr
m1_stg_pln_normal_batch_rep_apl_cnt_mor_0_cnt,2.660623884303253,high_corr
m6_stg_pln_rep_apl_cnt_ovd_1d_3d_min,0.3814714239271809,kept
m3_stg_pln_manual_deduct_rep_apl_suc_cnt_max,2.3012102680857316,kept
m6_stg_pln_rep_apl_fal_cnt_equal_1_cnt_rat,2.279120755291511,high_corr
m1_stg_pln_d0_rep_apl_cnt_mor_2_cnt,2.404679614425917,high_corr
m1_stg_pln_manual_deduct_rep_apl_suc_cnt_max,2.2799401876846095,kept
m1_stg_pln_rep_apl_fal_cnt_mor_1_rep_apl_amt_sum,0.8209718665450472,kept
m6_stg_pln_rep_apl_cnt_d0_avg,2.199959995846349,high_corr
m3_stg_pln_rep_apl_amt_d0_max,2.10969769907967,kept
m3_stg_pln_normal_batch_rep_apl_cnt_equal_2_cnt_rat,2.3214443353656407,kept
m1_stg_pln_ao_offline_rep_apl_cnt_mor_0_cnt,2.2521614642556136,high_corr
m6_stg_pln_rep_apl_cnt_mor_4_stg_amt_min,0.8357121820292577,high_corr
m6_stg_pln_normal_batch_rep_apl_cnt_mor_4_cnt_rat,2.3185417664250236,kept
m6_stg_pln_rep_apl_suc_cnt_min,2.25217932212884,kept
m6_stg_pln_rep_apl_cnt_equal_1_adv_cnt,2.261093689497353,kept
m3_stg_pln_normal_batch_rep_apl_cnt_mor_0_cnt_rat,2.3221516552054897,high_corr
m6_stg_pln_rep_apl_cnt_mor_2_cnt,2.389055927120164,kept
m1_stg_pln_add_bathch_rep_apl_cnt_avg,2.2799401876846095,kept
m6_stg_pln_normal_batch_rep_apl_cnt_min,2.255498405476879,kept
m6_stg_pln_rep_apl_fal_cnt_mor_1_rep_apl_amt_sum,1.1043675223617309,high_corr
m3_stg_pln_rep_apl_fal_cnt_max,2.359724565925274,kept
m6_stg_pln_d0_ao_offline_rep_apl_cnt_mor_0_cnt,2.2521614642556136,high_corr
m6_stg_pln_rep_apl_fal_cnt_mor_1_rep_apl_amt_min,1.0891199038311334,kept
m3_stg_pln_rep_apl_suc_cnt_sum,2.5573175634073833,high_corr
m1_stg_pln_rep_apl_fal_cnt_equal_2_cnt_rat,2.280632381735067,kept
m6_stg_pln_normal_batch_rep_apl_cnt_mor_2_stg_amt_sum,0.841778771194457,kept
m3_stg_pln_manual_deduct_rep_apl_suc_cnt_sum,2.3012102680857316,kept
m3_stg_pln_ao_offline_rep_apl_suc_cnt_sum,2.3012102680857316,high_corr
m6_stg_pln_rep_apl_amt_his_ovd_sum,0.37253938450831003,high_corr
m1_stg_pln_ao_offline_rep_apl_cnt_min,2.2799401876846095,high_corr
m3_stg_pln_manual_rep_apl_cnt_min,2.3051981992573607,kept
m3_stg_pln_rep_apl_fal_cnt_mor_2_cnt_rat,2.353025218050462,kept
m6_stg_pln_rep_apl_cnt_his_ovd_avg,0.38588598179159783,kept
m1_stg_pln_manual_deduct_rep_apl_suc_cnt_sum,2.2799401876846095,high_corr
m3_stg_pln_rep_apl_suc_cnt_min,2.301238809087295,kept
m3_stg_pln_normal_batch_rep_apl_fal_cnt_equal_2_cnt_rat,2.359575867916017,kept
m1_stg_pln_rep_apl_suc_cnt_min,2.2841545476081055,kept
m6_stg_pln_rep_apl_amt_ovd_1d_3d_avg,0.382259714003412,high_corr
m1_stg_pln_manual_deduct_rep_apl_suc_cnt_min,2.2799401876846095,kept
m1_stg_pln_d0_normal_batch_rep_apl_fal_cnt_equal_0_cnt_rat,1.928133511804556,high_corr
m3_stg_pln_rep_apl_suc_cnt_avg,2.330406430152025,kept
m6_stg_pln_rep_apl_fal_cnt_mor_3_rep_apl_amt_sum,0.6583767527333043,high_corr
m6_stg_pln_rep_apl_cnt_d0_max,2.2348009447494213,kept
m3_stg_pln_normal_batch_rep_apl_cnt_mor_4_cnt,2.298867673844691,kept
m1_stg_pln_normal_batch_rep_apl_cnt_mor_2_cnt,2.3587472422581897,kept
m1_stg_pln_rep_apl_fal_cnt_sum,2.340736806028727,high_corr
m3_stg_pln_normal_batch_rep_apl_suc_cnt_max,2.304567082778232,kept
m6_stg_pln_rep_apl_cnt_equal_1_manual_rep_apl_amt_min,0.8846935987028509,kept
m3_stg_pln_manual_rep_apl_fal_cnt_min,2.3012102680857316,kept
m3_stg_pln_rep_apl_cnt_sum,2.50279671497478,high_corr
m6_stg_pln_d0_manual_rep_apl_cnt_mor_0_cnt,2.489278959741081,high_corr
m6_stg_pln_d0_ao_offline_rep_apl_cnt_mor_0_cnt_rat,2.1288862951685332,kept
m6_stg_pln_d0_rep_apl_fal_cnt_equal_1_cnt,2.328243198166019,high_corr
m1_stg_pln_rep_apl_cnt_equal_2_cnt_rat,2.281315257664552,kept
m1_stg_pln_rep_apl_cnt_min,2.292223000646071,kept
m1_stg_pln_normal_batch_rep_apl_fal_cnt_equal_2_cnt,2.3089434175928436,kept
m1_stg_pln_rep_apl_cnt_mor_4_cnt_rat,2.3015529708757194,high_corr
m3_stg_pln_d0_manual_deduct_rep_apl_cnt_equal_1_cnt,2.2521614642556136,kept
m6_stg_pln_normal_batch_rep_apl_cnt_equal_2_cnt,2.3520851818764226,high_corr
m1_stg_pln_manual_rep_apl_cnt_min,2.2844272180875027,kept
m3_stg_pln_d0_normal_batch_rep_apl_cnt_mor_2_cnt_rat,2.1519754392687203,kept
m6_stg_pln_manual_rep_apl_fal_cnt_max,2.259622468546172,high_corr
m6_stg_pln_rep_apl_amt_adv_sum,0.4744420825092812,kept
m6_stg_pln_rep_apl_cnt_equal_1_manual_deduct_cnt,2.2521614642556136,kept
m3_stg_pln_rep_apl_amt_d0_min,2.18236084017915,high_corr
m6_stg_pln_rep_apl_cnt_min,2.2521614642556136,kept
m6_stg_pln_d0_normal_batch_rep_apl_fal_cnt_equal_2_cnt_rat,2.1509453153516884,high_corr
m6_stg_pln_rep_apl_amt_d0_sum,2.2408528115798525,high_corr
m3_stg_pln_manual_rep_apl_suc_cnt_max,2.3122766169747657,kept
m6_stg_pln_ao_offline_rep_apl_cnt_mor_0_cnt_rat,2.2521614642556136,high_corr
m1_stg_pln_manual_rep_apl_fal_cnt_avg,2.2799401876846095,kept
m3_stg_pln_rep_apl_cnt_equal_1_manual_rep_apl_amt_max,0.6937402674552271,high_corr
m1_stg_pln_manual_rep_apl_cnt_mor_0_cnt,2.454364955810676,kept
m3_stg_pln_d0_normal_batch_rep_apl_fal_cnt_equal_1_cnt_rat,2.115346354174794,high_corr
m3_stg_pln_manual_rep_apl_fal_cnt_avg,2.3012197512752253,kept
m3_stg_pln_rep_apl_cnt_min,2.3114470636016424,kept
m6_stg_pln_d0_normal_batch_rep_apl_fal_cnt_mor_4_cnt_rat,2.1703350428600805,kept
m3_stg_pln_manual_rep_apl_fal_cnt_sum,2.315414597988506,kept
m3_stg_pln_add_bathch_rep_apl_cnt_max,2.30298013645813,kept
m3_stg_pln_normal_batch_rep_apl_cnt_avg,2.3560770172284196,kept
m3_stg_pln_normal_batch_rep_apl_fal_cnt_equal_0_cnt_rat,2.3400806669335084,kept
m6_stg_pln_manual_deduct_rep_apl_cnt_equal_1_cnt_rat,2.2521614642556136,high_corr
m3_stg_pln_manual_rep_apl_cnt_max,2.3267176597679344,kept
m6_stg_pln_manual_rep_apl_cnt_avg,2.2828437538432276,kept
m1_stg_pln_normal_batch_rep_apl_cnt_equal_2_cnt,2.3179899789101808,high_corr
m3_stg_pln_normal_batch_rep_apl_cnt_less_2_stg_amt_sum,2.1470907150306076,kept
m1_stg_pln_manual_rep_apl_suc_cnt_avg,2.3477602701947298,high_corr
m3_stg_pln_d0_rep_apl_cnt_mor_4_cnt,2.34260747220184,kept
m3_stg_pln_d0_normal_batch_rep_apl_cnt_mor_0_cnt_rat,2.141471632907143,high_corr
m3_stg_pln_d0_rep_apl_cnt_mor_2_cnt_rat,2.151441113449218,kept
m6_stg_pln_rep_apl_cnt_adv_avg,0.4569753821124492,high_corr
m3_stg_pln_normal_batch_rep_apl_suc_cnt_avg,2.3710965982436223,high_corr
m3_stg_pln_manual_deduct_rep_apl_suc_cnt_min,2.3012102680857316,kept
m6_stg_pln_ao_offline_rep_apl_suc_cnt_avg,2.2521614642556136,high_corr
m1_stg_pln_rep_apl_cnt_less_4_stg_amt_sum,1.8716565153163043,high_corr
m1_stg_pln_manual_deduct_rep_apl_fal_cnt_min,2.2799401876846095,high_corr
m6_stg_pln_rep_apl_cnt_equal_1_manual_rep_apl_amt_max,0.8411708089246169,high_corr
m1_stg_pln_rep_apl_cnt_equal_1_d0_cnt,2.519174748451467,high_corr
m1_stg_pln_normal_batch_rep_apl_suc_cnt_max,2.281173489456357,high_corr
m1_stg_pln_ao_offline_rep_apl_cnt_mor_0_cnt_rat,2.2799401876846095,high_corr
m1_stg_pln_rep_apl_amt_d0_sum,1.974152597658361,high_corr
m1_stg_pln_normal_batch_rep_apl_cnt_equal_2_cnt_rat,2.325408383968954,kept
m3_stg_pln_rep_apl_fal_cnt_equal_2_cnt_rat,2.3541147866256997,high_corr
m6_stg_pln_normal_batch_rep_apl_fal_cnt_avg,2.3147379172646607,high_corr
m1_stg_pln_normal_batch_rep_apl_cnt_min,2.2904952516359884,high_corr
m6_stg_pln_rep_apl_cnt_ovd_1d_3d_sum,0.38477215427052663,high_corr
m1_stg_pln_manual_rep_apl_fal_cnt_max,2.2799401876846095,kept
m6_stg_pln_rep_apl_amt_adv_min,0.5129030909180362,kept
m6_stg_pln_manual_rep_apl_cnt_mor_0_cnt_rat,2.28290794087689,high_corr
m6_stg_pln_normal_batch_rep_apl_cnt_sum,2.4674599296805098,high_corr
m6_stg_pln_manual_deduct_rep_apl_suc_cnt_max,2.2521614642556136,high_corr
m3_stg_pln_rep_apl_cnt_equal_1_manual_deduct_cnt,2.2521614642556136,high_corr
m3_stg_pln_normal_batch_rep_apl_fal_cnt_equal_1_cnt_rat,2.318741399334389,kept
m1_stg_pln_d0_normal_batch_rep_apl_fal_cnt_equal_1_cnt_rat,1.9365836223109945,high_corr
m6_stg_pln_rep_apl_cnt_less_4_stg_amt_max,2.136747046862456,high_corr
m6_stg_pln_manual_deduct_rep_apl_fal_cnt_max,2.2557615727024194,high_corr
m3_stg_pln_d0_manual_deduct_rep_apl_cnt_equal_1_cnt_rat,2.10572858978737,high_corr
m3_stg_pln_normal_batch_rep_apl_cnt_max,2.35644088942142,high_corr
m6_stg_pln_d0_normal_batch_rep_apl_fal_cnt_mor_4_cnt,2.3147453432017153,high_corr
m1_stg_pln_normal_batch_rep_apl_suc_cnt_min,2.3226888433126973,kept
m1_stg_pln_normal_batch_rep_apl_fal_cnt_sum,2.34243993293014,high_corr
m6_stg_pln_manual_rep_apl_fal_cnt_sum,2.277559918745992,high_corr
m6_stg_pln_rep_apl_cnt_mor_2_cnt_rat,2.2749704766941763,high_corr
m6_stg_pln_d0_rep_apl_cnt_equal_2_cnt,2.3338949934587987,kept
m3_stg_pln_ao_offline_rep_apl_cnt_sum,2.3012102680857316,high_corr
m3_stg_pln_normal_batch_rep_apl_cnt_equal_2_cnt,2.3617932842278746,kept
m3_stg_pln_normal_batch_rep_apl_fal_cnt_mor_2_cnt_rat,2.323498725260386,high_corr
m1_stg_pln_manual_rep_apl_fal_cnt_sum,2.2799401876846095,high_corr
m1_stg_pln_rep_apl_cnt_mor_4_stg_amt_sum,0.5693749965018734,high_corr
m1_stg_pln_rep_apl_cnt_d0_avg,1.9283262297590622,kept
m1_stg_pln_d0_normal_batch_rep_apl_cnt_mor_2_cnt,2.3592325492694384,high_corr
m1_stg_pln_d0_rep_apl_cnt_equal_2_cnt,2.2962086302121714,kept
m6_stg_pln_manual_deduct_rep_apl_fal_cnt_avg,2.262244642650594,high_corr
m1_stg_pln_rep_apl_cnt_mor_4_stg_amt_min,0.5666174154258304,high_corr
m1_stg_pln_normal_batch_rep_apl_cnt_mor_2_cnt_rat,2.300260357786218,high_corr
m3_stg_pln_d0_manual_rep_apl_cnt_mor_0_cnt,2.487929645926962,high_corr
m6_stg_pln_normal_batch_rep_apl_suc_cnt_min,2.2573028721408774,kept
m3_stg_pln_rep_apl_fal_cnt_mor_3_rep_apl_amt_max,0.6119789279228373,high_corr
m3_stg_pln_manual_deduct_rep_apl_suc_cnt_avg,2.3012102680857316,high_corr
m6_stg_pln_normal_batch_rep_apl_suc_cnt_max,2.258136843682957,high_corr
m6_stg_pln_rep_apl_fal_cnt_equal_2_cnt,2.357523921380153,high_corr
m1_stg_pln_d0_rep_apl_fal_cnt_equal_0_cnt_rat,1.931397859693376,high_corr
m1_stg_pln_rep_apl_cnt_equal_1_adv_cnt,2.2852769245992794,high_corr
m1_stg_pln_normal_batch_rep_apl_cnt_avg,2.33842735902797,high_corr
m6_stg_pln_rep_apl_amt_ovd_1d_3d_min,0.3826355271212012,high_corr
m3_stg_pln_d0_normal_batch_rep_apl_fal_cnt_mor_4_cnt_rat,2.140259349657447,high_corr
m3_stg_pln_rep_apl_fal_cnt_equal_0_cnt_rat,2.337522229136792,high_corr
m6_stg_pln_manual_deduct_rep_apl_suc_cnt_min,2.2521614642556136,kept
m6_stg_pln_manual_deduct_rep_apl_cnt_min,2.2521614642556136,kept
m6_stg_pln_rep_apl_amt_ovd_1d_3d_sum,0.3841602659329836,kept
m3_stg_pln_manual_rep_apl_cnt_mor_0_cnt,2.4537621907786376,kept
m1_stg_pln_rep_apl_fal_cnt_mor_4_cnt,2.2933361333646003,high_corr
m3_stg_pln_manual_deduct_rep_apl_cnt_equal_1_cnt_rat,2.3012102680857316,kept
m6_stg_pln_rep_apl_cnt_less_4_cnt,2.5302470538896515,high_corr
m3_stg_pln_rep_apl_suc_cnt_max,2.3028026956469976,high_corr
m1_stg_pln_d0_normal_batch_rep_apl_cnt_mor_4_cnt,2.2521614642556136,high_corr
m3_stg_pln_normal_batch_rep_apl_suc_cnt_min,2.3063900837173783,high_corr
m1_stg_pln_manual_deduct_rep_apl_fal_cnt_avg,2.2799401876846095,high_corr
m6_stg_pln_rep_apl_amt_d0_min,2.2162756873651475,high_corr
m1_stg_pln_rep_apl_fal_cnt_equal_0_cnt,2.532606388954504,high_corr
m6_stg_pln_manual_deduct_rep_apl_cnt_equal_1_cnt,2.2521614642556136,high_corr
m6_stg_pln_normal_batch_rep_apl_cnt_mor_0_cnt,2.5698183693372445,high_corr
m1_stg_pln_normal_batch_rep_apl_cnt_mor_4_cnt_rat,2.3124490628910133,kept
m1_stg_pln_d0_ao_offline_rep_apl_cnt_mor_0_cnt,2.2521614642556136,high_corr
m1_stg_pln_rep_apl_cnt_equal_1_manual_deduct_cnt,2.2521614642556136,high_corr
m6_stg_pln_d0_manual_deduct_rep_apl_cnt_equal_1_cnt,2.2521614642556136,high_corr
m6_stg_pln_d0_rep_apl_fal_cnt_equal_2_cnt_rat,2.22895792764427,kept
m6_stg_pln_d0_normal_batch_rep_apl_cnt_mor_0_cnt_rat,2.1472492474348224,kept
stg_pln_max_prc_amt_24m_ftr_light,0.5044166029148326,high_corr
stg_pln_avg_rep_prc_his_due_light,0.325322660756052,kept
stg_pln_cnt_his_adv_light,0.32870199656082366,high_corr
stg_pln_min_rep_prc_24m_due_light,0.3250014845433038,kept
stg_pln_max_rep_prc_24m_due_light,0.37315589553032724,kept
stg_pln_min_prc_amt_24m_adv_light,0.3250014845433038,kept
stg_pln_avg_prc_amt_his_ftr_light,0.5076653329649488,kept
stg_pln_max_prc_amt_36m_adv_light,0.33583641454192076,kept
stg_pln_sum_prc_amt_6m_light,0.4355306832635131,high_corr
stg_pln_max_prc_amt_1m_adv_light,0.3250014845433038,kept
stg_pln_avg_rep_prc_6m_due_light,0.3250014845433038,kept
stg_pln_min_prc_amt_24m_ftr_light,0.3250014845433038,kept
stg_pln_max_prc_amt_his_light,0.33094502630562295,kept
stg_pln_sum_prc_amt_36m_on_light,0.4015109963781739,high_corr
stg_pln_cnt_his_ftr_light,0.5238318106415036,kept
stg_pln_max_prc_amt_24m_light,0.41518593900918466,kept
stg_pln_sum_prc_amt_6m_adv_light,0.3250014845433038,kept
stg_pln_avg_prc_amt_his_light,0.3259897317219571,kept
stg_pln_sum_prc_amt_his_adv_light,0.32585880021197633,kept
stg_pln_cnt_12m_adv_light,0.3250014845433038,kept
stg_pln_min_rep_prc_12m_due_light,0.3250014845433038,kept
stg_pln_min_prc_amt_24m_light,0.3250014845433038,kept
stg_pln_sum_rep_prc_6m_due_light,0.3250014845433038,kept
stg_pln_avg_prc_amt_his_due_light,0.33661560855651995,kept
stg_pln_max_prc_amt_36m_on_light,0.3930391627564938,kept
stg_pln_cnt_his_due_light,0.32793145358667286,kept
stg_pln_sum_prc_amt_36m_ftr_light,0.5164677046157082,kept
stg_pln_avg_rep_prc_12m_due_light,0.3250014845433038,kept
stg_pln_sum_prc_amt_24m_adv_light,0.34408102728446144,kept
stg_pln_avg_prc_amt_6m_light,0.40640940902506684,kept
stg_pln_cnt_12m_due_light,0.3250014845433038,kept
stg_pln_min_prc_amt_36m_light,0.3250014845433038,kept
stg_pln_avg_prc_amt_1m_on_light,0.48840255426528306,kept
stg_pln_max_rep_prc_12m_due_light,0.3250014845433038,high_corr
stg_pln_min_prc_amt_36m_adv_light,0.3250014845433038,high_corr
stg_pln_min_prc_amt_his_due_light,0.3250014845433038,kept
stg_pln_max_prc_amt_1m_due_light,0.3250014845433038,kept
stg_pln_avg_prc_amt_24m_adv_light,0.34210200818588865,kept
stg_pln_min_prc_amt_12m_on_light,0.3250014845433038,kept
stg_pln_avg_prc_amt_1m_adv_light,0.3250014845433038,kept
stg_pln_min_prc_amt_12m_adv_light,0.3250014845433038,kept
stg_pln_min_prc_amt_12m_light,0.3250014845433038,kept
stg_pln_min_rep_prc_36m_due_light,0.3250014845433038,high_corr
stg_pln_max_rep_prc_his_due_light,0.32883410773599336,high_corr
stg_pln_avg_rep_prc_24m_due_light,0.36883516806076105,kept
stg_pln_cnt_1m_due_light,0.3250014845433038,kept
stg_pln_min_rep_prc_his_due_light,0.3250014845433038,kept
stg_pln_cnt_36m_adv_light,0.33030717908725193,kept
stg_pln_cnt_1m_adv_light,0.3250014845433038,kept
stg_pln_avg_prc_amt_6m_adv_light,0.3250014845433038,kept
stg_pln_min_prc_amt_6m_light,0.3250014845433038,kept
stg_pln_max_prc_amt_6m_adv_light,0.3250014845433038,kept
stg_pln_min_prc_amt_6m_on_light,0.3250014845433038,kept
stg_pln_max_prc_amt_6m_light,0.4208533950242899,kept
stg_pln_min_prc_amt_24m_on_light,0.3250014845433038,kept
stg_pln_avg_prc_amt_1m_due_light,0.3250014845433038,kept
stg_pln_cnt_36m_light,0.38167343650650976,kept
stg_pln_cnt_12m_on_light,0.43172945372486726,high_corr
stg_pln_avg_prc_amt_24m_light,0.4126893010793351,kept
stg_pln_min_prc_amt_36m_on_light,0.3250014845433038,kept
stg_pln_min_prc_amt_his_adv_light,0.3250014845433038,kept
stg_pln_avg_prc_amt_his_adv_light,0.3350687174403408,kept
stg_pln_min_prc_amt_his_on_light,0.3250014845433038,kept
stg_pln_sum_prc_amt_his_due_light,0.32591033693933646,kept
stg_pln_cnt_36m_due_light,0.3460606096797872,kept
stg_pln_max_prc_amt_12m_on_light,0.4226302672781538,high_corr
stg_pln_min_prc_amt_6m_ftr_light,0.3250014845433038,kept
stg_pln_sum_rep_prc_24m_due_light,0.37252671188187536,kept
stg_pln_avg_prc_amt_12m_adv_light,0.3250014845433038,high_corr
d15_suc_ord_prc_amt_per_stg_max_all,2.3247895268632304,high_corr
d7_apl_ord_prc_amt_sum_all,2.6733010793652587,kept
d90_apl_ord_prc_amt_sum_all,2.9703948843715295,high_corr
d180_apl_ord_cnt_all,3.209781744980259,kept
d15_prc_amt_mor_3_000_suc_ord_cnt,2.2168449243089206,kept
d30_suc_ord_prc_amt_per_stg_min_all,2.2335407236633116,kept
d360_suc_ord_prc_amt_avg,2.249006083042919,high_corr
d360_apl_ord_prc_amt_per_stg_max,2.514625548963592,kept
d60_apl_ord_prc_amt_max,2.8886785314618364,kept
d360_apl_ord_prc_amt_per_stg_sum,2.702343613830027,high_corr
d60_prc_amt_mor_20_000_suc_ord_cnt,2.2168449243089206,kept
d60_prc_amt_mor_10_000_apl_ord_cnt,2.578288247028193,high_corr
d30_apl_ord_prc_amt_max_all,3.014720383178837,kept
d180_prc_amt_mor_20_000_apl_ord_cnt,2.5207707296874884,kept
d7_prc_amt_mor_3_000_apl_ord_cnt,2.49038889104148,kept
d60_prc_amt_mor_50_000_apl_ord_cnt,2.49038889104148,kept
d360_prc_amt_mor_20_000_suc_ord_cnt,2.2314296115142396,kept
d60_bsy_typ_api_apl_ord_cnt_all,2.455786376887919,kept
d360_bsy_typ_api_suc_ord_cnt_all,2.2335407236633116,kept
d180_apl_ord_stg_num_max,2.5894369890535236,high_corr
d30_prc_amt_mor_50_000_apl_ord_cnt,2.49038889104148,kept
d15_d360_suc_ord_cnt_rat,2.2649184584705306,high_corr
d90_apl_ord_stg_num_sum,2.520385195585231,kept
d15_apl_ord_prc_amt_per_stg_sum,2.6729932838869948,kept
d15_prc_amt_mor_5_000_apl_ord_cnt,2.49038889104148,high_corr
d60_prc_amt_mor_20_000_apl_ord_cnt,2.49038889104148,high_corr
d30_d90_suc_ord_prc_amt_avg_rat_all,2.5679097857082396,kept
d30_suc_ord_prc_amt_avg_all,2.389515522865265,high_corr
d180_apl_ord_prc_amt_avg,2.864999156471383,kept
d15_apl_ord_prc_amt_max,2.6548618725536866,kept
d60_apl_ord_prc_amt_avg,2.8852731645158514,kept
d60_apl_ord_stg_num_max,2.0612335971428397,high_corr
d15_suc_ord_days_cnt,2.3276116981244868,kept
d60_d90_apl_ord_cnt_rat_all,3.0889861472031908,high_corr
d30_apl_ord_days_cnt,2.9672360290900226,kept
d60_d360_apl_ord_prc_amt_avg_rat,2.9629591445916175,kept
d90_apl_ord_prc_amt_per_stg_min_all,2.455786376887919,high_corr
d60_suc_ord_stg_num_sum_all,1.4319138983572282,high_corr
d90_apl_ord_prc_amt_per_stg_max,2.895526247590906,kept
d15_apl_ord_prc_amt_per_stg_min,2.49038889104148,kept
d180_bsy_typ_api_suc_ord_cnt_all,2.2335407236633116,high_corr
d7_d360_apl_ord_cnt_rat,2.49038889104148,high_corr
d60_d90_suc_ord_prc_amt_avg_rat,1.4382090947307127,kept
d30_suc_ord_days_cnt_all,2.43179289319339,kept
d180_apl_ord_days_cnt,3.3257140850860627,kept
d60_apl_ord_ddf_mdl_ord_crt_dte_max,2.086148398807434,kept
d7_bsy_typ_api_suc_ord_cnt_all,2.2335407236633116,high_corr
d360_apl_ord_stg_num_avg,2.5311406425662613,high_corr
d7_bsy_typ_bt_cash_suc_ord_cnt_all,2.2335407236633116,high_corr
d90_d180_suc_ord_prc_amt_avg_rat,1.7026876029441604,kept
d30_apl_ord_ddf_mdl_ord_crt_dte_min,1.5592527130685143,high_corr
d90_bsy_typ_api_suc_ord_cnt_all,2.2335407236633116,kept
d30_apl_ord_prc_amt_min,2.49038889104148,kept
d15_suc_ord_prc_amt_per_stg_avg_all,2.3020899331705427,high_corr
d7_apl_ord_days_cnt,2.49038889104148,kept
d7_suc_ord_prc_amt_avg_all,2.2335407236633116,high_corr
d180_suc_ord_cnt_all,2.7503501621566615,kept
d15_prc_amt_mor_20_000_apl_ord_cnt,2.49038889104148,kept
d180_apl_ord_prc_amt_per_stg_min,2.5234781392135615,kept
d360_apl_ord_stg_num_max_all,2.46736430992445,high_corr
d180_prc_amt_mor_3_000_apl_ord_cnt,2.8389356771740166,kept
d90_apl_ord_stg_num_min_all,2.300890592343797,high_corr
d90_bsy_typ_ep_suc_ord_cnt_all,2.2335407236633116,kept
d30_d360_apl_ord_prc_amt_avg_rat_all,3.0261251020071676,kept
d15_suc_ord_prc_amt_min_all,2.2335407236633116,kept
d30_bsy_typ_api_apl_ord_cnt_all,2.455786376887919,kept
d7_apl_ord_prc_amt_per_stg_max_all,2.6717314659988207,high_corr
d90_apl_ord_prc_amt_avg,2.889714613409616,kept
d7_prc_amt_mor_10_000_suc_ord_cnt,2.2168449243089206,kept
d360_bsy_typ_bt_cash_suc_ord_cnt_all,2.7396922435954156,high_corr
d360_apl_ord_prc_amt_per_stg_min,2.64818288780133,high_corr
d30_apl_ord_days_cnt_all,2.85652520336538,high_corr
d360_suc_ord_ddf_mdl_ord_crt_dte_max,2.2644444923529896,high_corr
d15_d30_suc_ord_prc_amt_avg_rat_all,2.4537485554069915,high_corr
d180_d360_suc_ord_prc_amt_avg_rat,2.1385173966281146,kept
d15_prc_amt_mor_20_000_suc_ord_cnt,2.2168449243089206,high_corr
d360_prc_amt_mor_50_000_suc_ord_cnt,2.2168449243089206,high_corr
d15_prc_amt_mor_10_000_apl_ord_cnt,2.49038889104148,kept
d60_apl_ord_prc_amt_per_stg_min,2.49038889104148,high_corr
d15_apl_ord_prc_amt_avg,2.6032573110752475,high_corr
d7_suc_ord_prc_amt_per_stg_min_all,2.2335407236633116,high_corr
d7_d30_apl_ord_prc_amt_avg_rat,0.7405553975418558,high_corr
d90_d360_suc_ord_prc_amt_avg_rat,1.6585238229726635,kept
d30_prc_amt_mor_50_000_suc_ord_cnt,2.2168449243089206,high_corr
d7_prc_amt_mor_3_000_suc_ord_cnt,2.2168449243089206,kept
d30_d360_suc_ord_cnt_rat,2.3635461808240636,kept
d360_apl_ord_bsy_typ_cnt_all,2.455786376887919,kept
d180_d360_apl_ord_cnt_rat,2.9506872737804657,kept
d90_d360_apl_ord_prc_amt_avg_rat,2.9436034556376915,kept
d30_apl_ord_cnt_all,2.8363220501025035,kept
d180_apl_ord_bsy_typ_cnt_all,2.4725829000168793,kept
d30_prc_amt_mor_3_000_suc_ord_cnt,2.2867694936840195,kept
d15_bsy_typ_api_suc_ord_cnt_all,2.2335407236633116,high_corr
d90_suc_ord_prc_amt_sum_all,2.526085362527417,kept
d30_prc_amt_mor_3_000_apl_ord_cnt,2.6757320688053206,kept
d15_d360_apl_ord_prc_amt_avg_rat,2.587193537453814,high_corr
d360_suc_ord_stg_num_sum_all,2.661581397848143,kept
d30_suc_ord_prc_amt_sum_all,2.4163466043767636,kept
d180_prc_amt_mor_3_000_suc_ord_cnt,2.415374298958628,kept
d90_suc_ord_days_cnt,2.6885794179972202,high_corr
d90_d180_apl_ord_cnt_rat,3.189368207104703,high_corr
d60_apl_ord_prc_amt_per_stg_sum,2.975302133963619,high_corr
d60_prc_amt_mor_10_000_suc_ord_cnt,2.2637337287018364,high_corr
d7_prc_amt_mor_20_000_suc_ord_cnt,2.2168449243089206,kept
d7_apl_ord_prc_amt_per_stg_avg_all,2.6655338436279723,kept
d15_d30_apl_ord_cnt_rat,2.882591060616788,high_corr
d180_prc_amt_mor_10_000_apl_ord_cnt,2.5911080267010966,kept
d7_apl_ord_prc_amt_min_all,2.455786376887919,kept
d90_prc_amt_mor_50_000_suc_ord_cnt,2.2168449243089206,kept
d180_apl_ord_days_cnt_all,3.2339810953582724,kept
d60_suc_ord_prc_amt_per_stg_min,1.3504015956988613,high_corr
d15_prc_amt_mor_50_000_suc_ord_cnt,2.2168449243089206,high_corr
d360_suc_ord_ddf_mdl_ord_crt_dte_min,2.637774079485144,high_corr
d360_apl_ord_stg_num_min_all,2.5509527899957862,high_corr
d30_d360_suc_ord_prc_amt_avg_rat_all,2.3890796352835793,high_corr
d360_suc_ord_prc_amt_per_stg_sum_all,2.3755461144342336,high_corr
d360_apl_ord_stg_num_min,2.5757939149341276,kept
d360_apl_ord_ddf_mdl_ord_crt_dte_max,2.5535712937737682,kept
d360_apl_ord_prc_amt_min,2.7141528071821432,kept
d30_prc_amt_mor_10_000_apl_ord_cnt,2.49038889104148,kept
d15_d360_apl_ord_cnt_rat,2.592002051853646,kept
d15_bsy_typ_ep_apl_ord_cnt_all,2.455786376887919,high_corr
d30_apl_ord_prc_amt_max,2.7459540676597722,high_corr
d180_apl_ord_prc_amt_min,2.5320272402538997,high_corr
d15_apl_ord_prc_amt_per_stg_avg,2.6107530936393006,kept
d30_apl_ord_ddf_mdl_ord_crt_dte_max,1.5454381125820362,kept
d60_prc_amt_mor_5_000_suc_ord_cnt,2.315848864944196,kept
d60_suc_ord_prc_amt_per_stg_sum_all,2.5174366759966214,high_corr
d30_apl_ord_prc_amt_avg_all,3.0434564859139224,kept
d30_d90_suc_ord_cnt_rat,2.549576614833091,high_corr
d15_d30_apl_ord_prc_amt_avg_rat_all,2.8260823747865533,kept
d60_apl_ord_prc_amt_per_stg_avg_all,2.8622897642260297,high_corr
d15_suc_ord_prc_amt_sum_all,2.3222316708502007,kept
d60_apl_ord_prc_amt_per_stg_max_all,2.8841997352336772,high_corr
d180_apl_ord_dis_bsy_typ_cnt_all,2.4725829000168793,high_corr
d360_apl_ord_stg_num_sum_all,3.027757079385893,kept
d30_d360_apl_ord_cnt_rat,2.704987074295205,high_corr
d180_apl_ord_ddf_mdl_ord_crt_dte_max,2.653941089867014,kept
d90_apl_ord_ddf_mdl_ord_crt_dte_max,2.3143664161503263,kept
d180_apl_ord_stg_num_sum,3.001857701019124,high_corr
d180_apl_ord_prc_amt_max,2.809256527116661,high_corr
d15_d30_suc_ord_cnt_rat,2.4468870593329894,kept
d90_apl_ord_prc_amt_per_stg_sum,3.017272015295747,kept
d90_apl_ord_dis_bsy_typ_cnt_all,2.4746060721448124,high_corr
d60_suc_ord_prc_amt_max_all,2.5190353683448725,high_corr
d60_d180_suc_ord_cnt_rat,2.558368243118096,kept
d360_prc_amt_mor_50_000_apl_ord_cnt,2.49038889104148,kept
d180_bsy_typ_api_apl_ord_cnt_all,2.455786376887919,kept
d90_suc_ord_prc_amt_per_stg_avg_all,2.5329052612941774,high_corr
d360_apl_ord_dis_bsy_typ_cnt_all,2.455786376887919,high_corr
d7_prc_amt_mor_20_000_apl_ord_cnt,2.49038889104148,high_corr
d180_apl_ord_stg_num_avg,2.632809146768426,kept
d7_d360_suc_ord_prc_amt_avg_rat_all,2.2335407236633116,kept
d90_suc_ord_stg_num_sum_all,1.7633753936001195,kept
d7_apl_ord_prc_amt_per_stg_min_all,2.455786376887919,high_corr
d90_bsy_typ_bt_cash_suc_ord_cnt_all,2.691464950501562,kept
d180_apl_ord_prc_amt_per_stg_avg_all,2.789197254244698,high_corr
d180_suc_ord_prc_amt_sum_all,2.5104895736136035,high_corr
d15_prc_amt_mor_3_000_apl_ord_cnt,2.5751147421980547,kept
d7_suc_ord_dis_bsy_typ_cnt_all,2.2335407236633116,kept
d30_suc_ord_bsy_typ_cnt_all,2.4156156168906575,high_corr
d30_d60_apl_ord_cnt_rat,3.07036619467023,kept
d15_apl_ord_prc_amt_per_stg_min_all,2.455786376887919,high_corr
d7_suc_ord_bsy_typ_cnt_all,2.2335407236633116,high_corr
d180_bsy_typ_ep_suc_ord_cnt_all,2.2335407236633116,kept
d30_prc_amt_mor_10_000_suc_ord_cnt,2.2168449243089206,high_corr
d30_apl_ord_prc_amt_per_stg_min_all,2.455786376887919,high_corr
d7_bsy_typ_api_apl_ord_cnt_all,2.455786376887919,kept
d7_prc_amt_mor_5_000_suc_ord_cnt,2.2168449243089206,high_corr
d30_suc_ord_prc_amt_min_all,2.2335407236633116,high_corr
d7_d360_apl_ord_cnt_rat_all,2.6520492996902107,kept
d90_apl_ord_days_cnt,3.287642720874597,high_corr
d60_apl_ord_stg_num_sum_all,2.195114428811348,kept
d7_suc_ord_prc_amt_per_stg_avg_all,2.2335407236633116,high_corr
d360_apl_ord_cnt_all,3.0319909371278184,high_corr
d15_bsy_typ_bt_cash_apl_ord_cnt_all,2.6581661456496404,kept
d60_apl_ord_prc_amt_min,2.49038889104148,high_corr
d180_apl_ord_prc_amt_sum_all,2.944013862521345,high_corr
d60_apl_ord_prc_amt_sum,2.969915940760151,kept
d15_prc_amt_mor_50_000_apl_ord_cnt,2.49038889104148,kept
d15_suc_ord_prc_amt_avg_all,2.297279307745109,kept
d360_apl_ord_prc_amt_per_stg_avg,2.511267444689439,high_corr
d7_suc_ord_prc_amt_per_stg_max_all,2.2335407236633116,kept
d7_bsy_typ_bt_cash_apl_ord_cnt_all,2.455786376887919,high_corr
d90_d360_apl_ord_cnt_rat_all,2.937112865148846,high_corr
d15_apl_ord_prc_amt_per_stg_max,2.661612572389175,high_corr
d360_apl_ord_ddf_mdl_ord_crt_dte_min,3.320175932706534,kept
d60_prc_amt_mor_3_000_apl_ord_cnt,2.79334350029559,high_corr
d180_prc_amt_mor_5_000_apl_ord_cnt,2.703513538030201,high_corr
d15_bsy_typ_api_apl_ord_cnt_all,2.455786376887919,kept
d30_prc_amt_mor_20_000_suc_ord_cnt,2.2168449243089206,high_corr
d360_apl_ord_stg_num_max,2.498179267923111,kept
d7_d15_apl_ord_prc_amt_avg_rat,1.3323676200608405,kept
d7_prc_amt_mor_50_000_apl_ord_cnt,2.49038889104148,kept
d180_suc_ord_days_cnt_all,2.75926407649324,high_corr
d60_d360_suc_ord_cnt_rat_all,2.583358228645313,kept
d180_d360_apl_ord_prc_amt_avg_rat_all,2.900778943719977,high_corr
