feature,max_psi,drop_reason
ddf_mdl_max_not_ovd_tqhk_rep_tim_12m,0.004381567074439475,kept
max_con_not_ovd_tqhk_rep_tim_cnt_5m,0.001861063681513713,kept
max_con_not_ovd_tqhk_rep_tim_cnt_12m,0.0012137390655839438,kept
lag_his_rep_amt_sum_per_mth_btch_rat_mor_50_per_cnt,0.00619617022875935,kept
d30_d60_his_rep_amt_sum_rat_btch,0.025593510484666383,kept
lag_his_rep_amt_sum_per_mth_all_rat_max,0.009990599002390865,kept
lag_his_rep_amt_sum_per_mth_btch_rat_max,0.01236109941917546,kept
m6_up_flg_btch_cnt_rat,0.004483396616936303,kept
d30_d180_his_rep_amt_sum_rat_all,0.02635894519467177,kept
rsk_avl_lmt_ch_1m_les_10000_rate_bjq_12m,0.007345143006676118,kept
min_rsk_avl_lmt_bjq_12m_all,0.00994325622675288,kept
max_rsk_lmt_rate_bjq_12m_all,0.008082016974210437,kept
min_avl_lmt_lft_rep_prc_2m_cash_bjq_12m,0.00941678836435717,kept
rsk_lmt_rate_ch_1m_grt_0p2_rate_bjq_12m,0.007677877163574351,kept
rsk_avl_lmt_ch_1m_les_500_rate_bjq_12m,0.007860299199888163,kept
rsk_lmt_rate_ch_1m_grt_0p9_cnt_bjq_12m,0.007476271747481425,kept
rsk_lmt_rate_ch_1m_grt_0p95_rate_bjq_12m,0.009079635774625129,kept
rsk_lmt_rate_ch_1m_grt_0p5_rate_bjq_12m,0.0077387231063595074,kept
rsk_avl_lmt_ch_1m_les_10000_cnt_bjq_12m,0.009267672021343832,kept
stg_pln_sum_rep_prc_3m_his_d0_non_zd_rto_v2,0.00935460077498522,kept
stg_pln_sum_rep_prc_1m_his_d0_evn_zd_rto_v2,0.0062003377332279525,kept
stg_pln_sum_rep_prc_1m_his_d0_afn_pk_rto_v2,0.006076956463406886,kept
stg_pln_sum_rep_prc_12m_his_ovd_0d_pls_3d_mrn_pk_rto_v2,0.005536331738899012,kept
stg_pln_sum_rep_prc_1m_his_ovd_3d_pls_7d_zd_rto_v2,0.0061666814900847204,kept
stg_pln_sum_rep_prc_12m_his_ovd_3d_pls_7d_afn_pk_rto_v2,0.005552655770270769,kept
stg_pln_sum_rep_prc_6m_his_ovd_14d_pls_30d_afn_pk_rto_v2,0.005878875481671759,kept
stg_pln_sum_rep_prc_1m_his_ovd_14d_pls_30d_mrn_pk_rto_v2,0.03129169875298957,kept
stg_pln_sum_rep_prc_12m_his_ovd_m2_pls_zd_rto_v2,0.005712442205848869,kept
stg_pln_sum_rep_prc_1m_his_ovd_7d_pls_14d_afn_pk_rto_v2,0.02289685894782574,kept
stg_pln_sum_rep_prc_1m_his_d0_mrn_zd_rto_v2,0.010810294798467944,kept
stg_pln_sum_rep_prc_his_d0_evn_zd_rto_v2,0.0006758353852589181,kept
stg_pln_sum_rep_prc_12m_his_ovd_7d_pls_14d_afn_pk_rto_v2,0.005315609628414316,kept
stg_pln_sum_rep_prc_3m_his_ovd_3d_pls_7d_zd_rto_v2,0.0070393248243091795,kept
stg_pln_sum_rep_prc_3m_his_ovd_m2_pls_zd_rto_v2,0.006715289172665071,kept
stg_pln_sum_rep_prc_3m_his_ovd_3d_pls_7d_mrn_pk_rto_v2,0.0066200024745151475,kept
stg_pln_sum_rep_prc_3m_his_d0_dwn_zd_rto_v2,0.008229805973494458,kept
stg_pln_sum_rep_prc_1m_his_d0_dwn_zd_rto_v2,0.006194607284825542,kept
stg_pln_sum_rep_prc_1m_his_ovd_0d_pls_3d_zd_rto_v2,0.0073188315615214244,kept
stg_pln_sum_rep_prc_6m_his_ovd_14d_pls_30d_mrn_pk_rto_v2,0.00589704633679403,kept
stg_pln_sum_rep_prc_his_ovd_0d_pls_3d_zd_rto_v2,0.003107193886162001,kept
stg_pln_sum_rep_prc_12m_his_d0_non_zd_rto_v2,0.006001599287885394,kept
stg_pln_sum_rep_prc_3m_his_ovd_3d_pls_7d_afn_pk_rto_v2,0.008673311677581287,kept
stg_pln_sum_rep_prc_12m_his_ovd_7d_pls_14d_zd_rto_v2,0.006775680804354819,kept
stg_pln_sum_rep_prc_3m_his_ovd_0d_pls_3d_afn_pk_rto_v2,0.006949931375370175,kept
stg_pln_sum_rep_prc_3m_his_ovd_7d_pls_14d_afn_pk_rto_v2,0.03625563533361201,kept
stg_pln_sum_rep_prc_6m_his_ovd_m2_pls_mrn_pk_rto_v2,0.014226859969831376,kept
stg_pln_sum_rep_prc_1m_his_d0_non_zd_rto_v2,0.0075260285694760684,kept
stg_pln_sum_rep_prc_his_d0_afn_zd_rto_v2,0.0015920529208903337,kept
stg_pln_sum_rep_prc_3m_his_ovd_14d_pls_30d_afn_pk_rto_v2,0.0065768032130295515,kept
stg_pln_sum_rep_prc_1m_his_ovd_3d_pls_7d_afn_pk_rto_v2,0.044336625779174715,kept
stg_pln_sum_rep_prc_1m_his_ovd_3d_pls_7d_mrn_pk_rto_v2,0.031446723914380637,kept
stg_pln_sum_rep_prc_12m_his_ovd_0d_pls_3d_afn_pk_rto_v2,0.005904760753863636,kept
stg_pln_sum_rep_prc_3m_his_d0_mrn_zd_rto_v2,0.008361392832480703,kept
stg_pln_sum_rep_prc_1m_his_ovd_7d_pls_14d_mrn_pk_rto_v2,0.006091870930394124,kept
stg_pln_sum_rep_prc_3m_his_ovd_7d_pls_14d_zd_rto_v2,0.00667499447918568,kept
stg_pln_sum_rep_prc_3m_his_d0_afn_pk_rto_v2,0.008972996402861554,kept
stg_pln_sum_rep_prc_1m_his_ovd_7d_pls_14d_zd_rto_v2,0.006089203684195423,kept
stg_pln_sum_rep_prc_3m_his_ovd_0d_pls_3d_mrn_pk_rto_v2,0.006653672698448654,kept
stg_pln_sum_rep_prc_3m_his_ovd_14d_pls_30d_mrn_pk_rto_v2,0.007600040800679125,kept
stg_pln_sum_rep_prc_3m_his_ovd_7d_pls_14d_mrn_pk_rto_v2,0.006749148396549354,kept
stg_pln_sum_rep_prc_1m_his_ovd_0d_pls_3d_afn_pk_rto_v2,0.006404217602435525,kept
stg_pln_sum_rep_prc_1m_his_ovd_0d_pls_3d_mrn_pk_rto_v2,0.006058571824935826,kept
stg_pln_sum_rep_prc_his_d0_mrn_zd_rto_v2,0.0020937378947144688,kept
stg_pln_sum_rep_prc_his_d0_mrn_pk_rto_v2,0.026876386331423974,kept
stg_pln_sum_rep_prc_3m_his_ovd_14d_pls_30d_zd_rto_v2,0.006953579711196261,kept
stg_pln_sum_rep_prc_6m_his_ovd_7d_pls_14d_mrn_pk_rto_v2,0.008591761809317049,kept
stg_pln_sum_rep_prc_3m_his_d0_evn_zd_rto_v2,0.00664289995833464,kept
stg_pln_pay_off_cnt_d0_rep_bjq_12m_rto,0.010277911199106775,kept
stg_pln_sum_prc_amt_ovd_pls_rep_bjq_12m_rto,0.01445012840807375,kept
stg_pln_cnt_adv_rep_bjq_12m_rto,0.008717939030150352,kept
stg_pln_sum_prc_amt_ovd_14d_pls_rep_bjq_12m_rto,0.007586146892036216,kept
stg_pln_avg_prc_amt_bjq_12m_his_per_mth,0.008402091010415055,kept
stg_pln_sum_prc_amt_ovd_3d_pls_rep_bjq_12m_rto,0.008806985236181501,kept
stg_pln_sum_prc_amt_ovd_7d_pls_rep_bjq_12m_rto,0.007502820607358234,kept
stg_pln_sum_rep_prc_3m_his_ovd_7d_pls_14d_mrn_pk_rto,0.006654485707722164,kept
stg_pln_sum_rep_prc_1m_his_ovd_3d_pls_7d_afn_pk_rto,0.0061959638129182575,kept
stg_pln_sum_rep_prc_12m_his_ovd_14d_pls_30d_zd_rto,0.006461934021231698,kept
stg_pln_sum_rep_prc_1m_his_ovd_7d_pls_14d_zd_rto,0.006228702847017446,kept
stg_pln_sum_rep_prc_3m_his_ovd_0d_pls_3d_zd_rto,0.009722590339775457,kept
stg_pln_sum_rep_prc_3m_his_ovd_0d_pls_3d_mrn_pk_rto,0.006628555526767768,kept
stg_pln_sum_rep_prc_3m_his_d0_afn_zd_rto,0.010255378534227514,kept
stg_pln_sum_rep_prc_1m_his_ovd_3d_pls_7d_mrn_pk_rto,0.010193065419423617,kept
stg_pln_sum_rep_prc_1m_his_d0_non_zd_rto,0.006398763861014184,kept
stg_pln_sum_rep_prc_12m_his_ovd_0d_pls_3d_mrn_pk_rto,0.005734973557479206,kept
stg_pln_sum_rep_prc_1m_his_ovd_0d_pls_3d_mrn_pk_rto,0.006434953088965435,kept
stg_pln_sum_rep_prc_1m_his_ovd_0d_pls_3d_afn_pk_rto,0.006952256177237913,kept
stg_pln_sum_rep_prc_12m_his_ovd_7d_pls_14d_zd_rto,0.0065576459270167585,kept
stg_pln_sum_rep_prc_3m_his_d0_afn_pk_rto,0.0077081928491273075,kept
stg_pln_sum_rep_prc_12m_his_ovd_3d_pls_7d_afn_pk_rto,0.006012007104328868,kept
stg_pln_sum_rep_prc_1m_his_d0_afn_zd_rto,0.009027473383443405,kept
stg_pln_sum_rep_prc_3m_his_ovd_3d_pls_7d_afn_pk_rto,0.00667651994726275,kept
stg_pln_sum_rep_prc_3m_his_ovd_14d_pls_30d_mrn_pk_rto,0.006715289172665071,kept
stg_pln_sum_rep_prc_3m_his_ovd_14d_pls_30d_afn_pk_rto,0.006643590647210794,kept
stg_pln_sum_rep_prc_12m_his_ovd_7d_pls_14d_afn_pk_rto,0.005447915734840096,kept
stg_pln_sum_rep_prc_3m_his_ovd_3d_pls_7d_mrn_pk_rto,0.04485677267246132,kept
stg_pln_sum_rep_prc_3m_his_ovd_14d_pls_30d_zd_rto,0.0069479879005995065,kept
stg_pln_sum_rep_prc_12m_his_ovd_0d_pls_3d_afn_pk_rto,0.007653330054393479,kept
stg_pln_sum_rep_prc_12m_his_d0_mrn_zd_rto,0.0566303738325062,kept
stg_pln_sum_rep_prc_1m_his_ovd_14d_pls_30d_afn_pk_rto,0.006091870930394124,kept
stg_pln_sum_rep_prc_3m_his_ovd_7d_pls_14d_afn_pk_rto,0.006660980196958901,kept
stg_pln_sum_rep_prc_12m_his_ovd_3d_pls_7d_zd_rto,0.007892124447859767,kept
stg_pln_sum_rep_prc_12m_his_d0_mrn_pk_rto,0.07778336018693746,kept
stg_pln_sum_rep_prc_6m_his_d0_non_zd_rto,0.01819159096762283,kept
stg_pln_sum_rep_prc_12m_his_d0_afn_pk_rto,0.007918914215506277,kept
stg_pln_sum_rep_prc_12m_his_ovd_7d_pls_14d_mrn_pk_rto,0.005317641074148122,kept
stg_pln_sum_rep_prc_1m_his_ovd_7d_pls_14d_afn_pk_rto,0.006205108731438176,kept
stg_pln_sum_rep_prc_1m_his_d0_afn_pk_rto,0.006191221347531318,kept
stg_pln_sum_rep_prc_3m_his_ovd_0d_pls_3d_afn_pk_rto,0.008057315378575371,kept
rsk_lmt_rate_ch_1m_grt_0p2_rate_36m,0.009921949798775104,kept
rsk_avl_lmt_ch_1m_les_1000_cnt_24m,0.0104265665497653,kept
min_rsk_avl_lmt_36m_bt_ch,0.010181656730070286,kept
rsk_lmt_rate_ch_1m_grt_0p2_cnt_24m,0.01092097094039045,kept
max_avl_lmt_lft_rep_prc_1m_cash_36m,0.007853897358252055,kept
rsk_lmt_rate_ch_1m_grt_0p5_cnt_24m,0.007818139525587804,kept
avg_avl_lmt_lft_rep_prc_all_cash_36m,0.015099448446374548,kept
min_avl_lmt_lft_rep_prc_all_cash_36m,0.011949637245722483,kept
min_avl_lmt_lft_rep_prc_2m_cash_36m,0.012561498642659128,kept
avg_avl_lmt_lft_rep_prc_all_cash_24m,0.01786153963832414,kept
stg_pln_sum_prc_amt_12m_36m_rto,0.0020916032714370755,kept
stg_pln_sum_rep_prc_his_ovd_3d_pls_7d_zd,0.001925715682048035,kept
stg_pln_sum_rep_prc_his_fst_ord,0.0019406252675669613,kept
stg_pln_sum_rep_prc_12m_his_d0_dwn_zd,0.08805147807894356,kept
stg_pln_min_rep_prc_12m_his,0.00493833666921219,kept
stg_pln_sum_rep_prc_his_d0_afn_pk,0.0007882970745819117,kept
stg_pln_sum_rep_prc_his_d0_mrn_pk,0.0026919406004297735,kept
stg_pln_min_rep_prc_his,0.0041980521040320545,kept
stg_pln_sum_rep_prc_12m_his_d0_mrn_zd_v2,0.0035270807612799338,kept
stg_pln_sum_rep_prc_his_d0_mrn_zd_v2,0.0011848356823821243,kept
stg_pln_sum_rep_prc_his_d0_afn_zd_v2,0.0016674617630317303,kept
stg_pln_sum_rep_prc_6m_his_d0_afn_zd_v2,5.5152552064823485e-05,kept
stg_pln_sum_rep_prc_his_d0_evn_zd_v2,1.9487183362569833e-05,kept
stg_pln_sum_rep_prc_his_d0_dwn_zd_v2,0.0002852018352643362,kept
stg_pln_sum_rep_prc_12m_his_ovd_0d_pls_3d_zd_v2,0.0009606906327688117,kept
stg_pln_sum_rep_prc_his_ovd_0d_pls_3d_zd_v2,0.0038809816543051994,kept
stg_pln_sum_rep_prc_his_ovd_0d_pls_3d_mrn_pk_v2,0.00021619919644210852,kept
stg_pln_sum_rep_prc_12m_his_d0_afn_pk_v2,0.005140286374019613,kept
stg_pln_sum_rep_prc_12m_his_d0_non_zd_v2,0.00033091244778153694,kept
stg_pln_sum_rep_prc_his_d0_non_zd_v2,0.0003662553004742803,kept
stg_pln_cnt_adv_rct,0.001113998435253483,kept
stg_pln_min_prc_amt_d0_rep_24m,0.004579049193528487,kept
his_light_fail_trade_heavy_ovd_repay_same_date_count,0.00012096480741495047,kept
light_his_sum_faqi_prc_amt_divide_heavy_his_sum_ovd_repay_amt,0.003709067793125663,kept
his_heavy_suc_trade_light_ovd_repay_same_month_count,0.00013051929605074122,kept
his_heavy_light_suc_trade_same_month_count,0.0019078414248255055,kept
d90_lend_light_to_repay_heavy_inner7d_order_stg_sum,0.009002932523949764,kept
his_heavy_ontime_repay_light_ovd_repay_same_date_count,0.0001299010012191265,kept
his_heavy_ontime_repay_light_ovd_repay_same_month_count,0.0006780490452739339,kept
his_lend_light_to_repay_heavy_inner7d_order_stg_sum,0.0017251551907317712,kept
his_heavy_advance_repay_light_ovd_repay_same_month_count,0.00015814609346285845,kept
light_his_sum_faqi_count_divide_heavy_his_sum_faqi_count,0.002527468486844109,kept
d360_light_limit_divide_btch_adt_limit,0.003940134669743001,kept
his_heavy_suc_trade_light_ovd_repay_same_date_count,0.0007005375993090456,kept
his_light_suc_trade_heavy_ovd_repay_same_date_count,0.00023219471073025733,kept
his_heavy_suc_trade_light_advance_repay_same_month_count,0.0001906419589143262,kept
his_heavy_fail_trade_light_ovd_repay_same_date_count,0.0005067390510931666,kept
his_heavy_shouxin_samemonth_light_ovd_repay_count,0.00013195743369225172,kept
his_light_ontime_repay_heavy_ovd_repay_same_month_count,0.0005433677685079375,kept
heavy_unpaid_principal_his_divide_d720_light_limit_max,0.001875714992375824,kept
his_light_suc_trade_heavy_ovd_repay_same_month_count,0.00013030314443730726,kept
his_light_ontime_repay_heavy_ovd_repay_same_date_count,0.0001626836690235301,kept
light_his_sum_larger_than_1w_faqi_count_divide_heavy_his_sum_larger_than_1w_faqi_count,0.004721466874506921,kept
heavy_his_sum_fail_prc_amt_divide_light_his_sum_ontim_repay_amt,0.0038515898474460776,kept
unpaid_principal_future_light_divide_heavy,0.009499327463018164,kept
his_heavy_light_suc_trade_same_date_count,6.821693975562671e-05,kept
light_his_sum_faqi_prc_amt_divide_heavy_his_sum_ontim_repay_amt,0.0053789783292558044,kept
his_light_advance_repay_heavy_ovd_repay_same_date_count,0.0015390579895470796,kept
heavy_unpaid_principal_future_divide_his_light_limit_max,0.007223119826665757,kept
heavy_d720_sum_faqi_prc_amt_divide_light_d720_sum_ontim_repay_amt,0.004787916451388222,kept
his_light_shouxin_heavy_fail_trade_same_month_count,0.0008255760913206715,kept
his_heavy_ovd_repay_light_ovd_repay_same_month_count,0.0008915618481997204,kept
his_heavy_light_fail_trade_same_date_count,0.00029607446774812594,kept
light_d720_max_ontim_repay_amt_divide_heavy_d720_max_ontim_repay_amt,0.003896534622058613,kept
unpaid_principal_future_light_add_heavy,0.012291253486005124,kept
his_lend_heavy_to_repay_light_inner3d_order_amt_sum,0.00025033440204631573,kept
d360_lend_light_to_repay_heavy_inner7d_order_num_sum,0.0011910150757841094,kept
his_heavy_ontime_repay_light_ontime_repay_same_month_count,0.0022130997486765375,kept
his_heavy_advance_repay_light_advance_repay_same_date_count,0.000301436396904741,kept
light_his_sum_ontim_repay_amt_divide_heavy_his_sum_ontim_repay_amt,0.0043590735145621,kept
his_lend_heavy_to_repay_light_inner3d_order_amt_rate,0.0003998087908027381,kept
light_d360_sum_faqi_count_divide_heavy_d360_sum_faqi_count,0.0028911033565924096,kept
his_light_fail_trade_heavy_ovd_repay_same_month_count,0.00014904960825356864,kept
light_his_sum_faqi_prc_amt_divide_heavy_his_sum_adv_repay_amt,0.005151072786661021,kept
his_heavy_shouxin_inner30d_light_advance_repay_count,0.00012904657130899665,kept
his_light_suc_trade_heavy_advance_repay_same_date_count,0.00046261177685320663,kept
light_his_sum_fail_prc_amt_divide_heavy_his_sum_fail_prc_amt,0.0029591257222220642,kept
d360_lend_light_to_repay_heavy_inner7d_order_amt_sum,0.0022977635200237207,kept
light_his_max_fail_prc_amt_divide_heavy_his_max_adv_repay_amt,0.0013664626212828098,kept
his_heavy_ontime_repay_light_ontime_repay_same_date_count,0.0013311730387042754,kept
his_light_shouxin_heavy_suc_trade_same_month_count,0.0009293072523632945,kept
his_light_advance_repay_heavy_ovd_repay_same_month_count,0.00018177836054575138,kept
his_heavy_shouxin_inner30d_light_trade_fail_count,9.221955651626273e-05,kept
his_lend_light_to_repay_heavy_inner3d_order_amt_sum,0.0012377463466342377,kept
light_d720_sum_faqi_prc_amt_divide_heavy_d720_sum_faqi_prc_amt,0.00381800706005592,kept
his_heavy_ovd_repay_light_ovd_repay_same_date_count,0.0003755917937993198,kept
light_his_max_faqi_prc_amt_divide_heavy_his_max_faqi_prc_amt,0.00386637079675778,kept
his_heavy_advance_repay_light_ovd_repay_same_date_count,0.0017619070601827987,kept
his_lend_heavy_to_repay_light_inner14d_order_num_sum,5.351950468122978e-05,kept
his_light_suc_trade_heavy_advance_repay_same_month_count,0.0006066780117239144,kept
d360_lend_heavy_to_repay_light_inner7d_order_stg_rate,0.007702862653954099,kept
his_heavy_shouxin_samemonth_light_advance_repay_count,0.0005207365422770885,kept
his_heavy_fail_trade_light_ovd_repay_same_month_count,0.001057125893729562,kept
his_lend_light_to_repay_heavy_inner3d_order_stg_rate,0.0010424724586363839,kept
light_d720_sum_faqi_stg_num_divide_heavy_d720_sum_faqi_stg_num,0.0022393101596689287,kept
his_heavy_suc_trade_light_advance_repay_same_date_count,0.00015458219241273449,kept
his_heavy_light_fail_trade_same_month_count,0.0005022478391101075,kept
d90_lend_light_to_repay_heavy_inner7d_order_amt_sum,0.007124633667384546,kept
his_heavy_shouxin_inner30d_light_trade_suc_count,0.00016387979468095396,kept
his_lend_light_to_repay_heavy_inner14d_order_amt_rate,0.0017247354062149202,kept
rsk_lmt_rate_ch_1m_grt_0p5_cnt_3m,0.024145132263028907,kept
rsk_lmt_rate_ch_1m_grt_0p2_cnt_3m,0.011919580516102155,kept
min_rsk_lmt_rate_12m_bt_ch,0.013931520963941013,kept
avg_avl_lmt_lft_rep_prc_all_cash_12m,0.016525645530357496,kept
rsk_avl_lmt_ch_1m_les_5000_rate_3m,0.030922354066130805,kept
rsk_lmt_rate_ch_1m_grt_0p95_rate_3m,0.039833674039333244,kept
rsk_lmt_rate_ch_1m_grt_0p8_rate_3m,0.0404559337827034,kept
avg_avl_lmt_lft_rep_prc_3m_cash_1m,0.03614295606253129,kept
rsk_lmt_rate_ch_1m_grt_0p2_rate_6m,0.010822870443472925,kept
rsk_lmt_rate_ch_1m_grt_0p95_cnt_1m,0.028099755748874328,kept
min_rsk_lmt_rate_3m_bt_ch,0.022013415558303946,kept
min_rsk_avl_lmt_3m_bt_ch,0.04529745996627268,kept
rsk_lmt_rate_ch_1m_grt_0p5_rate_6m,0.014534791755933758,kept
rsk_avl_lmt_ch_1m_les_5000_cnt_3m,0.030257969740385984,kept
max_rsk_lmt_rate_1m_all,0.044735644460652604,kept
rsk_avl_lmt_ch_1m_les_10000_rate_6m,0.01594555309310661,kept
min_avl_lmt_lft_rep_prc_2m_cash_3m,0.04517437956139794,kept
rsk_avl_lmt_ch_1m_les_500_cnt_3m,0.041229323256567696,kept
max_avl_lmt_lft_rep_prc_1m_cash_3m,0.024471668468256758,kept
rsk_lmt_rate_ch_1m_grt_0p9_cnt_6m,0.020165559151463126,kept
rsk_lmt_rate_ch_1m_grt_0p95_rate_1m,0.027826215504238527,kept
rsk_lmt_rate_ch_1m_grt_0p2_rate_1m,0.0129876122999215,kept
min_rsk_avl_lmt_12m_bt_ch,0.01184502885230966,kept
max_avl_lmt_lft_rep_prc_all_cash_12m,0.015116247116891347,kept
rsk_avl_lmt_ch_1m_les_500_rate_3m,0.04211289547940048,kept
rsk_avl_lmt_ch_1m_les_1000_rate_1m,0.03006236249049012,kept
rsk_lmt_rate_ch_1m_grt_0p9_rate_12m,0.020529952660969925,kept
rsk_avl_lmt_ch_1m_les_1000_rate_6m,0.01949022120869489,kept
rsk_lmt_rate_ch_1m_grt_0p8_rate_1m,0.03625888194604193,kept
rsk_lmt_rate_ch_1m_grt_0p8_cnt_1m,0.03796150526750821,kept
pmt_hnd_amt_rat_1m,0.005874057190257108,kept
payment_not_balancenotenough_dis_rate_3m,0.016853021391583022,kept
payment_balancenotenough_day_rate_3m,0.02461675330831231,kept
pmt_crd_amt_1m,0.009649605076320433,kept
payment_balancenotenough_dis_rate_1m,0.025889520689198944,kept
payment_day_6m,0.007211044554254633,kept
pmt_crd_amt_3m,0.008056058756756957,kept
pmt_crd_amt_pmonth_his,0.006917173443771693,kept
stg_pln_sum_prc_amt_ovd_14d_pls_rep_1m_rto,0.006663998818446202,kept
stg_pln_cnt_ovd_3d_pls_rep_3m_rto,0.006167391592410624,kept
stg_pln_sum_prc_amt_ovd_m2_pls_rep_12m_rto,0.00486747828976568,kept
stg_pln_pay_off_sum_prc_amt_14d_1m_rto,0.007144568639880768,kept
stg_pln_sum_prc_amt_ovd_3d_pls_rep_1m_rto_his,0.002541164143993003,kept
stg_pln_pay_off_sum_prc_amt_7d_1m_rto,0.0068763334434453986,kept
stg_pln_sum_prc_amt_6m_12m_rto,0.006103607703730848,kept
stg_pln_avg_prc_amt_adv_rep_12m,0.0014454370313968126,kept
stg_pln_sum_prc_amt_ovd_3d_pls_rep_1m_rto,0.006649050724162887,kept
stg_pln_cnt_ovd_7d_pls_rep_1m_rto,0.006667278441781837,kept
stg_pln_sum_prc_amt_ovd_7d_pls_rep_12m_rto,0.005388957258625912,kept
stg_pln_cnt_ovd_7d_pls_rep_3m_rto,0.006011891490052434,kept
stg_pln_pay_off_sum_prc_amt_6m_12m_rto,0.010063489918132067,kept
stg_pln_pay_off_sum_prc_amt_1m_3m_rto,0.040198552108516764,kept
stg_pln_avg_prc_amt_adv_3d,0.0024962585965277533,kept
stg_pln_sum_prc_amt_adv_rep_6m_rto,0.007034005435768304,kept
stg_pln_pay_off_cnt_3m_6m_rto,0.016956914504830903,kept
stg_pln_sum_prc_amt_1m_2m_rto,0.023996399397210145,kept
stg_pln_sum_prc_amt_ovd_pls_rep_6m_rto_his,0.00164754421869868,kept
stg_pln_pay_off_cnt_d0_rep_6m_rto,0.006846054794469721,kept
max_ddf_rep_tim_dte_ovd_pls_rep_bjq_12m,0.005917464158209127,kept
stg_pln_max_prc_amt_adv_d0_rep_bjq_12m,0.008651243355093237,kept
stg_pln_fst_sum_prc_amt_ovd_pls_rep_bjq_12m,0.008026623495108926,kept
stg_pln_min_prc_amt_adv_3d_bjq_12m,0.007727685101310894,kept
stg_pln_max_prc_amt_adv_3d_bjq_12m,0.008787920991561449,kept
stg_pln_sum_prc_amt_adv_fst_ord_bjq_12m,0.008775725241892969,kept
min_ddf_rep_tim_dte_ovd_pls_rep_bjq_12m,0.004146871331955146,kept
min_ddf_rep_tim_dte_adv_fst_ord_bjq_12m,0.0008314629109271141,kept
stg_pln_sum_prc_amt_adv_3d_bjq_12m,0.008845391496207307,kept
stg_pln_pay_off_max_prc_amt_pday_bjq_12m,0.00934708476080005,kept
stg_pln_pay_off_cnt_bjq_12m,0.01171236979226015,kept
stg_pln_max_prc_amt_ovd_14d_pls_rep_bjq_12m,0.007663273972785501,kept
stg_pln_max_prc_amt_ovd_1d_3d_rep_bjq_12m,0.010446632313548275,kept
max_ddf_mdl_rep_dte_his_bjq,0.011721909349381969,kept
stg_pln_min_prc_amt_ovd_7d_pls_rep_bjq_12m,0.008441091297451771,kept
stg_pln_max_prc_amt_ovd_3d_pls_rep_bjq_12m,0.008726279466348092,kept
stg_pln_fst_cnt_ovd_3d_pls_rep_bjq_12m,0.007563173128801866,kept
stg_pln_sum_prc_amt_adv_bjq_12m,0.008115061807022999,kept
stg_pln_min_prc_amt_bjq_12m_his_bjq_12m,0.00831933972748657,kept
stg_pln_cnt_adv_bjq_12m,0.008610041848256776,kept
stg_pln_sum_prc_amt_his_fst_ord_bjq_12m,0.010754735646181523,kept
stg_pln_min_prc_amt_adv_bjq_12m,0.007551921595456291,kept
min_fst_ddf_mdl_rep_dte_ovd_pls_bjq,0.0022592128672902353,kept
stg_pln_cnt_adv_3d_bjq_12m,0.008018544020123546,kept
stg_pln_fst_cnt_ovd_pls_rep_bjq_12m,0.008852629998828267,kept
min_ddf_rep_tim_dte_adv_bjq_12m,0.0031482295992792597,kept
stg_pln_sum_prc_amt_ovd_pls_rep_bjq_12m,0.008935126979482547,kept
stg_pln_max_prc_amt_ovd_pls_fst_ord_bjq_12m,0.008148904203515104,kept
min_ddf_mdl_rep_dte_ovd_pls_bjq,0.0063011889123877965,kept
stg_pln_cnt_adv_fst_ord_bjq_12m,0.007932960156117864,kept
min_ddf_mdl_rep_tim_adv_bjq_12m,0.0038024176481000213,kept
stg_pln_cnt_ovd_m2_pls_rep_bjq_12m,0.007997605967608476,kept
stg_pln_min_prc_amt_adv_d0_rep_bjq_12m,0.009003726193138908,kept
stg_pln_max_prc_amt_adv_d0_rep_his_fst_ord_bjq_12m,0.008255012311380847,kept
stg_pln_sum_prc_amt_ovd_pls_fst_ord_bjq_12m,0.008478158115682219,kept
stg_pln_cnt_his_fst_ord_bjq_12m,0.009823962676036553,kept
stg_pln_cnt_ovd_14d_pls_rep_bjq_12m,0.007663273972785501,kept
stg_pln_max_prc_amt_adv_3m_bjq_12m,0.008074340346473367,kept
min_ddf_mdl_rep_tim_d0_rep_his_bjq_12m,0.0075305809335806315,kept
stg_pln_max_prc_amt_ovd_7d_pls_rep_bjq_12m,0.0075713781802943456,kept
stg_pln_min_prc_amt_ovd_pls_rep_bjq_12m,0.007888059653457158,kept
stg_pln_min_prc_amt_ovd_pls_fst_ord_bjq_12m,0.007606735976208816,kept
max_ddf_rep_tim_dte_adv_bjq_12m,0.0029786907423436045,kept
stg_pln_cnt_ovd_3d_pls_rep_bjq_12m,0.008740583776700804,kept
stg_pln_fst_sum_prc_amt_ovd_3d_pls_rep_bjq_12m,0.007563173128801866,kept
stg_pln_min_prc_amt_ovd_1d_3d_rep_bjq_12m,0.007751993076847154,kept
stg_pln_cnt_ovd_pls_rep_bjq_12m,0.008969026521909016,kept
min_ddf_mdl_rep_dte_his_bjq,0.009473859375740815,kept
stg_pln_cnt_ovd_pls_fst_ord_bjq_12m,0.009708820612970626,kept
stg_pln_sum_prc_amt_6m_12m_rto_ftr,0.03160485219648969,kept
stg_pln_cnt_ftr_fst_ord,0.006346216657126929,kept
stg_pln_sum_prc_amt_ftr_fst_ord,0.003984007345943748,kept
stg_pln_sum_prc_amt_3m_6m_rto_ftr,0.03504207692698024,kept
max_ddf_mdl_rep_dte_ftr,0.03271550795290143,kept
stg_pln_min_prc_amt_6m_ftr,0.001694337474839278,kept
min_ddf_mdl_rep_dte_ftr,0.01087214788313153,kept
stg_pln_min_prc_amt_ftr,0.008192745319126277,kept
ddf_bjq_12m_rep_dte_neg_7_crt_dt_ord_cnt,0.00788092883117623,kept
min_ddf_rep_dte_ord_crt_tim_7_bjq_12m,0.0054292354989732405,kept
ddf_bjq_12m_rep_dte_0_crt_dt_min_prc_amt,0.007548157498331832,kept
min_ddf_rep_dte_ord_crt_tim_neg_1_bjq_12m,0.0029170392342696408,kept
max_ddf_rep_dte_ord_crt_tim_5_bjq_12m,0.003726067823050151,kept
ddf_bjq_12m_rep_dte_neg_5_crt_dt_min_prc_amt,0.0075684943123162695,kept
avg_ddf_rep_dte_ord_crt_tim_7_bjq_12m,0.005450094239125607,kept
ddf_bjq_12m_rep_dte_1_crt_dt_max_prc_amt,0.008140073341900726,kept
ddf_bjq_12m_rep_dte_neg_5_crt_dt_max_prc_amt,0.008604630670132464,kept
min_ddf_rep_dte_ord_crt_tim_neg_5_bjq_12m,0.004702774206039908,kept
ddf_bjq_12m_rep_dte_7_crt_dt_max_prc_amt,0.008451266195446765,kept
ddf_bjq_12m_rep_dte_7_crt_dt_sum_prc_amt,0.00965216571072393,kept
ddf_bjq_12m_rep_dte_3_crt_dt_min_prc_amt,0.007558504474771504,kept
ddf_bjq_12m_rep_dte_neg_1_crt_dt_min_prc_amt,0.007571775867381091,kept
max_ddf_rep_dte_ord_crt_tim_7_bjq_12m,0.005094189365778248,kept
ddf_bjq_12m_rep_dte_7_crt_dt_min_prc_amt,0.007554943682520382,kept
cnt_avg_ord_span_30d,0.00979900331073624,kept
cnt_avg_ord_span_30d_90d,0.0026301347747820746,kept
mdt_lst_60d_180d_stg_cnt_ever_overdue_rte_rte,0.0008341304564270135,kept
cnt_ord_cnt_ever_overdue_rte_30d_90d,0.03628705390434159,kept
mdt_lst_30d_60d_stg_cnt_advance_rte,0.0038684407559982986,kept
abf_1y_inter_1m_count_up,0.011362723596218718,kept
af_1m_trend,0.03311624151041987,kept
af_1y_inter_1m_sum_up,0.01238309704014588,kept
rsi_bf_1y_inter_1m,0.011516049653642212,kept
af_6m_trend,0.02865232858657571,kept
bf_q2_q1_trend,0.006038820699788134,kept
rsi_abf_1y_inter_3m,0.01122919747151661,kept
bf_3m_inter_1m_sum_up,0.026273524405167732,kept
rsi_af_1y_inter_1m,0.02074313153499328,kept
rsi_af_6m_inter_1m,0.03154238960031323,kept
af_q2_q1_trend,0.02655781157194931,kept
bf_q3_q2_trend,0.00327336453562383,kept
af_6m_inter_1m_sum_up,0.023946119863705664,kept
af_1y_inter_3m_sum_up,0.00952907124219191,kept
bf_1y_inter_3m_sum_down,0.0008641896998419536,kept
rsi_bf_3m_inter_1m,0.020339995893047455,kept
bf_q4_q3_trend,0.017012349398402554,kept
bf_1y_inter_3m_count_down,0.000744960461692119,kept
rsi_abf_1y_inter_1m,0.012067939169119123,kept
rsi_af_1y_inter_3m,0.01886520937265026,kept
sum_avb_lmt_2m_v2,0.016128649216813496,kept
succloan_stage_num_mean_all,0.0007424007588246967,kept
n_unique_channel_event_result_1,0.0007381021444335589,kept
stddev_amt_event_type_repay_all,0.0029274062745080786,kept
min_amt_channel_hb,0.0018252907620689863,kept
last_amt_channel_hb_microcredit_lv1_all,0.0029648337158507477,kept
median_amt_event_result_1_all,0.0025187207203111765,kept
n_unique_event_type_day_diff_shift1_event_type_loan,0.0017820667518508508,kept
stddev_amt_event_type_repay_event_result_1_recent_180,0.008656145061076235,kept
day_diff_shift1_n_unique_all,0.06331559011040416,kept
first_day_diff_event_result_1_all,0.02564524277096801,kept
n_unique_day_diff_shift1_event_type_loan,0.0012679830460222156,kept
cnt_event_type_credit_event_result_1_all,0.0013970968904986846,kept
max_amt_event_type_repay_recent_60,0.010219860116829821,kept
sum_day_diff_shift1_event_type_loan_all,0.009782207057878458,kept
n_unique_other_info_event_type_credit,0.0007627147823591903,kept
sum_day_diff_type_heavy_all,0.03480509644309417,kept
median_amt_channel_hb_microcredit_lv1_all,0.0033793731359493457,kept
last_day_diff_event_result_0_event_type_loan_all,0.02345132221097339,kept
max_amt_other_info_manual_repay,0.002023659467330207,kept
last_event_type_day_diff_shift1_event_type_repay_all,0.0028247899565557698,kept
max_amt_type_light,0.0024718213319691595,kept
min_amt_event_type_credit_event_result_1,0.001467968978733581,kept
day_diff_last_repay_loan,0.0014682232966260794,kept
std_amt_channel_hb,0.0016842056394960182,kept
first_day_diff_event_result_0_event_type_loan_all,0.02809960270813488,kept
cnt_other_info_auto_deduct_uid_recent_days_540,0.0028828362970967,kept
stddev_day_diff_shift1_event_type_repay_all,0.004524136292422869,kept
median_amt_other_info_auto_deduct_all,0.001954379175684521,kept
cnt_event_type_limit_type_heavy_all,0.04473430949768232,kept
first_amt_event_type_credit_all,0.0012739134199211749,kept
last_amt_type_light_all,0.002955472720597383,kept
succloan_day_diff_reud_stage_num_sum_all,0.026709617191309685,kept
per_event_type_limit_all,0.006113959910963244,kept
cnt_event_type_loan_type_heavy_all,0.001831314949380619,kept
cnt_channel_hb_uid_recent_days_180,0.0026972913208662807,kept
avg_day_diff_shift1_event_type_repay_all,0.004108921438264419,kept
min_amt_event_type_repay_recent_180,0.008170073465238013,kept
ddf_36m_rep_dte_neg_3_crt_dt_max_prc_amt,0.002912275557782869,kept
ddf_24m_rep_dte_3_crt_dt_max_prc_amt,0.0017782007636908644,kept
ddf_rep_dte_0_crt_dt_max_prc_amt,0.0002542498894195627,kept
ddf_36m_rep_dte_neg_5_crt_dt_rep_prc_amt_rto,0.005381670553728862,kept
ddf_24m_rep_dte_neg_7_crt_dt_avg_prc_amt,0.0035780060283731614,kept
ddf_36m_rep_dte_0_crt_dt_rep_prc_amt_rto,0.004502643220955884,kept
ddf_24m_rep_dte_neg_7_crt_dt_ord_cnt,0.0028814793843734018,kept
ddf_24m_rep_dte_neg_7_crt_dt_rep_prc_amt,0.0030947632977365498,kept
ddf_36m_rep_dte_5_crt_dt_rep_prc_amt_rto,0.003683035428265901,kept
ftr_pending_repay_gurantee_fee_sum_divide_ftr_principal_sum,0.05750785115332714,kept
d360_schedule_pay_penalty_max,0.0028761207785305337,kept
d90_repaid_exclude_principal_fee_stddev,0.01225899315048574,kept
d360_repaid_interest_fee_max,0.008731138776908114,kept
d180_repaid_gurantee_fee_sum_divide_d180_principal_sum,0.04922629724752897,kept
d1080_sum_repaid_interest_fee_sum_divide_d1080_principal_sum,0.013012620926575054,kept
tot_pending_repay_tot_fee_stddev,0.01213175630742635,kept
d720_repaid_tot_fee_stddev,0.008402782763392012,kept
ftr_pending_repay_interest_fee_sum,0.015895343973780163,kept
d360_schedule_pay_penalty_sum_divide_d360_principal_sum,0.0027159210226045775,kept
d90_repaid_interest_fee_stddev,0.010277169279957511,kept
d90_repaid_tot_fee_stddev,0.009126274690185386,kept
d360_repaid_gurantee_fee_stddev,0.008328223232824979,kept
d90_repaid_interest_fee_sum,0.009076705881272904,kept
d360_stddev_adv_repay_fee,0.005593260995043144,kept
d360_repaid_exclude_principal_fee_max,0.008447861242550675,kept
d180_adv_repay_fee_sum,0.006513961451548464,kept
d90_repaid_interest_fee_sum_divide_d90_principal_sum,0.010534070410256616,kept
d1080_repaid_interest_fee_stddev,0.008527865314969211,kept
d360_adv_repay_fee_sum_divide_d360_principal_sum,0.005827172723179379,kept
d720_repaid_interest_fee_sum,0.008103392494479406,kept
max_con_dau_7d,0.004048318924769201,kept
ddf_mdl_max_con_dau_dt_90d,0.008181111415389873,kept
ddf_mdl_max_dau_dt_90d,0.007486755563961163,kept
ddf_mdl_max_con_dau_dt_30d,0.006855808180133376,kept
ord_apl_suc_min_stg_num_360_day_bjq_12m,0.008658838598951493,kept
ord_apl_suc_sum_prc_amt_360_day_04_06_bjq_12m,0.007565237009945767,kept
ord_apl_cnt_360_day_19_23_bjq_12m,0.007689289103171952,kept
his_360_day_csh_apl_ord_cnt_bjq_12m,0.00847265279259699,kept
ord_apl_suc_cnt_360_day_19_23_bjq_12m,0.0075547546770824885,kept
ord_apl_min_prc_amt_360_day_bjq_12m,0.00927529597528143,kept
ord_apl_max_prc_amt_360_day_bjq_12m,0.009067351297817819,kept
ord_apl_cnt_360_day_04_06_bjq_12m,0.008239968208960662,kept
ord_apl_sum_prc_amt_360_day_bjq_12m,0.008874873881027413,kept
ord_apl_suc_sum_prc_amt_360_day_07_12_bjq_12m,0.007918621311366078,kept
his_360_day_bt_suc_ord_cnt_bjq_12m,0.008004322854299308,kept
pst_ord_apl_suc_sum_stg_num_360_day_bjq_12m,0.008194980607351797,kept
his_360_day_bt_apl_ord_cnt_csh_rto_bjq_12m,0.004576987042227428,kept
his_360_day_bt_apl_ord_cnt_his_rto_bjq_12m,0.008900646648193662,kept
his_360_day_prc_amt_3_000_flg_suc_ord_cnt_bjq_12m,0.00813180514387284,kept
ord_apl_suc_cnt_360_day_00_03_bjq_12m,0.007685595560083558,kept
ord_apl_cnt_360_day_07_12_bjq_12m,0.008998253145614426,kept
his_360_day_csh_apl_ord_cnt_his_rto_bjq_12m,0.00981337544305794,kept
ord_apl_suc_sum_prc_amt_360_day_00_03_bjq_12m,0.007685595560083558,kept
ord_apl_suc_sum_prc_amt_360_day_bjq_12m,0.0087841708725868,kept
his_360_day_csh_suc_ord_cnt_bjq_12m,0.008967137369810512,kept
ord_apl_suc_6_cnt_360_day_bjq_12m,0.007770596391357934,kept
ord_apl_suc_sum_prc_amt_360_day_19_23_bjq_12m,0.008353862763243377,kept
ord_apl_suc_cnt_360_day_13_18_bjq_12m,0.008118919184806367,kept
ord_apl_suc_max_stg_num_360_day_bjq_12m,0.008508482949840973,kept
ord_apl_suc_cnt_360_day_07_12_bjq_12m,0.007731375233596466,kept
ord_apl_fal_cnt_360_day_bjq_12m,0.008355953049861049,kept
ord_apl_cnt_360_day_00_03_bjq_12m,0.0076067032419581135,kept
pst_ord_apl_suc_max_prc_amt_360_day_bjq_12m,0.008098754344498483,kept
ord_apl_suc_sum_prc_amt_360_day_13_18_bjq_12m,0.008740047407600059,kept
ord_apl_cnt_360_day_13_18_bjq_12m,0.00801782291532808,kept
ord_apl_sum_prc_amt_360_day_04_06_bjq_12m,0.008239968208960662,kept
ord_apl_sum_prc_amt_360_day_19_23_bjq_12m,0.008566966675329482,kept
his_360_day_prc_amt_3_000_flg_apl_ord_cnt_bjq_12m,0.008715533549969406,kept
bsy_typ_suc_cnt_360_day_bjq_12m,0.007789111649290946,kept
ord_apl_sum_prc_amt_360_day_00_03_bjq_12m,0.0076067032419581135,kept
ord_apl_suc_cnt_360_day_04_06_bjq_12m,0.007565237009945767,kept
lst_app_str_hr,0.006614909672453691,kept
his_30d_app_str_ctn_v2,0.006398745612130082,kept
dvc_cnt_cjj_7,0.00475830173427029,kept
his_1d_app_str_ctn_v2,0.005151843742813269,kept
dvc_num_log_mid_ngt_90,0.005177928779210313,kept
dvc_cnt_cjj_30,0.0054589594954130415,kept
his_3d_app_str_ctn_v2,0.005999701774323464,kept
his_7d_app_str_ctn_v2,0.006173524953475017,kept
dvc_cnt_cjj_90,0.004774184602613566,kept
loan_unique_fund_cnt_3m,0.012197576100698097,kept
credit_pass_unique_scene_cnt_36m,0.004992213891882108,kept
loan_fund_cnt_all,0.001995125355058068,kept
credit_pass_unique_fund_cnt_3m,0.019237008242890895,kept
credit_unique_fund_cnt_3m,0.047137985379617255,kept
credit_fund_other_ratio_12m,0.001213993159565791,kept
loan_reject_unique_fund_cnt_6m,0.0008092315321292871,kept
loan_fund_level2_max_terms_all,0.00017967250202564303,kept
loan_unique_fund_cnt_12m,0.003502663180133772,kept
loan_fund_level2_max_ir_all,0.0013391779911090518,kept
loan_reject_cnt_all,0.0012438056299645425,kept
credit_pass_unique_fund_cnt_24m,0.0044556448168005715,kept
credit_fund_level2_ratio_36m,0.003051624358687609,kept
credit_loan_avg_days_36m,0.004743309662324809,kept
credit_fund_other_reject_cnt_6m,0.0016970249285005426,kept
credit_fund_other_reject_cnt_24m,0.0031754878439947116,kept
loan_fund_level2_min_ir_36m,0.005397463804983237,kept
credit_max_limit_cnt_12m,0.005990199211783981,kept
loan_reject_unique_fund_cnt_1m,0.011328009922912304,kept
credit_loan_usage_rate_24m,0.0018114688136931483,kept
credit_loan_avg_days_24m,0.002226473248292912,kept
credit_unique_fund_cnt_1m,0.004774320420853695,kept
credit_ratio_12m,0.005826375636058926,kept
loan_fund_level2_cnt_36m,0.0017083656982311585,kept
credit_fund_level2_avg_ir_cnt_24m,0.0035091176319891745,kept
credit_min_ir_cnt_24m,0.008767509876192618,kept
credit_unique_fund_cnt_36m,0.017605029302179675,kept
loan_avg_terms_36m,0.0028162732900375988,kept
credit_fund_level1_ratio_12m,0.0006334453465401335,kept
loan_pass_unique_fund_cnt_1m,0.009285763097598192,kept
credit_fund_level1_reject_cnt_24m,0.0013634757329468894,kept
credit_pass_unique_fund_cnt_6m,0.010598012304253765,kept
credit_unique_scene_cnt_36m,0.011273029062943862,kept
loan_max_ir_36m,0.0019555882701336757,kept
credit_unique_scene_cnt_6m,0.0006323865860201415,kept
credit_limit_cnt_24m,0.006121067390523866,kept
credit_reject_cnt_6m,0.02757672181209117,kept
credit_fund_level2_avg_ir_cnt_36m,0.0028125853331423282,kept
credit_fund_level2_max_ir_cnt_24m,0.003106414797768549,kept
loan_fund_level2_principal_avg_36m,0.0022572134804956226,kept
credit_unique_scene_cnt_12m,0.0017894781149668196,kept
credit_reject_cnt_12m,0.006022594185094232,kept
credit_min_limit_cnt_24m,0.005104193037533082,kept
credit_avg_ir_cnt_24m,0.00544484931813041,kept
credit_min_ir_cnt_36m,0.002826538823292544,kept
loan_reject_fund_cnt_all,0.0007801844482648877,kept
credit_unique_scene_cnt_24m,0.0039417846935285656,kept
credit_avg_limit_cnt_36m,0.004370009435526322,kept
credit_pass_unique_scene_cnt_12m,0.005508522075840623,kept
credit_fund_level2_min_ir_cnt_24m,0.010838825316271148,kept
credit_fund_level1_reject_cnt_36m,0.010706314617881827,kept
credit_fund_level2_reject_cnt_36m,0.004779894915220549,kept
clk_cnt_14d,0.00466282969550637,kept
dau_00_06_90d,0.0018154389319609329,kept
pge_id_cnt_90d,0.006207772257472192,kept
d360_due_repay_amt_avg_divide_d360_faqi_trade_amt_avg,0.010722814003039028,kept
d360_max_adv_repay_amt_divide_rsk_adt_lmt_cash,0.004472755308073269,kept
d1080_due_repay_amt_larger_than_rsk_adt_lmt_cash_his_t_day_count_sum,0.003770564084208972,kept
d180_ovdrepay_1_4am_trade_in_same_month_count_sum,0.0050590462362453455,kept
d90_successamt_thismon_sum_larger_than_rsk_adt_lmt_cash_count_sum,0.03363605308307087,kept
d1080_ovdrepay_ontimrepay_in_same_month_count_sum,0.0011123318882764587,kept
d360_max_adv_repay_amt_divide_d360_max_faqi_prc_amt,0.007326793160758738,kept
d1080_ovdrepay_fail_trade_in_same_month_count_sum,0.00656418514711196,kept
d1080_advrepay_large_than_ontimrepay_amt_months_count_sum,0.0005459818456683868,kept
d360_trade_fail_stgnum_avg_mon_divide_his_trade_success_stgnum_avg_mon,0.0017053270188682672,kept
his_due_repay_amt_avg_divide_his_faqi_trade_amt_avg,0.0028739865707463363,kept
d360_ovdrepay_thismon_sum_larger_than_rsk_avl_lmt_cash_count_sum,0.005861974093370308,kept
d90_ovdrepay_suc_trade_in_same_month_count_sum,0.010378541463725957,kept
d720_max_ovd_repay_amt_divide_d720_max_suc_prc_amt,0.00447299854825173,kept
d360_due_repay_amt_sum_divide_d360_faqi_trade_amt_sum,0.009048046280885022,kept
d180_max_adv_repay_amt_divide_d180_max_faqi_prc_amt,0.005191412386184376,kept
d360_advrepay_amt_sum_divide_ontimrepay_amt_sum,0.0027794733843376413,kept
d180_faqi_trade_amt_larger_than_rsk_adt_lmt_cash_his_t_day_count_sum,0.007583851574605238,kept
d1080_advrepay_ontimrepay_in_same_month_count_sum,0.0012506614286045185,kept
d1080_ontimrepay_thismon_sum_larger_than_rsk_adt_lmt_cash_count_sum,0.0027309603212834566,kept
d180_due_repay_amt_larger_than_rsk_avl_lmt_cash_his_t_day_count_sum,0.015124252078259771,kept
d720_max_due_prc_amt_divide_d720_max_faqi_prc_amt,0.027355243766897644,kept
d1080_trade_fail_amt_sum_mon_divide_his_trade_success_amt_sum_mon,0.006298729944264819,kept
d360_max_faqi_prc_amt_divide_rsk_avl_lmt_cash,0.031157656331667394,kept
his_ovd_1d3d_repay_amt_sum_divide_adv_3dminus_repay_amt_sum,0.0029026097532870287,kept
his_ontimrepay_thismon_sum_larger_than_rsk_adt_lmt_cash_count_sum,0.00017596546997104408,kept
d360_unpaid_principal_tot_amt_t_day_divide_rsk_adt_lmt_cash_his_t_day_max,0.020324574025696165,kept
d360_advrepay_thismon_sum_larger_than_rsk_adt_lmt_cash_count_sum,0.001059016303491858,kept
d180_ovdrepay_amt_sum_divide_ontimrepay_amt_sum,0.0033740886929714544,kept
d360_trade_fail_count_mon_divide_his_trade_success_count_mon,0.011282581640587623,kept
d1080_faqi_trade_amt_larger_than_rsk_adt_lmt_cash_his_t_day_count_sum,0.006353726483828536,kept
d720_faqi_trade_amt_larger_than_rsk_adt_lmt_cash_his_t_day_count_sum,0.009612182196706114,kept
d180_faqiamt_thismon_sum_larger_than_rsk_adt_lmt_cash_count_sum,0.00946602709748519,kept
his_advrepay_large_than_ontimrepay_amt_months_count_sum,0.001442321627002841,kept
d720_faqi_trade_amt_larger_than_rsk_avl_lmt_cash_his_t_day_count_sum,0.012482147278046052,kept
d360_faqi_trade_amt_larger_than_rsk_adt_lmt_cash_his_t_day_count_sum,0.0065096012239019545,kept
d720_ovdrepay_suc_trade_in_same_month_count_sum,0.005992904805545554,kept
d1080_ovdrepay_1_4am_trade_in_same_month_count_sum,0.004540333745755442,kept
d360_successamt_thismon_sum_larger_than_rsk_adt_lmt_cash_count_sum,0.007833263847858584,kept
d1080_max_due_prc_amt_divide_d1080_max_faqi_prc_amt,0.023685166950245837,kept
d720_due_repay_amt_larger_than_rsk_adt_lmt_cash_his_t_day_count_sum,0.008141052246936292,kept
d720_max_ovd_repay_amt_divide_rsk_adt_lmt_cash,0.005557100613161412,kept
d720_ontimrepay_thismon_sum_larger_than_rsk_adt_lmt_cash_count_sum,0.0038047209924381526,kept
d720_unpaid_principal_tot_amt_t_day_divide_rsk_adt_lmt_cash_his_t_day_max,0.013352877900018854,kept
d180_faqi_trade_amt_larger_than_rsk_avl_lmt_cash_his_t_day_count_sum,0.04204009870568687,kept
d180_advrepay_suc_trade_in_same_month_count_sum,0.008643913960615753,kept
d1080_ovdrepay_thismon_sum_larger_than_rsk_adt_lmt_cash_count_sum,0.0003581475514317515,kept
d180_due_repay_amt_sum_divide_d180_faqi_trade_amt_sum,0.012946968645728965,kept
d1080_faqiamt_thismon_sum_larger_than_rsk_adt_lmt_cash_count_sum,0.0059166771125982775,kept
his_trade_fail_amt_sum_mon_divide_his_trade_success_amt_sum_mon,0.00563436508723522,kept
d360_ovdrepay_1wplus_trade_in_same_month_count_sum,0.006204254076787295,kept
d360_faqiamt_thismon_sum_larger_than_rsk_avl_lmt_cash_count_sum,0.020194052462917632,kept
d90_faqiamt_thismon_sum_larger_than_rsk_avl_lmt_cash_count_sum,0.022990635535736968,kept
his_max_due_prc_amt_divide_his_max_faqi_prc_amt,0.0063693262425661736,kept
his_ovdrepay_amt_sum_divide_advrepay_amt_sum,0.003325178751646117,kept
d180_max_faqi_prc_amt_divide_rsk_adt_lmt_cash,0.013621532437654458,kept
d1080_due_repay_amt_larger_than_rsk_avl_lmt_cash_his_t_day_count_sum,0.01276155578710279,kept
d1080_max_ovd_repay_amt_divide_d1080_max_suc_prc_amt,0.003908209898384418,kept
d720_max_adv_repay_amt_divide_d720_max_faqi_prc_amt,0.008156636862735184,kept
d1080_successamt_thismon_sum_larger_than_rsk_adt_lmt_cash_count_sum,0.01006258624468574,kept
d360_advrepay_thismon_sum_larger_than_rsk_avl_lmt_cash_count_sum,0.005427444449814795,kept
d720_max_faqi_prc_amt_divide_rsk_adt_lmt_cash,0.009635901463740545,kept
d180_faqi_trade_amt_larger_than_due_repay_amt_by_mon_count_sum,0.006355719761116043,kept
his_max_faqi_prc_amt_divide_max_due_pay_amt_sum_mon,0.003908690481199526,kept
d90_max_due_prc_amt_divide_rsk_adt_lmt_cash,0.010509651037383433,kept
d90_max_due_prc_amt_divide_d90_max_faqi_prc_amt,0.02234767763358469,kept
d180_faqi_unpaid_principal_tot_larger_than_rsk_adt_lmt_cash_his_t_day_count_sum,0.011824364104361657,kept
d720_max_ovd_repay_amt_divide_d720_max_fail_prc_amt,0.008422138699736436,kept
d720_due_repay_amt_larger_than_rsk_avl_lmt_cash_his_t_day_count_sum,0.012349318734588804,kept
d180_unpaid_principal_tot_amt_t_day_divide_rsk_avl_lmt_cash_his_t_day_max,0.028090955163667206,kept
d360_trade_fail_amt_sum_mon_divide_his_trade_success_amt_sum_mon,0.009499259675782225,kept
d360_advrepay_large_than_ontimrepay_amt_months_count_sum,0.0005285447224612245,kept
d360_max_due_prc_amt_divide_d360_max_faqi_prc_amt,0.018062457876906884,kept
d90_ovdrepay_1_4am_trade_in_same_month_count_sum,0.0068839554678730075,kept
d90_avg_due_pay_amt_sum_by_mon_divide_rsk_adt_lmt_cash,0.018649719309586033,kept
d360_ovdrepay_fail_trade_in_same_month_count_sum,0.010032414744630538,kept
d90_ovdrepay_1wplus_trade_in_same_month_count_sum,0.00716418443200959,kept
d180_max_due_prc_amt_divide_d180_max_faqi_prc_amt,0.016029320669346675,kept
d1080_max_adv_repay_amt_divide_d1080_max_faqi_prc_amt,0.006531797810925538,kept
d1080_unpaid_principal_tot_amt_t_day_divide_rsk_adt_lmt_cash_his_t_day_max,0.018955910290868794,kept
d90_due_repay_amt_avg_divide_d90_faqi_trade_amt_avg,0.016371310725994084,kept
his_advrepay_suc_trade_in_same_month_count_sum,0.000963289167813757,kept
d360_max_ovd_repay_amt_divide_d360_max_suc_prc_amt,0.006506893445112968,kept
d360_advrepay_ontimrepay_in_same_month_count_sum,0.0035809471969660256,kept
d1080_due_repay_amt_sum_divide_d1080_faqi_trade_amt_sum,0.005443540742759421,kept
d90_faqi_trade_amt_larger_than_unpaid_principal_tot_amt_t_day_count_sum,0.024934804612495327,kept
his_successamt_thismon_sum_larger_than_rsk_adt_lmt_cash_count_sum,0.0004142508154400995,kept
d720_ovdrepay_amt_sum_divide_advrepay_amt_sum,0.00247391997887785,kept
d360_ovdrepay_thismon_sum_larger_than_rsk_adt_lmt_cash_count_sum,0.00020802964538955106,kept
his_max_faqi_prc_amt_divide_max_ontim_amt_sum_mon,0.0019777673152647298,kept
d720_trade_fail_amt_sum_mon_divide_his_trade_success_amt_sum_mon,0.006079867588612357,kept
d180_due_repay_amt_avg_divide_d180_faqi_trade_amt_avg,0.015248912825844422,kept
d720_faqi_trade_amt_larger_than_due_repay_amt_by_mon_count_sum,0.0034070039582428466,kept
his_due_repay_amt_sum_divide_his_faqi_trade_amt_sum,0.0026870405529146437,kept
his_max_faqi_prc_amt_divide_unpaid_principal_tot,0.029095078284726805,kept
d720_faqi_unpaid_principal_tot_larger_than_rsk_adt_lmt_cash_his_t_day_count_sum,0.011371675515025784,kept
d360_faqi_trade_amt_larger_than_unpaid_principal_tot_amt_t_day_count_sum,0.015167833247748853,kept
his_due_repay_amt_larger_than_rsk_adt_lmt_cash_his_t_day_count_sum,0.004823006107222151,kept
d720_due_repay_amt_sum_divide_d720_faqi_trade_amt_sum,0.006589572228258903,kept
d180_ontimrepay_thismon_sum_larger_than_rsk_avl_lmt_cash_count_sum,0.0176601092666024,kept
his_trade_fail_count_mon_divide_his_trade_success_count_mon,0.005429331650998313,kept
d1080_faqi_unpaid_principal_tot_larger_than_rsk_adt_lmt_cash_his_t_day_count_sum,0.01658085723729895,kept
d90_due_repay_amt_larger_than_rsk_adt_lmt_cash_his_t_day_count_sum,0.005980368049749902,kept
his_max_faqi_prc_amt_divide_max_ovd_amt_sum_mon,0.0019354791847762494,kept
d720_advrepay_suc_trade_in_same_month_count_sum,0.006398324819073043,kept
d1080_advrepay_thismon_sum_larger_than_rsk_adt_lmt_cash_count_sum,0.0009594551849668566,kept
d90_ovdrepay_fail_trade_in_same_month_count_sum,0.011873912748825178,kept
d1080_ovdrepay_large_than_ontimrepay_amt_months_count_sum,0.002111790895647916,kept
d720_trade_fail_count_mon_divide_his_trade_success_count_mon,0.003252596074568274,kept
d1080_max_faqi_prc_amt_divide_rsk_adt_lmt_cash,0.01086325883822216,kept
d360_ovdrepay_amt_sum_divide_ontimrepay_amt_sum,0.003968579221906458,kept
his_max_ovd_repay_amt_divide_his_max_suc_prc_amt,0.00535922844243607,kept
ord_apl_suc_sum_prc_amt_00_03,5.773631911678643e-05,kept
ord_apl_cnt_07_12,0.0009997619619231814,kept
ord_apl_suc_cnt_00_03,0.0007991379752717474,kept
ord_apl_sum_prc_amt_1080_day_00_03,0.0007999222472555239,kept
ord_apl_sum_prc_amt_07_12,0.0027383442724974037,kept
ord_apl_avg_prc_amt_720_day_per_mth,0.009476707582174821,kept
ord_apl_cnt_720_day_19_23,0.0015875886102725619,kept
his_bt_suc_ord_cnt,0.00022872447209421046,kept
his_720_day_csh_apl_ord_cnt_his_rto,0.006800837858447091,kept
his_csh_suc_ord_cnt,0.0015856724222657137,kept
ord_apl_cnt_13_18,0.0026179939747505428,kept
ord_apl_suc_cnt_04_06,0.00019729654989464394,kept
his_720_day_bt_apl_ord_cnt_csh_rto,0.02577360363013225,kept
ord_apl_sum_prc_amt_1080_day_04_06,0.00018275178328747501,kept
his_720_day_bt_suc_ord_cnt_csh_rto,0.015126318217077567,kept
ord_apl_suc_sum_prc_amt_19_23,0.0007558693964323716,kept
his_1080_day_bt_suc_ord_cnt_csh_rto,0.006709428878325951,kept
ord_apl_suc_sum_prc_amt_720_day_19_23,0.003576362969930926,kept
ord_apl_suc_cnt_720_day_13_18,0.005872174202034705,kept
ord_apl_cnt_19_23,0.0006163436014615616,kept
ord_apl_sum_prc_amt_13_18,0.0014551937859677679,kept
his_csh_apl_ord_cnt_his_rto,0.00021917689252672323,kept
his_1080_day_bt_apl_ord_cnt_csh_rto,0.010309861083355451,kept
his_bt_apl_ord_cnt_csh_rto,0.0005605994868824724,kept
his_prc_amt_3_000_flg_suc_ord_cnt,0.0005125917153064987,kept
ddf_6m_rep_dte_neg_7_crt_dt_max_prc_amt,0.011641615237969812,kept
min_ddf_rep_dte_ord_crt_tim_neg_3,0.0012457187608466485,kept
max_ddf_rep_dte_ord_crt_tim_neg_7,0.00038897565299807874,kept
ddf_12m_rep_dte_neg_1_crt_dt_rep_prc_amt_rto,0.0065463047944738385,kept
ddf_12m_rep_dte_1_crt_dt_rep_prc_amt_rto,0.006037494263353511,kept
min_ddf_rep_dte_ord_crt_tim_neg_1,0.00018030746085331942,kept
max_ddf_rep_dte_ord_crt_tim_3,0.0009048789359259873,kept
min_ddf_rep_dte_ord_crt_tim_neg_7,0.0003183092184458547,kept
avg_ddf_rep_dte_ord_crt_tim_3,0.0013487065267673163,kept
ddf_3m_rep_dte_7_crt_dt_rep_prc_amt_rto,0.026426335936695335,kept
ddf_6m_rep_dte_1_crt_dt_max_prc_amt,0.009322774370118709,kept
min_ddf_rep_dte_ord_crt_tim_7,0.0012811046331903681,kept
avg_ddf_rep_dte_ord_crt_tim_1,0.0009551184614831658,kept
avg_ddf_rep_dte_ord_crt_tim_neg_7,0.002519901436583387,kept
min_ddf_rep_dte_ord_crt_tim_neg_5,0.0006787190502932494,kept
ddf_3m_rep_dte_5_crt_dt_max_prc_amt,0.021363270930709322,kept
avg_ddf_rep_dte_ord_crt_tim_neg_1,0.0013640604504388321,kept
ddf_3m_rep_dte_5_crt_dt_sum_prc_amt,0.021780657290695206,kept
avg_ddf_rep_dte_ord_crt_tim_neg_3,0.0003915457218176624,kept
ddf_3m_rep_dte_neg_7_crt_dt_rep_prc_amt_rto,0.028972686860881065,kept
max_ddf_rep_dte_ord_crt_tim_1,8.952114791088231e-05,kept
ddf_12m_rep_dte_neg_7_crt_dt_rep_prc_amt_rto,0.006543811386914924,kept
ddf_12m_rep_dte_7_crt_dt_rep_prc_amt_rto,0.0067952592176248215,kept
stg_pln_cnt_adv_rep_12m,0.0013507996118940575,kept
stg_pln_sum_prc_amt_adv_rep_6m,0.00028202662983036516,kept
stg_pln_max_prc_amt_adv_rep_1m,0.013881645588575957,kept
stg_pln_max_prc_amt_1m_his,0.00729545232549681,kept
stg_pln_max_prc_amt_adv_rct_6m,0.0016939722651267341,kept
stg_pln_max_prc_amt_ovd_1d_3d_rep_12m,0.00022225674962107894,kept
stg_pln_cnt_adv_fst_ord,0.0008595713138377032,kept
min_ddf_rep_tim_dte_adv,0.001197928726795198,kept
stg_pln_cnt_d0_rep_his_fst_ord,0.0047367188970093505,kept
stg_pln_sum_prc_amt_adv_fst_ord,0.0010831003666845027,kept
stg_pln_min_prc_amt_d0_rep_his_fst_ord,0.001961791672037822,kept
min_ddf_rep_tim_dte_ovd_pls_rep_6m,0.0004884800780444191,kept
stg_pln_min_prc_amt_adv_d0_rep_his_fst_ord,0.001263773370509834,kept
stg_pln_sum_prc_amt_adv_1m,0.00044461583381534667,kept
stg_pln_pay_off_sum_prc_amt_14d,0.004557352556717426,kept
max_ddf_rep_tim_dte_adv,0.0018389899213567575,kept
min_ddf_rep_tim_dte_ovd_pls_rep_12m,0.00035087673761648224,kept
stg_pln_cnt_ovd_1d_3d_rep_12m,0.0017530781726603816,kept
stg_pln_max_prc_amt_adv_rep_his,0.0011392132733857975,kept
stg_pln_pay_off_max_prc_amt_14d,0.004300409146587804,kept
stg_pln_cnt_adv_3d,0.00040733760644422445,kept
stg_pln_max_prc_amt_adv_rct_12m,0.0010936801914265834,kept
stg_pln_max_prc_amt_d0_rep_his_fst_ord,0.0021373066331588854,kept
stg_pln_pay_off_cnt_14d,0.006005177222659547,kept
stg_pln_pay_off_max_prc_amt_pday_12m,0.0065451893821354456,kept
stg_pln_sum_prc_amt_adv_rep_his,0.0013294294728108278,kept
stg_pln_cnt_his_fst_ord,0.00500749583403379,kept
stg_pln_pay_off_max_prc_amt_7d,0.002367703822306127,kept
12m_repay_ftr_amt_second_der_max,0.01703863098858462,kept
3m_repay_ftr_amt_second_der_mean_diff,0.01466456366524194,kept
18m_repay_ftr_amt_first_der_mean_diff,0.013202922812943711,kept
12m_repay_ftr_amt_second_der_sum,0.014142138231750768,kept
3m_repay_ftr_amt_first_der_mean_diff,0.014274440642046648,kept
6m_repay_ftr_amt_first_der_mean_rto,0.024146764939014277,kept
12m_repay_ftr_amt_first_der_min,0.013052994360727472,kept
3m_repay_ftr_amt_first_der_small_0_count,0.008303997283897364,kept
3m_repay_ftr_amt_second_der_mean_rto,0.024906592246618686,kept
6m_repay_ftr_amt_second_der_mean_rto,0.017073083811967843,kept
3m_repay_ftr_amt_second_der_small_0_count,0.015057399449325305,kept
18m_ftr_con_keep_repay_amt_max,0.011199774132067505,kept
12m_repay_ftr_amt_first_der_sum,0.011291662319142888,kept
12m_ftr_con_keep_repay_amt_max,0.011199774132067505,kept
3m_repay_ftr_amt_first_der_mean_rto,0.02239151771587302,kept
3m_repay_ftr_amt_first_der_great_0_count,0.007204506158964713,kept
3m_repay_ftr_amt_first_der_stddev,0.015203853637461228,kept
3m_repay_ftr_amt_second_der_great_0_count,0.013333310065097484,kept
9m_ftr_con_dsc_repay_amt_max,0.014442297274946385,kept
12m_repay_ftr_amt_second_der_mean_rto,0.03519309851961462,kept
18m_repay_ftr_amt_second_der_small_0_count,0.028092000675520923,kept
12m_repay_ftr_amt_second_der_min,0.023782781573602814,kept
18m_repay_ftr_amt_second_der_mean_diff,0.013591527752200476,kept
stg_pln_cnt_3d_ftr_all,0.00253672026936632,kept
stg_pln_avg_prc_amt_2m_ftr_his_rto_all,0.01752945830904901,kept
stg_pln_cnt_3m_ftr_adv_rto_all,0.006662242568443503,kept
stg_pln_min_prc_amt_3m_6m_ftr_rto_cash,0.06147898569111504,kept
stg_pln_cnt_3m_ftr_his_rep_rto_cash,0.020278959726344803,kept
stg_pln_min_prc_amt_1m_3m_ftr_rto_cash,0.03804244756820781,kept
stg_pln_cnt_7d_ftr_all,0.00719593770482834,kept
stg_pln_sum_prc_amt_3d_ftr_cash,0.002677900673563471,kept
stg_pln_min_prc_amt_1m_ftr_his_rto_cash,0.042666439365258116,kept
stg_pln_sum_prc_amt_1m_3m_ftr_rto_all,0.04377551179352379,kept
stg_pln_cnt_7d_ftr_his_rto_all,0.003866227175184961,kept
stg_pln_avg_prc_amt_1m_3m_ftr_rto_all,0.034655771712491845,kept
stg_pln_avg_prc_amt_6m_12m_ftr_rto_all,0.021154984518203652,kept
stg_pln_cnt_7d_ftr_rep_cash,0.008575424790910504,kept
stg_pln_sum_prc_amt_7d_ftr_his_rto_cash,0.0035301306912263264,kept
stg_pln_min_prc_amt_12m_ftr_his_rto_cash,0.03794297376465894,kept
stg_pln_avg_prc_amt_12m_ftr_his_rto_all,0.010012813116423885,kept
stg_pln_avg_prc_amt_3m_6m_ftr_rto_all,0.02231198872567293,kept
stg_pln_min_prc_amt_6m_12m_ftr_rto_cash,0.04530825375991083,kept
stg_pln_min_prc_amt_3m_ftr_his_rto_cash,0.07267464655429973,kept
stg_pln_min_prc_amt_6m_ftr_his_rep_rto_cash,0.03967775879361948,kept
stg_pln_cnt_3m_6m_ftr_rto_all,0.02084247878696919,kept
stg_pln_min_prc_amt_3m_6m_ftr_cash,0.01139828799507506,kept
stg_pln_cnt_1m_ftr_his_rep_rto_all,0.016868775868567533,kept
stg_pln_sum_prc_amt_6m_12m_ftr_cash,0.022573869235632253,kept
stg_pln_cnt_1m_ftr_his_rto_cash,0.014900030135213495,kept
stg_pln_sum_prc_amt_12m_ftr_his_rep_rto_cash,0.022632320880188985,kept
stg_pln_sum_prc_amt_2m_ftr_his_rep_rto_all,0.021390949242331033,kept
stg_pln_cnt_6m_12m_ftr_rto_all,0.03767343641964782,kept
stg_pln_sum_prc_amt_7d_ftr_cash,0.007223195194589182,kept
stg_pln_max_prc_amt_6m_12m_ftr_cash,0.01871895896385404,kept
stg_pln_cnt_1m_3m_ftr_rto_all,0.008983886773004516,kept
6thord_con_dsc_apply_amt_max,0.003616177370716606,kept
6ord_apply_amt_first_der_sum,0.004988541261215455,kept
12ord_apply_amt_second_der_sum,0.004761477120263917,kept
3ord_apply_amt_first_der_mean_rto,0.004917653276909363,kept
3ord_apply_amt_second_der_mean_diff,0.0048028855163373164,kept
18ord_apply_amt_first_der_max,0.0053935009454763915,kept
6ord_apply_amt_first_der_great_0_count,0.0028045428071170834,kept
3ord_apply_amt_second_der_mean_rto,0.006450427785929063,kept
12ord_apply_amt_second_der_stddev,0.005845959034916718,kept
6ord_apply_amt_second_der_mean_rto,0.004307159835043966,kept
12ord_apply_amt_first_der_stddev,0.005594914601209537,kept
18ord_apply_amt_first_der_median,0.006452313949993831,kept
18ord_apply_amt_first_der_min,0.00597434600382366,kept
6thord_con_keep_apply_amt_max,0.0005875076026970884,kept
3ord_apply_amt_second_der_small_0_count,0.0032909031925617803,kept
3ord_apply_amt_second_der_great_0_sum,0.004978810734690811,kept
18thord_con_keep_apply_amt_max,0.000616260085923075,kept
recent_1m_lend_amt_over10k_month_cnt,0.0027898151030784314,kept
recent_12m_credit_fundcls_lv2_month_cnt,0.009167376948897531,kept
recent_1m_credit_fundcls_other_month_cnt,0.0012613117542387097,kept
recent_24m_repay_progress_rise_month_cnt,0.0033903896773881817,kept
recent_24m_lend_amt_rise_month_rto,0.0025037274586149185,kept
recent_6m_repay_progress_rise_month_rto,0.003590665852120128,kept
recent_24m_settle_loan_diff_days_min,0.002310817603909213,kept
recent_6m_overdue_3d_month_rto,0.001205647390072277,kept
his_credit_fundcls_lv1_month_cnt,0.0006434456132370996,kept
recent_36m_due_month_rto,0.0020299572870392632,kept
recent_1m_credit_fundcls_lv2_month_cnt,0.005940412671522448,kept
recent_36m_overdue_3d_month_rto,0.0006212371456477549,kept
recent_1m_repay_progress_max,0.009310977281377752,kept
recent_1m_prepay_3d_month_rto,3.850930291735801e-05,kept
recent_24m_credit_fundcls_other_month_cnt,0.00034865761422680456,kept
recent_12m_lend_amt_over10k_month_rto,0.000694629735179891,kept
recent_1m_stg_rise_month_rto,0.007499253542468836,kept
recent_24m_settle_loan_diff_days_max,0.004945225936152912,kept
recent_6m_credit_fundcls_other_month_cnt,0.0027738013948862424,kept
recent_12m_due_month_cnt,0.00407295156894362,kept
recent_24m_prepay_3d_month_cnt,0.00013163461957464503,kept
recent_1m_credit_fundcls_lv1_month_cnt,0.18262455085504053,kept
recent_6m_prepay_3d_month_rto,9.768003052371086e-05,kept
recent_36m_settle_loan_diff_days_min,0.0031942766774598814,kept
his_settle_loan_diff_days_min,0.0007890157559819731,kept
recent_1m_overdue_3d_month_rto,5.687559753032023e-05,kept
recent_6m_credit_fundcls_lv1_month_cnt,0.0033249558734555263,kept
10d_range_ord_cnt_his,0.0025740198277750034,kept
15d_range_sum_prc_amt_1m,0.01347773624039217,kept
15d_range_avg_prc_amt_6m,0.0069055418942730535,kept
10d_range_min_prc_amt_his,0.0018121922115346197,kept
10d_range_min_prc_amt_36m,0.012931235092975535,kept
5d_range_ord_cnt_1m,0.009526229531406418,kept
5d_range_avg_prc_amt_1m,0.009526229531406418,kept
10d_range_avg_prc_amt_36m,0.003121287074414218,kept
15d_range_min_prc_amt_36m,0.000488378752259683,kept
15d_range_min_prc_amt_24m,0.00047037273430069223,kept
5d_range_max_prc_amt_his,0.002811214114713863,kept
15d_range_min_prc_amt_his,0.0011363575893620916,kept
m1_stg_pln_d0_manual_deduct_rep_apl_fal_cnt,0.005567194475022312,kept
m6_stg_pln_his_ovd_ao_offline_rep_apl_suc_cnt,0.005876857279058372,kept
m3_stg_pln_adv_normal_batch_rep_apl_suc_cnt,0.005431674601524131,kept
m6_stg_pln_d0_manual_rep_apl_fal_cnt,0.005983584930589877,kept
m6_stg_pln_adv_manual_rep_apl_fal_cnt,0.005779354998350087,kept
m3_stg_pln_adv_manual_deduct_rep_apl_fal_cnt,0.0063489833890055265,kept
m1_stg_pln_d0_ao_offline_rep_apl_suc_cnt,0.018022248320586253,kept
m1_stg_pln_his_ovd_rep_apl_cnt_rat,0.007423214864569424,kept
m6_stg_pln_ovd_1d_3d_rep_apl_cnt_rat,0.008853248462403441,kept
m6_stg_pln_ovd_1d_3d_manual_rep_apl_fal_cnt,0.007457887772184547,kept
m3_stg_pln_his_ovd_rep_apl_cnt_rat,0.01040041819744188,kept
m1_stg_pln_adv_rep_apl_cnt_rat,0.007683984811326942,kept
m1_stg_pln_his_ovd_normal_batch_rep_apl_suc_cnt,0.005925132179530036,kept
m3_stg_pln_adv_manual_deduct_rep_apl_suc_cnt,0.00577958722831844,kept
m6_stg_pln_ovd_1d_3d_manual_rep_apl_suc_cnt,0.010777478147939812,kept
m3_stg_pln_ovd_1d_3d_normal_batch_rep_apl_suc_cnt,0.00796120588191555,kept
m3_stg_pln_his_ovd_normal_batch_rep_apl_fal_cnt,0.02083862964773294,kept
m1_stg_pln_d0_rep_apl_cnt,0.008802916759624234,kept
m1_stg_pln_his_ovd_manual_rep_apl_fal_cnt,0.0054581728566232765,kept
m1_stg_pln_adv_manual_rep_apl_fal_cnt,0.006081945706038933,kept
m1_stg_pln_d0_manual_deduct_rep_apl_suc_cnt,0.005431674601524131,kept
m6_stg_pln_ovd_1d_3d_manual_rep_apl_fal_cnt_rat,0.004535371242564486,kept
m6_stg_pln_ovd_1d_3d_manual_deduct_rep_apl_suc_cnt_rat,0.000981497810650907,kept
m1_stg_pln_ovd_1d_3d_ao_offline_rep_apl_suc_cnt,0.005463261152071906,kept
m6_stg_pln_his_ovd_rep_apl_suc_cnt,0.016074892976258658,kept
m6_stg_pln_ovd_1d_3d_ao_offline_rep_apl_suc_cnt_rat,0.0001041062662699456,kept
m6_stg_pln_adv_rep_apl_fal_cnt_rat,0.0006681924479574645,kept
m1_stg_pln_adv_manual_deduct_rep_apl_suc_cnt,0.006235040203857686,kept
m6_stg_pln_ovd_1d_3d_manual_rep_apl_suc_cnt_rat,0.004283312698782632,kept
m6_stg_pln_ovd_1d_3d_normal_batch_rep_apl_suc_cnt_rat,0.0033462663409295815,kept
m3_stg_pln_d0_manual_deduct_rep_apl_suc_cnt_rat,0.005435023815337022,kept
m6_stg_pln_d0_normal_batch_rep_apl_suc_cnt_rat,0.005166497304525806,kept
m3_stg_pln_ovd_1d_3d_manual_rep_apl_fal_cnt,0.00592540026437142,kept
m6_stg_pln_ovd_1d_3d_manual_deduct_rep_apl_fal_cnt,0.008417354669844545,kept
m6_stg_pln_adv_manual_deduct_rep_apl_suc_cnt,0.0059255482127129454,kept
m1_stg_pln_ovd_1d_3d_rep_apl_cnt,0.009459911349149683,kept
m1_stg_pln_d0_rep_apl_suc_cnt_rat,0.006230252709935536,kept
m3_stg_pln_ovd_1d_3d_normal_batch_rep_apl_fal_cnt,0.0283354711797782,kept
m1_stg_pln_adv_manual_rep_apl_suc_cnt,0.006031922389767874,kept
m3_stg_pln_adv_rep_apl_cnt_rat,0.013149476625678636,kept
m1_stg_pln_ovd_1d_3d_rep_apl_suc_cnt,0.00968139514483758,kept
m1_stg_pln_adv_rep_apl_fal_cnt_rat,0.0018001584008646879,kept
m1_stg_pln_adv_manual_deduct_rep_apl_fal_cnt,0.08213404814574328,kept
m3_stg_pln_ovd_1d_3d_rep_apl_suc_cnt,0.012396821924629764,kept
m1_stg_pln_ovd_1d_3d_manual_deduct_rep_apl_fal_cnt,0.005769641773836206,kept
m6_stg_pln_adv_manual_rep_apl_suc_cnt,0.005628691821240237,kept
m6_stg_pln_ovd_1d_3d_normal_batch_rep_apl_fal_cnt_rat,0.0018694229881344537,kept
m6_stg_pln_adv_manual_rep_apl_suc_cnt_rat,0.001325325447321658,kept
m1_stg_pln_d0_manual_rep_apl_fal_cnt,0.00547053182091646,kept
m1_manual_deduct_rep_apl_fal_stg_pln_cnt_max,0.0066668176922968034,kept
m3_manual_rep_apl_fal_stg_pln_cnt_avg,0.008284480112331847,kept
m1_manual_rep_apl_fal_stg_pln_cnt_max,0.006366028529887484,kept
m1_ao_offline_rep_apl_stg_pln_cnt_sum,0.0059448620219985605,kept
m1_manual_deduct_rep_apl_stg_pln_cnt_max,0.006601190520338891,kept
m3_normal_batch_rep_apl_stg_pln_cnt_max,0.006310131177017252,kept
m1_manual_rep_apl_fal_stg_pln_cnt_min,0.005909419579635257,kept
m3_rep_apl_fal_stg_pln_cnt_max,0.011487192825943094,kept
m1_rep_apl_fal_stg_pln_cnt_max,0.00887528132646705,kept
m1_rep_apl_stg_pln_cnt_mor_1_cnt,0.00603740310701865,kept
m3_rep_apl_fal_stg_pln_cnt_avg,0.06067834668129423,kept
m1_normal_batch_rep_apl_suc_stg_pln_cnt_min,0.006069210876644282,kept
m1_manual_rep_apl_stg_pln_cnt_avg,0.023764581767428485,kept
m1_rep_apl_suc_stg_pln_cnt_avg,0.0254335089036632,kept
m1_manual_deduct_rep_apl_stg_pln_cnt_sum,0.006601190520338891,kept
m6_manual_rep_apl_suc_stg_pln_cnt_min,0.006935265194240679,kept
m3_normal_batch_rep_apl_fal_stg_pln_cnt_max,0.010488319268539987,kept
m1_rep_apl_fal_stg_pln_cnt_mor_1_cnt,0.006811611355161444,kept
m3_manual_deduct_rep_apl_fal_stg_pln_cnt_mor_1_cnt,0.0055961964580604215,kept
m6_manual_rep_apl_fal_stg_pln_cnt_max,0.007616582906697783,kept
m3_ao_offline_rep_apl_stg_pln_cnt_max,0.0063136943827768145,kept
m3_rep_apl_amt_rat_mor_1_cnt,0.006590451748620384,kept
m3_rep_apl_stg_pln_cnt_max,0.006662482751988559,kept
m3_manual_deduct_rep_apl_suc_stg_pln_cnt_max,0.006850403929970318,kept
m1_normal_batch_rep_apl_stg_pln_cnt_max,0.005909419579635257,kept
m6_manual_deduct_rep_apl_suc_stg_pln_cnt_min,0.007399362960103695,kept
m3_manual_rep_apl_suc_stg_pln_cnt_avg,0.042880055487089314,kept
m1_normal_batch_rep_apl_fal_stg_pln_cnt_max,0.00734330993119837,kept
m3_manual_deduct_rep_apl_stg_pln_cnt_avg,0.009030811796546172,kept
m3_rep_apl_stg_pln_cnt_min,0.00749122216266704,kept
m3_manual_deduct_rep_apl_fal_stg_pln_cnt_max,0.009163112643690548,kept
m6_manual_deduct_rep_apl_suc_stg_pln_cnt_sum,0.007271674333209927,kept
m6_rep_apl_suc_stg_pln_cnt_avg,0.03685182955228609,kept
m1_rep_apl_suc_stg_pln_cnt_max,0.006542874986500929,kept
m3_manual_deduct_rep_apl_fal_stg_pln_cnt_avg,0.009163112643690548,kept
6m_used_lmt_first_der_min,0.00723103640321629,kept
3m_used_lmt_second_der_median,0.02285299999347432,kept
6m_used_lmt_first_der_median,0.017552628047498173,kept
12m_used_lmt_second_der_small_0_sum,0.006675642611477183,kept
12m_used_lmt_first_der_min,0.007399679843688983,kept
12m_used_lmt_first_der_mean_rto,0.0023179666482825295,kept
18m_used_lmt_second_der_min,0.010891363022674964,kept
12m_used_lmt_second_der_max,0.009470826698706313,kept
3m_used_lmt_first_der_mean_diff,0.02545187366735626,kept
18m_used_lmt_second_der_sum,0.010756765625768137,kept
6m_used_lmt_second_der_min,0.01234549448477212,kept
6m_used_lmt_first_der_sum,0.017480816556420663,kept
3m_used_lmt_first_der_mean_rto,0.02350405596122489,kept
12m_used_lmt_second_der_mean_diff,0.01298015493844213,kept
6m_used_lmt_first_der_mean_diff,0.0102216771144675,kept
3m_used_lmt_first_der_sum,0.02000489950426116,kept
6m_used_lmt_second_der_median,0.018526227350407973,kept
3m_used_lmt_second_der_stddev,0.027436702505063165,kept
3m_used_lmt_second_der_mean_diff,0.014715997574527854,kept
3m_used_lmt_first_der_median,0.015907454912984276,kept
12m_used_lmt_second_der_sum,0.013935375489314014,kept
3m_used_lmt_second_der_small_0_count,0.006646391363435189,kept
12m_used_lmt_first_der_small_0_sum,0.009396394367723654,kept
6m_used_lmt_first_der_mean_rto,0.0074847182401735985,kept
18m_used_lmt_second_der_mean_rto,0.002738560886568525,kept
12m_used_lmt_first_der_avg,0.01103783626484011,kept
18m_used_lmt_first_der_sum,0.013464299173353098,kept
6m_used_lmt_first_der_max,0.013855574419079659,kept
6m_used_lmt_second_der_mean_diff,0.013944367395368302,kept
12m_used_lmt_first_der_mean_diff,0.007188154895006417,kept
6m_used_lmt_second_der_sum,0.012169104091920246,kept
3m_used_lmt_first_der_small_0_sum,0.01035059578753751,kept
6m_used_lmt_first_der_small_0_sum,0.01593061085145685,kept
3m_used_lmt_second_der_sum,0.022290391954419293,kept
3m_used_lmt_first_der_great_0_count,0.028527335776088264,kept
18m_used_lmt_first_der_mean_rto,0.002858955071825928,kept
12m_used_lmt_first_der_great_0_sum,0.008066180091109024,kept
3m_used_lmt_first_der_max,0.030769339692344112,kept
stg_pln_cnt_on_1m_rto_his_light,0.006618290571434546,kept
stg_pln_cnt_due_6m_rto_his_light,0.004286310708833941,kept
stg_pln_sum_prc_amt_36m_his_rto_light,0.0013643191558914986,kept
stg_pln_cnt_due_1m_rto_his_light,9.314828266235333e-05,kept
stg_pln_avg_prc_amt_36m_per_mth_light,0.002295853966699443,kept
stg_pln_cnt_12m_24m_rto_light,0.004099290254455998,kept
stg_pln_sum_prc_amt_24m_36m_rto_light,0.005959943340254997,kept
stg_pln_avg_prc_amt_6m_per_mth_light,0.004193394926420489,kept
ord_apl_fal_cnt_90_day,0.014296116575118183,kept
ord_apl_suc_max_prc_amt_his,0.0018944387790300415,kept
ord_apl_sum_prc_amt_180_day_13_18,0.0068217519835232976,kept
fst_fal_ord_prc_amt,0.00578120335495532,kept
max_ddf_lag_crt_dte,0.0020813181682371113,kept
ord_apl_sum_prc_amt_360_day_19_23,0.003919388660321481,kept
ord_apl_suc_cnt_180_day_19_23,0.01163948400204308,kept
ord_apl_suc_max_stg_num_his,0.00012785270830845163,kept
fst_ord_stg_num,0.0015359692697827472,kept
ord_apl_suc_min_stg_num_his,0.0005417305077218179,kept
min_ddf_suc_lag_crt_tim_mnt,0.0017253096619133032,kept
ord_apl_suc_sum_prc_amt_180_day_07_12,0.011949016153531769,kept
ord_apl_suc_sum_prc_amt_180_day_19_23,0.011761349794659676,kept
ord_apl_suc_6_cnt_his,0.0006540399114204499,kept
his_360_day_csh_apl_ord_cnt_his_rto,0.007664165318398952,kept
ord_apl_suc_cnt_90_day_07_12,0.0164969501136658,kept
ord_apl_sum_prc_amt_30_90_day_rto,0.009500200479069187,kept
ord_apl_fal_cnt_360_day,0.003953642520206179,kept
pst_ord_apl_suc_max_prc_amt_180_day,0.013441440322112176,kept
ord_apl_sum_prc_amt_180_day_07_12,0.002092604492474715,kept
pst_ord_apl_suc_sum_prc_amt_180_360_day_rto,0.022553390138439357,kept
fst_ord_prc_fst_adt_lmt_rto,0.0019412387303073275,kept
fst_fal_ord_stg_num,0.004557686926822805,kept
min_ddf_lag_crt_tim_mnt,0.0028566253548539537,kept
ddf_fst_lst_ord_crt_dte,0.002244662343488899,kept
max_ddf_suc_lag_crt_dte,0.0019717838178766886,kept
ord_apl_fal_cnt_his,0.004526520309386921,kept
ord_apl_suc_cnt_90_day_13_18,0.022668448745012258,kept
ddf_fst_adt_fst_ord_crt_dte_mnt,0.0016567191335431267,kept
ord_apl_cnt_90_day_07_12,0.0010384064937912147,kept
bsy_typ_suc_cnt_his,8.424738109281588e-05,kept
his_30_day_csh_apl_ord_cnt_his_rto,0.008585780958617936,kept
ord_apl_min_prc_amt_his,0.0033921956319266687,kept
pst_ord_apl_suc_max_prc_amt_his,0.0010383814987381065,kept
ord_apl_suc_sum_stg_num_180_day,0.025616562067570688,kept
pst_ord_apl_suc_sum_prc_amt_90_180_day_rto,0.03454096028519074,kept
ddf_ato_fst_ord_crt_dte,0.0015089349399737253,kept
ord_apl_suc_6_cnt_360_day_rto,0.008464837138863607,kept
ord_apl_suc_cnt_360_day_07_12,0.005196973901712891,kept
m1_stg_pln_bnk_cnt_max,0.009973833926921274,kept
m1_pmt_not_eng_mor_3_stg_pln_cnt,0.015625262681388242,kept
m1_pmt_not_eng_mor_3_stg_pln_amt_sum,0.014789630282343483,kept
m3_payment_not_eng_inteday_max,0.0019999270692457193,kept
m3_stg_pln_pmt_not_eng_amt_max,0.009351925368194616,kept
m1_pmt_not_eng_equal_1_stg_pln_d0_cnt,0.0203509639613925,kept
m1_pmt_not_eng_cnt_pday_equal_1_day_cnt,0.019187953501099576,kept
m6_payment_not_eng_mdl_crt_ddf_max,0.008278980280773857,kept
m6_pmt_not_eng_equal_2_stg_pln_d0_amt_sum_rat,0.01964328244283868,kept
pmt_not_eng_stg_pln_cnt_1m_3m_rat_trend,0.007519579888052319,kept
m1_pmt_not_eng_mor_3_stg_pln_d0_cnt,0.018806943846390898,kept
m3_pmt_not_eng_cnt_pday_min,0.05175618891566985,kept
m1_stg_pln_pmt_not_eng_cnt_min,0.019731380709539777,kept
m3_pmt_not_eng_equal_1_stg_pln_amt_rat,0.03933521467145218,kept
m3_pmt_not_eng_equal_3_stg_pln_d0_amt_sum,0.008412247872924824,kept
m6_pmt_not_eng_equal_1_stg_pln_d0_cnt_rat,0.017418846447947223,kept
m6_pmt_not_eng_amt_pday_min,0.0021592526622671447,kept
m3_stg_pln_crd_cnt_min,0.007813225003204962,kept
m1_pmt_not_eng_equal_2_stg_pln_cnt,0.008724231084202198,kept
m3_payment_not_eng_inteday_avg,0.002896916603648825,kept
m6_payment_not_eng_inteday_max,0.003845696294109521,kept
m6_pmt_not_eng_equal_3_stg_pln_d0_amt_sum_rat,0.016733665180022072,kept
m1_stg_pln_d0_pmt_not_eng_cnt_avg,0.03890887905264769,kept
m3_pmt_not_eng_equal_2_stg_pln_d0_amt_sum,0.014559974555198873,kept
m3_pmt_not_eng_equal_2_stg_pln_cnt_rat,0.026465120144711606,kept
m3_pmt_not_eng_stg_pln_d0_cnt,0.008910934326298579,kept
m1_pmt_not_eng_cnt_pday_min,0.023914804120185214,kept
m3_pmt_not_eng_cnt_pday_equal_1_day_cnt,0.04235354076091105,kept
m3_pmt_not_eng_equal_3_stg_pln_amt_rat,0.008511479349650282,kept
m1_stg_pln_crd_cnt_min,0.010362315026149751,kept
m6_stg_pln_pmt_not_eng_cnt_min,0.009108599045529754,kept
m6_payment_not_eng_mdl_crt_ddf_min,0.00391782114521789,kept
m1_pmt_not_eng_equal_1_stg_pln_amt_rat,0.020266989225289616,kept
m3_stg_pln_pmt_not_eng_cnt_min,0.025925899617407155,kept
m1_pmt_not_eng_equal_3_stg_pln_d0_amt_sum,0.005793110220906034,kept
m1_pmt_not_eng_mor_3_stg_pln_amt_rat,0.023623495019793456,kept
m6_pmt_not_eng_mor_3_stg_pln_cnt_rat,0.038940770616384644,kept
m6_payment_not_eng_mdl_crt_ddf_avg,0.005354681971540204,kept
m6_pmt_not_eng_mor_3_stg_pln_d0_amt_sum_rat,0.05165226555079121,kept
m3_payment_not_eng_mdl_crt_ddf_avg,0.005134890643864561,kept
pmt_not_eng_stg_pln_cnt_3m_6m_rat_trend,0.005898955987071182,kept
m6_payment_not_eng_inteday_avg,0.004266276190795164,kept
m3_pmt_not_eng_cnt_pday_mor_0_day_cnt,0.004931547796054943,kept
m3_stg_pln_crd_cnt_max,0.008014184531551723,kept
m3_payment_not_eng_mdl_crt_ddf_max,0.007321536748397634,kept
m3_pmt_not_eng_mor_3_stg_pln_d0_amt_sum,0.04413191450972968,kept
m6_pmt_not_eng_mor_3_stg_pln_cnt,0.03856314328536358,kept
m3_pmt_not_eng_equal_1_stg_pln_amt_sum,0.03042775392812353,kept
m3_stg_pln_bnk_cnt_avg,0.008656420597966221,kept
m1_stg_pln_pmt_not_eng_amt_max,0.006648008413400474,kept
m1_pmt_not_eng_cnt_pday_mor_1_day_cnt,0.0053345184853095355,kept
m6_pmt_not_eng_equal_3_stg_pln_d0_cnt,0.017245698674998367,kept
m1_pmt_not_eng_equal_3_stg_pln_amt_rat,0.009827167509733769,kept
m6_stg_pln_pmt_not_eng_amt_min,0.0012818345758997313,kept
m3_pmt_not_eng_stg_pln_d0_amt_sum,0.008724299538695456,kept
m1_payment_not_eng_mdl_crt_ddf_max,0.004427476721543387,kept
m6_pmt_not_eng_cnt_pday_max,0.046062709201829255,kept
m1_pmt_not_eng_equal_1_stg_pln_amt_sum,0.01811563278213528,kept
pmt_not_eng_stg_pln_cnt_3m_6m_rat,0.008556642579565052,kept
m1_pmt_not_eng_equal_2_stg_pln_d0_amt_sum,0.007399595408951677,kept
m6_pmt_not_eng_cnt_pday_min,0.015467028100758286,kept
m6_pmt_not_eng_mor_3_stg_pln_amt_sum,0.03358076188633897,kept
m1_pmt_not_eng_equal_2_stg_pln_amt_rat,0.015652491597929488,kept
m1_pmt_not_eng_equal_3_stg_pln_cnt,0.005329503513152715,kept
m6_ao_offline_rep_apl_suc_cnt,0.005746021241396846,kept
m3_manual_work_day_rep_apl_fal_cnt,0.007249814521632683,kept
m1_manual_tim_0_5_rep_apl_fal_cnt,0.005390764801616214,kept
m3_manual_deduct_rep_apl_suc_amt_sum,0.005927574124182432,kept
m1_manual_rep_apl_suc_cnt_in_manual_rep_rat,0.0030836940695543632,kept
m3_manual_tim_13_18_rep_apl_fal_cnt,0.006644879244633281,kept
m6_manual_deduct_rep_apl_suc_amt_avg,0.0073832843140157305,kept
m1_manual_tim_6_12_rep_apl_fal_cnt,0.005379135825705364,kept
m1_manual_tim_6_12_rep_apl_cnt_rat,0.0041030475566103276,kept
m1_add_bathch_rep_apl_suc_cnt_rat,0.006095028408376582,kept
m3_manual_deduct_rep_apl_cnt_rat,0.009320945124047585,kept
m1_manual_tim_13_18_rep_apl_suc_cnt,0.006597730676794956,kept
m1_normal_batch_rep_apl_suc_cnt,0.00840124587748809,kept
m1_ao_offline_rep_apl_cnt,0.005417851123600906,kept
m3_ao_offline_mrn_rep_apl_suc_cnt,0.005395789582735429,kept
m1_mrn_rep_apl_cnt,0.010288750200692838,kept
m6_manual_deduct_rep_apl_fal_cnt,0.011833882026179838,kept
m1_manual_deduct_rep_apl_suc_amt_sum,0.00537929210056655,kept
m3_submit_fal_rep_apl_cnt,0.008844149490900557,kept
m3_manual_rep_apl_suc_amt_avg,0.01920150427944647,kept
m1_manual_weekend_day_rep_apl_fal_cnt,0.005387320361059419,kept
m3_manual_tim_19_24_rep_apl_fal_cnt,0.005380837598767408,kept
m6_manual_tim_19_24_rep_apl_suc_cnt_rat,0.0032321422787685945,kept
m1_manual_deduct_rep_apl_cnt_rat,0.006762581917262272,kept
m6_manual_tim_13_18_rep_apl_suc_cnt,0.007715298885532002,kept
m6_manual_rep_apl_fal_cnt,0.008141588887247014,kept
m6_manual_rep_apl_suc_cnt_in_manual_rep_rat,0.0042876502889080985,kept
m6_manual_rep_apl_suc_amt_max,0.008448529318988797,kept
m6_manual_rep_apl_fal_cnt_rat,0.007995594941314306,kept
m1_rep_apl_suc_amt_max,0.00804547689808049,kept
m6_part_suc_rep_apl_cnt,0.006397637038184773,kept
m6_manual_weekend_day_rep_apl_fal_cnt,0.005405016566323735,kept
m1_manual_rep_apl_fal_cnt_rat,0.000538056470637042,kept
m1_rep_apl_suc_cnt,0.00940848408809032,kept
m1_part_suc_rep_apl_cnt_rat,0.006515224928050636,kept
m6_manual_tim_19_24_rep_apl_suc_cnt,0.006674781898467508,kept
m1_ao_offline_mrn_rep_apl_suc_cnt,0.005512603362782877,kept
m3_add_bathch_rep_apl_suc_cnt_rat,0.007952256846976744,kept
m1_manual_rep_apl_suc_cnt_rat,0.006160849621498468,kept
m6_manual_tim_6_12_rep_apl_cnt_rat,0.004403494893739509,kept
m1_normal_batch_rep_apl_suc_amt_avg,0.012609567957193677,kept
m6_manual_tim_13_18_rep_apl_suc_cnt_rat,0.006284156000155815,kept
m6_add_bathch_rep_apl_suc_amt_max,0.007660155379881879,kept
m6_manual_tim_0_5_rep_apl_fal_cnt,0.0058883111450013905,kept
m6_normal_batch_rep_apl_fal_cnt_rat,0.003332771887968133,kept
m1_manual_tim_13_18_rep_apl_cnt_rat,0.007395985232349451,kept
m1_rep_apl_suc_amt_avg,0.0243657720470788,kept
m6_manual_tim_0_5_rep_apl_suc_cnt,0.006403525985405006,kept
m1_manual_tim_13_18_rep_apl_fal_cnt,0.005895635863504038,kept
m1_submit_fal_rep_apl_cnt_rat,0.007043889425865061,kept
m3_normal_batch_rep_apl_suc_amt_sum,0.007374036961711673,kept
m1_add_bathch_rep_apl_suc_amt_sum,0.005521613783886193,kept
m1_rep_apl_suc_amt_sum,0.009125301854750903,kept
m1_normal_batch_rep_apl_fal_cnt_rat,0.00048081204384639207,kept
m1_normal_batch_rep_apl_cnt_rat,0.016412959229798782,kept
m1_part_suc_rep_apl_cnt,0.006132297691536644,kept
m6_manual_work_day_rep_apl_suc_cnt_rat,0.004366900987666475,kept
m1_manual_tim_19_24_rep_apl_cnt_rat,0.00393098883791197,kept
m1_manual_weekend_day_rep_apl_suc_cnt,0.006319639738256071,kept
m3_manual_deduct_rep_apl_suc_amt_avg,0.005927574124182432,kept
m6_manual_deduct_rep_apl_suc_cnt,0.0073832843140157305,kept
m1_manual_deduct_rep_apl_suc_amt_min,0.005377300720259866,kept
m1_manual_work_day_rep_apl_cnt_rat,0.004701905901799473,kept
m6_mrn_rep_apl_cnt,0.02293103269068285,kept
m6_manual_tim_13_18_rep_apl_fal_cnt,0.006642507828247588,kept
m1_add_bathch_rep_apl_suc_amt_avg,0.005521613783886193,kept
m6_normal_batch_rep_apl_suc_amt_min,0.006593383229238971,kept
m3_ao_offline_rep_apl_cnt_rat,0.0063560330306650075,kept
m6_normal_batch_rep_apl_suc_amt_avg,0.012696899464943314,kept
m3_manual_weekend_day_rep_apl_fal_cnt,0.005443078922575436,kept
m1_manual_deduct_rep_apl_suc_cnt_rat,0.005862909712558709,kept
m1_normal_batch_rep_apl_suc_amt_max,0.0077917611641825325,kept
m3_submit_fal_rep_apl_cnt_rat,0.010091346956798834,kept
m3_rep_apl_suc_amt_avg,0.022250766970847276,kept
m3_part_suc_rep_apl_cnt_rat,0.00642084822747223,kept
m3_manual_deduct_rep_apl_suc_cnt_rat,0.007030872660708939,kept
m1_manual_tim_19_24_rep_apl_fal_cnt,0.005380992261840417,kept
m1_manual_tim_19_24_rep_apl_suc_cnt,0.006039893652584845,kept
m1_manual_rep_apl_suc_amt_sum,0.006271328389274907,kept
m3_add_bathch_rep_apl_suc_amt_sum,0.008160716273477031,kept
m6_manual_tim_19_24_rep_apl_fal_cnt,0.005610400281310711,kept
m3_manual_mrn_rep_apl_fal_cnt,0.006286213482541351,kept
m1_normal_batch_rep_apl_suc_amt_min,0.006154550459750142,kept
m6_add_bathch_rep_apl_cnt_rat,0.008905772473200835,kept
m1_add_bathch_mrn_rep_apl_suc_cnt,0.005451288266775986,kept
m6_normal_batch_rep_apl_cnt_rat,0.02327603694450059,kept
m6_manual_tim_0_5_rep_apl_suc_cnt_rat,0.0031987425630725583,kept
m3_manual_rep_apl_suc_cnt,0.008267539073945302,kept
m1_submit_fal_rep_apl_cnt,0.006447498321526488,kept
m6_manual_rep_apl_suc_amt_avg,0.01696956825992829,kept
m6_submit_fal_rep_apl_cnt,0.023755816092819855,kept
m3_manual_rep_apl_suc_amt_sum,0.007463481662009965,kept
m3_ao_offline_rep_apl_suc_cnt_rat,0.0063560330306650075,kept
m3_add_bathch_rep_apl_suc_amt_avg,0.007241758552779231,kept
m3_normal_batch_rep_apl_suc_cnt_rat,0.007801102722891783,kept
m3_manual_rep_apl_cnt_rat,0.042243825006091654,kept
m6_rep_apl_suc_amt_min,0.010194474318003677,kept
m6_manual_deduct_rep_apl_suc_amt_max,0.0073832843140157305,kept
d365_avl_lmt_eql_0_month_cnt,0.005263695044140931,kept
d1095_avl_lmt_con_drp_month_max,0.0073868427127698946,kept
d730_avl_lmt_eql_0_month_cnt,0.01158762747480662,kept
d90_avl_lmt_con_drp_month_max,0.012368170854907717,kept
d180_avl_lmt_shift1_rise_month_cnt,0.004454099161729486,kept
d1095_avl_lmt_eql_0_month_cnt,0.014023496448094133,kept
d365_avl_lmt_con_drp_month_max,0.001974603500971935,kept
d730_avl_lmt_con_drp_month_max,0.010785881816375954,kept
ai_refuse_cnt_60d,0.0012238104485553277,kept
ai_alpa_cnt_3d,0.012939788788865607,kept
ai_rtp_cnt_30d,0.0004303296519632251,kept
ai_busy_cnt_3d,0.0003295036246730774,kept
ai_call_cnt_60d,0.0030656678963079786,kept
ai_wcnhk_cnt_90d,0.002572780339736073,kept
ai_ptp_cnt_60d,0.0014315651640239373,kept
ai_call_cnt_10d,0.0006699690532450992,kept
ai_ptp_cnt_21d,0.001625627570522742,kept
ai_tousu2_cnt_15d,0.012756859997537062,kept
ai_alpa_cnt_7d,0.021500741498308322,kept
ai_answer_cnt_60d,0.002980789113480928,kept
ai_call_cnt_21d,0.001081471167049551,kept
ai_answer_close_cnt_15d,0.0009658832442205657,kept
ai_alpa_cnt_30d,0.0003159903877668505,kept
ai_tousu2_cnt,0.00034290223201259513,kept
ai_tousu2_cnt_21d,0.000407871079587959,kept
ai_wcnhk_cnt_7d,0.0005413805373613804,kept
ai_answer_close_cnt_30d,0.0029404979989624868,kept
ai_busy_cnt_15d,0.0007337105439051526,kept
ai_busy_cnt,0.0024225791945042983,kept
ai_refuse_cnt,0.003939511548718219,kept
ai_wcnhk_cnt_15d,0.0006090467070725366,kept
ai_wcnhk_cnt_30d,0.0018681201771176296,kept
ai_answer_cnt_10d,0.0008735600630192567,kept
ai_answer_cnt_21d,0.0016210200925964246,kept
ai_call_cnt_3d,0.0004895478612485301,kept
ai_answer_close_cnt_7d,0.0007673403225190896,kept
ai_busy_cnt_7d,0.00031298202043881926,kept
ai_answer_close_cnt_3d,0.000868596123839783,kept
ai_refuse_cnt_7d,0.0003536749654543877,kept
ai_wcnhk_cnt_3d,0.000733119289513349,kept
ai_refuse_cnt_21d,0.0007971261508295043,kept
ai_refuse_cnt_3d,0.0003078286879343398,kept
ai_answer_close_cnt_90d,0.0026901258899773677,kept
ai_busy_cnt_30d,0.0034750298828188897,kept
ai_tousu2_cnt_10d,0.012756859997537062,kept
ai_tousu2_cnt_90d,0.0011940657942812953,kept
ai_rtp_cnt_3d,0.000407871079587959,kept
ai_alpa_cnt_15d,0.000497881033969656,kept
d365_aplord_amt_grt_fst_month_rto,0.00043060087645175525,kept
d365_aplord_amt_grt_fst_month_cnt,0.0005223304865038328,kept
d365_aplord_amt10000plus_month_cnt,0.008948261473706564,kept
d1095_aplord_stg_grt_fst_month_cnt,0.0013346110656998697,kept
d365_aplord_amt10000plus_month_rto,0.007843217137090673,kept
d90_aplord_amt_grt_fst_month_rto,5.5329563618738694e-05,kept
d90_aplord_fal_month_cnt,0.056839652438616266,kept
d730_aplord_amt_grt_fst_month_rto,0.000906837687191864,kept
d1095_aplord_fal_month_cnt,0.008504333732926734,kept
d90_aplord_suc_month_cnt,0.05833928459830097,kept
d730_aplord_stg_grt_fst_month_rto,0.0007246487079577796,kept
d365_aplord_suc_month_cnt,0.013381780103906329,kept
d365_aplord_fal_month_rto,0.027045179017027528,kept
d90_aplord_suc_month_rto,0.06395191375293763,kept
d365_aplord_fal_month_cnt,0.020996748374199067,kept
6m_repay_amt_second_der_median,0.012661287381997536,kept
18m_repay_amt_second_der_mean_rto,0.0039601829875661855,kept
3stg_pln_repay_amt_first_der_mean_rto,0.006424027958406886,kept
6m_repay_amt_second_der_mean_diff,0.005341938674222798,kept
12stg_pln_repay_amt_first_der_median,0.003888884137180935,kept
12m_repay_amt_first_der_mean_rto,0.001886463055812883,kept
24thord_con_ontime_repay_max,0.0008475638699297638,kept
36stg_pln_repay_amt_first_der_great_0_count,0.0080553100222887,kept
6stg_pln_repay_amt_second_der_mean_rto,0.006641212582143256,kept
3m_repay_amt_second_der_sum,0.016540700021396144,kept
12stg_pln_repay_amt_first_der_sum,0.005622170142686743,kept
30stg_pln_repay_amt_second_der_mean_rto,0.0032804993719684093,kept
3stg_pln_repay_amt_second_der_small_0_count,0.002352247600936677,kept
6m_repay_amt_first_der_great_0_count,0.004602247879917963,kept
36stg_pln_repay_amt_first_der_sum,0.005936951573213652,kept
3m_repay_amt_first_der_mean_diff,0.012406996000750278,kept
12m_con_keep_repay_max,0.009788974988870058,kept
6stg_pln_repay_amt_second_der_median,0.004589523760761055,kept
6m_con_keep_repay_max,0.010067046038489796,kept
3stg_pln_repay_amt_second_der_mean_diff,0.008784099019229292,kept
12m_repay_amt_second_der_sum,0.012906540083563312,kept
12m_repay_amt_second_der_median,0.006945472388296856,kept
6stg_pln_repay_amt_first_der_mean_diff,0.006745364542652072,kept
12stg_pln_repay_amt_second_der_mean_rto,0.0071616598297470045,kept
3stg_pln_repay_amt_first_der_mean_diff,0.005924313137480704,kept
3m_repay_amt_second_der_mean_rto,0.008122053803885193,kept
18m_repay_amt_first_der_mean_rto,0.001889214561903844,kept
12m_repay_amt_second_der_avg,0.015456433200962912,kept
3m_repay_amt_second_der_median,0.01577950730681859,kept
24stg_pln_repay_amt_second_der_avg,0.004210559193325393,kept
12stg_pln_repay_amt_first_der_mean_diff,0.006118584563691335,kept
36stg_pln_repay_amt_first_der_mean_rto,0.0027576354485831125,kept
3m_repay_amt_first_der_sum,0.02743718636833086,kept
18m_con_keep_repay_max,0.008355254756179625,kept
3m_repay_amt_second_der_mean_diff,0.006859934141651923,kept
3stg_pln_repay_amt_first_der_sum,0.005686617711837883,kept
3m_repay_amt_first_der_min,0.011394248826241134,kept
3m_repay_amt_second_der_max,0.017015543337251145,kept
12m_repay_amt_second_der_mean_rto,0.002476600644065154,kept
3m_repay_amt_second_der_great_0_count,0.004004046514045498,kept
3m_repay_amt_first_der_small_0_count,0.003889079675856118,kept
3stg_pln_repay_amt_first_der_small_0_count,0.00253823469360948,kept
6stg_pln_repay_amt_first_der_median,0.0037470888668109745,kept
24stg_pln_repay_amt_second_der_mean_rto,0.004365172056038016,kept
6m_repay_amt_second_der_small_0_count,0.00432374762464054,kept
3m_repay_amt_second_der_min,0.00984253025002114,kept
18m_repay_amt_first_der_avg,0.006748910861474042,kept
18m_con_dsc_repay_max,0.004809043427767021,kept
36stg_pln_repay_amt_second_der_mean_diff,0.004510522345300846,kept
18m_repay_amt_second_der_mean_diff,0.007150302764785011,kept
18stg_pln_repay_amt_first_der_mean_rto,0.0032252285033540075,kept
6m_repay_amt_first_der_median,0.008005472918597182,kept
24stg_pln_repay_amt_first_der_mean_rto,0.0030663803319852826,kept
18stg_pln_repay_amt_second_der_mean_diff,0.005216452706502665,kept
12thord_con_late_repay_max,0.0034106566266350257,kept
6stg_pln_repay_amt_first_der_mean_rto,0.006091685868470128,kept
3stg_pln_repay_amt_second_der_mean_rto,0.01152733722850039,kept
3m_repay_amt_first_der_mean_rto,0.013521402384667851,kept
6m_repay_amt_first_der_mean_rto,0.006703247112691694,kept
12m_repay_amt_second_der_mean_diff,0.011843180207364983,kept
12m_repay_amt_first_der_stddev,0.009942535090004818,kept
6stg_pln_repay_amt_second_der_sum,0.00543385048650151,kept
6m_repay_amt_first_der_sum,0.01426151907634904,kept
6stg_pln_repay_amt_first_der_great_0_count,0.005446526546101797,kept
6m_repay_amt_second_der_mean_rto,0.008789634743918065,kept
12stg_pln_repay_amt_second_der_median,0.004362707247407117,kept
12stg_pln_repay_amt_first_der_mean_rto,0.006188684194575243,kept
18m_repay_amt_second_der_sum,0.007289622175511525,kept
6m_repay_amt_second_der_sum,0.010972257304176503,kept
12m_repay_amt_second_der_great_0_count,0.00651174908919617,kept
6stg_pln_repay_amt_first_der_min,0.007220812844861786,kept
6m_repay_amt_first_der_max,0.011756350140294318,kept
12m_repay_amt_first_der_mean_diff,0.014248667699869431,kept
3stg_pln_repay_amt_first_der_median,0.004979465815041383,kept
18m_con_asc_repay_max,0.010750927235136242,kept
18m_repay_amt_first_der_mean_diff,0.006707753335799981,kept
18stg_pln_repay_amt_second_der_mean_rto,0.008135768393340768,kept
18m_repay_amt_first_der_median,0.008221080637964116,kept
6stg_pln_repay_amt_first_der_max,0.004557404681679788,kept
30stg_pln_repay_amt_first_der_mean_rto,0.003909152041027308,kept
24stg_pln_repay_amt_first_der_mean_diff,0.004911641374539686,kept
18stg_pln_repay_amt_first_der_stddev,0.006147202712832572,kept
6thord_con_ontime_repay_max,0.001402980488473527,kept
6m_repay_amt_first_der_mean_diff,0.014415550028978649,kept
12m_repay_amt_first_der_sum,0.010631292371588564,kept
36stg_pln_repay_amt_second_der_mean_rto,0.00634053922076344,kept
12m_repay_amt_first_der_median,0.006601511037818631,kept
6m_con_dsc_repay_max,0.007586814231845255,kept
3stg_pln_repay_amt_first_der_stddev,0.007670786174620684,kept
f54__percent_true_call_mode_is_manual_called_phone_social_relations_is_friend_30d,0.0009620093172268056,kept
f54__percent_true_call_mode_is_ai_called_phone_social_relations_is_self_15d,0.00457935904031791,kept
percent_true_call_mode_is_yuce_called_phone_social_relations_is_self_180d,0.0016234308471033887,kept
f54__percent_true_call_mode_is_ai_called_phone_social_relations_is_self_7d,0.0018599025270949244,kept
percent_true_call_mode_is_yuce_called_phone_social_relations_is_self_60d,0.0008501564407227995,kept
f54__percent_true_call_mode_is_manual_called_phone_social_relations_is_family_is_can_contact_person_is_yes_60d,0.0018855660884793683,kept
percent_true_call_mode_is_yuce_called_phone_social_relations_is_friend_is_can_contact_person_is_no_30d,0.001165628487459311,kept
percent_true_call_mode_is_manual_called_phone_social_relations_is_family_7d,0.0006596138364367546,kept
percent_true_call_mode_is_yuce_called_phone_social_relations_is_friend_is_can_contact_person_is_no_180d,0.0006603472903740224,kept
sum_talk_duration_call_mode_ai_180d,0.005798921001438423,kept
percent_true_call_mode_is_yuce_called_phone_social_relations_is_friend_is_can_contact_person_is_no_60d,0.0011692692620884518,kept
percent_true_call_mode_is_yuce_called_phone_social_relations_is_family_is_can_contact_person_is_no_30d,0.01757409971517795,kept
f54__percent_true_call_mode_is_manual_called_phone_social_relations_is_friend_180d,0.0026450217347989305,kept
percent_true_call_mode_is_manual_called_phone_social_relations_is_friend_is_can_contact_person_is_yes_30d,0.0026134156739319966,kept
f54__percent_true_call_mode_is_manual_called_phone_social_relations_is_self_is_can_contact_person_is_yes_90d,0.0030716320891883693,kept
f54__percent_true_call_mode_is_manual_called_phone_social_relations_is_self_is_can_contact_person_is_yes_30d,0.003562284102813989,kept
f54__percent_true_call_mode_is_manual_called_phone_social_relations_is_friend_is_can_contact_person_is_yes_15d,0.002009976471263163,kept
sum_talk_duration_180d,0.005848955940219298,kept
f54__percent_true_call_mode_is_manual_called_phone_social_relations_is_self_is_can_contact_person_is_yes_180d,0.0027401497537733748,kept
percent_true_call_mode_is_manual_called_phone_social_relations_is_friend_7d,0.0006731877180339878,kept
percent_true_call_mode_is_manual_called_phone_social_relations_is_friend_is_can_contact_person_is_yes_180d,0.0033123218687563065,kept
percent_true_call_mode_is_yuce_called_phone_social_relations_is_family_is_can_contact_person_is_no_180d,0.0006740465819204195,kept
percent_true_call_mode_is_ai_called_phone_social_relations_is_self_is_can_contact_person_is_no_60d,0.005542534446578796,kept
percent_true_call_mode_is_manual_called_phone_social_relations_is_family_is_can_contact_person_is_yes_180d,0.0023012345683385803,kept
f54__percent_true_call_mode_is_ai_called_phone_social_relations_is_self_180d,0.002468724717076387,kept
f54__percent_true_call_mode_is_yuce_called_phone_social_relations_is_self_30d,0.0008065991111707862,kept
percent_true_call_mode_is_manual_called_phone_social_relations_is_friend_is_can_contact_person_is_yes_90d,0.0024828774716966684,kept
percent_true_call_mode_is_manual_called_phone_social_relations_is_family_30d,0.00073259508463752,kept
f54__percent_true_call_mode_is_manual_called_phone_social_relations_is_self_is_can_contact_person_is_no_30d,0.0006654701864215809,kept
f54__percent_true_call_mode_is_manual_called_phone_social_relations_is_family_15d,0.0007770652235966063,kept
f54__percent_true_call_mode_is_manual_called_phone_social_relations_is_self_7d,0.0007128421743875478,kept
f54__percent_true_call_mode_is_ai_called_phone_social_relations_is_self_30d,0.005947672209407809,kept
f54__percent_true_call_mode_is_ai_called_phone_social_relations_is_self_90d,0.005309537068410655,kept
percent_true_call_mode_is_manual_called_phone_social_relations_is_family_is_can_contact_person_is_yes_30d,0.001997286630795984,kept
f54__percent_true_call_mode_is_manual_called_phone_social_relations_is_family_is_can_contact_person_is_yes_15d,0.001211364608131121,kept
percent_true_call_mode_is_manual_called_phone_social_relations_is_self_15d,0.0007797657658371694,kept
f54__percent_true_call_mode_is_manual_called_phone_social_relations_is_self_is_can_contact_person_is_no_90d,0.0014507362198408202,kept
used_rate_ch_grt_0p2_rate_3m_suc,0.010127900608151798,kept
used_rate_ch_grt_0p8_rate_1m_suc,0.015836882241525456,kept
rsk_avl_lmt_ch_les_1000_rate_12m,0.01115511427976598,kept
rsk_avl_lmt_ch_les_500_cnt_1m,0.019870864727741272,kept
used_rate_ch_grt_0p2_cnt_3m,0.016837570128442458,kept
used_rate_ch_grt_0p2_rate_12m,0.006456167426088327,kept
rsk_avl_lmt_ch_les_5000_cnt_1m,0.019024712035323722,kept
used_rate_ch_grt_0p95_rate_1m,0.009639720530391237,kept
rsk_avl_lmt_ch_les_5000_rate_1m,0.019434084744340534,kept
used_rate_ch_grt_0p5_rate_3m,0.04024827603891301,kept
rsk_avl_lmt_ch_les_500_rate_3m,0.035063761106334405,kept
rsk_avl_lmt_ch_les_10000_cnt_12m,0.007680865586049971,kept
used_rate_ch_grt_0p2_cnt_12m_suc,0.0060891661011880475,kept
used_rate_ch_grt_0p8_cnt_1m_suc,0.01842274874273862,kept
used_rate_ch_grt_0p8_cnt_1m,0.010657902131026289,kept
min_rsk_lmt_rate_bt_ch_3m,0.012492519919276772,kept
used_rate_ch_grt_0p9_cnt_12m_suc,0.079062898400109,kept
used_rate_ch_grt_0p5_cnt_12m,0.03731698835312186,kept
used_rate_ch_grt_0p5_cnt_3m_suc,0.015482231339058086,kept
rsk_avl_lmt_ch_les_5000_rate_12m,0.01070852879207655,kept
rsk_avl_lmt_ch_les_10000_cnt_3m,0.0146747444241416,kept
used_rate_ch_grt_0p5_rate_3m_suc,0.015894814563827922,kept
used_rate_ch_grt_0p95_cnt_6m,0.00562005096151857,kept
used_rate_ch_grt_0p2_cnt_1m_suc,0.012530403513765699,kept
used_rate_ch_grt_0p95_rate_3m_suc,0.010184842475034336,kept
max_rsk_lmt_rate_bt_ch_3m,0.012537073493643375,kept
percent_true_followup_code_yjt_called_phone_social_relations_friend_30d,0.0007394010577041601,kept
percent_true_followup_code_tskh_called_phone_social_relations_friend_30d,0.0006584183157988176,kept
percent_true_followup_code_wfjt_called_phone_social_relations_family_180d,0.0020318432563258496,kept
percent_true_followup_code_yjt_called_phone_social_relations_family_60d,0.0010007550971038663,kept
percent_true_followup_code_yjt_is_can_contact_person_yes_180d,0.0007547371193728324,kept
percent_true_followup_code_other_call_mode_manual_7d,0.0006602266955114001,kept
percent_true_followup_code_other_call_mode_manual_180d,0.004417335217520333,kept
percent_true_followup_code_yjt_call_mode_manual_90d,0.0010704823967928865,kept
percent_true_followup_code_jjhk_called_phone_social_relations_friend_30d,0.0012718159426269842,kept
percent_true_followup_code_yjt_90d,0.0031704853772977467,kept
percent_true_followup_code_other_call_mode_manual_90d,0.0020099549305172093,kept
percent_true_followup_code_tskh_is_can_contact_person_yes_60d,0.0010668484133880601,kept
percent_true_followup_code_yyxh_called_phone_social_relations_family_180d,0.0007704131196320494,kept
percent_true_followup_code_wfjt_called_phone_social_relations_family_90d,0.0009364694360432174,kept
percent_true_call_mode_is_yuce_called_phone_social_relations_is_family_180d,0.0008641309527778196,kept
percent_true_followup_code_wfjt_is_can_contact_person_yes_90d,0.0020145307269012606,kept
percent_true_followup_code_yjt_180d,0.003460108585750885,kept
percent_true_followup_code_jjhk_is_can_contact_person_yes_30d,0.0007051461696888809,kept
percent_true_followup_code_tskh_30d,0.001112728267879056,kept
percent_true_followup_code_tskh_call_mode_manual_180d,0.0012857238924341547,kept
percent_true_followup_code_yjt_call_mode_manual_15d,0.0006895389455362118,kept
percent_true_followup_code_yjt_30d,0.0007145406409092118,kept
percent_true_followup_code_jjhk_15d,0.0008950027140852515,kept
percent_true_followup_code_other_called_phone_social_relations_family_180d,0.00121142416255285,kept
percent_true_followup_code_jjhk_180d,0.0011194906675203234,kept
percent_true_followup_code_other_called_phone_social_relations_friend_30d,0.0006586772669333829,kept
percent_true_followup_code_yjt_called_phone_social_relations_friend_60d,0.0006584350561113813,kept
percent_true_followup_code_yyxh_180d,0.0013775967149018513,kept
percent_true_followup_code_jjhk_call_mode_manual_180d,0.0015805578532341212,kept
percent_true_followup_code_other_called_phone_social_relations_family_90d,0.0006668733788909725,kept
percent_true_followup_code_tskh_is_can_contact_person_yes_30d,0.0007472711204017622,kept
percent_true_followup_code_yjt_called_phone_social_relations_friend_180d,0.0013672918433521178,kept
percent_true_call_mode_is_yuce_called_phone_social_relations_is_family_30d,0.000793169966555157,kept
percent_true_followup_code_yyxh_call_mode_ai_60d,0.0017062029566289802,kept
percent_true_followup_code_wfjt_is_can_contact_person_yes_15d,0.0006628094928518853,kept
percent_true_followup_code_yjt_15d,0.0008460359857673814,kept
percent_true_followup_code_wfjt_call_mode_manual_60d,0.0009562341935505873,kept
percent_true_followup_code_jjhk_called_phone_social_relations_family_180d,0.0008798471875198818,kept
percent_true_followup_code_other_7d,0.0006598983713619062,kept
percent_true_followup_code_wfjt_180d,0.0016838512691565058,kept
percent_true_call_mode_is_yuce_called_phone_social_relations_is_self_is_can_contact_person_is_no_90d,0.0008004238809211898,kept
percent_true_followup_code_yyxh_30d,0.0009744078991738053,kept
percent_true_followup_code_yyxh_call_mode_manual_7d,0.000697535842489907,kept
percent_true_followup_code_tskh_180d,0.0014402583141996403,kept
percent_true_followup_code_other_call_mode_yuce_180d,0.0014270748280589998,kept
percent_true_followup_code_other_called_phone_social_relations_friend_180d,0.001667019809070577,kept
percent_true_followup_code_jjhk_called_phone_social_relations_family_30d,0.0007542591347253671,kept
percent_true_followup_code_yyxh_call_mode_manual_30d,0.0006584971146307321,kept
percent_true_followup_code_other_call_mode_manual_15d,0.0007547980507891604,kept
percent_true_followup_code_other_15d,0.0006609527908067437,kept
percent_true_followup_code_other_called_phone_social_relations_friend_60d,0.0006964227438272701,kept
percent_true_followup_code_tskh_called_phone_social_relations_friend_90d,0.0006584183157988176,kept
percent_true_followup_code_yyxh_call_mode_manual_90d,0.0006623234252136579,kept
percent_true_followup_code_other_call_mode_manual_30d,0.0006877171298010021,kept
percent_true_followup_code_tskh_called_phone_social_relations_friend_60d,0.0006584183157988176,kept
percent_true_followup_code_yjt_7d,0.0008336353631493084,kept
percent_true_followup_code_other_180d,0.0015857691410618663,kept
percent_true_followup_code_yyxh_called_phone_social_relations_family_90d,0.0006608808182584748,kept
percent_true_followup_code_yyxh_call_mode_ai_15d,0.0012113091940686594,kept
percent_true_followup_code_other_90d,0.0021212359766406346,kept
percent_true_followup_code_jjhk_is_can_contact_person_yes_15d,0.000736998208787366,kept
percent_true_followup_code_yjt_called_phone_social_relations_family_180d,0.0006621526396546504,kept
percent_true_followup_code_yyxh_7d,0.0007051461696888809,kept
percent_true_followup_code_jjhk_called_phone_social_relations_friend_180d,0.0007632344444550243,kept
percent_true_followup_code_wfjt_90d,0.004944536800241135,kept
percent_true_followup_code_yyxh_is_can_contact_person_yes_180d,0.0010158311470320222,kept
percent_true_followup_code_other_called_phone_social_relations_family_30d,0.000876649288535087,kept
percent_true_followup_code_yyxh_called_phone_social_relations_friend_180d,0.0015957234677837224,kept
percent_true_followup_code_wfjt_is_can_contact_person_yes_180d,0.002864140408653512,kept
percent_true_followup_code_yyxh_called_phone_social_relations_family_30d,0.0006592374741690984,kept
percent_true_followup_code_wfjt_called_phone_social_relations_friend_90d,0.002120329162297439,kept
percent_true_followup_code_jjhk_30d,0.000913781590352513,kept
percent_true_followup_code_tskh_called_phone_social_relations_family_180d,0.0006584183157988176,kept
m6_stg_pln_d0_rep_apl_cnt_mor_4_cnt_rat,0.0738948132178614,kept
m6_stg_pln_d0_normal_batch_rep_apl_cnt_equal_2_cnt_rat,0.006483537141955683,kept
m6_stg_pln_manual_rep_apl_suc_cnt_min,0.01414410302275357,kept
m1_stg_pln_d0_normal_batch_rep_apl_fal_cnt_mor_4_cnt,0.020686871088960793,kept
m6_stg_pln_d0_rep_apl_fal_cnt_equal_2_cnt,0.014519577994094354,kept
m3_stg_pln_ao_offline_rep_apl_cnt_max,0.0063136943827768145,kept
m1_stg_pln_manual_deduct_rep_apl_cnt_equal_1_cnt_rat,0.007034896927990235,kept
m6_stg_pln_rep_apl_cnt_ovd_1d_3d_max,0.044269883349289794,kept
m1_stg_pln_d0_rep_apl_fal_cnt_mor_4_cnt_rat,0.02127461702655549,kept
m1_stg_pln_rep_apl_cnt_less_4_cnt,0.01916815541934357,kept
m6_stg_pln_rep_apl_cnt_equal_1_manual_rep_apl_amt_sum,0.012130735751816472,kept
m1_stg_pln_manual_rep_apl_cnt_max,0.006927201180269965,kept
m1_stg_pln_rep_apl_cnt_mor_2_cnt_rat,0.022769172160330753,kept
m6_stg_pln_rep_apl_cnt_ovd_1d_3d_min,0.02240155705671141,kept
m3_stg_pln_manual_deduct_rep_apl_suc_cnt_max,0.006832272634299219,kept
m1_stg_pln_manual_deduct_rep_apl_suc_cnt_max,0.0059112851467139505,kept
m1_stg_pln_rep_apl_fal_cnt_mor_1_rep_apl_amt_sum,0.005075802788571482,kept
m3_stg_pln_rep_apl_amt_d0_max,0.006811613354164102,kept
m3_stg_pln_normal_batch_rep_apl_cnt_equal_2_cnt_rat,0.008925612903959141,kept
m6_stg_pln_normal_batch_rep_apl_cnt_mor_4_cnt_rat,0.05387843867898291,kept
m6_stg_pln_rep_apl_suc_cnt_min,0.0065717458873824925,kept
m6_stg_pln_rep_apl_cnt_equal_1_adv_cnt,0.005512363714757449,kept
m6_stg_pln_rep_apl_cnt_mor_2_cnt,0.035925544222836184,kept
m1_stg_pln_add_bathch_rep_apl_cnt_avg,0.006146028507049797,kept
m6_stg_pln_normal_batch_rep_apl_cnt_min,0.011667833242303374,kept
m3_stg_pln_rep_apl_fal_cnt_max,0.06719486108434215,kept
m6_stg_pln_rep_apl_fal_cnt_mor_1_rep_apl_amt_min,0.00532708902984465,kept
m1_stg_pln_rep_apl_fal_cnt_equal_2_cnt_rat,0.008024146499441486,kept
m6_stg_pln_normal_batch_rep_apl_cnt_mor_2_stg_amt_sum,0.012427040459133515,kept
m3_stg_pln_manual_deduct_rep_apl_suc_cnt_sum,0.006832272634299219,kept
m3_stg_pln_manual_rep_apl_cnt_min,0.006386152055575516,kept
m3_stg_pln_rep_apl_fal_cnt_mor_2_cnt_rat,0.04448928384302769,kept
m6_stg_pln_rep_apl_cnt_his_ovd_avg,0.04137001953025177,kept
m3_stg_pln_rep_apl_suc_cnt_min,0.006729510262684707,kept
m3_stg_pln_normal_batch_rep_apl_fal_cnt_equal_2_cnt_rat,0.011996320055552111,kept
m1_stg_pln_rep_apl_suc_cnt_min,0.008362014143191453,kept
m1_stg_pln_manual_deduct_rep_apl_suc_cnt_min,0.0059556335322065055,kept
m3_stg_pln_rep_apl_suc_cnt_avg,0.014131153355686621,kept
m6_stg_pln_rep_apl_cnt_d0_max,0.08807661451680014,kept
m3_stg_pln_normal_batch_rep_apl_cnt_mor_4_cnt,0.04181030051908657,kept
m1_stg_pln_normal_batch_rep_apl_cnt_mor_2_cnt,0.015981652006432187,kept
m3_stg_pln_normal_batch_rep_apl_suc_cnt_max,0.03327579164182999,kept
m6_stg_pln_rep_apl_cnt_equal_1_manual_rep_apl_amt_min,0.011329691171734666,kept
m3_stg_pln_manual_rep_apl_fal_cnt_min,0.006456666934956108,kept
m6_stg_pln_d0_ao_offline_rep_apl_cnt_mor_0_cnt_rat,0.004430864037575678,kept
m1_stg_pln_rep_apl_cnt_equal_2_cnt_rat,0.024837474256707997,kept
m1_stg_pln_rep_apl_cnt_min,0.031576131063664456,kept
m1_stg_pln_normal_batch_rep_apl_fal_cnt_equal_2_cnt,0.006432298499659856,kept
m3_stg_pln_d0_manual_deduct_rep_apl_cnt_equal_1_cnt,0.005494870657676901,kept
m1_stg_pln_manual_rep_apl_cnt_min,0.008245075263297551,kept
m3_stg_pln_d0_normal_batch_rep_apl_cnt_mor_2_cnt_rat,0.06703624602884888,kept
m6_stg_pln_rep_apl_amt_adv_sum,0.0030438860634415584,kept
m6_stg_pln_rep_apl_cnt_equal_1_manual_deduct_cnt,0.0058780979180839,kept
m6_stg_pln_rep_apl_cnt_min,0.007278854263350876,kept
m3_stg_pln_manual_rep_apl_suc_cnt_max,0.0063170180683821565,kept
m1_stg_pln_manual_rep_apl_fal_cnt_avg,0.006603938642589596,kept
m1_stg_pln_manual_rep_apl_cnt_mor_0_cnt,0.005751431900047876,kept
m3_stg_pln_manual_rep_apl_fal_cnt_avg,0.008315128485624509,kept
m3_stg_pln_rep_apl_cnt_min,0.017779060819790242,kept
m6_stg_pln_d0_normal_batch_rep_apl_fal_cnt_mor_4_cnt_rat,0.05486499454800449,kept
m3_stg_pln_manual_rep_apl_fal_cnt_sum,0.008923614196732023,kept
m3_stg_pln_add_bathch_rep_apl_cnt_max,0.008325700179725472,kept
m3_stg_pln_normal_batch_rep_apl_cnt_avg,0.06536606958395483,kept
m3_stg_pln_normal_batch_rep_apl_fal_cnt_equal_0_cnt_rat,0.01715895989330102,kept
m3_stg_pln_manual_rep_apl_cnt_max,0.008883666741377735,kept
m6_stg_pln_manual_rep_apl_cnt_avg,0.006807766332824394,kept
m3_stg_pln_normal_batch_rep_apl_cnt_less_2_stg_amt_sum,0.016713237045691002,kept
m3_stg_pln_d0_rep_apl_cnt_mor_4_cnt,0.05670249440519455,kept
m3_stg_pln_d0_rep_apl_cnt_mor_2_cnt_rat,0.05877500584376584,kept
m3_stg_pln_manual_deduct_rep_apl_suc_cnt_min,0.007986764072591008,kept
m1_stg_pln_normal_batch_rep_apl_cnt_equal_2_cnt_rat,0.006152190843809629,kept
m1_stg_pln_manual_rep_apl_fal_cnt_max,0.006603938642589596,kept
m6_stg_pln_rep_apl_amt_adv_min,0.0020775441326167,kept
m3_stg_pln_normal_batch_rep_apl_fal_cnt_equal_1_cnt_rat,0.05933849456487956,kept
m1_stg_pln_normal_batch_rep_apl_suc_cnt_min,0.010315624611905655,kept
m6_stg_pln_d0_rep_apl_cnt_equal_2_cnt,0.016565822429568396,kept
m3_stg_pln_normal_batch_rep_apl_cnt_equal_2_cnt,0.0054612989361435965,kept
m1_stg_pln_rep_apl_cnt_d0_avg,0.04420519263836776,kept
m1_stg_pln_d0_rep_apl_cnt_equal_2_cnt,0.028566885006692612,kept
m6_stg_pln_normal_batch_rep_apl_suc_cnt_min,0.009686320485783181,kept
m6_stg_pln_manual_deduct_rep_apl_suc_cnt_min,0.005695689405411976,kept
m6_stg_pln_manual_deduct_rep_apl_cnt_min,0.0054609669085385355,kept
m6_stg_pln_rep_apl_amt_ovd_1d_3d_sum,0.0044235330242405535,kept
m3_stg_pln_manual_rep_apl_cnt_mor_0_cnt,0.008002726113642908,kept
m3_stg_pln_manual_deduct_rep_apl_cnt_equal_1_cnt_rat,0.009184609038484629,kept
m1_stg_pln_normal_batch_rep_apl_cnt_mor_4_cnt_rat,0.0235015119922827,kept
m6_stg_pln_d0_rep_apl_fal_cnt_equal_2_cnt_rat,0.013188196885367277,kept
m6_stg_pln_d0_normal_batch_rep_apl_cnt_mor_0_cnt_rat,0.017103685380582958,kept
stg_pln_avg_rep_prc_his_due_light,0.0011034442706968548,kept
stg_pln_min_rep_prc_24m_due_light,0.004621132006049436,kept
stg_pln_max_rep_prc_24m_due_light,0.0019433182047878695,kept
stg_pln_min_prc_amt_24m_adv_light,0.0004713296428309298,kept
stg_pln_avg_prc_amt_his_ftr_light,0.008112407183595814,kept
stg_pln_max_prc_amt_36m_adv_light,0.0004928173340218805,kept
stg_pln_max_prc_amt_1m_adv_light,0.0005798696870702997,kept
stg_pln_avg_rep_prc_6m_due_light,0.0006392792188713121,kept
stg_pln_min_prc_amt_24m_ftr_light,0.0006830899656458339,kept
stg_pln_max_prc_amt_his_light,0.002503669958709211,kept
stg_pln_cnt_his_ftr_light,0.007127014784234784,kept
stg_pln_max_prc_amt_24m_light,0.0037935669944861574,kept
stg_pln_sum_prc_amt_6m_adv_light,0.0004731020195822811,kept
stg_pln_avg_prc_amt_his_light,0.0022635532417396276,kept
stg_pln_sum_prc_amt_his_adv_light,0.0005432877888792272,kept
stg_pln_cnt_12m_adv_light,0.0004708647339629447,kept
stg_pln_min_rep_prc_12m_due_light,0.00047037273430069223,kept
stg_pln_min_prc_amt_24m_light,0.001079347511164459,kept
stg_pln_sum_rep_prc_6m_due_light,0.0006392792188713121,kept
stg_pln_avg_prc_amt_his_due_light,0.000989762660885527,kept
stg_pln_max_prc_amt_36m_on_light,0.0023319107083437035,kept
stg_pln_cnt_his_due_light,0.0022382155622858325,kept
stg_pln_sum_prc_amt_36m_ftr_light,0.007837701001770541,kept
stg_pln_avg_rep_prc_12m_due_light,0.0015246937480426315,kept
stg_pln_sum_prc_amt_24m_adv_light,0.0005961517915239639,kept
stg_pln_avg_prc_amt_6m_light,0.0034722415449626727,kept
stg_pln_cnt_12m_due_light,0.001602990873008755,kept
stg_pln_min_prc_amt_36m_light,0.0005353898338586175,kept
stg_pln_avg_prc_amt_1m_on_light,0.0066257609885852515,kept
stg_pln_min_prc_amt_his_due_light,0.0007656745868374602,kept
stg_pln_max_prc_amt_1m_due_light,0.0005541885336491639,kept
stg_pln_avg_prc_amt_24m_adv_light,0.0006061507758342772,kept
stg_pln_min_prc_amt_12m_on_light,0.00047911599150467324,kept
stg_pln_avg_prc_amt_1m_adv_light,0.0005798696870702997,kept
stg_pln_min_prc_amt_12m_adv_light,0.004621132006049436,kept
stg_pln_min_prc_amt_12m_light,0.00047804288970322,kept
stg_pln_avg_rep_prc_24m_due_light,0.0015897782932450203,kept
stg_pln_cnt_1m_due_light,0.0005541885336491639,kept
stg_pln_min_rep_prc_his_due_light,0.000505859623963067,kept
stg_pln_cnt_36m_adv_light,0.0005435013838663201,kept
stg_pln_cnt_1m_adv_light,0.0006109886542657245,kept
stg_pln_avg_prc_amt_6m_adv_light,0.0004731020195822811,kept
stg_pln_min_prc_amt_6m_light,0.0005797037500113302,kept
stg_pln_max_prc_amt_6m_adv_light,0.0004731020195822811,kept
stg_pln_min_prc_amt_6m_on_light,0.00047037273430069223,kept
stg_pln_max_prc_amt_6m_light,0.003370271314658885,kept
stg_pln_min_prc_amt_24m_on_light,0.00048200812446627206,kept
stg_pln_avg_prc_amt_1m_due_light,0.0005541885336491639,kept
stg_pln_cnt_36m_light,0.0016415832400831817,kept
stg_pln_avg_prc_amt_24m_light,0.003444690057572734,kept
stg_pln_min_prc_amt_36m_on_light,0.0005555624205999831,kept
stg_pln_min_prc_amt_his_adv_light,0.0005397068528563936,kept
stg_pln_avg_prc_amt_his_adv_light,0.0009517775451439342,kept
stg_pln_min_prc_amt_his_on_light,0.0007439449051215792,kept
stg_pln_sum_prc_amt_his_due_light,0.0008871658304778274,kept
stg_pln_cnt_36m_due_light,0.0019338395425967183,kept
stg_pln_min_prc_amt_6m_ftr_light,0.00047037273430069223,kept
stg_pln_sum_rep_prc_24m_due_light,0.0026646635849567907,kept
d7_apl_ord_prc_amt_sum_all,0.013045942512358145,kept
d180_apl_ord_cnt_all,0.0066840419311598315,kept
d15_prc_amt_mor_3_000_suc_ord_cnt,0.010522788590949567,kept
d30_suc_ord_prc_amt_per_stg_min_all,0.007229522811259212,kept
d360_apl_ord_prc_amt_per_stg_max,0.010238730583081888,kept
d60_apl_ord_prc_amt_max,0.009287072648517627,kept
d60_prc_amt_mor_20_000_suc_ord_cnt,0.008304321007718699,kept
d30_apl_ord_prc_amt_max_all,0.016933489411788523,kept
d180_prc_amt_mor_20_000_apl_ord_cnt,0.010542093479643945,kept
d7_prc_amt_mor_3_000_apl_ord_cnt,0.0071477359958075784,kept
d60_prc_amt_mor_50_000_apl_ord_cnt,0.006612184339198497,kept
d360_prc_amt_mor_20_000_suc_ord_cnt,0.008879745154237364,kept
d60_bsy_typ_api_apl_ord_cnt_all,0.013583244692155133,kept
d360_bsy_typ_api_suc_ord_cnt_all,0.006306031096359785,kept
d30_prc_amt_mor_50_000_apl_ord_cnt,0.006612968985745813,kept
d90_apl_ord_stg_num_sum,0.005736241024383632,kept
d15_apl_ord_prc_amt_per_stg_sum,0.009031081779360628,kept
d30_d90_suc_ord_prc_amt_avg_rat_all,0.04606530492363299,kept
d180_apl_ord_prc_amt_avg,0.011522304797133957,kept
d15_apl_ord_prc_amt_max,0.009479783190023149,kept
d60_apl_ord_prc_amt_avg,0.00776306684442234,kept
d15_suc_ord_days_cnt,0.016722711805713254,kept
d30_apl_ord_days_cnt,0.010049964805495259,kept
d60_d360_apl_ord_prc_amt_avg_rat,0.008793923894816142,kept
d90_apl_ord_prc_amt_per_stg_max,0.008651987839736723,kept
d15_apl_ord_prc_amt_per_stg_min,0.006984869918121133,kept
d60_d90_suc_ord_prc_amt_avg_rat,0.029700234576260368,kept
d30_suc_ord_days_cnt_all,0.025406535520180094,kept
d180_apl_ord_days_cnt,0.008764003213740287,kept
d60_apl_ord_ddf_mdl_ord_crt_dte_max,0.008059277507428901,kept
d90_d180_suc_ord_prc_amt_avg_rat,0.0415801768997324,kept
d90_bsy_typ_api_suc_ord_cnt_all,0.020219909488181857,kept
d30_apl_ord_prc_amt_min,0.00730846946000999,kept
d7_apl_ord_days_cnt,0.008583512880236085,kept
d180_suc_ord_cnt_all,0.03030724269710349,kept
d15_prc_amt_mor_20_000_apl_ord_cnt,0.006657567228396067,kept
d180_apl_ord_prc_amt_per_stg_min,0.008662178253541646,kept
d180_prc_amt_mor_3_000_apl_ord_cnt,0.010863553835910299,kept
d90_bsy_typ_ep_suc_ord_cnt_all,0.008971681898411611,kept
d30_d360_apl_ord_prc_amt_avg_rat_all,0.011830591390577435,kept
d15_suc_ord_prc_amt_min_all,0.006626997270225328,kept
d30_bsy_typ_api_apl_ord_cnt_all,0.008950648095004787,kept
d90_apl_ord_prc_amt_avg,0.008153887964191439,kept
d7_prc_amt_mor_10_000_suc_ord_cnt,0.007323659940917654,kept
d180_d360_suc_ord_prc_amt_avg_rat,0.023234232796817474,kept
d15_prc_amt_mor_10_000_apl_ord_cnt,0.0070294886156487876,kept
d90_d360_suc_ord_prc_amt_avg_rat,0.04371600198996071,kept
d7_prc_amt_mor_3_000_suc_ord_cnt,0.008193941985604603,kept
d30_d360_suc_ord_cnt_rat,0.022589416919757438,kept
d360_apl_ord_bsy_typ_cnt_all,0.006212690233699945,kept
d180_d360_apl_ord_cnt_rat,0.008480442790638624,kept
d90_d360_apl_ord_prc_amt_avg_rat,0.007536082742626864,kept
d30_apl_ord_cnt_all,0.011924801847521652,kept
d180_apl_ord_bsy_typ_cnt_all,0.007367653158139449,kept
d30_prc_amt_mor_3_000_suc_ord_cnt,0.01324672806365415,kept
d90_suc_ord_prc_amt_sum_all,0.04733311227314593,kept
d30_prc_amt_mor_3_000_apl_ord_cnt,0.007139210930913815,kept
d360_suc_ord_stg_num_sum_all,0.009865217659461703,kept
d30_suc_ord_prc_amt_sum_all,0.025561017524441905,kept
d180_prc_amt_mor_3_000_suc_ord_cnt,0.015476719419059728,kept
d7_prc_amt_mor_20_000_suc_ord_cnt,0.007434801305786988,kept
d7_apl_ord_prc_amt_per_stg_avg_all,0.013045942512358145,kept
d180_prc_amt_mor_10_000_apl_ord_cnt,0.01320578765608476,kept
d7_apl_ord_prc_amt_min_all,0.006222163016656167,kept
d90_prc_amt_mor_50_000_suc_ord_cnt,0.0076714598283085704,kept
d180_apl_ord_days_cnt_all,0.007561712684462627,kept
d360_apl_ord_stg_num_min,0.008328836756492727,kept
d360_apl_ord_ddf_mdl_ord_crt_dte_max,0.009319600401240167,kept
d360_apl_ord_prc_amt_min,0.01019205713803137,kept
d30_prc_amt_mor_10_000_apl_ord_cnt,0.0073771236220380254,kept
d15_d360_apl_ord_cnt_rat,0.009564361609476293,kept
d15_apl_ord_prc_amt_per_stg_avg,0.009176912379239212,kept
d30_apl_ord_ddf_mdl_ord_crt_dte_max,0.010327334144478817,kept
d60_prc_amt_mor_5_000_suc_ord_cnt,0.012584604082649352,kept
d30_apl_ord_prc_amt_avg_all,0.014916068093935126,kept
d15_d30_apl_ord_prc_amt_avg_rat_all,0.011774133092806458,kept
d15_suc_ord_prc_amt_sum_all,0.01697746940149844,kept
d360_apl_ord_stg_num_sum_all,0.008344033970733683,kept
d180_apl_ord_ddf_mdl_ord_crt_dte_max,0.008727220097723828,kept
d90_apl_ord_ddf_mdl_ord_crt_dte_max,0.007736742936934849,kept
d15_d30_suc_ord_cnt_rat,0.022526490182592833,kept
d90_apl_ord_prc_amt_per_stg_sum,0.00830563081346921,kept
d60_d180_suc_ord_cnt_rat,0.033085603553671517,kept
d360_prc_amt_mor_50_000_apl_ord_cnt,0.00816751608119291,kept
d180_bsy_typ_api_apl_ord_cnt_all,0.009226234207456033,kept
d180_apl_ord_stg_num_avg,0.03082881777825956,kept
d7_d360_suc_ord_prc_amt_avg_rat_all,0.010711291933476499,kept
d90_suc_ord_stg_num_sum_all,0.04466652859192838,kept
d90_bsy_typ_bt_cash_suc_ord_cnt_all,0.041136800846893716,kept
d15_prc_amt_mor_3_000_apl_ord_cnt,0.0070580130815220245,kept
d7_suc_ord_dis_bsy_typ_cnt_all,0.010711291933476499,kept
d30_d60_apl_ord_cnt_rat,0.010886235641871668,kept
d180_bsy_typ_ep_suc_ord_cnt_all,0.006709296466638848,kept
d7_bsy_typ_api_apl_ord_cnt_all,0.03562499623038587,kept
d7_d360_apl_ord_cnt_rat_all,0.009975521748540196,kept
d60_apl_ord_stg_num_sum_all,0.006599592960097614,kept
d15_bsy_typ_bt_cash_apl_ord_cnt_all,0.009330362649025249,kept
d60_apl_ord_prc_amt_sum,0.008522291148957509,kept
d15_prc_amt_mor_50_000_apl_ord_cnt,0.006739288049791747,kept
d15_suc_ord_prc_amt_avg_all,0.017258715038221115,kept
d7_suc_ord_prc_amt_per_stg_max_all,0.010711291933476499,kept
d360_apl_ord_ddf_mdl_ord_crt_dte_min,0.012757818130700286,kept
d15_bsy_typ_api_apl_ord_cnt_all,0.0071046213967093895,kept
d360_apl_ord_stg_num_max,0.0076696796270296535,kept
d7_d15_apl_ord_prc_amt_avg_rat,0.006860028186765152,kept
d7_prc_amt_mor_50_000_apl_ord_cnt,0.006612230868327898,kept
d60_d360_suc_ord_cnt_rat_all,0.034725793565701275,kept
