feature,real_gain_mean,null_gain_percentile,null_percentile,null_importance_score,survives
d180_apl_ord_days_cnt,22526.579889297485,0.0,75.0,2.2526579889297484e+16,True
first_day_diff_event_result_1_all,15779.934251228968,0.0,75.0,1.5779934251228968e+16,True
d360_apl_ord_ddf_mdl_ord_crt_dte_min,10295.09784491857,0.0,75.0,1.029509784491857e+16,True
unpaid_principal_future_light_add_heavy,6899.360195159912,0.0,75.0,6899360195159912.0,True
d60_apl_ord_prc_amt_sum,1989.4979756673176,0.0,75.0,1989497975667317.8,True
d180_apl_ord_days_cnt_all,1737.3752663930256,0.0,75.0,1737375266393025.8,True
his_360_day_csh_apl_ord_cnt_his_rto,1481.836913426717,0.0,75.0,1481836913426717.0,True
d30_d60_apl_ord_cnt_rat,1233.5746561686199,0.0,75.0,1233574656168620.0,True
clk_cnt_14d,648.1267574628195,0.0,75.0,648126757462819.5,True
first_day_diff_event_result_0_event_type_loan_all,597.5496651331583,0.0,75.0,597549665133158.4,True
cnt_avg_ord_span_30d,447.86857803662616,0.0,75.0,447868578036626.2,True
pmt_crd_amt_3m,345.255225499471,0.0,75.0,345255225499471.0,True
d180_apl_ord_cnt_all,335.2281023661296,0.0,75.0,335228102366129.56,True
pge_id_cnt_90d,321.91084229946136,0.0,75.0,321910842299461.4,True
d30_apl_ord_days_cnt,298.35419750213623,0.0,75.0,298354197502136.25,True
ddf_mdl_max_dau_dt_90d,294.8151110808055,0.0,75.0,294815111080805.5,True
ord_apl_suc_sum_stg_num_180_day,255.60670153299967,0.0,75.0,255606701532999.66,True
min_rsk_lmt_rate_12m_bt_ch,244.707573334376,0.0,75.0,244707573334376.0,True
rsk_lmt_rate_ch_1m_grt_0p2_rate_6m,238.78396797180176,0.0,75.0,238783967971801.75,True
rsk_avl_lmt_ch_les_10000_cnt_12m,236.00162847836813,0.0,75.0,236001628478368.12,True
d365_aplord_suc_month_cnt,172.46113395690918,0.0,75.0,172461133956909.2,True
pmt_crd_amt_1m,171.68336534500122,0.0,75.0,171683365345001.22,True
d180_unpaid_principal_tot_amt_t_day_divide_rsk_avl_lmt_cash_his_t_day_max,168.54755147298178,0.0,75.0,168547551472981.78,True
d60_apl_ord_prc_amt_avg,153.99773025512695,0.0,75.0,153997730255126.97,True
3m_used_lmt_second_der_small_0_count,143.9380742708842,0.0,75.0,143938074270884.2,True
his_30d_app_str_ctn_v2,121.7232387860616,0.0,75.0,121723238786061.61,True
avg_avl_lmt_lft_rep_prc_3m_cash_1m,119.94787327448527,0.0,75.0,119947873274485.28,True
d360_apl_ord_stg_num_sum_all,112.40046628316243,0.0,75.0,112400466283162.44,True
pst_ord_apl_suc_max_prc_amt_180_day,100.18126805623372,0.0,75.0,100181268056233.72,True
rsi_abf_1y_inter_1m,92.59974082310994,0.0,75.0,92599740823109.94,True
d60_apl_ord_ddf_mdl_ord_crt_dte_max,89.88828579584758,0.0,75.0,89888285795847.58,True
6m_used_lmt_first_der_max,76.44810326894124,0.0,75.0,76448103268941.23,True
18m_used_lmt_second_der_mean_rto,76.3590436776479,0.0,75.0,76359043677647.9,True
d60_apl_ord_prc_amt_max,71.77366638183594,0.0,75.0,71773666381835.94,True
ord_apl_fal_cnt_360_day,69.6075922648112,0.0,75.0,69607592264811.2,True
d180_max_faqi_prc_amt_divide_rsk_adt_lmt_cash,68.10489384333293,0.0,75.0,68104893843332.93,True
stg_pln_sum_rep_prc_his_fst_ord,61.88018329938253,0.0,75.0,61880183299382.53,True
d90_repaid_interest_fee_stddev,60.909600257873535,0.0,75.0,60909600257873.54,True
d180_suc_ord_cnt_all,60.27069854736328,0.0,75.0,60270698547363.28,True
min_rsk_lmt_rate_3m_bt_ch,60.21237564086914,0.0,75.0,60212375640869.14,True
ord_apl_cnt_13_18,59.9665961265564,0.0,75.0,59966596126556.4,True
m6_pmt_not_eng_equal_1_stg_pln_d0_cnt_rat,59.273064931233726,0.0,75.0,59273064931233.73,True
d90_aplord_suc_month_cnt,59.12903277079264,0.0,75.0,59129032770792.64,True
36stg_pln_repay_amt_second_der_mean_diff,58.415507316589355,0.0,75.0,58415507316589.36,True
min_rsk_avl_lmt_3m_bt_ch,58.094333012898765,0.0,75.0,58094333012898.766,True
abf_1y_inter_1m_count_up,57.25391284624735,0.0,75.0,57253912846247.35,True
d360_due_repay_amt_sum_divide_d360_faqi_trade_amt_sum,45.87587292989095,0.0,75.0,45875872929890.95,True
his_7d_app_str_ctn_v2,45.50777022043864,0.0,75.0,45507770220438.64,True
d360_due_repay_amt_avg_divide_d360_faqi_trade_amt_avg,43.66836643218994,0.0,75.0,43668366432189.945,True
6m_repay_amt_first_der_max,42.12410036722819,0.0,75.0,42124100367228.19,True
3m_repay_ftr_amt_first_der_mean_rto,40.94040075937907,0.0,75.0,40940400759379.07,True
d15_apl_ord_prc_amt_per_stg_sum,39.48343372344971,0.0,75.0,39483433723449.71,True
d180_faqi_trade_amt_larger_than_rsk_avl_lmt_cash_his_t_day_count_sum,39.33949979146322,0.0,75.0,39339499791463.22,True
sum_avb_lmt_2m_v2,38.72546704610189,0.0,75.0,38725467046101.89,True
12m_repay_amt_first_der_median,38.08261013031006,0.0,75.0,38082610130310.06,True
rsk_avl_lmt_ch_1m_les_10000_rate_6m,38.040376822153725,0.0,75.0,38040376822153.73,True
stg_pln_avg_prc_amt_12m_ftr_his_rto_all,36.290743350982666,0.0,75.0,36290743350982.664,True
6m_used_lmt_second_der_sum,34.20510037740072,0.0,75.0,34205100377400.72,True
d360_max_due_prc_amt_divide_d360_max_faqi_prc_amt,34.15578309694926,0.0,75.0,34155783096949.258,True
12m_repay_amt_second_der_median,33.92480023701986,0.0,75.0,33924800237019.86,True
d180_apl_ord_ddf_mdl_ord_crt_dte_max,33.25501012802124,0.0,75.0,33255010128021.242,True
rsk_lmt_rate_ch_1m_grt_0p2_rate_36m,33.08490006128947,0.0,75.0,33084900061289.47,True
his_due_repay_amt_sum_divide_his_faqi_trade_amt_sum,31.605923175811768,0.0,75.0,31605923175811.77,True
rsk_avl_lmt_ch_1m_les_1000_cnt_24m,31.046379407246906,0.0,75.0,31046379407246.906,True
d90_suc_ord_prc_amt_sum_all,30.9289634625117,0.0,75.0,30928963462511.7,True
rsi_af_1y_inter_1m,30.886966705322266,0.0,75.0,30886966705322.266,True
ord_apl_suc_cnt_720_day_13_18,30.379549980163574,0.0,75.0,30379549980163.574,True
d30_apl_ord_prc_amt_avg_all,29.866466522216797,0.0,75.0,29866466522216.797,True
ord_apl_fal_cnt_his,29.629909833272297,0.0,75.0,29629909833272.297,True
stg_pln_sum_rep_prc_his_d0_mrn_zd_rto_v2,29.456693649291992,0.0,75.0,29456693649291.992,True
d720_faqi_trade_amt_larger_than_due_repay_amt_by_mon_count_sum,29.266899744669598,0.0,75.0,29266899744669.598,True
rsk_avl_lmt_ch_1m_les_1000_rate_6m,28.455000241597492,0.0,75.0,28455000241597.492,True
18ord_apply_amt_first_der_min,28.38246711095174,0.0,75.0,28382467110951.742,True
ai_call_cnt_21d,28.096500396728516,0.0,75.0,28096500396728.516,True
6stg_pln_repay_amt_second_der_sum,28.01347327729066,0.0,75.0,28013473277290.66,True
6m_used_lmt_second_der_min,27.947879473368328,0.0,75.0,27947879473368.33,True
stg_pln_sum_rep_prc_his_d0_mrn_pk_rto_v2,27.238909880320232,0.0,75.0,27238909880320.234,True
ddf_36m_rep_dte_0_crt_dt_rep_prc_amt_rto,26.7583966255188,0.0,75.0,26758396625518.8,True
ddf_mdl_max_con_dau_dt_30d,26.74059009552002,0.0,75.0,26740590095520.02,True
d7_d360_suc_ord_prc_amt_avg_rat_all,25.819167137145996,0.0,75.0,25819167137145.996,True
d365_aplord_fal_month_cnt,25.750199635823567,0.0,75.0,25750199635823.566,True
avg_avl_lmt_lft_rep_prc_all_cash_12m,25.01284344991048,0.0,75.0,25012843449910.48,True
d180_ontimrepay_thismon_sum_larger_than_rsk_avl_lmt_cash_count_sum,24.995399792989094,0.0,75.0,24995399792989.094,True
m6_manual_rep_apl_suc_cnt_in_manual_rep_rat,24.64323361714681,0.0,75.0,24643233617146.81,True
rsk_lmt_rate_ch_1m_grt_0p5_rate_6m,24.569599787394207,0.0,75.0,24569599787394.207,True
ddf_6m_rep_dte_neg_7_crt_dt_max_prc_amt,23.97446632385254,0.0,75.0,23974466323852.54,True
rsk_lmt_rate_ch_1m_grt_0p8_rate_3m,23.638233184814453,0.0,75.0,23638233184814.453,True
d720_max_due_prc_amt_divide_d720_max_faqi_prc_amt,23.62246322631836,0.0,75.0,23622463226318.36,True
3m_used_lmt_second_der_mean_diff,23.45002031326294,0.0,75.0,23450020313262.94,True
rsk_avl_lmt_ch_1m_les_5000_cnt_3m,23.095197121302288,0.0,75.0,23095197121302.29,True
d180_avl_lmt_shift1_rise_month_cnt,22.506673336029053,0.0,75.0,22506673336029.055,True
12stg_pln_repay_amt_first_der_mean_diff,22.05181646347046,0.0,75.0,22051816463470.46,True
m3_manual_rep_apl_suc_amt_sum,21.594199816385906,0.0,75.0,21594199816385.906,True
d365_aplord_fal_month_rto,21.255200386047363,0.0,75.0,21255200386047.363,True
3m_used_lmt_second_der_sum,21.138333320617676,0.0,75.0,21138333320617.676,True
ftr_pending_repay_gurantee_fee_sum_divide_ftr_principal_sum,20.942433675130207,0.0,75.0,20942433675130.207,True
6m_repay_ftr_amt_first_der_mean_rto,20.678267161051433,0.0,75.0,20678267161051.434,True
stg_pln_sum_prc_amt_3m_6m_rto_ftr,20.654296557108562,0.0,75.0,20654296557108.562,True
ddf_mdl_max_con_dau_dt_90d,20.519066492716473,0.0,75.0,20519066492716.473,True
d30_d90_suc_ord_prc_amt_avg_rat_all,20.480420112609863,0.0,75.0,20480420112609.863,True
m3_manual_rep_apl_suc_amt_avg,20.391132990519207,0.0,75.0,20391132990519.207,True
m6_manual_tim_13_18_rep_apl_suc_cnt_rat,20.068232854207356,0.0,75.0,20068232854207.355,True
min_rsk_avl_lmt_12m_bt_ch,20.027703364690144,0.0,75.0,20027703364690.145,True
18m_used_lmt_first_der_sum,19.97321303685506,0.0,75.0,19973213036855.062,True
d60_d360_apl_ord_prc_amt_avg_rat,19.855733235677082,0.0,75.0,19855733235677.082,True
d90_avg_due_pay_amt_sum_by_mon_divide_rsk_adt_lmt_cash,19.817476908365887,0.0,75.0,19817476908365.887,True
af_q2_q1_trend,19.803700129191082,0.0,75.0,19803700129191.082,True
stg_pln_min_prc_amt_6m_ftr,19.144343376159668,0.0,75.0,19144343376159.668,True
stg_pln_cnt_3m_6m_ftr_rto_all,18.847707112630207,0.0,75.0,18847707112630.207,True
bf_q2_q1_trend,18.668933550516766,0.0,75.0,18668933550516.766,True
rsk_avl_lmt_ch_les_1000_rate_12m,18.62721800307433,0.0,75.0,18627218003074.33,True
avg_avl_lmt_lft_rep_prc_all_cash_24m,18.587313493092854,0.0,75.0,18587313493092.855,True
m6_normal_batch_rep_apl_cnt_rat,18.43034338951111,0.0,75.0,18430343389511.11,True
cnt_avg_ord_span_30d_90d,18.202333450317383,0.0,75.0,18202333450317.383,True
m6_stg_pln_rep_apl_cnt_equal_1_manual_rep_apl_amt_sum,18.030733426411945,0.0,75.0,18030733426411.945,True
6m_repay_amt_second_der_mean_rto,17.973079999287922,0.0,75.0,17973079999287.92,True
his_trade_fail_count_mon_divide_his_trade_success_count_mon,17.822676181793213,0.0,75.0,17822676181793.215,True
12m_repay_amt_second_der_mean_diff,17.815683364868164,0.0,75.0,17815683364868.164,True
used_rate_ch_grt_0p95_cnt_6m,17.662232716878254,0.0,75.0,17662232716878.254,True
rsk_avl_lmt_ch_1m_les_500_rate_3m,17.61531352996826,0.0,75.0,17615313529968.26,True
24stg_pln_repay_amt_first_der_mean_diff,17.585850437482197,0.0,75.0,17585850437482.197,True
stg_pln_min_prc_amt_6m_ftr_his_rep_rto_cash,17.1538667678833,0.0,75.0,17153866767883.3,True
his_max_faqi_prc_amt_divide_max_due_pay_amt_sum_mon,16.84337027867635,0.0,75.0,16843370278676.35,True
12m_repay_ftr_amt_second_der_max,16.643300374348957,0.0,75.0,16643300374348.957,True
credit_unique_fund_cnt_36m,16.39194663365682,0.0,75.0,16391946633656.818,True
12stg_pln_repay_amt_second_der_median,16.275946656862896,0.0,75.0,16275946656862.896,True
ddf_12m_rep_dte_7_crt_dt_rep_prc_amt_rto,16.158933639526367,0.0,75.0,16158933639526.367,True
cnt_other_info_auto_deduct_uid_recent_days_540,15.892143090566,0.0,75.0,15892143090566.0,True
m3_manual_rep_apl_cnt_rat,15.821566899617514,0.0,75.0,15821566899617.514,True
18m_repay_amt_first_der_avg,15.82102664311727,0.0,75.0,15821026643117.27,True
stg_pln_pay_off_cnt_d0_rep_6m_rto,15.724310080210367,0.0,75.0,15724310080210.367,True
avg_day_diff_shift1_event_type_repay_all,15.703406810760498,0.0,75.0,15703406810760.498,True
min_ddf_rep_tim_dte_adv,15.456766764322916,0.0,75.0,15456766764322.916,True
max_avl_lmt_lft_rep_prc_all_cash_12m,15.264646689097086,0.0,75.0,15264646689097.086,True
12stg_pln_repay_amt_first_der_sum,15.047006766001383,0.0,75.0,15047006766001.383,True
d365_aplord_amt_grt_fst_month_rto,14.763423124949137,0.0,75.0,14763423124949.137,True
m1_normal_batch_rep_apl_suc_amt_avg,14.394233385721842,0.0,75.0,14394233385721.842,True
3stg_pln_repay_amt_first_der_mean_diff,14.35985024770101,0.0,75.0,14359850247701.01,True
used_rate_ch_grt_0p5_rate_3m,14.31879965464274,0.0,75.0,14318799654642.74,True
d1080_trade_fail_amt_sum_mon_divide_his_trade_success_amt_sum_mon,14.28195317586263,0.0,75.0,14281953175862.63,True
d180_max_due_prc_amt_divide_d180_max_faqi_prc_amt,13.898566881815592,0.0,75.0,13898566881815.592,True
d720_max_faqi_prc_amt_divide_rsk_adt_lmt_cash,13.730166753133139,0.0,75.0,13730166753133.139,True
12m_used_lmt_first_der_mean_diff,13.527000109354654,0.0,75.0,13527000109354.654,True
ord_apl_cnt_07_12,13.370280106862387,0.0,75.0,13370280106862.387,True
credit_unique_scene_cnt_12m,13.353996753692627,0.0,75.0,13353996753692.627,True
light_his_max_faqi_prc_amt_divide_heavy_his_max_faqi_prc_amt,13.282699584960938,0.0,75.0,13282699584960.938,True
12m_repay_amt_first_der_stddev,13.271886507670084,0.0,75.0,13271886507670.084,True
d1080_due_repay_amt_sum_divide_d1080_faqi_trade_amt_sum,13.237989823023478,0.0,75.0,13237989823023.479,True
d180_due_repay_amt_sum_divide_d180_faqi_trade_amt_sum,13.094299952189127,0.0,75.0,13094299952189.127,True
max_amt_other_info_manual_repay,12.955996672312418,0.0,75.0,12955996672312.418,True
used_rate_ch_grt_0p5_rate_3m_suc,12.925409634908041,0.0,75.0,12925409634908.041,True
rsk_avl_lmt_ch_les_5000_cnt_1m,12.87399991353353,0.0,75.0,12873999913533.53,True
d180_due_repay_amt_avg_divide_d180_faqi_trade_amt_avg,12.847600301106771,0.0,75.0,12847600301106.771,True
stg_pln_avg_prc_amt_6m_12m_ftr_rto_all,12.83723004659017,0.0,75.0,12837230046590.17,True
m6_manual_tim_6_12_rep_apl_cnt_rat,12.77983315785726,0.0,75.0,12779833157857.26,True
d360_apl_ord_prc_amt_min,12.77240022023519,0.0,75.0,12772400220235.19,True
d15_suc_ord_prc_amt_avg_all,12.405853271484375,0.0,75.0,12405853271484.375,True
min_ddf_lag_crt_tim_mnt,12.299716472625732,0.0,75.0,12299716472625.732,True
d90_apl_ord_prc_amt_avg,12.086366653442383,0.0,75.0,12086366653442.383,True
af_1y_inter_3m_sum_up,11.907866795857748,0.0,75.0,11907866795857.748,True
d180_apl_ord_prc_amt_avg,11.82206662495931,0.0,75.0,11822066624959.31,True
6stg_pln_repay_amt_second_der_median,11.717489878336588,0.0,75.0,11717489878336.588,True
stg_pln_max_prc_amt_6m_12m_ftr_cash,11.653733253479004,0.0,75.0,11653733253479.004,True
last_day_diff_event_result_0_event_type_loan_all,11.47229035695394,0.0,75.0,11472290356953.94,True
12m_used_lmt_second_der_small_0_sum,11.420703252156576,0.0,75.0,11420703252156.576,True
d30_apl_ord_cnt_all,11.337956746419271,0.0,75.0,11337956746419.271,True
6m_used_lmt_first_der_mean_diff,11.088823000590006,0.0,75.0,11088823000590.006,True
m6_normal_batch_rep_apl_fal_cnt_rat,10.837900161743164,0.0,75.0,10837900161743.164,True
18m_repay_amt_first_der_median,10.772799968719482,0.0,75.0,10772799968719.482,True
36stg_pln_repay_amt_first_der_great_0_count,10.755066553751627,0.0,75.0,10755066553751.627,True
max_con_dau_7d,10.71673329671224,0.0,75.0,10716733296712.24,True
3m_used_lmt_first_der_median,10.667546590169271,0.0,75.0,10667546590169.271,True
3stg_pln_repay_amt_first_der_mean_rto,10.593233426411947,0.0,75.0,10593233426411.947,True
his_30_day_csh_apl_ord_cnt_his_rto,10.388933499654135,0.0,75.0,10388933499654.135,True
his_trade_fail_amt_sum_mon_divide_his_trade_success_amt_sum_mon,10.361200014750162,0.0,75.0,10361200014750.162,True
stg_pln_avg_prc_amt_2m_ftr_his_rto_all,10.313343365987143,0.0,75.0,10313343365987.143,True
d720_repaid_interest_fee_sum,10.283106803894043,0.0,75.0,10283106803894.043,True
3m_repay_amt_first_der_sum,10.243376890818277,0.0,75.0,10243376890818.277,True
stddev_day_diff_shift1_event_type_repay_all,10.19586674372355,0.0,75.0,10195866743723.55,True
d180_apl_ord_prc_amt_per_stg_min,10.182200113932291,0.0,75.0,10182200113932.291,True
min_amt_event_type_credit_event_result_1,10.163913249969482,0.0,75.0,10163913249969.482,True
f54__percent_true_call_mode_is_ai_called_phone_social_relations_is_self_180d,10.14329973856608,0.0,75.0,10143299738566.08,True
d60_apl_ord_stg_num_sum_all,10.065306901931763,0.0,75.0,10065306901931.764,True
m6_manual_rep_apl_suc_amt_avg,9.876166661580404,0.0,75.0,9876166661580.404,True
rsk_lmt_rate_ch_1m_grt_0p2_cnt_24m,9.843536376953125,0.0,75.0,9843536376953.125,True
succloan_stage_num_mean_all,9.834566752115885,0.0,75.0,9834566752115.885,True
m6_stg_pln_d0_normal_batch_rep_apl_suc_cnt_rat,9.788556575775146,0.0,75.0,9788556575775.146,True
his_3d_app_str_ctn_v2,9.779600143432617,0.0,75.0,9779600143432.617,True
m3_stg_pln_rep_apl_fal_cnt_max,9.74576989809672,0.0,75.0,9745769898096.72,True
pmt_crd_amt_pmonth_his,9.73033332824707,0.0,75.0,9730333328247.07,True
m1_manual_rep_apl_suc_cnt_rat,9.727666536966959,0.0,75.0,9727666536966.959,True
rsi_bf_1y_inter_1m,9.664766629536947,0.0,75.0,9664766629536.947,True
ord_apl_sum_prc_amt_360_day_19_23,9.623129844665527,0.0,75.0,9623129844665.527,True
m6_pmt_not_eng_equal_2_stg_pln_d0_amt_sum_rat,9.593299865722656,0.0,75.0,9593299865722.656,True
d360_apl_ord_ddf_mdl_ord_crt_dte_max,9.546396573384603,0.0,75.0,9546396573384.604,True
d90_apl_ord_stg_num_sum,9.531166394551596,0.0,75.0,9531166394551.596,True
stg_pln_sum_prc_amt_2m_ftr_his_rep_rto_all,9.485010147094727,0.0,75.0,9485010147094.727,True
3m_repay_amt_second_der_mean_diff,9.419866561889648,0.0,75.0,9419866561889.648,True
3m_used_lmt_first_der_mean_rto,9.396626790364584,0.0,75.0,9396626790364.584,True
m3_stg_pln_normal_batch_rep_apl_cnt_avg,9.275333086649576,0.0,75.0,9275333086649.576,True
12m_used_lmt_first_der_avg,9.22196356455485,0.0,75.0,9221963564554.85,True
credit_reject_cnt_12m,8.937856833140055,0.0,75.0,8937856833140.055,True
lst_app_str_hr,8.862923304239908,0.0,75.0,8862923304239.908,True
max_avl_lmt_lft_rep_prc_1m_cash_3m,8.729066530863443,0.0,75.0,8729066530863.443,True
rsk_avl_lmt_ch_les_10000_cnt_3m,8.651599884033203,0.0,75.0,8651599884033.203,True
stg_pln_min_prc_amt_3m_6m_ftr_rto_cash,8.642133076985678,0.0,75.0,8642133076985.678,True
3m_repay_ftr_amt_second_der_mean_diff,8.61249808470408,0.0,75.0,8612498084704.081,True
ord_apl_min_prc_amt_his,8.540414276222387,0.0,75.0,8540414276222.388,True
d360_faqi_trade_amt_larger_than_unpaid_principal_tot_amt_t_day_count_sum,8.513299942016602,0.0,75.0,8513299942016.602,True
18stg_pln_repay_amt_first_der_stddev,8.41797685623169,0.0,75.0,8417976856231.689,True
rsk_lmt_rate_ch_1m_grt_0p9_rate_12m,8.41736650466919,0.0,75.0,8417366504669.189,True
d360_unpaid_principal_tot_amt_t_day_divide_rsk_adt_lmt_cash_his_t_day_max,8.333316802978516,0.0,75.0,8333316802978.516,True
m3_manual_deduct_rep_apl_cnt_rat,8.30323346455892,0.0,75.0,8303233464558.92,True
12m_repay_amt_second_der_avg,8.140803019205729,0.0,75.0,8140803019205.729,True
m6_rep_apl_suc_amt_min,8.117300033569336,0.0,75.0,8117300033569.336,True
min_ddf_mdl_rep_dte_ftr,8.074663480122885,0.0,75.0,8074663480122.885,True
m3_rep_apl_fal_stg_pln_cnt_avg,8.051976839701334,0.0,75.0,8051976839701.334,True
12m_used_lmt_first_der_great_0_sum,8.027796745300293,0.0,75.0,8027796745300.293,True
day_diff_shift1_n_unique_all,7.863496462504069,0.0,75.0,7863496462504.069,True
12m_repay_amt_second_der_mean_rto,7.846950054168701,0.0,75.0,7846950054168.701,True
18stg_pln_repay_amt_second_der_mean_diff,7.768683433532715,0.0,75.0,7768683433532.715,True
m6_payment_not_eng_mdl_crt_ddf_min,7.747343222300212,0.0,75.0,7747343222300.212,True
m6_payment_not_eng_mdl_crt_ddf_avg,7.694689909617106,0.0,75.0,7694689909617.106,True
stg_pln_sum_rep_prc_12m_his_d0_mrn_zd_v2,7.677666664123535,0.0,75.0,7677666664123.535,True
sum_day_diff_shift1_event_type_loan_all,7.6717298825581866,0.0,75.0,7671729882558.187,True
d30_d180_his_rep_amt_sum_rat_all,7.646736780802409,0.0,75.0,7646736780802.409,True
3m_used_lmt_first_der_sum,7.52743657430013,0.0,75.0,7527436574300.13,True
cnt_event_type_loan_type_heavy_all,7.4736833572387695,0.0,75.0,7473683357238.77,True
3m_repay_amt_first_der_min,7.467503309249878,0.0,75.0,7467503309249.878,True
his_max_faqi_prc_amt_divide_unpaid_principal_tot,7.439043362935384,0.0,75.0,7439043362935.384,True
12m_used_lmt_second_der_sum,7.343233426411946,0.0,75.0,7343233426411.946,True
3m_repay_amt_second_der_mean_rto,7.257736523946126,0.0,75.0,7257736523946.126,True
24stg_pln_repay_amt_second_der_mean_rto,7.250700314839681,0.0,75.0,7250700314839.681,True
12stg_pln_repay_amt_first_der_mean_rto,7.179243405659993,0.0,75.0,7179243405659.993,True
rsk_lmt_rate_ch_1m_grt_0p5_cnt_24m,7.144643346468608,0.0,75.0,7144643346468.608,True
af_1m_trend,7.097983360290527,0.0,75.0,7097983360290.527,True
bf_1y_inter_3m_sum_down,7.093573252360026,0.0,75.0,7093573252360.026,True
d30_d60_his_rep_amt_sum_rat_btch,7.083589871724446,0.0,75.0,7083589871724.446,True
3m_repay_amt_first_der_mean_rto,7.064206441243489,0.0,75.0,7064206441243.489,True
stg_pln_avg_prc_amt_adv_3d,7.056896686553955,0.0,75.0,7056896686553.955,True
3m_used_lmt_first_der_small_0_sum,6.981196363766988,0.0,75.0,6981196363766.988,True
stg_pln_sum_prc_amt_6m_12m_ftr_cash,6.9316666920979815,0.0,75.0,6931666692097.981,True
3stg_pln_repay_amt_first_der_stddev,6.924499988555908,0.0,75.0,6924499988555.908,True
d90_apl_ord_prc_amt_per_stg_sum,6.832000096638997,0.0,75.0,6832000096638.997,True
m1_stg_pln_normal_batch_rep_apl_cnt_equal_2_cnt_rat,6.806266784667969,0.0,75.0,6806266784667.969,True
ord_apl_suc_sum_prc_amt_19_23,6.803080161412557,0.0,75.0,6803080161412.557,True
min_avl_lmt_lft_rep_prc_2m_cash_3m,6.775566736857097,0.0,75.0,6775566736857.097,True
bf_q4_q3_trend,6.723233222961426,0.0,75.0,6723233222961.426,True
d720_due_repay_amt_sum_divide_d720_faqi_trade_amt_sum,6.70823351542155,0.0,75.0,6708233515421.55,True
d30_suc_ord_prc_amt_sum_all,6.602766672770183,0.0,75.0,6602766672770.183,True
18m_repay_amt_second_der_sum,6.567310015360515,0.0,75.0,6567310015360.515,True
ddf_24m_rep_dte_neg_7_crt_dt_rep_prc_amt,6.5659332275390625,0.0,75.0,6565933227539.0625,True
3m_used_lmt_first_der_mean_diff,6.515846570332845,0.0,75.0,6515846570332.845,True
stg_pln_sum_rep_prc_his_ovd_0d_pls_3d_zd_v2,6.489746729532878,0.0,75.0,6489746729532.878,True
3m_repay_amt_second_der_min,6.4290666580200195,0.0,75.0,6429066658020.02,True
stg_pln_sum_rep_prc_his_d0_mrn_pk,6.401459852854411,0.0,75.0,6401459852854.411,True
d360_max_faqi_prc_amt_divide_rsk_avl_lmt_cash,6.2960999806722,0.0,75.0,6296099980672.2,True
6m_repay_amt_second_der_median,6.245933294296265,0.0,75.0,6245933294296.265,True
d15_d30_apl_ord_prc_amt_avg_rat_all,6.238023281097412,0.0,75.0,6238023281097.412,True
d90_aplord_suc_month_rto,6.065633138020833,0.0,75.0,6065633138020.833,True
rsk_avl_lmt_ch_1m_les_10000_rate_bjq_12m,6.064553260803223,0.0,75.0,6064553260803.223,True
stg_pln_avg_prc_amt_6m_light,6.016259829203288,0.0,75.0,6016259829203.288,True
d90_apl_ord_ddf_mdl_ord_crt_dte_max,5.911033630371094,0.0,75.0,5911033630371.094,True
max_amt_event_type_repay_recent_60,5.899566650390625,0.0,75.0,5899566650390.625,True
stg_pln_sum_rep_prc_his_d0_mrn_zd_v2,5.770089944203694,0.0,75.0,5770089944203.694,True
12m_repay_ftr_amt_second_der_sum,5.75713316599528,0.0,75.0,5757133165995.28,True
stg_pln_pay_off_sum_prc_amt_1m_3m_rto,5.7329667409261065,0.0,75.0,5732966740926.106,True
min_avl_lmt_lft_rep_prc_2m_cash_36m,5.7067000071207685,0.0,75.0,5706700007120.769,True
d360_repaid_interest_fee_max,5.64400331179301,0.0,75.0,5644003311793.01,True
m3_stg_pln_bnk_cnt_avg,5.590933481852214,0.0,75.0,5590933481852.214,True
m3_pmt_not_eng_cnt_pday_mor_0_day_cnt,5.5524336496988935,0.0,75.0,5552433649698.894,True
lag_his_rep_amt_sum_per_mth_all_rat_max,5.550439834594727,0.0,75.0,5550439834594.727,True
3m_repay_ftr_amt_first_der_stddev,5.48672342300415,0.0,75.0,5486723423004.15,True
24stg_pln_repay_amt_first_der_mean_rto,5.437506516774495,0.0,75.0,5437506516774.495,True
pmt_not_eng_stg_pln_cnt_3m_6m_rat,5.437053362528483,0.0,75.0,5437053362528.483,True
m6_stg_pln_rep_apl_cnt_d0_max,5.395566940307617,0.0,75.0,5395566940307.617,True
ai_call_cnt_60d,5.372633616129558,0.0,75.0,5372633616129.558,True
max_ddf_rep_dte_ord_crt_tim_3,5.3369065920511884,0.0,75.0,5336906592051.188,True
d180_apl_ord_stg_num_avg,5.273299853006999,0.0,75.0,5273299853006.999,True
stg_pln_cnt_adv_rct,5.254363417625427,0.0,75.0,5254363417625.428,True
d720_unpaid_principal_tot_amt_t_day_divide_rsk_adt_lmt_cash_his_t_day_max,5.250500043233235,0.0,75.0,5250500043233.235,True
m6_payment_not_eng_mdl_crt_ddf_max,5.250500043233235,0.0,75.0,5250500043233.235,True
12m_repay_ftr_amt_second_der_min,5.2481333414713545,0.0,75.0,5248133341471.3545,True
credit_loan_avg_days_36m,5.2444000244140625,0.0,75.0,5244400024414.0625,True
m1_stg_pln_bnk_cnt_max,5.196566581726074,0.0,75.0,5196566581726.074,True
max_avl_lmt_lft_rep_prc_1m_cash_36m,5.1785052716732025,0.0,75.0,5178505271673.202,True
percent_true_followup_code_wfjt_called_phone_social_relations_family_180d,5.154533386230469,0.0,75.0,5154533386230.469,True
percent_true_followup_code_other_call_mode_manual_180d,5.100533485412598,0.0,75.0,5100533485412.598,True
ord_apl_avg_prc_amt_720_day_per_mth,5.073219935099284,0.0,75.0,5073219935099.284,True
ord_apl_suc_sum_prc_amt_720_day_19_23,5.049973249435425,0.0,75.0,5049973249435.425,True
18m_repay_ftr_amt_first_der_mean_diff,5.049766540527344,0.0,75.0,5049766540527.344,True
3stg_pln_repay_amt_second_der_mean_rto,5.0449732939402265,0.0,75.0,5044973293940.227,True
d720_trade_fail_count_mon_divide_his_trade_success_count_mon,5.0375668207804365,0.0,75.0,5037566820780.437,True
std_amt_channel_hb,5.003411710262299,0.0,75.0,5003411710262.299,True
ord_apl_sum_prc_amt_07_12,5.000829855600993,0.0,75.0,5000829855600.993,True
m6_stg_pln_d0_normal_batch_rep_apl_cnt_equal_2_cnt_rat,4.989333470662435,0.0,75.0,4989333470662.435,True
d720_max_ovd_repay_amt_divide_d720_max_fail_prc_amt,4.988033294677734,0.0,75.0,4988033294677.734,True
3stg_pln_repay_amt_first_der_sum,4.948063294092814,0.0,75.0,4948063294092.814,True
pmt_hnd_amt_rat_1m,4.942566553751628,0.0,75.0,4942566553751.628,True
sum_talk_duration_180d,4.941733360290527,0.0,75.0,4941733360290.527,True
d90_apl_ord_prc_amt_per_stg_max,4.933333396911621,0.0,75.0,4933333396911.621,True
ord_apl_suc_sum_prc_amt_360_day_13_18_bjq_12m,4.9310000737508135,0.0,75.0,4931000073750.813,True
max_rsk_lmt_rate_1m_all,4.873966534932454,0.0,75.0,4873966534932.454,True
pst_ord_apl_suc_sum_prc_amt_90_180_day_rto,4.872966766357422,0.0,75.0,4872966766357.422,True
d90_max_due_prc_amt_divide_d90_max_faqi_prc_amt,4.817786693572998,0.0,75.0,4817786693572.998,True
stg_pln_max_prc_amt_adv_rct_6m,4.780733426411946,0.0,75.0,4780733426411.946,True
stg_pln_cnt_7d_ftr_his_rto_all,4.772466659545898,0.0,75.0,4772466659545.898,True
m1_mrn_rep_apl_cnt,4.697866757710774,0.0,75.0,4697866757710.774,True
d730_aplord_stg_grt_fst_month_rto,4.686166763305664,0.0,75.0,4686166763305.664,True
d15_apl_ord_prc_amt_max,4.668800036112468,0.0,75.0,4668800036112.468,True
lag_his_rep_amt_sum_per_mth_btch_rat_max,4.659063339233398,0.0,75.0,4659063339233.398,True
6m_repay_amt_first_der_mean_rto,4.637666702270508,0.0,75.0,4637666702270.508,True
3m_repay_amt_second_der_median,4.602233250935872,0.0,75.0,4602233250935.872,True
d30_apl_ord_ddf_mdl_ord_crt_dte_max,4.523633321126302,0.0,75.0,4523633321126.302,True
6m_repay_amt_second_der_sum,4.512516498565674,0.0,75.0,4512516498565.674,True
stg_pln_min_prc_amt_1m_ftr_his_rto_cash,4.45086669921875,0.0,75.0,4450866699218.75,True
credit_unique_scene_cnt_6m,4.4334001541137695,0.0,75.0,4433400154113.77,True
d360_schedule_pay_penalty_max,4.395799954732259,0.0,75.0,4395799954732.259,True
m1_normal_batch_rep_apl_suc_amt_max,4.3896933396657305,0.0,75.0,4389693339665.7305,True
m3_manual_deduct_rep_apl_stg_pln_cnt_avg,4.348433176676433,0.0,75.0,4348433176676.4326,True
stg_pln_min_prc_amt_ftr,4.277700106302897,0.0,75.0,4277700106302.8975,True
dvc_cnt_cjj_7,4.262566566467285,0.0,75.0,4262566566467.285,True
d360_adv_repay_fee_sum_divide_d360_principal_sum,4.25380007425944,0.0,75.0,4253800074259.4404,True
m3_stg_pln_manual_rep_apl_fal_cnt_avg,4.239699999491374,0.0,75.0,4239699999491.374,True
payment_day_6m,4.2204999923706055,0.0,75.0,4220499992370.6055,True
light_his_sum_ontim_repay_amt_divide_heavy_his_sum_ontim_repay_amt,4.190999984741211,0.0,75.0,4190999984741.211,True
credit_unique_fund_cnt_3m,4.176100095113118,0.0,75.0,4176100095113.118,True
18ord_apply_amt_first_der_max,4.134799957275391,0.0,75.0,4134799957275.3906,True
d1095_avl_lmt_eql_0_month_cnt,4.123083273569743,0.0,75.0,4123083273569.743,True
12m_repay_amt_second_der_sum,4.110199928283691,0.0,75.0,4110199928283.6914,True
light_d720_max_ontim_repay_amt_divide_heavy_d720_max_ontim_repay_amt,4.0979665120442705,0.0,75.0,4097966512044.2705,True
6m_used_lmt_first_der_sum,4.08293342590332,0.0,75.0,4082933425903.3203,True
min_amt_event_type_repay_recent_180,4.053999900817871,0.0,75.0,4053999900817.871,True
last_event_type_day_diff_shift1_event_type_repay_all,4.052466710408528,0.0,75.0,4052466710408.5283,True
ord_apl_sum_prc_amt_360_day_bjq_12m,4.0435333251953125,0.0,75.0,4043533325195.3125,True
18m_repay_ftr_amt_second_der_mean_diff,4.0375668207804365,0.0,75.0,4037566820780.4365,True
stg_pln_sum_rep_prc_his_d0_afn_pk,4.025830030441284,0.0,75.0,4025830030441.284,True
d720_advrepay_suc_trade_in_same_month_count_sum,4.014966646830241,0.0,75.0,4014966646830.241,True
m1_rep_apl_suc_stg_pln_cnt_max,4.011833190917969,0.0,75.0,4011833190917.9688,True
d90_repaid_tot_fee_stddev,3.9991668065389,0.0,75.0,3999166806538.9,True
max_ddf_mdl_rep_dte_his_bjq,3.997013250986735,0.0,75.0,3997013250986.735,True
m6_rep_apl_suc_stg_pln_cnt_avg,3.946400006612142,0.0,75.0,3946400006612.142,True
m6_stg_pln_manual_rep_apl_cnt_avg,3.9357000986735025,0.0,75.0,3935700098673.5024,True
d90_repaid_exclude_principal_fee_stddev,3.931853453318278,0.0,75.0,3931853453318.278,True
d360_repaid_exclude_principal_fee_max,3.890706698099772,0.0,75.0,3890706698099.772,True
avg_ddf_rep_dte_ord_crt_tim_3,3.8884267807006836,0.0,75.0,3888426780700.6836,True
m3_stg_pln_pmt_not_eng_amt_max,3.884333292643229,0.0,75.0,3884333292643.229,True
m6_pmt_not_eng_amt_pday_min,3.883866628011068,0.0,75.0,3883866628011.068,True
ftr_pending_repay_interest_fee_sum,3.8751999537150064,0.0,75.0,3875199953715.0063,True
m6_pmt_not_eng_mor_3_stg_pln_cnt_rat,3.832500139872233,0.0,75.0,3832500139872.233,True
12ord_apply_amt_first_der_stddev,3.8107999165852866,0.0,75.0,3810799916585.2866,True
12m_repay_ftr_amt_first_der_min,3.8053000768025718,0.0,75.0,3805300076802.572,True
18m_repay_amt_second_der_mean_rto,3.7522331873575845,0.0,75.0,3752233187357.5845,True
d180_repaid_gurantee_fee_sum_divide_d180_principal_sum,3.752166748046875,0.0,75.0,3752166748046.875,True
stg_pln_pay_off_sum_prc_amt_14d_1m_rto,3.723133405049642,0.0,75.0,3723133405049.642,True
rsk_lmt_rate_ch_1m_grt_0p95_rate_3m,3.71286678314209,0.0,75.0,3712866783142.09,True
m3_normal_batch_rep_apl_suc_cnt_rat,3.712733268737793,0.0,75.0,3712733268737.793,True
12m_repay_amt_first_der_mean_rto,3.6265665690104165,0.0,75.0,3626566569010.4165,True
stg_pln_sum_prc_amt_his_fst_ord_bjq_12m,3.6017332077026367,0.0,75.0,3601733207702.6367,True
18stg_pln_repay_amt_second_der_mean_rto,3.6010332107543945,0.0,75.0,3601033210754.3945,True
d360_light_limit_divide_btch_adt_limit,3.5743331909179688,0.0,75.0,3574333190917.9688,True
24stg_pln_repay_amt_second_der_avg,3.5677334467569985,0.0,75.0,3567733446756.9985,True
3m_repay_ftr_amt_first_der_mean_diff,3.487600008646647,0.0,75.0,3487600008646.647,True
stg_pln_sum_prc_amt_12m_ftr_his_rep_rto_cash,3.4823501110076904,0.0,75.0,3482350111007.6904,True
m3_manual_rep_apl_suc_stg_pln_cnt_avg,3.4708334604899087,0.0,75.0,3470833460489.9087,True
d90_repaid_interest_fee_sum,3.4049291213353476,0.0,75.0,3404929121335.3477,True
heavy_his_sum_fail_prc_amt_divide_light_his_sum_ontim_repay_amt,3.3779331843058267,0.0,75.0,3377933184305.8267,True
m1_normal_batch_rep_apl_fal_cnt_rat,3.3443333307902017,0.0,75.0,3344333330790.2017,True
d1080_max_adv_repay_amt_divide_d1080_max_faqi_prc_amt,3.3394532203674316,0.0,75.0,3339453220367.4316,True
n_unique_event_type_day_diff_shift1_event_type_loan,3.2782465616861978,0.0,75.0,3278246561686.1978,True
ddf_fst_lst_ord_crt_dte,3.2189931869506836,0.0,75.0,3218993186950.6836,True
6m_used_lmt_second_der_mean_diff,3.199273427327474,0.0,75.0,3199273427327.474,True
m3_normal_batch_rep_apl_suc_amt_sum,3.1742800076802573,0.0,75.0,3174280007680.2573,True
stg_pln_avg_prc_amt_6m_per_mth_light,3.1510899861653647,0.0,75.0,3151089986165.3647,True
6stg_pln_repay_amt_first_der_mean_diff,3.1372434298197427,0.0,75.0,3137243429819.7427,True
his_heavy_ontime_repay_light_ontime_repay_same_month_count,3.1230599085489907,0.0,75.0,3123059908548.9907,True
d1080_due_repay_amt_larger_than_rsk_avl_lmt_cash_his_t_day_count_sum,3.098356564839681,0.0,75.0,3098356564839.681,True
d90_aplord_fal_month_cnt,3.095026652018229,0.0,75.0,3095026652018.229,True
median_amt_event_result_1_all,3.058850049972534,0.0,75.0,3058850049972.534,True
6m_repay_amt_second_der_mean_diff,3.037616729736328,0.0,75.0,3037616729736.328,True
stg_pln_sum_rep_prc_his_ovd_0d_pls_3d_zd_rto_v2,3.0216232935587564,0.0,75.0,3021623293558.7563,True
stg_pln_sum_rep_prc_his_d0_non_zd_v2,3.0177265803019204,0.0,75.0,3017726580301.9204,True
m6_stg_pln_rep_apl_fal_cnt_mor_1_rep_apl_amt_min,3.013113339742025,0.0,75.0,3013113339742.025,True
36stg_pln_repay_amt_second_der_mean_rto,3.0100467999776206,0.0,75.0,3010046799977.6206,True
d1095_aplord_fal_month_cnt,3.006373405456543,0.0,75.0,3006373405456.543,True
6m_used_lmt_first_der_min,2.9253034591674805,0.0,75.0,2925303459167.4805,True
stg_pln_sum_prc_amt_1m_3m_ftr_rto_all,2.851553281148275,0.0,75.0,2851553281148.275,True
6m_repay_amt_first_der_great_0_count,2.8227767944335938,0.0,75.0,2822776794433.5938,True
cnt_event_type_limit_type_heavy_all,2.795099894205729,0.0,75.0,2795099894205.729,True
stg_pln_max_prc_amt_adv_rep_his,2.7846368153889975,0.0,75.0,2784636815388.9976,True
ord_apl_suc_cnt_360_day_07_12,2.766916592915853,0.0,75.0,2766916592915.853,True
avg_ddf_rep_dte_ord_crt_tim_neg_7,2.680199940999349,0.0,75.0,2680199940999.349,True
stg_pln_avg_prc_amt_adv_rep_12m,2.6678667068481445,0.0,75.0,2667866706848.1445,True
m1_rep_apl_suc_cnt,2.666473388671875,0.0,75.0,2666473388671.875,True
ddf_24m_rep_dte_neg_7_crt_dt_ord_cnt,2.65718666712443,0.0,75.0,2657186667124.43,True
12m_used_lmt_first_der_small_0_sum,2.6178433100382485,0.0,75.0,2617843310038.2485,True
stg_pln_max_prc_amt_adv_rct_12m,2.5832433700561523,0.0,75.0,2583243370056.1523,True
stg_pln_sum_prc_amt_adv_fst_ord_bjq_12m,2.5521167119344077,0.0,75.0,2552116711934.4077,True
his_max_ovd_repay_amt_divide_his_max_suc_prc_amt,2.5159900188446045,0.0,75.0,2515990018844.6045,True
stg_pln_sum_prc_amt_adv_rep_his,2.453026612599691,0.0,75.0,2453026612599.691,True
ddf_ato_fst_ord_crt_dte,2.3625100453694663,0.0,75.0,2362510045369.4663,True
12m_repay_ftr_amt_second_der_mean_rto,2.3408166567484536,0.0,75.0,2340816656748.4536,True
3stg_pln_repay_amt_first_der_median,2.316343307495117,0.0,75.0,2316343307495.117,True
rsk_lmt_rate_ch_1m_grt_0p5_cnt_3m,2.3007632891337075,0.0,75.0,2300763289133.7075,True
stg_pln_sum_prc_amt_6m_12m_rto,2.253509998321533,0.0,75.0,2253509998321.533,True
stg_pln_max_prc_amt_adv_3d_bjq_12m,2.2507100105285645,0.0,75.0,2250710010528.5645,True
ord_apl_suc_cnt_180_day_19_23,2.222679932912191,0.0,75.0,2222679932912.191,True
stg_pln_sum_rep_prc_his_d0_dwn_zd_v2,2.168156623840332,0.0,75.0,2168156623840.332,True
d720_repaid_tot_fee_stddev,2.1432065963745117,0.0,75.0,2143206596374.5117,True
18stg_pln_repay_amt_first_der_mean_rto,2.1278200149536133,0.0,75.0,2127820014953.6133,True
ord_apl_sum_prc_amt_30_90_day_rto,2.1237200101216636,0.0,75.0,2123720010121.6636,True
cnt_event_type_credit_event_result_1_all,2.117353359858195,0.0,75.0,2117353359858.1948,True
m6_manual_work_day_rep_apl_suc_cnt_rat,2.115489959716797,0.0,75.0,2115489959716.7969,True
d360_apl_ord_prc_amt_per_stg_max,2.0768133799235025,0.0,75.0,2076813379923.5024,True
3m_used_lmt_first_der_max,2.0527666409810386,0.0,75.0,2052766640981.0386,True
12m_used_lmt_second_der_max,1.9777900377909343,0.0,75.0,1977790037790.9343,True
18m_used_lmt_second_der_min,1.85642671585083,0.0,75.0,1856426715850.83,True
12m_repay_ftr_amt_first_der_sum,1.83500337600708,0.0,75.0,1835003376007.08,True
d90_due_repay_amt_avg_divide_d90_faqi_trade_amt_avg,1.7908666928609211,0.0,75.0,1790866692860.9211,True
min_rsk_avl_lmt_bjq_12m_all,1.7832999229431152,0.0,75.0,1783299922943.1152,True
d1080_repaid_interest_fee_stddev,1.6715000470479329,0.0,75.0,1671500047047.9329,True
ddf_36m_rep_dte_neg_5_crt_dt_rep_prc_amt_rto,1.6701900164286296,0.0,75.0,1670190016428.6296,True
last_amt_channel_hb_microcredit_lv1_all,1.6225967407226562,0.0,75.0,1622596740722.6562,True
ord_apl_sum_prc_amt_13_18,1.5845999717712402,0.0,75.0,1584599971771.2402,True
stg_pln_avg_prc_amt_his_light,1.5662366549173992,0.0,75.0,1566236654917.3992,True
m1_stg_pln_d0_rep_apl_cnt,1.4853399594624836,0.0,75.0,1485339959462.4836,True
stg_pln_pay_off_sum_prc_amt_6m_12m_rto,1.4820365905761719,0.0,75.0,1482036590576.1719,True
stddev_amt_event_type_repay_all,1.4714266260464985,0.0,75.0,1471426626046.4985,True
m1_stg_pln_d0_pmt_not_eng_cnt_avg,1.3868667284647624,0.0,75.0,1386866728464.7625,True
stg_pln_pay_off_cnt_bjq_12m,1.2259767055511475,0.0,75.0,1225976705551.1475,True
5d_range_max_prc_amt_his,1.2243367036183674,0.0,75.0,1224336703618.3674,True
stg_pln_sum_prc_amt_ovd_pls_rep_bjq_12m_rto,1.1707666714986165,0.0,75.0,1170766671498.6165,True
stg_pln_pay_off_max_prc_amt_pday_bjq_12m,1.0456167062123616,0.0,75.0,1045616706212.3616,True
ddf_3m_rep_dte_5_crt_dt_max_prc_amt,0.999976634979248,0.0,75.0,999976634979.248,True
m6_stg_pln_normal_batch_rep_apl_cnt_min,0.897629976272583,0.0,75.0,897629976272.583,True
stg_pln_sum_rep_prc_12m_his_ovd_0d_pls_3d_zd_v2,0.8910299936930338,0.0,75.0,891029993693.0338,True
recent_36m_settle_loan_diff_days_min,0.8473499615987142,0.0,75.0,847349961598.7142,True
12m_used_lmt_first_der_mean_rto,0.8231933116912842,0.0,75.0,823193311691.2842,True
credit_fund_level2_min_ir_cnt_24m,0.76419997215271,0.0,75.0,764199972152.71,True
ord_apl_sum_prc_amt_180_day_07_12,0.6943573355674744,0.0,75.0,694357335567.4744,True
d720_max_adv_repay_amt_divide_d720_max_faqi_prc_amt,0.45627665519714355,0.0,75.0,456276655197.14355,True
his_advrepay_large_than_ontimrepay_amt_months_count_sum,0.35971999168395996,0.0,75.0,359719991683.95996,True
12m_repay_amt_second_der_great_0_count,0.32576433817545575,0.0,75.0,325764338175.45575,True
m6_manual_tim_19_24_rep_apl_suc_cnt_rat,0.20575966437657675,0.0,75.0,205759664376.57675,True
ord_apl_suc_sum_prc_amt_180_day_19_23,0.1813546617825826,0.0,75.0,181354661782.5826,True
his_due_repay_amt_avg_divide_his_faqi_trade_amt_avg,105.97633377710979,1.4170750379562378,75.0,74.78526608575245,True
avg_avl_lmt_lft_rep_prc_all_cash_36m,34.044386863708496,0.585099995136261,75.0,58.18558732977239,True
18m_repay_amt_second_der_mean_diff,53.519044091304146,1.0241199731826782,75.0,52.25856881291913,True
d1080_max_faqi_prc_amt_divide_rsk_adt_lmt_cash,51.74513324101766,1.6989400386810303,75.0,30.457304003006172,True
first_amt_event_type_credit_all,18.045886794726055,1.1058324575424194,75.0,16.318825398573093,True
12m_used_lmt_second_der_mean_diff,9.61759360631307,0.6954774856567383,75.0,13.828763410245212,True
max_ddf_lag_crt_dte,24.528621395428974,2.186539888381958,75.0,11.21800774170599,True
per_event_type_limit_all,30.93402036031087,2.7764248847961426,75.0,11.141673786925102,True
stddev_amt_event_type_repay_event_result_1_recent_180,2.3421900272369385,0.3505449891090393,75.0,6.68156755908356,True
stg_pln_min_prc_amt_3m_ftr_his_rto_cash,17.940333366394043,2.79229998588562,75.0,6.424930507850706,True
stg_pln_min_rep_prc_his,11.121980448563894,1.771054983139038,75.0,6.279861751578649,True
d730_aplord_amt_grt_fst_month_rto,7.735642194747925,1.2911725044250488,75.0,5.9911763673952825,True
36stg_pln_repay_amt_first_der_sum,6.559053421020508,1.1288374662399292,75.0,5.810449792087783,True
stg_pln_sum_rep_prc_12m_his_d0_mrn_pk_rto,8.531186898549398,1.5310850143432617,75.0,5.571987720226733,True
6stg_pln_repay_amt_first_der_median,1.3571920146544774,0.2911275029182434,75.0,4.661847475918317,True
his_max_faqi_prc_amt_divide_max_ontim_amt_sum_mon,37.66378672917684,10.835474967956543,75.0,3.4759700742750512,True
18m_repay_amt_first_der_mean_rto,5.968200047810872,1.953855037689209,75.0,3.054576686951303,True
his_max_due_prc_amt_divide_his_max_faqi_prc_amt,20.488382975260418,7.066267490386963,75.0,2.8994632602190853,True
stg_pln_sum_rep_prc_his_d0_afn_zd_rto_v2,1.375640074412028,0.485352486371994,75.0,2.8343113778855704,True
stg_pln_max_prc_amt_d0_rep_his_fst_ord,3.418633460998535,1.3622925281524658,75.0,2.509470903163771,True
median_amt_channel_hb_microcredit_lv1_all,11.612183252970377,4.721657395362854,75.0,2.4593447344087815,True
d1080_unpaid_principal_tot_amt_t_day_divide_rsk_adt_lmt_cash_his_t_day_max,10.487583557764689,5.663355112075806,75.0,1.851832235524216,True
18m_used_lmt_first_der_mean_rto,2.9372599919637046,1.6548449993133545,75.0,1.7749456856567762,True
ord_apl_suc_max_prc_amt_his,5.349820057551066,3.02697491645813,75.0,1.767381694662054,True
d1080_sum_repaid_interest_fee_sum_divide_d1080_principal_sum,9.77242342631022,5.59245491027832,75.0,1.7474299897077092,True
6m_used_lmt_first_der_mean_rto,5.645643552144368,3.3519749641418457,75.0,1.684273782631921,True
median_amt_other_info_auto_deduct_all,8.505109866460165,6.1764901876449585,75.0,1.377013418311883,True
stg_pln_min_prc_amt_1m_3m_ftr_rto_cash,3.4956334431966147,2.6361498832702637,75.0,1.3260374402000226,True
rsi_abf_1y_inter_3m,2.2819833755493164,2.267124891281128,75.0,1.0065538887267853,True
18m_repay_amt_first_der_mean_diff,9.206486701965332,9.320635318756104,75.0,0.9877531291711353,False
3stg_pln_repay_amt_second_der_mean_diff,1.2385533253351848,1.3575899600982666,75.0,0.9123176818754773,False
ddf_fst_adt_fst_ord_crt_dte_mnt,9.950866540273031,12.279179573059082,75.0,0.8103852933387133,False
d1080_max_due_prc_amt_divide_d1080_max_faqi_prc_amt,1.3593066533406575,2.417792558670044,75.0,0.562209792757328,False
max_ddf_suc_lag_crt_dte,3.937476634979248,8.243017435073853,75.0,0.47767418496834624,False
stg_pln_sum_prc_amt_adv_1m,1.457396666208903,3.2434800267219543,75.0,0.4493311672035736,False
fst_ord_prc_fst_adt_lmt_rto,0.7616933186848959,2.1788599491119385,75.0,0.3495834227413276,False
bf_3m_inter_1m_sum_up,0.0,0.0,75.0,0.0,False
3m_used_lmt_second_der_stddev,0.0,0.0,75.0,0.0,False
stg_pln_max_prc_amt_1m_his,0.0,0.0,75.0,0.0,False
af_1y_inter_1m_sum_up,0.0,0.0,75.0,0.0,False
cnt_channel_hb_uid_recent_days_180,0.0,0.0,75.0,0.0,False
d365_avl_lmt_con_drp_month_max,0.0,0.0,75.0,0.0,False
stg_pln_pay_off_max_prc_amt_pday_12m,0.0,0.0,75.0,0.0,False
6thord_con_dsc_apply_amt_max,0.0,0.0,75.0,0.0,False
stg_pln_min_prc_amt_3m_6m_ftr_cash,0.0,0.0,75.0,0.0,False
ord_apl_sum_prc_amt_180_day_13_18,0.0,0.0,75.0,0.0,False
stg_pln_pay_off_cnt_14d,0.0,0.0,75.0,0.0,False
12m_used_lmt_first_der_min,0.0,0.0,75.0,0.0,False
stg_pln_pay_off_sum_prc_amt_14d,0.0,0.0,75.0,0.0,False
3stg_pln_repay_amt_first_der_small_0_count,0.0,0.0,75.0,0.0,False
6ord_apply_amt_first_der_great_0_count,0.0,0.0,75.0,0.0,False
stg_pln_pay_off_max_prc_amt_14d,0.0,0.0,75.0,0.0,False
his_720_day_csh_apl_ord_cnt_his_rto,0.0,0.0,75.0,0.0,False
d720_faqi_trade_amt_larger_than_rsk_avl_lmt_cash_his_t_day_count_sum,0.0,0.0,75.0,0.0,False
ord_apl_cnt_720_day_19_23,0.0,0.0,75.0,0.0,False
d730_avl_lmt_con_drp_month_max,0.0,0.0,75.0,0.0,False
3m_used_lmt_first_der_great_0_count,0.0,0.0,75.0,0.0,False
his_csh_suc_ord_cnt,0.0,0.0,75.0,0.0,False
3stg_pln_repay_amt_second_der_small_0_count,0.0,0.0,75.0,0.0,False
d30_apl_ord_prc_amt_max_all,0.0,0.0,75.0,0.0,False
af_6m_inter_1m_sum_up,0.0,0.0,75.0,0.0,False
d30_d360_apl_ord_prc_amt_avg_rat_all,0.0,0.0,75.0,0.0,False
ord_apl_cnt_90_day_07_12,0.0,0.0,75.0,0.0,False
ord_apl_suc_sum_prc_amt_180_day_07_12,0.0,0.0,75.0,0.0,False
ddf_24m_rep_dte_3_crt_dt_max_prc_amt,0.0,0.0,75.0,0.0,False
3ord_apply_amt_second_der_small_0_count,0.0,0.0,75.0,0.0,False
d90_avl_lmt_con_drp_month_max,0.0,0.0,75.0,0.0,False
ddf_36m_rep_dte_neg_3_crt_dt_max_prc_amt,0.0,0.0,75.0,0.0,False
m1_stg_pln_manual_rep_apl_cnt_mor_0_cnt,0.0,0.0,75.0,0.0,False
d60_d360_suc_ord_cnt_rat_all,0.0,0.0,75.0,0.0,False
6stg_pln_repay_amt_first_der_min,0.0,0.0,75.0,0.0,False
stg_pln_sum_prc_amt_12m_36m_rto,0.0,0.0,75.0,0.0,False
m1_manual_rep_apl_suc_amt_sum,0.0,0.0,75.0,0.0,False
6stg_pln_repay_amt_first_der_max,0.0,0.0,75.0,0.0,False
m1_stg_pln_rep_apl_cnt_less_4_cnt,0.0,0.0,75.0,0.0,False
stg_pln_cnt_7d_ftr_all,0.0,0.0,75.0,0.0,False
3m_repay_ftr_amt_first_der_great_0_count,0.0,0.0,75.0,0.0,False
d90_d360_apl_ord_prc_amt_avg_rat,0.0,0.0,75.0,0.0,False
stg_pln_sum_prc_amt_7d_ftr_cash,0.0,0.0,75.0,0.0,False
m3_pmt_not_eng_stg_pln_d0_cnt,0.0,0.0,75.0,0.0,False
m3_pmt_not_eng_stg_pln_d0_amt_sum,0.0,0.0,75.0,0.0,False
6m_repay_amt_second_der_small_0_count,0.0,0.0,75.0,0.0,False
stg_pln_cnt_7d_ftr_rep_cash,0.0,0.0,75.0,0.0,False
d60_d180_suc_ord_cnt_rat,0.0,0.0,75.0,0.0,False
m6_manual_tim_13_18_rep_apl_suc_cnt,0.0,0.0,75.0,0.0,False
6m_con_dsc_repay_max,0.0,0.0,75.0,0.0,False
m6_stg_pln_d0_rep_apl_cnt_equal_2_cnt,0.0,0.0,75.0,0.0,False
stg_pln_cnt_1m_3m_ftr_rto_all,0.0,0.0,75.0,0.0,False
ddf_3m_rep_dte_5_crt_dt_sum_prc_amt,0.0,0.0,75.0,0.0,False
rsk_avl_lmt_ch_1m_les_500_cnt_3m,0.0,0.0,75.0,0.0,False
stg_pln_pay_off_max_prc_amt_7d,0.0,0.0,75.0,0.0,False
ddf_6m_rep_dte_1_crt_dt_max_prc_amt,0.0,0.0,75.0,0.0,False
m3_stg_pln_d0_rep_apl_cnt_mor_2_cnt_rat,0.0,0.0,75.0,0.0,False
m1_stg_pln_rep_apl_cnt_d0_avg,0.0,0.0,75.0,0.0,False
d720_due_repay_amt_larger_than_rsk_avl_lmt_cash_his_t_day_count_sum,0.0,0.0,75.0,0.0,False
stg_pln_pay_off_sum_prc_amt_7d_1m_rto,0.0,0.0,75.0,0.0,False
6stg_pln_repay_amt_first_der_great_0_count,0.0,0.0,75.0,0.0,False
d360_suc_ord_stg_num_sum_all,0.0,0.0,75.0,0.0,False
used_rate_ch_grt_0p5_cnt_3m_suc,0.0,0.0,75.0,0.0,False
used_rate_ch_grt_0p9_cnt_12m_suc,0.0,0.0,75.0,0.0,False
18m_repay_ftr_amt_second_der_small_0_count,0.0,0.0,75.0,0.0,False
rsk_lmt_rate_ch_1m_grt_0p8_cnt_1m,0.0,0.0,75.0,0.0,False
dau_00_06_90d,0.0,0.0,75.0,0.0,False
payment_balancenotenough_dis_rate_1m,0.0,0.0,75.0,0.0,False
d365_aplord_amt_grt_fst_month_cnt,0.0,0.0,75.0,0.0,False
m6_stg_pln_d0_rep_apl_fal_cnt_equal_2_cnt,0.0,0.0,75.0,0.0,False
rsk_lmt_rate_ch_1m_grt_0p8_rate_1m,0.0,0.0,75.0,0.0,False
m1_stg_pln_pmt_not_eng_amt_max,0.0,0.0,75.0,0.0,False
rsk_avl_lmt_ch_les_500_rate_3m,0.0,0.0,75.0,0.0,False
stg_pln_sum_rep_prc_12m_his_d0_dwn_zd,0.0,0.0,75.0,0.0,False
d360_apl_ord_stg_num_min,0.0,0.0,75.0,0.0,False
m3_stg_pln_manual_rep_apl_cnt_mor_0_cnt,0.0,0.0,75.0,0.0,False
ord_apl_suc_cnt_90_day_13_18,0.0,0.0,75.0,0.0,False
ord_apl_suc_cnt_90_day_07_12,0.0,0.0,75.0,0.0,False
m3_manual_rep_apl_suc_cnt,0.0,0.0,75.0,0.0,False
d1095_avl_lmt_con_drp_month_max,0.0,0.0,75.0,0.0,False
m1_stg_pln_rep_apl_cnt_mor_2_cnt_rat,0.0,0.0,75.0,0.0,False
d30_suc_ord_days_cnt_all,0.0,0.0,75.0,0.0,False
stg_pln_sum_rep_prc_3m_his_d0_mrn_zd_rto_v2,0.0,0.0,75.0,0.0,False
m6_stg_pln_d0_rep_apl_fal_cnt_equal_2_cnt_rat,0.0,0.0,75.0,0.0,False
m3_stg_pln_rep_apl_fal_cnt_mor_2_cnt_rat,0.0,0.0,75.0,0.0,False
d15_d30_suc_ord_cnt_rat,0.0,0.0,75.0,0.0,False
d30_d360_suc_ord_cnt_rat,0.0,0.0,75.0,0.0,False
his_360_day_prc_amt_3_000_flg_suc_ord_cnt_bjq_12m,0.0,0.0,75.0,0.0,False
3m_repay_amt_second_der_max,0.0,0.0,75.0,0.0,False
m3_stg_pln_normal_batch_rep_apl_cnt_equal_2_cnt,0.0,0.0,75.0,0.0,False
d15_bsy_typ_bt_cash_apl_ord_cnt_all,0.0,0.0,75.0,0.0,False
credit_unique_scene_cnt_24m,0.0,0.0,75.0,0.0,False
d15_apl_ord_prc_amt_per_stg_avg,0.0,0.0,75.0,0.0,False
d15_d360_apl_ord_cnt_rat,0.0,0.0,75.0,0.0,False
heavy_unpaid_principal_future_divide_his_light_limit_max,0.0,0.0,75.0,0.0,False
m3_pmt_not_eng_equal_1_stg_pln_amt_sum,0.0,0.0,75.0,0.0,False
d180_d360_apl_ord_cnt_rat,0.0,0.0,75.0,0.0,False
m6_mrn_rep_apl_cnt,0.0,0.0,75.0,0.0,False
m3_stg_pln_normal_batch_rep_apl_cnt_equal_2_cnt_rat,0.0,0.0,75.0,0.0,False
rsk_lmt_rate_ch_1m_grt_0p9_cnt_6m,0.0,0.0,75.0,0.0,False
stg_pln_min_prc_amt_bjq_12m_his_bjq_12m,0.0,0.0,75.0,0.0,False
credit_unique_scene_cnt_36m,0.0,0.0,75.0,0.0,False
ord_apl_cnt_19_23,0.0,0.0,75.0,0.0,False
m3_pmt_not_eng_equal_1_stg_pln_amt_rat,0.0,0.0,75.0,0.0,False
ord_apl_cnt_360_day_07_12_bjq_12m,0.0,0.0,75.0,0.0,False
3m_repay_amt_first_der_small_0_count,0.0,0.0,75.0,0.0,False
n_unique_channel_event_result_1,0.0,0.0,75.0,0.0,False
stg_pln_sum_rep_prc_6m_his_d0_non_zd_rto,0.0,0.0,75.0,0.0,False
d365_aplord_amt10000plus_month_cnt,0.0,0.0,75.0,0.0,False
stg_pln_sum_prc_amt_ovd_pls_rep_bjq_12m,0.0,0.0,75.0,0.0,False
max_con_not_ovd_tqhk_rep_tim_cnt_12m,0.0,0.0,75.0,0.0,False
stg_pln_cnt_ovd_pls_rep_bjq_12m,0.0,0.0,75.0,0.0,False
6thord_con_ontime_repay_max,0.0,0.0,75.0,0.0,False
ord_apl_fal_cnt_90_day,0.0,0.0,75.0,0.0,False
d730_avl_lmt_eql_0_month_cnt,0.0,0.0,75.0,0.0,False
stg_pln_sum_rep_prc_12m_his_d0_non_zd_v2,0.0,0.0,75.0,0.0,False
m3_stg_pln_d0_normal_batch_rep_apl_cnt_mor_2_cnt_rat,0.0,0.0,75.0,0.0,False
stg_pln_cnt_3d_ftr_all,0.0,0.0,75.0,0.0,False
d30_prc_amt_mor_3_000_apl_ord_cnt,0.0,0.0,75.0,0.0,False
m1_rep_apl_suc_amt_sum,0.0,0.0,75.0,0.0,False
12m_repay_amt_first_der_sum,0.0,0.0,75.0,0.0,False
pst_ord_apl_suc_max_prc_amt_360_day_bjq_12m,0.0,0.0,75.0,0.0,False
pst_ord_apl_suc_sum_stg_num_360_day_bjq_12m,0.0,0.0,75.0,0.0,False
m6_manual_tim_19_24_rep_apl_suc_cnt,0.0,0.0,75.0,0.0,False
stg_pln_sum_prc_amt_3d_ftr_cash,0.0,0.0,75.0,0.0,False
stg_pln_sum_rep_prc_12m_his_d0_non_zd_rto_v2,0.0,0.0,75.0,0.0,False
stg_pln_max_prc_amt_adv_3m_bjq_12m,0.0,0.0,75.0,0.0,False
stg_pln_max_prc_amt_ovd_1d_3d_rep_bjq_12m,0.0,0.0,75.0,0.0,False
d180_prc_amt_mor_3_000_apl_ord_cnt,0.0,0.0,75.0,0.0,False
n_unique_day_diff_shift1_event_type_loan,0.0,0.0,75.0,0.0,False
stg_pln_sum_prc_amt_adv_bjq_12m,0.0,0.0,75.0,0.0,False
stg_pln_cnt_adv_rep_bjq_12m_rto,0.0,0.0,75.0,0.0,False
ddf_rep_dte_0_crt_dt_max_prc_amt,0.0,0.0,75.0,0.0,False
m3_stg_pln_normal_batch_rep_apl_fal_cnt_equal_1_cnt_rat,0.0,0.0,75.0,0.0,False
d360_faqiamt_thismon_sum_larger_than_rsk_avl_lmt_cash_count_sum,0.0,0.0,75.0,0.0,False
m1_stg_pln_normal_batch_rep_apl_cnt_mor_2_cnt,0.0,0.0,75.0,0.0,False
stg_pln_sum_prc_amt_7d_ftr_his_rto_cash,0.0,0.0,75.0,0.0,False
stg_pln_cnt_adv_bjq_12m,0.0,0.0,75.0,0.0,False
m6_stg_pln_d0_normal_batch_rep_apl_cnt_mor_0_cnt_rat,0.0,0.0,75.0,0.0,False
d180_due_repay_amt_larger_than_rsk_avl_lmt_cash_his_t_day_count_sum,0.0,0.0,75.0,0.0,False
d90_suc_ord_stg_num_sum_all,0.0,0.0,75.0,0.0,False
min_amt_channel_hb,0.0,2.2915124893188477,75.0,0.0,False
dvc_num_log_mid_ngt_90,0.0,0.0,75.0,0.0,False
m1_pmt_not_eng_cnt_pday_mor_1_day_cnt,0.0,0.0,75.0,0.0,False
d180_prc_amt_mor_10_000_apl_ord_cnt,0.0,0.0,75.0,0.0,False
m3_stg_pln_normal_batch_rep_apl_fal_cnt_equal_2_cnt_rat,0.0,0.0,75.0,0.0,False
d90_aplord_amt_grt_fst_month_rto,0.0,0.0,75.0,0.0,False
pst_ord_apl_suc_max_prc_amt_his,0.0,0.0,75.0,0.0,False
stg_pln_sum_rep_prc_12m_his_d0_afn_pk_rto,0.0,0.0,75.0,0.0,False
stg_pln_cnt_adv_rep_12m,0.0,0.0,75.0,0.0,False
stg_pln_sum_rep_prc_6m_his_d0_afn_zd_v2,0.0,0.0,75.0,0.0,False
succloan_day_diff_reud_stage_num_sum_all,0.0,0.0,75.0,0.0,False
used_rate_ch_grt_0p95_rate_3m_suc,0.0,0.0,75.0,0.0,False
rsk_avl_lmt_ch_1m_les_1000_rate_1m,0.0,0.0,75.0,0.0,False
credit_pass_unique_fund_cnt_24m,0.0,0.0,75.0,0.0,False
used_rate_ch_grt_0p5_cnt_12m,0.0,0.0,75.0,0.0,False
credit_pass_unique_scene_cnt_36m,0.0,0.0,75.0,0.0,False
3m_repay_amt_second_der_great_0_count,0.0,0.0,75.0,0.0,False
tot_pending_repay_tot_fee_stddev,0.0,0.0,75.0,0.0,False
24thord_con_ontime_repay_max,0.0,0.0,75.0,0.0,False
6stg_pln_repay_amt_first_der_mean_rto,0.0,0.0,75.0,0.0,False
stg_pln_cnt_ovd_1d_3d_rep_12m,0.0,0.0,75.0,0.0,False
m6_stg_pln_adv_manual_rep_apl_suc_cnt,0.0,0.0,75.0,0.0,False
ord_apl_suc_cnt_360_day_13_18_bjq_12m,0.0,0.0,75.0,0.0,False
lag_his_rep_amt_sum_per_mth_btch_rat_mor_50_per_cnt,0.0,0.0,75.0,0.0,False
ord_apl_min_prc_amt_360_day_bjq_12m,0.0,0.0,75.0,0.0,False
his_prc_amt_3_000_flg_suc_ord_cnt,0.0,0.0,75.0,0.0,False
6m_used_lmt_first_der_median,0.0,0.0,75.0,0.0,False
ord_apl_suc_min_stg_num_360_day_bjq_12m,0.0,0.0,75.0,0.0,False
stg_pln_max_prc_amt_ovd_1d_3d_rep_12m,0.0,0.0,75.0,0.0,False
d365_aplord_amt10000plus_month_rto,0.0,0.0,75.0,0.0,False
m6_stg_pln_rep_apl_cnt_equal_1_adv_cnt,0.0,0.0,75.0,0.0,False
m6_stg_pln_normal_batch_rep_apl_cnt_mor_4_cnt_rat,0.0,0.0,75.0,0.0,False
stg_pln_sum_prc_amt_adv_rep_6m,0.0,0.0,75.0,0.0,False
m6_pmt_not_eng_mor_3_stg_pln_cnt,0.0,0.0,75.0,0.0,False
m6_pmt_not_eng_mor_3_stg_pln_amt_sum,0.0,0.0,75.0,0.0,False
ord_apl_suc_sum_prc_amt_360_day_07_12_bjq_12m,0.0,0.0,75.0,0.0,False
max_rsk_lmt_rate_bjq_12m_all,0.0,0.0,75.0,0.0,False
ord_apl_suc_cnt_360_day_07_12_bjq_12m,0.0,0.0,75.0,0.0,False
max_con_not_ovd_tqhk_rep_tim_cnt_5m,0.0,0.0,75.0,0.0,False
m1_normal_batch_rep_apl_suc_cnt,0.0,0.0,75.0,0.0,False
d180_faqi_trade_amt_larger_than_due_repay_amt_by_mon_count_sum,0.0,0.0,75.0,0.0,False
m3_pmt_not_eng_equal_2_stg_pln_cnt_rat,0.0,0.0,75.0,0.0,False
ord_apl_fal_cnt_360_day_bjq_12m,0.0,0.0,75.0,0.0,False
m3_stg_pln_normal_batch_rep_apl_cnt_mor_4_cnt,0.0,0.0,75.0,0.0,False
pmt_not_eng_stg_pln_cnt_3m_6m_rat_trend,0.0,0.0,75.0,0.0,False
d90_bsy_typ_bt_cash_suc_ord_cnt_all,0.0,0.0,75.0,0.0,False
rsk_lmt_rate_ch_1m_grt_0p95_cnt_1m,0.0,0.0,75.0,0.0,False
ord_apl_suc_6_cnt_360_day_rto,0.0,0.0,75.0,0.0,False
credit_pass_unique_scene_cnt_12m,0.0,0.0,75.0,0.0,False
stg_pln_sum_rep_prc_12m_his_d0_afn_pk_v2,0.0,0.0,75.0,0.0,False
credit_ratio_12m,0.0,0.0,75.0,0.0,False
m1_normal_batch_rep_apl_fal_stg_pln_cnt_max,0.0,0.0,75.0,0.0,False
rsk_lmt_rate_ch_1m_grt_0p95_rate_1m,0.0,0.0,75.0,0.0,False
m3_pmt_not_eng_equal_2_stg_pln_d0_amt_sum,0.0,0.0,75.0,0.0,False
credit_fund_level2_ratio_36m,0.0,0.0,75.0,0.0,False
d60_prc_amt_mor_5_000_suc_ord_cnt,0.0,0.0,75.0,0.0,False
m1_manual_weekend_day_rep_apl_suc_cnt,0.0,0.0,75.0,0.0,False
max_ddf_mdl_rep_dte_ftr,0.0,0.0,75.0,0.0,False
stg_pln_sum_prc_amt_adv_rep_6m_rto,0.0,0.0,75.0,0.0,False
m1_manual_work_day_rep_apl_cnt_rat,0.0,0.0,75.0,0.0,False
m1_rep_apl_fal_stg_pln_cnt_max,0.0,0.0,75.0,0.0,False
m6_stg_pln_d0_rep_apl_cnt_mor_4_cnt_rat,0.0,0.0,75.0,0.0,False
stg_pln_cnt_adv_3d_bjq_12m,0.0,0.0,75.0,0.0,False
stg_pln_sum_prc_amt_adv_3d_bjq_12m,0.0,0.0,75.0,0.0,False
m1_stg_pln_d0_rep_apl_suc_cnt_rat,0.0,0.0,75.0,0.0,False
m6_stg_pln_his_ovd_rep_apl_suc_cnt,0.0,0.0,75.0,0.0,False
his_light_shouxin_heavy_fail_trade_same_month_count,0.0,0.0,75.0,0.0,False
6m_repay_amt_first_der_sum,0.0,0.0,75.0,0.0,False
m6_manual_rep_apl_fal_cnt,0.0,0.0,75.0,0.0,False
pmt_not_eng_stg_pln_cnt_1m_3m_rat_trend,0.0,0.0,75.0,0.0,False
d15_suc_ord_prc_amt_sum_all,0.0,0.0,75.0,0.0,False
used_rate_ch_grt_0p8_cnt_1m_suc,0.0,0.0,75.0,0.0,False
m6_stg_pln_ovd_1d_3d_rep_apl_cnt_rat,0.0,0.0,75.0,0.0,False
stg_pln_sum_prc_amt_ovd_pls_rep_6m_rto_his,0.0,0.0,75.0,0.0,False
d15_suc_ord_days_cnt,0.0,0.0,75.0,0.0,False
used_rate_ch_grt_0p8_rate_1m_suc,0.0,0.0,75.0,0.0,False
m6_manual_rep_apl_fal_cnt_rat,0.0,0.0,75.0,0.0,False
m6_manual_rep_apl_fal_stg_pln_cnt_max,0.0,0.0,75.0,0.0,False
m1_stg_pln_normal_batch_rep_apl_suc_cnt_min,0.0,0.0,75.0,0.0,False
m6_manual_tim_0_5_rep_apl_suc_cnt,0.0,0.0,75.0,0.0,False
12m_con_keep_repay_max,0.0,0.0,75.0,0.0,False
loan_unique_fund_cnt_12m,0.0,0.0,75.0,0.0,False
m6_stg_pln_rep_apl_cnt_mor_2_cnt,0.0,0.0,75.0,0.0,False
stg_pln_sum_rep_prc_1m_his_d0_mrn_zd_rto_v2,0.0,0.0,75.0,0.0,False
m6_manual_tim_0_5_rep_apl_suc_cnt_rat,0.0,0.0,75.0,0.0,False
ddf_bjq_12m_rep_dte_7_crt_dt_sum_prc_amt,0.0,0.0,75.0,0.0,False
ddf_bjq_12m_rep_dte_7_crt_dt_max_prc_amt,0.0,0.0,75.0,0.0,False
bf_1y_inter_3m_count_down,0.0,0.0,75.0,0.0,False
ddf_bjq_12m_rep_dte_neg_7_crt_dt_ord_cnt,0.0,0.0,75.0,0.0,False
m3_stg_pln_adv_rep_apl_cnt_rat,0.0,0.0,75.0,0.0,False
recent_12m_credit_fundcls_lv2_month_cnt,0.0,0.0,75.0,0.0,False
rsk_avl_lmt_ch_les_5000_rate_1m,0.0,0.0,75.0,0.0,False
m3_stg_pln_d0_rep_apl_cnt_mor_4_cnt,0.0,0.0,75.0,0.0,False
d180_advrepay_suc_trade_in_same_month_count_sum,0.0,0.0,75.0,0.0,False
recent_24m_repay_progress_rise_month_cnt,0.0,0.0,75.0,0.0,False
rsk_avl_lmt_ch_les_500_cnt_1m,0.0,0.0,75.0,0.0,False
min_avl_lmt_lft_rep_prc_2m_cash_bjq_12m,0.0,0.0,75.0,0.0,False
stg_pln_max_prc_amt_24m_light,0.0,0.0,75.0,0.0,False
bf_q3_q2_trend,0.0,0.0,75.0,0.0,False
ord_apl_sum_prc_amt_360_day_19_23_bjq_12m,0.0,0.0,75.0,0.0,False
ord_apl_cnt_360_day_19_23_bjq_12m,0.0,0.0,75.0,0.0,False
d360_repaid_gurantee_fee_stddev,0.0,0.0,75.0,0.0,False
d365_avl_lmt_eql_0_month_cnt,0.0,0.0,75.0,0.0,False
stg_pln_avg_prc_amt_24m_light,0.0,0.0,75.0,0.0,False
min_ddf_suc_lag_crt_tim_mnt,0.0,0.0,75.0,0.0,False
6m_repay_amt_first_der_median,0.0,0.0,75.0,0.0,False
stg_pln_sum_rep_prc_3m_his_d0_afn_zd_rto,0.0,0.0,75.0,0.0,False
stg_pln_cnt_36m_light,0.0,0.0,75.0,0.0,False
his_lend_heavy_to_repay_light_inner14d_order_num_sum,0.0,0.0,75.0,0.0,False
m6_stg_pln_ovd_1d_3d_manual_rep_apl_suc_cnt,0.0,0.0,75.0,0.0,False
stg_pln_avg_prc_amt_36m_per_mth_light,0.0,0.0,75.0,0.0,False
stg_pln_max_prc_amt_36m_on_light,0.0,0.0,75.0,0.0,False
ddf_bjq_12m_rep_dte_neg_5_crt_dt_max_prc_amt,0.0,0.0,75.0,0.0,False
ord_apl_sum_prc_amt_1080_day_04_06,0.0,0.0,75.0,0.0,False
m1_manual_tim_13_18_rep_apl_suc_cnt,0.0,0.0,75.0,0.0,False
m1_manual_tim_13_18_rep_apl_cnt_rat,0.0,0.0,75.0,0.0,False
loan_fund_cnt_all,0.0,0.0,75.0,0.0,False
ord_apl_sum_prc_amt_1080_day_00_03,0.0,0.0,75.0,0.0,False
rsk_avl_lmt_ch_les_5000_rate_12m,0.0,0.0,75.0,0.0,False
3m_repay_amt_first_der_mean_diff,0.0,0.0,75.0,0.0,False
stg_pln_min_rep_prc_12m_his,0.0,0.0,75.0,0.0,False
payment_not_balancenotenough_dis_rate_3m,0.0,0.0,75.0,0.0,False
min_ddf_rep_dte_ord_crt_tim_neg_5,0.0,0.0,75.0,0.0,False
recent_24m_lend_amt_rise_month_rto,0.0,0.0,75.0,0.0,False
12m_repay_amt_first_der_mean_diff,0.0,0.0,75.0,0.0,False
d30_prc_amt_mor_3_000_suc_ord_cnt,0.0,0.0,75.0,0.0,False
d7_apl_ord_prc_amt_sum_all,0.0,0.0,75.0,0.0,False
d360_advrepay_ontimrepay_in_same_month_count_sum,0.0,0.0,75.0,0.0,False
d360_lend_light_to_repay_heavy_inner7d_order_num_sum,0.0,0.0,75.0,0.0,False
d360_lend_light_to_repay_heavy_inner7d_order_amt_sum,0.0,0.0,75.0,0.0,False
d7_apl_ord_prc_amt_per_stg_avg_all,0.0,0.0,75.0,0.0,False
d7_d360_apl_ord_cnt_rat_all,0.0,0.0,75.0,0.0,False
stg_pln_sum_prc_amt_adv_fst_ord,0.0,0.0,75.0,0.0,False
d15_prc_amt_mor_3_000_apl_ord_cnt,0.0,0.0,75.0,0.0,False
d7_d15_apl_ord_prc_amt_avg_rat,0.0,0.0,75.0,0.0,False
min_ddf_rep_dte_ord_crt_tim_neg_7,0.0,0.0,75.0,0.0,False
d7_apl_ord_days_cnt,0.0,0.0,75.0,0.0,False
m1_rep_apl_suc_amt_max,0.0,0.0,75.0,0.0,False
stg_pln_pay_off_cnt_3m_6m_rto,0.0,0.0,75.0,0.0,False
d720_ovdrepay_suc_trade_in_same_month_count_sum,0.0,0.0,75.0,0.0,False
m3_stg_pln_his_ovd_normal_batch_rep_apl_fal_cnt,0.0,0.0,75.0,0.0,False
m3_stg_pln_ovd_1d_3d_normal_batch_rep_apl_fal_cnt,0.0,0.0,75.0,0.0,False
m3_stg_pln_ovd_1d_3d_rep_apl_suc_cnt,0.0,0.0,75.0,0.0,False
m1_pmt_not_eng_equal_1_stg_pln_amt_sum,0.0,0.0,75.0,0.0,False
f54__percent_true_call_mode_is_ai_called_phone_social_relations_is_self_30d,0.0,0.0,75.0,0.0,False
stg_pln_max_prc_amt_6m_light,0.0,0.0,75.0,0.0,False
m1_pmt_not_eng_equal_1_stg_pln_amt_rat,0.0,0.0,75.0,0.0,False
stg_pln_cnt_adv_fst_ord,0.0,0.0,75.0,0.0,False
ord_apl_cnt_360_day_13_18_bjq_12m,0.0,0.0,75.0,0.0,False
his_lend_heavy_to_repay_light_inner3d_order_amt_sum,0.0,0.0,75.0,0.0,False
m3_stg_pln_his_ovd_rep_apl_cnt_rat,0.0,0.0,75.0,0.0,False
m3_stg_pln_crd_cnt_max,0.0,0.0,75.0,0.0,False
d360_lend_heavy_to_repay_light_inner7d_order_stg_rate,0.0,0.0,75.0,0.0,False
recent_6m_repay_progress_rise_month_rto,0.0,0.0,75.0,0.0,False
credit_pass_unique_fund_cnt_6m,0.0,0.0,75.0,0.0,False
stg_pln_sum_rep_prc_3m_his_d0_non_zd_rto_v2,0.0,0.0,75.0,0.0,False
m1_stg_pln_rep_apl_cnt_equal_2_cnt_rat,0.0,0.0,75.0,0.0,False
his_lend_heavy_to_repay_light_inner3d_order_amt_rate,0.0,0.0,75.0,0.0,False
ord_apl_suc_6_cnt_360_day_bjq_12m,0.0,0.0,75.0,0.0,False
m1_stg_pln_rep_apl_fal_cnt_equal_2_cnt_rat,0.0,0.0,75.0,0.0,False
m1_stg_pln_normal_batch_rep_apl_fal_cnt_equal_2_cnt,0.0,0.0,75.0,0.0,False
m1_stg_pln_d0_rep_apl_cnt_equal_2_cnt,0.0,0.0,75.0,0.0,False
bsy_typ_suc_cnt_360_day_bjq_12m,0.0,0.0,75.0,0.0,False
m6_stg_pln_d0_manual_rep_apl_fal_cnt,0.0,0.0,75.0,0.0,False
m1_pmt_not_eng_equal_1_stg_pln_d0_cnt,0.0,0.0,75.0,0.0,False
his_csh_apl_ord_cnt_his_rto,0.0,0.0,75.0,0.0,False
stg_pln_cnt_his_ftr_light,0.0,0.0,75.0,0.0,False
stg_pln_sum_prc_amt_36m_ftr_light,0.0,0.0,75.0,0.0,False
stg_pln_min_prc_amt_adv_d0_rep_bjq_12m,0.0,0.0,75.0,0.0,False
recent_1m_repay_progress_max,0.0,0.0,75.0,0.0,False
stg_pln_sum_rep_prc_3m_his_ovd_0d_pls_3d_zd_rto,0.0,0.0,75.0,0.0,False
stg_pln_avg_prc_amt_his_ftr_light,0.0,0.0,75.0,0.0,False
his_light_shouxin_heavy_suc_trade_same_month_count,0.0,0.0,75.0,0.0,False
m1_stg_pln_normal_batch_rep_apl_cnt_mor_4_cnt_rat,0.0,0.0,75.0,0.0,False
stg_pln_max_prc_amt_ovd_pls_fst_ord_bjq_12m,0.0,0.0,75.0,0.0,False
stg_pln_sum_prc_amt_ovd_pls_fst_ord_bjq_12m,0.0,0.0,75.0,0.0,False
m3_stg_pln_rep_apl_suc_cnt_avg,0.0,0.0,75.0,0.0,False
stg_pln_cnt_ovd_pls_fst_ord_bjq_12m,0.0,0.0,75.0,0.0,False
rsi_bf_3m_inter_1m,0.0,0.0,75.0,0.0,False
his_1d_app_str_ctn_v2,0.0,0.0,75.0,0.0,False
stg_pln_max_prc_amt_adv_rep_1m,0.0,0.0,75.0,0.0,False
credit_fund_level2_reject_cnt_36m,0.0,0.0,75.0,0.0,False
stg_pln_cnt_ftr_fst_ord,0.0,0.0,75.0,0.0,False
ord_apl_suc_6_cnt_his,0.0,0.0,75.0,0.0,False
d1080_ovdrepay_fail_trade_in_same_month_count_sum,0.0,0.0,75.0,0.0,False
stg_pln_cnt_1m_ftr_his_rto_cash,0.0,0.0,75.0,0.0,False
m1_pmt_not_eng_cnt_pday_equal_1_day_cnt,0.0,0.0,75.0,0.0,False
stg_pln_sum_prc_amt_ftr_fst_ord,0.0,0.0,75.0,0.0,False
stg_pln_cnt_3m_ftr_his_rep_rto_cash,0.0,0.0,75.0,0.0,False
unpaid_principal_future_light_divide_heavy,0.0,0.0,75.0,0.0,False
stg_pln_max_prc_amt_his_light,0.0,0.0,75.0,0.0,False
ord_apl_suc_sum_prc_amt_360_day_19_23_bjq_12m,0.0,0.0,75.0,0.0,False
ord_apl_suc_cnt_360_day_19_23_bjq_12m,0.0,0.0,75.0,0.0,False
m1_pmt_not_eng_mor_3_stg_pln_cnt,0.0,0.0,75.0,0.0,False
m6_pmt_not_eng_equal_3_stg_pln_d0_cnt,0.0,0.0,75.0,0.0,False
m1_pmt_not_eng_mor_3_stg_pln_amt_sum,0.0,0.0,75.0,0.0,False
m1_normal_batch_rep_apl_suc_stg_pln_cnt_min,0.0,0.0,75.0,0.0,False
m1_stg_pln_manual_rep_apl_cnt_max,0.0,0.0,75.0,0.0,False
m3_stg_pln_manual_rep_apl_fal_cnt_sum,0.0,0.0,75.0,0.0,False
ddf_mdl_max_not_ovd_tqhk_rep_tim_12m,0.0,0.0,75.0,0.0,False
his_bt_suc_ord_cnt,0.0,0.0,75.0,0.0,False
stg_pln_cnt_on_1m_rto_his_light,0.0,0.0,75.0,0.0,False
stg_pln_avg_prc_amt_1m_on_light,0.0,0.0,75.0,0.0,False
m6_pmt_not_eng_equal_3_stg_pln_d0_amt_sum_rat,0.0,0.0,75.0,0.0,False
m1_pmt_not_eng_mor_3_stg_pln_amt_rat,0.0,0.0,75.0,0.0,False
stg_pln_sum_rep_prc_his_d0_afn_zd_v2,0.0,0.0,75.0,0.0,False
m6_pmt_not_eng_mor_3_stg_pln_d0_amt_sum_rat,0.0,0.0,75.0,0.0,False
stg_pln_sum_rep_prc_3m_his_d0_afn_pk_rto,0.0,0.0,75.0,0.0,False
m1_manual_rep_apl_stg_pln_cnt_avg,0.0,0.0,75.0,0.0,False
m3_manual_rep_apl_fal_stg_pln_cnt_avg,0.0,0.0,75.0,0.0,False
ddf_bjq_12m_rep_dte_1_crt_dt_max_prc_amt,0.0,0.0,75.0,0.0,False
m3_pmt_not_eng_cnt_pday_min,0.0,0.0,75.0,0.0,False
m3_stg_pln_normal_batch_rep_apl_cnt_less_2_stg_amt_sum,0.0,0.0,75.0,0.0,False
d360_prc_amt_mor_20_000_suc_ord_cnt,0.0,0.0,75.0,0.0,False
stg_pln_sum_rep_prc_3m_his_d0_dwn_zd_rto_v2,0.0,0.0,75.0,0.0,False
m3_normal_batch_rep_apl_fal_stg_pln_cnt_max,0.0,0.0,75.0,0.0,False
stg_pln_cnt_adv_fst_ord_bjq_12m,0.0,0.0,75.0,0.0,False
ord_apl_suc_cnt_04_06,0.0,0.0,75.0,0.0,False
af_6m_trend,0.0,0.0,75.0,0.0,False
stg_pln_sum_prc_amt_1m_2m_rto,0.0,0.0,75.0,0.0,False
m1_pmt_not_eng_equal_2_stg_pln_cnt,0.0,0.0,75.0,0.0,False
m1_pmt_not_eng_equal_2_stg_pln_amt_rat,0.0,0.0,75.0,0.0,False
3m_repay_ftr_amt_second_der_great_0_count,0.0,0.0,75.0,0.0,False
d180_prc_amt_mor_20_000_apl_ord_cnt,0.0,0.0,75.0,0.0,False
his_360_day_bt_apl_ord_cnt_his_rto_bjq_12m,0.0,0.0,75.0,0.0,False
m3_pmt_not_eng_equal_3_stg_pln_amt_rat,0.0,0.0,75.0,0.0,False
m1_stg_pln_rep_apl_cnt_min,0.0,0.0,75.0,0.0,False
percent_true_followup_code_yjt_180d,0.0,0.0,75.0,0.0,False
credit_fund_level1_reject_cnt_24m,0.0,0.0,75.0,0.0,False
stg_pln_sum_rep_prc_1m_his_d0_non_zd_rto,0.0,0.0,75.0,0.0,False
rsk_lmt_rate_ch_1m_grt_0p2_cnt_3m,0.0,0.0,75.0,0.0,False
m6_add_bathch_rep_apl_suc_amt_max,0.0,0.0,75.0,0.0,False
m1_pmt_not_eng_equal_2_stg_pln_d0_amt_sum,0.0,0.0,75.0,0.0,False
d360_ovdrepay_fail_trade_in_same_month_count_sum,0.0,0.0,75.0,0.0,False
m1_stg_pln_adv_rep_apl_cnt_rat,0.0,0.0,75.0,0.0,False
d180_prc_amt_mor_3_000_suc_ord_cnt,0.0,0.0,75.0,0.0,False
loan_unique_fund_cnt_3m,0.0,0.0,75.0,0.0,False
m1_stg_pln_adv_manual_rep_apl_suc_cnt,0.0,0.0,75.0,0.0,False
m6_add_bathch_rep_apl_cnt_rat,0.0,0.0,75.0,0.0,False
m1_stg_pln_manual_rep_apl_cnt_min,0.0,0.0,75.0,0.0,False
recent_24m_credit_fundcls_other_month_cnt,0.0,0.0,75.0,0.0,False
6m_repay_amt_first_der_mean_diff,0.0,0.0,75.0,0.0,False
his_advrepay_suc_trade_in_same_month_count_sum,0.0,0.0,75.0,0.0,False
rsi_af_6m_inter_1m,0.0,0.0,75.0,0.0,False
credit_fund_other_reject_cnt_6m,0.0,0.0,75.0,0.0,False
m3_pmt_not_eng_mor_3_stg_pln_d0_amt_sum,0.0,0.0,75.0,0.0,False
m6_stg_pln_d0_normal_batch_rep_apl_fal_cnt_mor_4_cnt_rat,0.0,0.0,75.0,0.0,False
m6_part_suc_rep_apl_cnt,0.0,0.0,75.0,0.0,False
ai_answer_cnt_60d,0.0,0.0,75.0,0.0,False
stg_pln_min_prc_amt_adv_d0_rep_his_fst_ord,0.0,0.0,75.0,0.0,False
6m_con_keep_repay_max,0.0,0.0,75.0,0.0,False
d7_suc_ord_dis_bsy_typ_cnt_all,0.0,0.0,75.0,0.0,False
d7_suc_ord_prc_amt_per_stg_max_all,0.0,0.0,75.0,0.0,False
credit_unique_fund_cnt_1m,0.0,0.0,75.0,0.0,False
day_diff_last_repay_loan,0.0,0.0,75.0,0.0,False
m3_manual_work_day_rep_apl_fal_cnt,0.0,0.0,75.0,0.0,False
rsk_avl_lmt_ch_1m_les_5000_rate_3m,0.0,0.0,75.0,0.0,False
m3_rep_apl_fal_stg_pln_cnt_max,0.0,0.0,75.0,0.0,False
d1095_aplord_stg_grt_fst_month_cnt,0.0,0.0,75.0,0.0,False
ord_apl_suc_max_stg_num_his,0.0,0.0,75.0,0.0,False
m3_pmt_not_eng_equal_3_stg_pln_d0_amt_sum,0.0,0.0,75.0,0.0,False
loan_reject_fund_cnt_all,0.0,0.0,75.0,0.0,False
stg_pln_sum_rep_prc_12m_his_d0_mrn_zd_rto,0.0,1.587457537651062,75.0,0.0,False
d1080_advrepay_ontimrepay_in_same_month_count_sum,0.0,0.0,75.0,0.0,False
d30_prc_amt_mor_10_000_apl_ord_cnt,0.0,0.0,75.0,0.0,False
ord_apl_suc_cnt_00_03,0.0,0.0,75.0,0.0,False
his_360_day_bt_suc_ord_cnt_bjq_12m,0.0,0.0,75.0,0.0,False
his_360_day_csh_suc_ord_cnt_bjq_12m,0.0,0.0,75.0,0.0,False
m1_manual_tim_19_24_rep_apl_cnt_rat,0.0,0.0,75.0,0.0,False
sum_day_diff_type_heavy_all,0.0,2.0169849395751953,75.0,0.0,False
d90_lend_light_to_repay_heavy_inner7d_order_stg_sum,0.0,0.0,75.0,0.0,False
d90_lend_light_to_repay_heavy_inner7d_order_amt_sum,0.0,0.0,75.0,0.0,False
stg_pln_sum_rep_prc_3m_his_d0_afn_pk_rto_v2,0.0,0.0,75.0,0.0,False
loan_reject_unique_fund_cnt_6m,0.0,0.0,75.0,0.0,False
m1_manual_tim_19_24_rep_apl_suc_cnt,0.0,0.0,75.0,0.0,False
9m_ftr_con_dsc_repay_amt_max,0.0,0.0,75.0,0.0,False
f54__percent_true_call_mode_is_ai_called_phone_social_relations_is_self_15d,0.0,0.0,75.0,0.0,False
d180_apl_ord_bsy_typ_cnt_all,0.0,0.0,75.0,0.0,False
his_lend_light_to_repay_heavy_inner3d_order_stg_rate,0.0,0.0,75.0,0.0,False
m6_stg_pln_rep_apl_cnt_equal_1_manual_rep_apl_amt_min,0.0,0.0,75.0,0.0,False
his_lend_light_to_repay_heavy_inner7d_order_stg_sum,0.0,0.0,75.0,0.0,False
m6_manual_rep_apl_suc_amt_max,0.0,0.0,75.0,0.0,False
credit_fund_other_ratio_12m,0.0,0.0,75.0,0.0,False
ord_apl_suc_sum_prc_amt_00_03,0.0,0.0,75.0,0.0,False
his_heavy_light_fail_trade_same_month_count,0.0,0.0,75.0,0.0,False
stg_pln_sum_rep_prc_3m_his_d0_evn_zd_rto_v2,0.0,0.0,75.0,0.0,False
light_his_sum_faqi_count_divide_heavy_his_sum_faqi_count,0.0,0.0,75.0,0.0,False
his_heavy_light_suc_trade_same_month_count,0.0,0.0,75.0,0.0,False
d15_prc_amt_mor_3_000_suc_ord_cnt,0.0,0.0,75.0,0.0,False
m1_rep_apl_suc_amt_avg,0.0,0.0,75.0,0.0,False
d360_advrepay_amt_sum_divide_ontimrepay_amt_sum,0.0,0.0,75.0,0.0,False
credit_fund_level2_avg_ir_cnt_36m,0.0,0.0,75.0,0.0,False
10d_range_avg_prc_amt_36m,0.0,0.0,75.0,0.0,False
m3_stg_pln_add_bathch_rep_apl_cnt_max,0.0,0.0,75.0,0.0,False
his_heavy_ontime_repay_light_ontime_repay_same_date_count,0.0,0.0,75.0,0.0,False
m3_add_bathch_rep_apl_suc_amt_sum,0.0,0.0,75.0,0.0,False
d720_trade_fail_amt_sum_mon_divide_his_trade_success_amt_sum_mon,0.0,0.0,75.0,0.0,False
m3_add_bathch_rep_apl_suc_amt_avg,0.0,0.0,75.0,0.0,False
loan_fund_level2_cnt_36m,0.0,0.0,75.0,0.0,False
min_ddf_rep_tim_dte_adv_bjq_12m,0.0,0.0,75.0,0.0,False
18thord_con_keep_apply_amt_max,0.0,0.0,75.0,0.0,False
m3_add_bathch_rep_apl_suc_cnt_rat,0.0,0.0,75.0,0.0,False
credit_pass_unique_fund_cnt_3m,0.0,0.0,75.0,0.0,False
percent_true_followup_code_yjt_90d,0.0,0.0,75.0,0.0,False
m3_rep_apl_stg_pln_cnt_min,0.0,0.0,75.0,0.0,False
m6_pmt_not_eng_cnt_pday_min,0.0,0.0,75.0,0.0,False
stg_pln_cnt_d0_rep_his_fst_ord,0.0,0.0,75.0,0.0,False
stg_pln_sum_rep_prc_his_d0_evn_zd_v2,0.0,0.0,75.0,0.0,False
m1_normal_batch_rep_apl_cnt_rat,0.0,0.0,75.0,0.0,False
stg_pln_sum_prc_amt_ovd_3d_pls_rep_bjq_12m_rto,0.0,0.0,75.0,0.0,False
stg_pln_sum_rep_prc_1m_his_d0_afn_zd_rto,0.0,0.0,75.0,0.0,False
stg_pln_max_prc_amt_ovd_3d_pls_rep_bjq_12m,0.0,0.0,75.0,0.0,False
stg_pln_cnt_ovd_3d_pls_rep_bjq_12m,0.0,0.0,75.0,0.0,False
6thord_con_keep_apply_amt_max,0.0,0.0,75.0,0.0,False
stg_pln_sum_rep_prc_12m_his_ovd_0d_pls_3d_mrn_pk_rto_v2,0.0,0.0,75.0,0.0,False
ai_wcnhk_cnt_90d,0.0,0.0,75.0,0.0,False
m1_rep_apl_suc_stg_pln_cnt_avg,0.0,0.0,75.0,0.0,False
m1_stg_pln_his_ovd_rep_apl_cnt_rat,0.0,0.0,75.0,0.0,False
stg_pln_fst_sum_prc_amt_ovd_pls_rep_bjq_12m,0.0,0.0,75.0,0.0,False
18ord_apply_amt_first_der_median,0.0,0.0,75.0,0.0,False
stg_pln_fst_cnt_ovd_pls_rep_bjq_12m,0.0,0.0,75.0,0.0,False
m1_stg_pln_ovd_1d_3d_rep_apl_cnt,0.0,0.0,75.0,0.0,False
m1_stg_pln_ovd_1d_3d_rep_apl_suc_cnt,0.0,0.0,75.0,0.0,False
d7_prc_amt_mor_3_000_apl_ord_cnt,0.0,0.0,75.0,0.0,False
m1_stg_pln_pmt_not_eng_cnt_min,0.0,0.0,75.0,0.0,False
min_ddf_rep_dte_ord_crt_tim_7_bjq_12m,0.0,0.0,75.0,0.0,False
m3_manual_mrn_rep_apl_fal_cnt,0.0,0.0,75.0,0.0,False
m6_stg_pln_rep_apl_amt_adv_min,0.0,0.0,75.0,0.0,False
recent_12m_due_month_cnt,0.0,0.0,75.0,0.0,False
stg_pln_min_prc_amt_d0_rep_24m,0.0,0.0,75.0,0.0,False
max_amt_type_light,0.0,0.0,75.0,0.0,False
n_unique_other_info_event_type_credit,0.0,0.0,75.0,0.0,False
credit_fund_level2_avg_ir_cnt_24m,0.0,0.0,75.0,0.0,False
his_lend_light_to_repay_heavy_inner3d_order_amt_sum,0.0,0.0,75.0,0.0,False
his_360_day_prc_amt_3_000_flg_apl_ord_cnt_bjq_12m,0.0,0.0,75.0,0.0,False
ord_apl_suc_max_stg_num_360_day_bjq_12m,0.0,0.0,75.0,0.0,False
pst_ord_apl_suc_sum_prc_amt_180_360_day_rto,0.0,0.0,75.0,0.0,False
10d_range_ord_cnt_his,0.0,0.0,75.0,0.0,False
m3_stg_pln_crd_cnt_min,0.0,0.0,75.0,0.0,False
m6_manual_tim_13_18_rep_apl_fal_cnt,0.0,0.0,75.0,0.0,False
ai_call_cnt_10d,0.0,0.0,75.0,0.0,False
m6_payment_not_eng_inteday_max,0.0,0.0,75.0,0.0,False
m6_stg_pln_pmt_not_eng_amt_min,0.0,0.0,75.0,0.0,False
stg_pln_cnt_36m_due_light,0.0,0.0,75.0,0.0,False
m6_manual_weekend_day_rep_apl_fal_cnt,0.0,0.0,75.0,0.0,False
d360_advrepay_thismon_sum_larger_than_rsk_avl_lmt_cash_count_sum,0.0,0.0,75.0,0.0,False
m1_stg_pln_d0_rep_apl_fal_cnt_mor_4_cnt_rat,0.0,0.0,75.0,0.0,False
12ord_apply_amt_second_der_stddev,0.0,0.0,75.0,0.0,False
m1_pmt_not_eng_mor_3_stg_pln_d0_cnt,0.0,0.0,75.0,0.0,False
m6_stg_pln_ovd_1d_3d_normal_batch_rep_apl_suc_cnt_rat,0.0,0.0,75.0,0.0,False
stg_pln_sum_rep_prc_24m_due_light,0.0,0.0,75.0,0.0,False
stg_pln_max_rep_prc_24m_due_light,0.0,0.0,75.0,0.0,False
d1080_max_ovd_repay_amt_divide_d1080_max_suc_prc_amt,0.0,0.0,75.0,0.0,False
6m_repay_ftr_amt_second_der_mean_rto,0.0,0.0,75.0,0.0,False
m6_stg_pln_ovd_1d_3d_normal_batch_rep_apl_fal_cnt_rat,0.0,0.0,75.0,0.0,False
stg_pln_avg_rep_prc_24m_due_light,0.0,0.0,75.0,0.0,False
stg_pln_cnt_3m_ftr_adv_rto_all,0.0,0.0,75.0,0.0,False
m3_part_suc_rep_apl_cnt_rat,0.0,0.0,75.0,0.0,False
stg_pln_cnt_his_fst_ord,0.0,0.0,75.0,0.0,False
d1080_faqiamt_thismon_sum_larger_than_rsk_adt_lmt_cash_count_sum,0.0,0.0,75.0,0.0,False
m1_stg_pln_d0_normal_batch_rep_apl_fal_cnt_mor_4_cnt,0.0,0.0,75.0,0.0,False
12thord_con_late_repay_max,0.0,0.0,75.0,0.0,False
15d_range_avg_prc_amt_6m,0.0,0.0,75.0,0.0,False
stg_pln_sum_rep_prc_1m_his_ovd_0d_pls_3d_zd_rto_v2,0.0,0.0,75.0,0.0,False
stg_pln_sum_rep_prc_1m_his_d0_dwn_zd_rto_v2,0.0,0.0,75.0,0.0,False
d180_faqiamt_thismon_sum_larger_than_rsk_adt_lmt_cash_count_sum,0.0,0.0,75.0,0.0,False
stg_pln_sum_rep_prc_his_d0_evn_zd_rto_v2,0.0,0.4401775002479553,75.0,0.0,False
d360_ovdrepay_amt_sum_divide_ontimrepay_amt_sum,0.0,0.0,75.0,0.0,False
credit_min_ir_cnt_36m,0.0,0.0,75.0,0.0,False
d360_max_adv_repay_amt_divide_rsk_adt_lmt_cash,0.0,0.0,75.0,0.0,False
light_his_sum_larger_than_1w_faqi_count_divide_heavy_his_sum_larger_than_1w_faqi_count,0.0,0.0,75.0,0.0,False
m6_up_flg_btch_cnt_rat,0.0,0.0,75.0,0.0,False
d360_trade_fail_count_mon_divide_his_trade_success_count_mon,0.0,0.0,75.0,0.0,False
d360_advrepay_large_than_ontimrepay_amt_months_count_sum,0.0,0.0,75.0,0.0,False
light_his_sum_faqi_prc_amt_divide_heavy_his_sum_ontim_repay_amt,0.0,0.0,75.0,0.0,False
ai_busy_cnt_30d,0.0,0.0,75.0,0.0,False
rsk_lmt_rate_ch_1m_grt_0p2_rate_1m,0.0,0.0,75.0,0.0,False
18m_used_lmt_second_der_sum,0.0,1.6746875047683716,75.0,0.0,False
his_heavy_light_fail_trade_same_date_count,0.0,0.0,75.0,0.0,False
stg_pln_cnt_12m_24m_rto_light,0.0,0.0,75.0,0.0,False
ai_answer_close_cnt_90d,0.0,0.0,75.0,0.0,False
fst_fal_ord_prc_amt,0.0,0.0,75.0,0.0,False
d360_max_adv_repay_amt_divide_d360_max_faqi_prc_amt,0.0,0.0,75.0,0.0,False
his_successamt_thismon_sum_larger_than_rsk_adt_lmt_cash_count_sum,0.0,0.0,75.0,0.0,False
ddf_24m_rep_dte_neg_7_crt_dt_avg_prc_amt,0.0,0.0,75.0,0.0,False
d90_ovdrepay_suc_trade_in_same_month_count_sum,0.0,0.0,75.0,0.0,False
d90_faqi_trade_amt_larger_than_unpaid_principal_tot_amt_t_day_count_sum,0.0,0.0,75.0,0.0,False
3m_repay_ftr_amt_second_der_mean_rto,0.0,0.0,75.0,0.0,False
loan_avg_terms_36m,0.0,0.0,75.0,0.0,False
stg_pln_sum_rep_prc_1m_his_d0_non_zd_rto_v2,0.0,0.0,75.0,0.0,False
his_credit_fundcls_lv1_month_cnt,0.0,0.0,75.0,0.0,False
ord_apl_suc_min_stg_num_his,0.0,0.0,75.0,0.0,False
credit_min_ir_cnt_24m,0.0,0.0,75.0,0.0,False
stg_pln_sum_rep_prc_1m_his_d0_afn_pk_rto,0.0,0.0,75.0,0.0,False
m1_pmt_not_eng_equal_3_stg_pln_cnt,0.0,0.0,75.0,0.0,False
d90_ovdrepay_fail_trade_in_same_month_count_sum,0.0,0.0,75.0,0.0,False
stg_pln_cnt_12m_due_light,0.0,0.0,75.0,0.0,False
m1_pmt_not_eng_equal_3_stg_pln_amt_rat,0.0,0.0,75.0,0.0,False
d720_max_ovd_repay_amt_divide_rsk_adt_lmt_cash,0.0,0.0,75.0,0.0,False
m3_stg_pln_manual_rep_apl_suc_cnt_max,0.0,0.0,75.0,0.0,False
ai_answer_cnt_21d,0.0,0.0,75.0,0.0,False
his_heavy_ontime_repay_light_ovd_repay_same_month_count,0.0,0.0,75.0,0.0,False
stg_pln_avg_rep_prc_12m_due_light,0.0,0.0,75.0,0.0,False
recent_6m_credit_fundcls_other_month_cnt,0.0,0.0,75.0,0.0,False
payment_balancenotenough_day_rate_3m,0.0,0.0,75.0,0.0,False
stg_pln_max_prc_amt_36m_adv_light,0.0,0.0,75.0,0.0,False
min_ddf_rep_tim_dte_adv_fst_ord_bjq_12m,0.0,0.0,75.0,0.0,False
ddf_36m_rep_dte_5_crt_dt_rep_prc_amt_rto,0.0,0.0,75.0,0.0,False
stg_pln_avg_rep_prc_his_due_light,0.0,0.0,75.0,0.0,False
stg_pln_cnt_36m_adv_light,0.0,0.0,75.0,0.0,False
his_bt_apl_ord_cnt_csh_rto,0.0,0.0,75.0,0.0,False
m1_stg_pln_manual_rep_apl_fal_cnt_max,0.0,0.0,75.0,0.0,False
his_light_ontime_repay_heavy_ovd_repay_same_month_count,0.0,0.0,75.0,0.0,False
m1_stg_pln_manual_rep_apl_fal_cnt_avg,0.0,0.0,75.0,0.0,False
d180_ovdrepay_amt_sum_divide_ontimrepay_amt_sum,0.0,0.0,75.0,0.0,False
stg_pln_sum_prc_amt_24m_adv_light,0.0,0.0,75.0,0.0,False
d15_prc_amt_mor_10_000_apl_ord_cnt,0.0,0.0,75.0,0.0,False
d360_apl_ord_bsy_typ_cnt_all,0.0,0.0,75.0,0.0,False
stg_pln_avg_prc_amt_24m_adv_light,0.0,0.0,75.0,0.0,False
percent_true_followup_code_other_180d,0.0,0.0,75.0,0.0,False
used_rate_ch_grt_0p2_rate_12m,0.0,0.0,75.0,0.0,False
stg_pln_cnt_1m_ftr_his_rep_rto_all,0.0,0.0,75.0,0.0,False
m3_stg_pln_manual_rep_apl_cnt_min,0.0,0.0,75.0,0.0,False
m1_manual_rep_apl_fal_cnt_rat,0.0,0.0,75.0,0.0,False
ai_refuse_cnt,0.0,0.0,75.0,0.0,False
credit_fund_level1_ratio_12m,0.0,0.0,75.0,0.0,False
m1_manual_rep_apl_suc_cnt_in_manual_rep_rat,0.0,0.0,75.0,0.0,False
m1_pmt_not_eng_equal_3_stg_pln_d0_amt_sum,0.0,0.0,75.0,0.0,False
m1_manual_rep_apl_fal_stg_pln_cnt_max,0.0,0.0,75.0,0.0,False
credit_fund_other_reject_cnt_24m,0.0,0.0,75.0,0.0,False
min_avl_lmt_lft_rep_prc_all_cash_36m,0.0,0.0,75.0,0.0,False
f54__percent_true_call_mode_is_ai_called_phone_social_relations_is_self_90d,0.0,0.0,75.0,0.0,False
6ord_apply_amt_first_der_sum,0.0,0.0,75.0,0.0,False
d60_prc_amt_mor_20_000_suc_ord_cnt,0.0,0.0,75.0,0.0,False
f54__percent_true_call_mode_is_ai_called_phone_social_relations_is_self_7d,0.0,0.0,75.0,0.0,False
m3_rep_apl_amt_rat_mor_1_cnt,0.0,0.0,75.0,0.0,False
recent_12m_lend_amt_over10k_month_rto,0.0,0.0,75.0,0.0,False
m3_rep_apl_stg_pln_cnt_max,0.0,0.0,75.0,0.0,False
m1_pmt_not_eng_cnt_pday_min,0.0,0.0,75.0,0.0,False
used_rate_ch_grt_0p2_cnt_12m_suc,0.0,0.0,75.0,0.0,False
percent_true_followup_code_yyxh_180d,0.0,0.0,75.0,0.0,False
stg_pln_sum_prc_amt_his_due_light,0.0,0.0,75.0,0.0,False
ddf_12m_rep_dte_neg_7_crt_dt_rep_prc_amt_rto,0.0,0.0,75.0,0.0,False
his_max_faqi_prc_amt_divide_max_ovd_amt_sum_mon,0.0,2.7544000148773193,75.0,0.0,False
m3_stg_pln_ovd_1d_3d_normal_batch_rep_apl_suc_cnt,0.0,0.0,75.0,0.0,False
stg_pln_cnt_his_due_light,0.0,0.0,75.0,0.0,False
percent_true_followup_code_yjt_30d,0.0,0.0,75.0,0.0,False
d7_prc_amt_mor_3_000_suc_ord_cnt,0.0,0.0,75.0,0.0,False
ai_wcnhk_cnt_30d,0.0,0.0,75.0,0.0,False
d360_ovdrepay_1wplus_trade_in_same_month_count_sum,0.0,0.0,75.0,0.0,False
m6_manual_deduct_rep_apl_fal_cnt,0.0,0.0,75.0,0.0,False
stg_pln_avg_prc_amt_his_due_light,0.0,0.0,75.0,0.0,False
m6_stg_pln_normal_batch_rep_apl_suc_cnt_min,0.0,0.0,75.0,0.0,False
light_his_sum_fail_prc_amt_divide_heavy_his_sum_fail_prc_amt,0.0,0.0,75.0,0.0,False
m3_payment_not_eng_inteday_max,0.0,0.0,75.0,0.0,False
dvc_cnt_cjj_90,0.0,0.0,75.0,0.0,False
m6_stg_pln_normal_batch_rep_apl_cnt_mor_2_stg_amt_sum,0.0,0.0,75.0,0.0,False
stg_pln_cnt_12m_adv_light,0.0,0.0,75.0,0.0,False
stg_pln_sum_rep_prc_1m_his_d0_evn_zd_rto_v2,0.0,0.0,75.0,0.0,False
m1_add_bathch_rep_apl_suc_amt_sum,0.0,0.0,75.0,0.0,False
m1_add_bathch_rep_apl_suc_amt_avg,0.0,0.0,75.0,0.0,False
m3_manual_tim_13_18_rep_apl_fal_cnt,0.0,0.0,75.0,0.0,False
m1_add_bathch_rep_apl_suc_cnt_rat,0.0,0.0,75.0,0.0,False
m1_stg_pln_add_bathch_rep_apl_cnt_avg,0.0,0.0,75.0,0.0,False
d360_apl_ord_stg_num_max,0.0,0.0,75.0,0.0,False
min_ddf_rep_dte_ord_crt_tim_neg_1_bjq_12m,0.0,0.0,75.0,0.0,False
m6_manual_tim_19_24_rep_apl_fal_cnt,0.0,0.0,75.0,0.0,False
6m_used_lmt_first_der_small_0_sum,0.0,0.24733300507068634,75.0,0.0,False
stg_pln_sum_rep_prc_1m_his_d0_afn_pk_rto_v2,0.0,0.0,75.0,0.0,False
m6_stg_pln_ovd_1d_3d_manual_deduct_rep_apl_fal_cnt,0.0,0.0,75.0,0.0,False
m3_stg_pln_rep_apl_cnt_min,0.0,0.0,75.0,0.0,False
light_d720_sum_faqi_stg_num_divide_heavy_d720_sum_faqi_stg_num,0.0,0.0,75.0,0.0,False
credit_fund_level2_max_ir_cnt_24m,0.0,0.0,75.0,0.0,False
6m_used_lmt_second_der_median,0.0,0.0,75.0,0.0,False
max_ddf_rep_tim_dte_adv,0.0,0.7302924990653992,75.0,0.0,False
m1_add_bathch_mrn_rep_apl_suc_cnt,0.0,0.0,75.0,0.0,False
cnt_ord_cnt_ever_overdue_rte_30d_90d,0.0,0.0,75.0,0.0,False
percent_true_call_mode_is_ai_called_phone_social_relations_is_self_is_can_contact_person_is_no_60d,0.0,0.0,75.0,0.0,False
m6_stg_pln_ovd_1d_3d_manual_rep_apl_fal_cnt,0.0,0.0,75.0,0.0,False
m6_stg_pln_ovd_1d_3d_manual_rep_apl_fal_cnt_rat,0.0,0.0,75.0,0.0,False
18m_con_asc_repay_max,0.0,0.0,75.0,0.0,False
stg_pln_sum_rep_prc_his_ovd_3d_pls_7d_zd,0.0,0.0,75.0,0.0,False
m3_manual_weekend_day_rep_apl_fal_cnt,0.0,0.0,75.0,0.0,False
ord_apl_cnt_360_day_00_03_bjq_12m,0.0,0.0,75.0,0.0,False
stg_pln_min_prc_amt_6m_12m_ftr_rto_cash,0.0,0.0,75.0,0.0,False
ord_apl_sum_prc_amt_360_day_00_03_bjq_12m,0.0,0.0,75.0,0.0,False
heavy_d720_sum_faqi_prc_amt_divide_light_d720_sum_ontim_repay_amt,0.0,0.0,75.0,0.0,False
stg_pln_sum_prc_amt_24m_36m_rto_light,0.0,0.0,75.0,0.0,False
stg_pln_sum_prc_amt_his_adv_light,0.0,0.0,75.0,0.0,False
his_360_day_bt_apl_ord_cnt_csh_rto_bjq_12m,0.0,0.0,75.0,0.0,False
stg_pln_max_prc_amt_ovd_7d_pls_rep_bjq_12m,0.0,0.0,75.0,0.0,False
stg_pln_sum_prc_amt_ovd_7d_pls_rep_bjq_12m_rto,0.0,0.0,75.0,0.0,False
avg_ddf_rep_dte_ord_crt_tim_1,0.0,0.0,75.0,0.0,False
stg_pln_sum_rep_prc_6m_due_light,0.0,0.0,75.0,0.0,False
stg_pln_cnt_due_6m_rto_his_light,0.0,0.0,75.0,0.0,False
d360_prc_amt_mor_50_000_apl_ord_cnt,0.0,0.0,75.0,0.0,False
recent_24m_prepay_3d_month_cnt,0.0,0.0,75.0,0.0,False
stg_pln_avg_rep_prc_6m_due_light,0.0,0.0,75.0,0.0,False
m6_pmt_not_eng_cnt_pday_max,0.0,0.0,75.0,0.0,False
ai_busy_cnt_15d,0.0,0.0,75.0,0.0,False
percent_true_followup_code_other_90d,0.0,0.0,75.0,0.0,False
12stg_pln_repay_amt_first_der_median,0.0,0.0,75.0,0.0,False
d720_max_ovd_repay_amt_divide_d720_max_suc_prc_amt,0.0,0.0,75.0,0.0,False
fst_ord_stg_num,0.0,0.0,75.0,0.0,False
stg_pln_avg_prc_amt_his_adv_light,0.0,0.0,75.0,0.0,False
m6_stg_pln_rep_apl_amt_adv_sum,0.0,0.0,75.0,0.0,False
loan_reject_unique_fund_cnt_1m,0.0,0.0,75.0,0.0,False
stg_pln_sum_rep_prc_3m_his_ovd_0d_pls_3d_mrn_pk_rto_v2,0.0,0.0,75.0,0.0,False
m6_stg_pln_adv_rep_apl_fal_cnt_rat,0.0,0.0,75.0,0.0,False
ai_refuse_cnt_60d,0.0,0.0,75.0,0.0,False
m6_stg_pln_adv_manual_rep_apl_fal_cnt,0.0,0.0,75.0,0.0,False
recent_6m_credit_fundcls_lv1_month_cnt,0.0,0.0,75.0,0.0,False
ddf_12m_rep_dte_neg_1_crt_dt_rep_prc_amt_rto,0.0,0.0,75.0,0.0,False
credit_limit_cnt_24m,0.0,0.0,75.0,0.0,False
min_ddf_mdl_rep_tim_d0_rep_his_bjq_12m,0.0,0.0,75.0,0.0,False
his_heavy_fail_trade_light_ovd_repay_same_month_count,0.0,0.0,75.0,0.0,False
stg_pln_sum_rep_prc_12m_his_ovd_0d_pls_3d_mrn_pk_rto,0.0,0.0,75.0,0.0,False
m3_stg_pln_normal_batch_rep_apl_suc_cnt_max,0.0,0.0,75.0,0.0,False
stg_pln_max_prc_amt_6m_adv_light,0.0,0.0,75.0,0.0,False
stg_pln_sum_prc_amt_6m_adv_light,0.0,0.0,75.0,0.0,False
his_light_suc_trade_heavy_advance_repay_same_month_count,0.0,0.0,75.0,0.0,False
credit_avg_ir_cnt_24m,0.0,0.0,75.0,0.0,False
stg_pln_avg_prc_amt_6m_adv_light,0.0,0.0,75.0,0.0,False
d360_ovdrepay_thismon_sum_larger_than_rsk_avl_lmt_cash_count_sum,0.0,0.0,75.0,0.0,False
used_rate_ch_grt_0p2_cnt_3m,0.0,0.0,75.0,0.0,False
m3_rep_apl_suc_amt_avg,0.0,0.0,75.0,0.0,False
heavy_unpaid_principal_his_divide_d720_light_limit_max,0.0,0.0,75.0,0.0,False
18m_con_dsc_repay_max,0.0,0.0,75.0,0.0,False
m3_payment_not_eng_mdl_crt_ddf_avg,0.0,0.0,75.0,0.0,False
his_1080_day_bt_apl_ord_cnt_csh_rto,0.0,0.0,75.0,0.0,False
his_heavy_suc_trade_light_advance_repay_same_month_count,0.0,0.0,75.0,0.0,False
m1_stg_pln_d0_manual_rep_apl_fal_cnt,0.0,0.0,75.0,0.0,False
his_heavy_suc_trade_light_ovd_repay_same_month_count,0.0,0.0,75.0,0.0,False
ddf_bjq_12m_rep_dte_neg_5_crt_dt_min_prc_amt,0.0,0.0,75.0,0.0,False
ddf_12m_rep_dte_1_crt_dt_rep_prc_amt_rto,0.0,2.267707586288452,75.0,0.0,False
3ord_apply_amt_second_der_great_0_sum,0.0,0.0,75.0,0.0,False
d360_trade_fail_amt_sum_mon_divide_his_trade_success_amt_sum_mon,0.0,0.0,75.0,0.0,False
ddf_3m_rep_dte_neg_7_crt_dt_rep_prc_amt_rto,0.0,0.0,75.0,0.0,False
ai_answer_cnt_10d,0.0,0.0,75.0,0.0,False
m3_manual_deduct_rep_apl_fal_stg_pln_cnt_max,0.0,0.0,75.0,0.0,False
d90_repaid_interest_fee_sum_divide_d90_principal_sum,0.0,0.0,75.0,0.0,False
his_ovd_1d3d_repay_amt_sum_divide_adv_3dminus_repay_amt_sum,0.0,0.0,75.0,0.0,False
ddf_bjq_12m_rep_dte_7_crt_dt_min_prc_amt,0.0,0.0,75.0,0.0,False
ddf_3m_rep_dte_7_crt_dt_rep_prc_amt_rto,0.0,0.0,75.0,0.0,False
m3_manual_deduct_rep_apl_fal_stg_pln_cnt_avg,0.0,0.0,75.0,0.0,False
min_ddf_rep_dte_ord_crt_tim_neg_3,0.0,0.0,75.0,0.0,False
m6_normal_batch_rep_apl_suc_amt_avg,0.0,0.0,75.0,0.0,False
rsk_avl_lmt_ch_1m_les_10000_cnt_bjq_12m,0.0,0.0,75.0,0.0,False
m6_manual_tim_0_5_rep_apl_fal_cnt,0.0,0.0,75.0,0.0,False
light_d720_sum_faqi_prc_amt_divide_heavy_d720_sum_faqi_prc_amt,0.0,0.0,75.0,0.0,False
his_360_day_csh_apl_ord_cnt_bjq_12m,0.0,0.0,75.0,0.0,False
d1080_ovdrepay_large_than_ontimrepay_amt_months_count_sum,0.0,0.0,75.0,0.0,False
loan_max_ir_36m,0.0,0.0,75.0,0.0,False
stg_pln_sum_rep_prc_his_ovd_0d_pls_3d_mrn_pk_v2,0.0,0.0,75.0,0.0,False
m6_submit_fal_rep_apl_cnt,0.0,0.0,75.0,0.0,False
m1_payment_not_eng_mdl_crt_ddf_max,0.0,0.0,75.0,0.0,False
m1_normal_batch_rep_apl_stg_pln_cnt_max,0.0,0.0,75.0,0.0,False
stg_pln_sum_rep_prc_12m_his_ovd_0d_pls_3d_afn_pk_rto_v2,0.0,0.0,75.0,0.0,False
m3_stg_pln_manual_rep_apl_cnt_max,0.0,0.0,75.0,0.0,False
m3_stg_pln_pmt_not_eng_cnt_min,0.0,0.0,75.0,0.0,False
m3_stg_pln_normal_batch_rep_apl_fal_cnt_equal_0_cnt_rat,0.0,0.0,75.0,0.0,False
ai_answer_close_cnt_30d,0.0,0.0,75.0,0.0,False
m6_manual_deduct_rep_apl_suc_cnt,0.0,0.0,75.0,0.0,False
used_rate_ch_grt_0p2_rate_3m_suc,0.0,0.0,75.0,0.0,False
m6_manual_deduct_rep_apl_suc_stg_pln_cnt_sum,0.0,0.0,75.0,0.0,False
ord_apl_suc_sum_prc_amt_360_day_00_03_bjq_12m,0.0,0.0,75.0,0.0,False
ord_apl_suc_cnt_360_day_00_03_bjq_12m,0.0,0.0,75.0,0.0,False
m6_manual_deduct_rep_apl_suc_amt_max,0.0,0.0,75.0,0.0,False
m6_manual_deduct_rep_apl_suc_amt_avg,0.0,0.0,75.0,0.0,False
m1_part_suc_rep_apl_cnt,0.0,0.0,75.0,0.0,False
m1_part_suc_rep_apl_cnt_rat,0.0,0.0,75.0,0.0,False
fst_fal_ord_stg_num,0.0,0.0,75.0,0.0,False
his_light_suc_trade_heavy_ovd_repay_same_month_count,0.0,0.0,75.0,0.0,False
f54__percent_true_call_mode_is_manual_called_phone_social_relations_is_self_is_can_contact_person_is_no_90d,0.0,0.0,75.0,0.0,False
stg_pln_cnt_adv_3d,0.0,0.0,75.0,0.0,False
loan_fund_level2_max_ir_all,0.0,0.0,75.0,0.0,False
m1_stg_pln_rep_apl_fal_cnt_mor_1_rep_apl_amt_sum,0.0,0.0,75.0,0.0,False
bsy_typ_suc_cnt_his,0.0,0.0,75.0,0.0,False
m6_stg_pln_manual_rep_apl_suc_cnt_min,0.0,0.0,75.0,0.0,False
max_ddf_rep_dte_ord_crt_tim_1,0.0,0.0,75.0,0.0,False
avg_ddf_rep_dte_ord_crt_tim_neg_3,0.0,0.0,75.0,0.0,False
credit_loan_avg_days_24m,0.0,0.0,75.0,0.0,False
min_ddf_rep_tim_dte_ovd_pls_rep_bjq_12m,0.0,0.0,75.0,0.0,False
his_light_fail_trade_heavy_ovd_repay_same_month_count,0.0,0.0,75.0,0.0,False
m3_stg_pln_ovd_1d_3d_manual_rep_apl_fal_cnt,0.0,0.0,75.0,0.0,False
his_heavy_ovd_repay_light_ovd_repay_same_month_count,0.0,0.0,75.0,0.0,False
credit_avg_limit_cnt_36m,0.0,0.0,75.0,0.0,False
m3_submit_fal_rep_apl_cnt,0.0,0.0,75.0,0.0,False
m3_submit_fal_rep_apl_cnt_rat,0.0,0.0,75.0,0.0,False
m6_normal_batch_rep_apl_suc_amt_min,0.0,0.0,75.0,0.0,False
percent_true_followup_code_yjt_15d,0.0,0.0,75.0,0.0,False
ai_wcnhk_cnt_15d,0.0,0.0,75.0,0.0,False
m3_manual_tim_19_24_rep_apl_fal_cnt,0.0,0.0,75.0,0.0,False
min_ddf_rep_dte_ord_crt_tim_neg_1,0.0,0.0,75.0,0.0,False
dvc_cnt_cjj_30,0.0,0.0,75.0,0.0,False
m6_stg_pln_ovd_1d_3d_manual_deduct_rep_apl_suc_cnt_rat,0.0,0.0,75.0,0.0,False
stg_pln_min_prc_amt_12m_ftr_his_rto_cash,0.0,0.0,75.0,0.0,False
stg_pln_sum_prc_amt_36m_his_rto_light,0.0,0.0,75.0,0.0,False
m3_pmt_not_eng_cnt_pday_equal_1_day_cnt,0.0,0.0,75.0,0.0,False
ai_call_cnt_3d,0.0,0.0,75.0,0.0,False
loan_pass_unique_fund_cnt_1m,0.0,0.0,75.0,0.0,False
d1080_ovdrepay_ontimrepay_in_same_month_count_sum,0.0,0.0,75.0,0.0,False
d90_d360_suc_ord_prc_amt_avg_rat,0.0,0.0,75.0,0.0,False
d180_max_adv_repay_amt_divide_d180_max_faqi_prc_amt,0.0,0.0,75.0,0.0,False
m1_manual_tim_6_12_rep_apl_fal_cnt,0.0,0.0,75.0,0.0,False
his_heavy_light_suc_trade_same_date_count,0.0,0.0,75.0,0.0,False
stg_pln_sum_rep_prc_12m_his_ovd_0d_pls_3d_afn_pk_rto,0.0,0.0,75.0,0.0,False
m1_stg_pln_crd_cnt_min,0.0,0.0,75.0,0.0,False
d180_adv_repay_fee_sum,0.0,0.0,75.0,0.0,False
stg_pln_min_prc_amt_36m_light,0.0,0.0,75.0,0.0,False
d360_stddev_adv_repay_fee,0.0,0.0,75.0,0.0,False
min_rsk_lmt_rate_bt_ch_3m,0.0,0.0,75.0,0.0,False
stg_pln_cnt_his_fst_ord_bjq_12m,0.0,0.0,75.0,0.0,False
mdt_lst_30d_60d_stg_cnt_advance_rte,0.0,0.0,75.0,0.0,False
stg_pln_sum_prc_amt_6m_12m_rto_ftr,0.0,0.0,75.0,0.0,False
m6_stg_pln_rep_apl_cnt_min,0.0,0.0,75.0,0.0,False
percent_true_followup_code_wfjt_is_can_contact_person_yes_180d,0.0,0.0,75.0,0.0,False
rsk_lmt_rate_ch_1m_grt_0p95_rate_bjq_12m,0.0,0.0,75.0,0.0,False
percent_true_followup_code_wfjt_call_mode_manual_60d,0.0,0.0,75.0,0.0,False
recent_1m_credit_fundcls_lv2_month_cnt,0.0,0.0,75.0,0.0,False
m1_stg_pln_his_ovd_normal_batch_rep_apl_suc_cnt,0.0,0.0,75.0,0.0,False
rsi_af_1y_inter_3m,0.0,2.2573750019073486,75.0,0.0,False
d90_ovdrepay_1wplus_trade_in_same_month_count_sum,0.0,0.0,75.0,0.0,False
m1_rep_apl_stg_pln_cnt_mor_1_cnt,0.0,0.0,75.0,0.0,False
percent_true_followup_code_yyxh_call_mode_ai_60d,0.0,0.0,75.0,0.0,False
stg_pln_avg_prc_amt_1m_3m_ftr_rto_all,0.0,0.0,75.0,0.0,False
f54__percent_true_call_mode_is_manual_called_phone_social_relations_is_self_is_can_contact_person_is_yes_180d,0.0,0.0,75.0,0.0,False
15d_range_sum_prc_amt_1m,0.0,0.0,75.0,0.0,False
recent_6m_prepay_3d_month_rto,0.0,0.0,75.0,0.0,False
d15_prc_amt_mor_20_000_apl_ord_cnt,0.0,0.0,75.0,0.0,False
m6_stg_pln_rep_apl_cnt_his_ovd_avg,0.0,0.0,75.0,0.0,False
d1080_ovdrepay_1_4am_trade_in_same_month_count_sum,0.0,0.0,75.0,0.0,False
ai_ptp_cnt_60d,0.0,0.0,75.0,0.0,False
ai_busy_cnt_7d,0.0,0.0,75.0,0.0,False
percent_true_followup_code_other_call_mode_manual_90d,0.0,0.0,75.0,0.0,False
stg_pln_cnt_6m_12m_ftr_rto_all,0.0,0.0,75.0,0.0,False
credit_max_limit_cnt_12m,0.0,0.0,75.0,0.0,False
f54__percent_true_call_mode_is_manual_called_phone_social_relations_is_friend_180d,0.0,0.0,75.0,0.0,False
stg_pln_min_prc_amt_d0_rep_his_fst_ord,0.0,0.0,75.0,0.0,False
ord_apl_sum_prc_amt_360_day_04_06_bjq_12m,0.0,0.0,75.0,0.0,False
ord_apl_cnt_360_day_04_06_bjq_12m,0.0,0.0,75.0,0.0,False
ddf_bjq_12m_rep_dte_3_crt_dt_min_prc_amt,0.0,0.0,75.0,0.0,False
m3_stg_pln_rep_apl_amt_d0_max,0.0,0.0,75.0,0.0,False
d360_bsy_typ_api_suc_ord_cnt_all,0.0,0.0,75.0,0.0,False
stg_pln_max_prc_amt_adv_d0_rep_his_fst_ord_bjq_12m,0.0,0.0,75.0,0.0,False
used_rate_ch_grt_0p2_cnt_1m_suc,0.0,0.0,75.0,0.0,False
stg_pln_avg_prc_amt_3m_6m_ftr_rto_all,0.0,0.0,75.0,0.0,False
12ord_apply_amt_second_der_sum,0.0,0.0,75.0,0.0,False
ai_refuse_cnt_21d,0.0,0.0,75.0,0.0,False
d1080_advrepay_large_than_ontimrepay_amt_months_count_sum,0.0,0.0,75.0,0.0,False
d1080_faqi_unpaid_principal_tot_larger_than_rsk_adt_lmt_cash_his_t_day_count_sum,0.0,0.0,75.0,0.0,False
ai_answer_close_cnt_15d,0.0,0.0,75.0,0.0,False
stg_pln_max_prc_amt_ovd_14d_pls_rep_bjq_12m,0.0,0.0,75.0,0.0,False
stg_pln_sum_prc_amt_ovd_14d_pls_rep_bjq_12m_rto,0.0,0.0,75.0,0.0,False
stg_pln_cnt_ovd_14d_pls_rep_bjq_12m,0.0,0.0,75.0,0.0,False
his_lend_light_to_repay_heavy_inner14d_order_amt_rate,0.0,0.0,75.0,0.0,False
recent_1m_stg_rise_month_rto,0.0,0.0,75.0,0.0,False
3m_repay_ftr_amt_first_der_small_0_count,0.0,0.0,75.0,0.0,False
percent_true_followup_code_wfjt_called_phone_social_relations_friend_90d,0.0,0.0,75.0,0.0,False
stg_pln_sum_rep_prc_1m_his_ovd_0d_pls_3d_mrn_pk_rto_v2,0.0,0.0,75.0,0.0,False
m1_manual_tim_6_12_rep_apl_cnt_rat,0.0,0.0,75.0,0.0,False
max_ddf_rep_dte_ord_crt_tim_7_bjq_12m,0.0,0.0,75.0,0.0,False
stg_pln_cnt_1m_adv_light,0.0,0.0,75.0,0.0,False
used_rate_ch_grt_0p8_cnt_1m,0.0,0.0,75.0,0.0,False
d180_bsy_typ_api_apl_ord_cnt_all,0.0,0.0,75.0,0.0,False
m6_stg_pln_pmt_not_eng_cnt_min,0.0,0.0,75.0,0.0,False
d90_max_due_prc_amt_divide_rsk_adt_lmt_cash,0.0,0.0,75.0,0.0,False
percent_true_followup_code_wfjt_90d,0.0,0.0,75.0,0.0,False
percent_true_followup_code_wfjt_called_phone_social_relations_family_90d,0.0,0.0,75.0,0.0,False
m3_payment_not_eng_mdl_crt_ddf_max,0.0,0.0,75.0,0.0,False
stg_pln_max_prc_amt_1m_adv_light,0.0,0.0,75.0,0.0,False
stg_pln_avg_prc_amt_1m_adv_light,0.0,0.0,75.0,0.0,False
d90_prc_amt_mor_50_000_suc_ord_cnt,0.0,0.0,75.0,0.0,False
rsk_lmt_rate_ch_1m_grt_0p9_cnt_bjq_12m,0.0,0.0,75.0,0.0,False
12stg_pln_repay_amt_second_der_mean_rto,0.0,2.4589600563049316,75.0,0.0,False
m3_stg_pln_manual_deduct_rep_apl_suc_cnt_max,0.0,0.0,75.0,0.0,False
m3_stg_pln_manual_deduct_rep_apl_suc_cnt_sum,0.0,0.0,75.0,0.0,False
d60_d90_suc_ord_prc_amt_avg_rat,0.0,0.0,75.0,0.0,False
d7_prc_amt_mor_10_000_suc_ord_cnt,0.0,0.0,75.0,0.0,False
ddf_bjq_12m_rep_dte_neg_1_crt_dt_min_prc_amt,0.0,0.0,75.0,0.0,False
m3_manual_deduct_rep_apl_suc_stg_pln_cnt_max,0.0,0.0,75.0,0.0,False
m3_manual_deduct_rep_apl_suc_amt_sum,0.0,0.0,75.0,0.0,False
m3_manual_deduct_rep_apl_suc_amt_avg,0.0,0.0,75.0,0.0,False
m3_manual_deduct_rep_apl_suc_cnt_rat,0.0,0.0,75.0,0.0,False
5d_range_ord_cnt_1m,0.0,0.0,75.0,0.0,False
5d_range_avg_prc_amt_1m,0.0,0.0,75.0,0.0,False
d60_prc_amt_mor_50_000_apl_ord_cnt,0.0,0.0,75.0,0.0,False
m1_manual_deduct_rep_apl_stg_pln_cnt_max,0.0,0.0,75.0,0.0,False
m1_manual_deduct_rep_apl_stg_pln_cnt_sum,0.0,0.0,75.0,0.0,False
m1_manual_deduct_rep_apl_cnt_rat,0.0,0.0,75.0,0.0,False
m1_manual_tim_13_18_rep_apl_fal_cnt,0.0,0.0,75.0,0.0,False
percent_true_followup_code_wfjt_is_can_contact_person_yes_90d,0.0,0.0,75.0,0.0,False
his_heavy_ontime_repay_light_ovd_repay_same_date_count,0.0,0.0,75.0,0.0,False
percent_true_followup_code_other_called_phone_social_relations_family_180d,0.0,0.0,75.0,0.0,False
percent_true_call_mode_is_manual_called_phone_social_relations_is_family_is_can_contact_person_is_yes_180d,0.0,0.0,75.0,0.0,False
his_settle_loan_diff_days_min,0.0,0.0,75.0,0.0,False
percent_true_followup_code_yjt_7d,0.0,0.0,75.0,0.0,False
stg_pln_min_prc_amt_24m_light,0.0,0.0,75.0,0.0,False
ai_wcnhk_cnt_7d,0.0,0.0,75.0,0.0,False
max_ddf_rep_dte_ord_crt_tim_neg_7,0.0,0.0,75.0,0.0,False
m1_submit_fal_rep_apl_cnt,0.0,0.0,75.0,0.0,False
m1_submit_fal_rep_apl_cnt_rat,0.0,0.0,75.0,0.0,False
m1_manual_deduct_rep_apl_fal_stg_pln_cnt_max,0.0,0.0,75.0,0.0,False
his_1080_day_bt_suc_ord_cnt_csh_rto,0.0,0.0,75.0,0.0,False
percent_true_followup_code_yyxh_30d,0.0,0.0,75.0,0.0,False
loan_fund_level2_min_ir_36m,0.0,0.0,75.0,0.0,False
f54__percent_true_call_mode_is_manual_called_phone_social_relations_is_self_is_can_contact_person_is_yes_90d,0.0,0.0,75.0,0.0,False
max_rsk_lmt_rate_bt_ch_3m,0.0,0.0,75.0,0.0,False
stg_pln_max_prc_amt_1m_due_light,0.0,0.0,75.0,0.0,False
stg_pln_cnt_1m_due_light,0.0,0.0,75.0,0.0,False
stg_pln_avg_prc_amt_1m_due_light,0.0,0.0,75.0,0.0,False
ord_apl_suc_sum_prc_amt_360_day_04_06_bjq_12m,0.0,0.0,75.0,0.0,False
ord_apl_suc_cnt_360_day_04_06_bjq_12m,0.0,0.0,75.0,0.0,False
m1_manual_weekend_day_rep_apl_fal_cnt,0.0,0.0,75.0,0.0,False
his_heavy_ovd_repay_light_ovd_repay_same_date_count,0.0,0.0,75.0,0.0,False
f54__percent_true_call_mode_is_manual_called_phone_social_relations_is_self_is_can_contact_person_is_no_30d,0.0,0.0,75.0,0.0,False
stg_pln_cnt_due_1m_rto_his_light,0.0,0.0,75.0,0.0,False
credit_min_limit_cnt_24m,0.0,0.0,75.0,0.0,False
stg_pln_fst_sum_prc_amt_ovd_3d_pls_rep_bjq_12m,0.0,0.0,75.0,0.0,False
stg_pln_fst_cnt_ovd_3d_pls_rep_bjq_12m,0.0,0.0,75.0,0.0,False
m1_stg_pln_his_ovd_manual_rep_apl_fal_cnt,0.0,0.0,75.0,0.0,False
m3_normal_batch_rep_apl_stg_pln_cnt_max,0.0,0.0,75.0,0.0,False
3m_used_lmt_second_der_median,0.0,0.0,75.0,0.0,False
his_720_day_bt_apl_ord_cnt_csh_rto,0.0,0.0,75.0,0.0,False
recent_24m_settle_loan_diff_days_max,0.0,0.0,75.0,0.0,False
30stg_pln_repay_amt_first_der_mean_rto,0.0,0.0,75.0,0.0,False
his_light_suc_trade_heavy_advance_repay_same_date_count,0.0,0.0,75.0,0.0,False
d360_schedule_pay_penalty_sum_divide_d360_principal_sum,0.0,0.0,75.0,0.0,False
stg_pln_min_prc_amt_adv_bjq_12m,0.0,0.0,75.0,0.0,False
d180_ovdrepay_1_4am_trade_in_same_month_count_sum,0.0,0.0,75.0,0.0,False
percent_true_followup_code_other_15d,0.0,0.0,75.0,0.0,False
percent_true_followup_code_other_called_phone_social_relations_family_90d,0.0,0.0,75.0,0.0,False
percent_true_followup_code_jjhk_180d,0.0,0.0,75.0,0.0,False
light_his_sum_faqi_prc_amt_divide_heavy_his_sum_adv_repay_amt,0.0,0.0,75.0,0.0,False
m1_stg_pln_ovd_1d_3d_manual_deduct_rep_apl_fal_cnt,0.0,0.0,75.0,0.0,False
stg_pln_sum_rep_prc_12m_his_ovd_3d_pls_7d_zd_rto,0.0,0.0,75.0,0.0,False
recent_36m_due_month_rto,0.0,0.0,75.0,0.0,False
recent_24m_settle_loan_diff_days_min,0.0,0.0,75.0,0.0,False
stg_pln_sum_rep_prc_3m_his_ovd_0d_pls_3d_afn_pk_rto_v2,0.0,0.0,75.0,0.0,False
d180_bsy_typ_ep_suc_ord_cnt_all,0.0,0.0,75.0,0.0,False
stg_pln_sum_rep_prc_3m_his_ovd_0d_pls_3d_afn_pk_rto,0.0,0.0,75.0,0.0,False
stg_pln_sum_rep_prc_3m_his_ovd_0d_pls_3d_mrn_pk_rto,0.0,0.0,75.0,0.0,False
m1_manual_tim_0_5_rep_apl_fal_cnt,0.0,0.0,75.0,0.0,False
m1_manual_tim_19_24_rep_apl_fal_cnt,0.0,0.0,75.0,0.0,False
his_heavy_advance_repay_light_advance_repay_same_date_count,0.0,0.0,75.0,0.0,False
stg_pln_min_prc_amt_36m_on_light,0.0,0.0,75.0,0.0,False
percent_true_call_mode_is_manual_called_phone_social_relations_is_friend_is_can_contact_person_is_yes_180d,0.0,0.0,75.0,0.0,False
percent_true_followup_code_other_called_phone_social_relations_friend_180d,0.0,0.0,75.0,0.0,False
his_heavy_shouxin_inner30d_light_trade_suc_count,0.0,0.0,75.0,0.0,False
ai_refuse_cnt_7d,0.0,0.0,75.0,0.0,False
his_heavy_advance_repay_light_ovd_repay_same_month_count,0.0,0.0,75.0,0.0,False
30stg_pln_repay_amt_second_der_mean_rto,0.0,0.0,75.0,0.0,False
ai_answer_close_cnt_7d,0.0,0.0,75.0,0.0,False
stg_pln_cnt_ovd_3d_pls_rep_3m_rto,0.0,0.0,75.0,0.0,False
his_light_ontime_repay_heavy_ovd_repay_same_date_count,0.0,0.0,75.0,0.0,False
m1_stg_pln_manual_deduct_rep_apl_suc_cnt_max,0.0,0.0,75.0,0.0,False
percent_true_call_mode_is_manual_called_phone_social_relations_is_family_30d,0.0,0.0,75.0,0.0,False
f54__percent_true_call_mode_is_manual_called_phone_social_relations_is_family_is_can_contact_person_is_yes_60d,0.0,0.0,75.0,0.0,False
ai_busy_cnt_3d,0.0,0.0,75.0,0.0,False
percent_true_call_mode_is_manual_called_phone_social_relations_is_self_15d,0.0,0.0,75.0,0.0,False
ord_apl_suc_sum_prc_amt_360_day_bjq_12m,0.0,0.0,75.0,0.0,False
percent_true_call_mode_is_manual_called_phone_social_relations_is_friend_is_can_contact_person_is_yes_90d,0.0,0.0,75.0,0.0,False
ddf_bjq_12m_rep_dte_0_crt_dt_min_prc_amt,0.0,0.0,75.0,0.0,False
loan_fund_level2_principal_avg_36m,0.0,0.0,75.0,0.0,False
max_ddf_rep_tim_dte_adv_bjq_12m,0.0,0.0,75.0,0.0,False
m6_stg_pln_rep_apl_amt_ovd_1d_3d_sum,0.0,0.0,75.0,0.0,False
d360_max_ovd_repay_amt_divide_d360_max_suc_prc_amt,0.0,0.0,75.0,0.0,False
m1_manual_deduct_rep_apl_suc_amt_sum,0.0,0.0,75.0,0.0,False
m1_manual_deduct_rep_apl_suc_cnt_rat,0.0,0.0,75.0,0.0,False
d30_prc_amt_mor_50_000_apl_ord_cnt,0.0,0.0,75.0,0.0,False
d180_d360_suc_ord_prc_amt_avg_rat,0.0,0.0,75.0,0.0,False
percent_true_followup_code_other_call_mode_manual_30d,0.0,0.0,75.0,0.0,False
recent_1m_credit_fundcls_other_month_cnt,0.0,0.0,75.0,0.0,False
min_rsk_avl_lmt_36m_bt_ch,0.0,1.5429500341415405,75.0,0.0,False
3m_repay_amt_second_der_sum,0.0,0.0,75.0,0.0,False
his_ontimrepay_thismon_sum_larger_than_rsk_adt_lmt_cash_count_sum,0.0,0.0,75.0,0.0,False
d90_bsy_typ_ep_suc_ord_cnt_all,0.0,0.0,75.0,0.0,False
f54__percent_true_call_mode_is_manual_called_phone_social_relations_is_friend_30d,0.0,0.0,75.0,0.0,False
d360_trade_fail_stgnum_avg_mon_divide_his_trade_success_stgnum_avg_mon,0.0,0.0,75.0,0.0,False
ai_ptp_cnt_21d,0.0,0.0,75.0,0.0,False
percent_true_followup_code_yjt_is_can_contact_person_yes_180d,0.0,0.0,75.0,0.0,False
credit_loan_usage_rate_24m,0.0,0.0,75.0,0.0,False
stg_pln_sum_rep_prc_3m_his_ovd_3d_pls_7d_zd_rto_v2,0.0,0.0,75.0,0.0,False
m1_stg_pln_adv_manual_rep_apl_fal_cnt,0.0,0.0,75.0,0.0,False
m1_stg_pln_adv_rep_apl_fal_cnt_rat,0.0,0.0,75.0,0.0,False
f54__percent_true_call_mode_is_manual_called_phone_social_relations_is_self_is_can_contact_person_is_yes_30d,0.0,0.0,75.0,0.0,False
percent_true_followup_code_yyxh_call_mode_ai_15d,0.0,0.0,75.0,0.0,False
his_heavy_fail_trade_light_ovd_repay_same_date_count,0.0,0.0,75.0,0.0,False
max_ddf_rep_tim_dte_ovd_pls_rep_bjq_12m,0.0,0.0,75.0,0.0,False
m3_payment_not_eng_inteday_avg,0.0,0.0,75.0,0.0,False
d90_ovdrepay_1_4am_trade_in_same_month_count_sum,0.0,0.0,75.0,0.0,False
ord_apl_max_prc_amt_360_day_bjq_12m,0.0,0.0,75.0,0.0,False
3m_repay_ftr_amt_second_der_small_0_count,0.0,0.0,75.0,0.0,False
percent_true_followup_code_yjt_call_mode_manual_90d,0.0,0.0,75.0,0.0,False
his_720_day_bt_suc_ord_cnt_csh_rto,0.0,0.0,75.0,0.0,False
6stg_pln_repay_amt_second_der_mean_rto,0.0,0.4711875021457672,75.0,0.0,False
recent_1m_lend_amt_over10k_month_cnt,0.0,0.0,75.0,0.0,False
d60_bsy_typ_api_apl_ord_cnt_all,0.0,0.0,75.0,0.0,False
m6_stg_pln_ovd_1d_3d_manual_rep_apl_suc_cnt_rat,0.0,0.0,75.0,0.0,False
percent_true_followup_code_yyxh_is_can_contact_person_yes_180d,0.0,0.0,75.0,0.0,False
percent_true_call_mode_is_manual_called_phone_social_relations_is_family_is_can_contact_person_is_yes_30d,0.0,0.0,75.0,0.0,False
his_360_day_csh_apl_ord_cnt_his_rto_bjq_12m,0.0,0.0,75.0,0.0,False
d7_prc_amt_mor_20_000_suc_ord_cnt,0.0,0.0,75.0,0.0,False
d360_successamt_thismon_sum_larger_than_rsk_adt_lmt_cash_count_sum,0.0,0.0,75.0,0.0,False
percent_true_followup_code_yjt_called_phone_social_relations_family_180d,0.0,0.0,75.0,0.0,False
percent_true_followup_code_other_7d,0.0,0.0,75.0,0.0,False
percent_true_followup_code_other_called_phone_social_relations_friend_60d,0.0,0.0,75.0,0.0,False
f54__percent_true_call_mode_is_manual_called_phone_social_relations_is_family_15d,0.0,0.0,75.0,0.0,False
percent_true_followup_code_other_called_phone_social_relations_family_30d,0.0,0.0,75.0,0.0,False
avg_ddf_rep_dte_ord_crt_tim_7_bjq_12m,0.0,0.0,75.0,0.0,False
f54__percent_true_call_mode_is_manual_called_phone_social_relations_is_self_7d,0.0,0.0,75.0,0.0,False
percent_true_followup_code_other_call_mode_manual_15d,0.0,0.0,75.0,0.0,False
his_light_advance_repay_heavy_ovd_repay_same_month_count,0.0,0.0,75.0,0.0,False
m3_stg_pln_manual_deduct_rep_apl_cnt_equal_1_cnt_rat,0.0,0.0,75.0,0.0,False
recent_1m_credit_fundcls_lv1_month_cnt,0.0,0.0,75.0,0.0,False
loan_fund_level2_max_terms_all,0.0,0.0,75.0,0.0,False
ai_answer_close_cnt_3d,0.0,0.0,75.0,0.0,False
avg_ddf_rep_dte_ord_crt_tim_neg_1,0.0,0.0,75.0,0.0,False
d90_bsy_typ_api_suc_ord_cnt_all,0.0,0.0,75.0,0.0,False
d15_prc_amt_mor_50_000_apl_ord_cnt,0.0,0.0,75.0,0.0,False
ai_wcnhk_cnt_3d,0.0,0.0,75.0,0.0,False
max_ddf_rep_dte_ord_crt_tim_5_bjq_12m,0.0,0.0,75.0,0.0,False
stg_pln_min_prc_amt_his_on_light,0.0,0.0,75.0,0.0,False
stg_pln_sum_rep_prc_3m_his_ovd_7d_pls_14d_zd_rto_v2,0.0,0.0,75.0,0.0,False
recent_36m_overdue_3d_month_rto,0.0,0.0,75.0,0.0,False
stg_pln_min_prc_amt_24m_on_light,0.0,0.0,75.0,0.0,False
his_heavy_suc_trade_light_advance_repay_same_date_count,0.0,0.0,75.0,0.0,False
stg_pln_min_prc_amt_ovd_pls_rep_bjq_12m,0.0,0.0,75.0,0.0,False
m6_payment_not_eng_inteday_avg,0.0,0.0,75.0,0.0,False
min_ddf_rep_dte_ord_crt_tim_7,0.0,0.0,75.0,0.0,False
percent_true_followup_code_yyxh_call_mode_manual_90d,0.0,0.0,75.0,0.0,False
m1_rep_apl_fal_stg_pln_cnt_mor_1_cnt,0.0,0.0,75.0,0.0,False
min_fst_ddf_mdl_rep_dte_ovd_pls_bjq,0.0,0.0,75.0,0.0,False
percent_true_followup_code_yyxh_7d,0.0,0.0,75.0,0.0,False
min_ddf_mdl_rep_tim_adv_bjq_12m,0.0,0.0,75.0,0.0,False
d90_d180_suc_ord_prc_amt_avg_rat,0.0,0.0,75.0,0.0,False
rsk_lmt_rate_ch_1m_grt_0p5_rate_bjq_12m,0.0,0.0,75.0,0.0,False
percent_true_followup_code_jjhk_call_mode_manual_180d,0.0,0.0,75.0,0.0,False
stg_pln_sum_rep_prc_1m_his_ovd_0d_pls_3d_afn_pk_rto,0.0,0.0,75.0,0.0,False
stg_pln_sum_prc_amt_ovd_3d_pls_rep_1m_rto_his,0.0,0.0,75.0,0.0,False
6ord_apply_amt_second_der_mean_rto,0.0,0.0,75.0,0.0,False
percent_true_followup_code_other_call_mode_yuce_180d,0.0,0.0,75.0,0.0,False
stg_pln_sum_prc_amt_ovd_3d_pls_rep_1m_rto,0.0,0.0,75.0,0.0,False
m3_manual_deduct_rep_apl_fal_stg_pln_cnt_mor_1_cnt,0.0,0.0,75.0,0.0,False
ai_refuse_cnt_3d,0.0,0.0,75.0,0.0,False
percent_true_followup_code_wfjt_is_can_contact_person_yes_15d,0.0,0.0,75.0,0.0,False
his_heavy_suc_trade_light_ovd_repay_same_date_count,0.0,0.0,75.0,0.0,False
stg_pln_cnt_ovd_7d_pls_rep_3m_rto,0.0,0.0,75.0,0.0,False
light_his_sum_faqi_prc_amt_divide_heavy_his_sum_ovd_repay_amt,0.0,0.0,75.0,0.0,False
his_light_fail_trade_heavy_ovd_repay_same_date_count,0.0,0.0,75.0,0.0,False
stg_pln_min_prc_amt_24m_ftr_light,0.0,0.0,75.0,0.0,False
min_ddf_mdl_rep_dte_his_bjq,0.0,0.0,75.0,0.0,False
m6_manual_rep_apl_suc_stg_pln_cnt_min,0.0,0.0,75.0,0.0,False
credit_fund_level1_reject_cnt_36m,0.0,0.0,75.0,0.0,False
f54__percent_true_call_mode_is_manual_called_phone_social_relations_is_family_is_can_contact_person_is_yes_15d,0.0,0.0,75.0,0.0,False
percent_true_followup_code_tskh_180d,0.0,0.0,75.0,0.0,False
percent_true_call_mode_is_manual_called_phone_social_relations_is_friend_is_can_contact_person_is_yes_30d,0.0,0.0,75.0,0.0,False
ai_busy_cnt,0.0,0.0,75.0,0.0,False
m6_stg_pln_rep_apl_suc_cnt_min,0.0,0.0,75.0,0.0,False
3ord_apply_amt_second_der_mean_rto,0.0,0.0,75.0,0.0,False
stg_pln_sum_rep_prc_12m_his_ovd_7d_pls_14d_zd_rto_v2,0.0,0.0,75.0,0.0,False
percent_true_call_mode_is_manual_called_phone_social_relations_is_family_7d,0.0,0.0,75.0,0.0,False
percent_true_followup_code_yjt_called_phone_social_relations_family_60d,0.0,0.0,75.0,0.0,False
stg_pln_sum_rep_prc_1m_his_ovd_0d_pls_3d_afn_pk_rto_v2,0.0,0.0,75.0,0.0,False
36stg_pln_repay_amt_first_der_mean_rto,0.0,0.0,75.0,0.0,False
percent_true_followup_code_yjt_called_phone_social_relations_friend_180d,0.0,0.0,75.0,0.0,False
stg_pln_sum_rep_prc_1m_his_ovd_0d_pls_3d_mrn_pk_rto,0.0,0.0,75.0,0.0,False
percent_true_followup_code_jjhk_30d,0.0,0.0,75.0,0.0,False
his_ovdrepay_amt_sum_divide_advrepay_amt_sum,0.0,0.6319800019264221,75.0,0.0,False
percent_true_followup_code_other_called_phone_social_relations_friend_30d,0.0,0.0,75.0,0.0,False
m6_stg_pln_adv_manual_rep_apl_suc_cnt_rat,0.0,0.0,75.0,0.0,False
min_ddf_rep_tim_dte_ovd_pls_rep_6m,0.0,0.0,75.0,0.0,False
stg_pln_min_prc_amt_his_due_light,0.0,0.0,75.0,0.0,False
percent_true_call_mode_is_manual_called_phone_social_relations_is_friend_7d,0.0,0.0,75.0,0.0,False
recent_6m_overdue_3d_month_rto,0.0,0.0,75.0,0.0,False
his_due_repay_amt_larger_than_rsk_adt_lmt_cash_his_t_day_count_sum,0.0,0.0,75.0,0.0,False
3ord_apply_amt_second_der_mean_diff,0.0,0.0,75.0,0.0,False
m1_stg_pln_manual_deduct_rep_apl_cnt_equal_1_cnt_rat,0.0,0.0,75.0,0.0,False
d30_suc_ord_prc_amt_per_stg_min_all,0.0,0.0,75.0,0.0,False
recent_1m_prepay_3d_month_rto,0.0,0.0,75.0,0.0,False
percent_true_followup_code_wfjt_180d,0.0,0.0,75.0,0.0,False
percent_true_call_mode_is_yuce_called_phone_social_relations_is_self_180d,0.0,0.0,75.0,0.0,False
loan_reject_cnt_all,0.0,0.0,75.0,0.0,False
stg_pln_sum_rep_prc_1m_his_ovd_3d_pls_7d_zd_rto_v2,0.0,0.0,75.0,0.0,False
stg_pln_min_prc_amt_adv_3d_bjq_12m,0.0,0.0,75.0,0.0,False
percent_true_followup_code_other_call_mode_manual_7d,0.0,0.0,75.0,0.0,False
stg_pln_max_prc_amt_adv_d0_rep_bjq_12m,0.0,0.0,75.0,0.0,False
d30_apl_ord_prc_amt_min,0.0,0.0,75.0,0.0,False
percent_true_followup_code_jjhk_15d,0.0,0.0,75.0,0.0,False
m1_normal_batch_rep_apl_suc_amt_min,0.0,0.0,75.0,0.0,False
f54__percent_true_call_mode_is_manual_called_phone_social_relations_is_friend_is_can_contact_person_is_yes_15d,0.0,0.0,75.0,0.0,False
d720_ovdrepay_amt_sum_divide_advrepay_amt_sum,0.0,0.0,75.0,0.0,False
stg_pln_min_prc_amt_ovd_1d_3d_rep_bjq_12m,0.0,0.0,75.0,0.0,False
m6_stg_pln_rep_apl_cnt_equal_1_manual_deduct_cnt,0.0,0.0,75.0,0.0,False
m6_stg_pln_adv_manual_deduct_rep_apl_suc_cnt,0.0,0.0,75.0,0.0,False
stg_pln_sum_rep_prc_1m_his_ovd_7d_pls_14d_zd_rto,0.0,0.0,75.0,0.0,False
3ord_apply_amt_first_der_mean_rto,0.0,0.0,75.0,0.0,False
d7_prc_amt_mor_50_000_apl_ord_cnt,0.0,0.0,75.0,0.0,False
ai_tousu2_cnt,0.0,0.0,75.0,0.0,False
his_heavy_shouxin_inner30d_light_trade_fail_count,0.0,0.0,75.0,0.0,False
d1080_advrepay_thismon_sum_larger_than_rsk_adt_lmt_cash_count_sum,0.0,0.0,75.0,0.0,False
percent_true_followup_code_yyxh_call_mode_manual_30d,0.0,0.0,75.0,0.0,False
percent_true_followup_code_jjhk_is_can_contact_person_yes_30d,0.0,0.0,75.0,0.0,False
sum_talk_duration_call_mode_ai_180d,0.0,0.0,75.0,0.0,False
his_light_suc_trade_heavy_ovd_repay_same_date_count,0.0,0.0,75.0,0.0,False
stg_pln_cnt_ovd_7d_pls_rep_1m_rto,0.0,0.0,75.0,0.0,False
rsk_avl_lmt_ch_1m_les_500_rate_bjq_12m,0.0,0.0,75.0,0.0,False
stg_pln_sum_rep_prc_12m_his_ovd_7d_pls_14d_zd_rto,0.0,0.0,75.0,0.0,False
percent_true_followup_code_jjhk_is_can_contact_person_yes_15d,0.0,0.0,75.0,0.0,False
stg_pln_sum_rep_prc_1m_his_ovd_7d_pls_14d_zd_rto_v2,0.0,0.0,75.0,0.0,False
percent_true_followup_code_jjhk_called_phone_social_relations_family_180d,0.0,0.0,75.0,0.0,False
percent_true_followup_code_yjt_called_phone_social_relations_friend_60d,0.0,0.0,75.0,0.0,False
m3_stg_pln_rep_apl_suc_cnt_min,0.0,0.0,75.0,0.0,False
stg_pln_min_prc_amt_ovd_pls_fst_ord_bjq_12m,0.0,0.0,75.0,0.0,False
d720_faqi_unpaid_principal_tot_larger_than_rsk_adt_lmt_cash_his_t_day_count_sum,0.0,0.0,75.0,0.0,False
stg_pln_sum_prc_amt_ovd_7d_pls_rep_12m_rto,0.0,0.0,75.0,0.0,False
d360_advrepay_thismon_sum_larger_than_rsk_adt_lmt_cash_count_sum,0.0,0.0,75.0,0.0,False
d15_suc_ord_prc_amt_min_all,0.0,0.0,75.0,0.0,False
mdt_lst_60d_180d_stg_cnt_ever_overdue_rte_rte,0.0,0.0,75.0,0.0,False
d1080_ontimrepay_thismon_sum_larger_than_rsk_adt_lmt_cash_count_sum,0.0,0.0,75.0,0.0,False
stg_pln_min_prc_amt_12m_light,0.0,0.0,75.0,0.0,False
percent_true_call_mode_is_yuce_called_phone_social_relations_is_self_is_can_contact_person_is_no_90d,0.0,0.0,75.0,0.0,False
percent_true_followup_code_jjhk_called_phone_social_relations_friend_180d,0.0,0.0,75.0,0.0,False
percent_true_call_mode_is_yuce_called_phone_social_relations_is_family_is_can_contact_person_is_no_180d,0.0,0.0,75.0,0.0,False
d90_successamt_thismon_sum_larger_than_rsk_adt_lmt_cash_count_sum,0.0,0.0,75.0,0.0,False
m6_ao_offline_rep_apl_suc_cnt,0.0,0.0,75.0,0.0,False
light_his_max_fail_prc_amt_divide_heavy_his_max_adv_repay_amt,0.0,0.0,75.0,0.0,False
stg_pln_pay_off_cnt_d0_rep_bjq_12m_rto,0.0,0.0,75.0,0.0,False
m6_stg_pln_manual_deduct_rep_apl_cnt_min,0.0,0.0,75.0,0.0,False
percent_true_call_mode_is_yuce_called_phone_social_relations_is_family_180d,0.0,0.0,75.0,0.0,False
min_ddf_mdl_rep_dte_ovd_pls_bjq,0.0,0.0,75.0,0.0,False
m3_ao_offline_rep_apl_cnt_rat,0.0,0.0,75.0,0.0,False
m3_ao_offline_rep_apl_stg_pln_cnt_max,0.0,0.0,75.0,0.0,False
m3_stg_pln_ao_offline_rep_apl_cnt_max,0.0,0.0,75.0,0.0,False
m3_ao_offline_rep_apl_suc_cnt_rat,0.0,0.0,75.0,0.0,False
his_heavy_shouxin_inner30d_light_advance_repay_count,0.0,0.0,75.0,0.0,False
used_rate_ch_grt_0p95_rate_1m,0.0,0.0,75.0,0.0,False
stg_pln_min_prc_amt_his_adv_light,0.0,0.0,75.0,0.0,False
d90_faqiamt_thismon_sum_larger_than_rsk_avl_lmt_cash_count_sum,0.0,0.0,75.0,0.0,False
m1_stg_pln_rep_apl_suc_cnt_min,0.0,0.0,75.0,0.0,False
percent_true_followup_code_jjhk_called_phone_social_relations_friend_30d,0.0,0.0,75.0,0.0,False
ai_alpa_cnt_30d,0.0,0.0,75.0,0.0,False
light_d360_sum_faqi_count_divide_heavy_d360_sum_faqi_count,0.0,0.0,75.0,0.0,False
d30_bsy_typ_api_apl_ord_cnt_all,0.0,0.0,75.0,0.0,False
m6_manual_deduct_rep_apl_suc_stg_pln_cnt_min,0.0,0.0,75.0,0.0,False
stg_pln_sum_rep_prc_12m_his_ovd_14d_pls_30d_zd_rto,0.0,0.0,75.0,0.0,False
percent_true_followup_code_jjhk_called_phone_social_relations_family_30d,0.0,0.0,75.0,0.0,False
d15_apl_ord_prc_amt_per_stg_min,0.0,0.0,75.0,0.0,False
m3_stg_pln_d0_manual_deduct_rep_apl_cnt_equal_1_cnt,0.0,0.0,75.0,0.0,False
d1080_successamt_thismon_sum_larger_than_rsk_adt_lmt_cash_count_sum,0.0,0.0,75.0,0.0,False
recent_1m_overdue_3d_month_rto,0.0,0.0,75.0,0.0,False
m6_stg_pln_manual_deduct_rep_apl_suc_cnt_min,0.0,0.0,75.0,0.0,False
percent_true_call_mode_is_yuce_called_phone_social_relations_is_self_60d,0.0,0.0,75.0,0.0,False
m1_stg_pln_adv_manual_deduct_rep_apl_suc_cnt,0.0,0.0,75.0,0.0,False
m3_ao_offline_mrn_rep_apl_suc_cnt,0.0,0.0,75.0,0.0,False
percent_true_followup_code_yyxh_called_phone_social_relations_family_90d,0.0,0.0,75.0,0.0,False
stg_pln_sum_rep_prc_1m_his_ovd_3d_pls_7d_afn_pk_rto_v2,0.0,0.0,75.0,0.0,False
stg_pln_sum_rep_prc_12m_his_ovd_7d_pls_14d_mrn_pk_rto,0.0,0.0,75.0,0.0,False
stg_pln_sum_rep_prc_3m_his_ovd_14d_pls_30d_zd_rto_v2,0.0,0.0,75.0,0.0,False
last_amt_type_light_all,0.0,0.0,75.0,0.0,False
ai_rtp_cnt_30d,0.0,0.0,75.0,0.0,False
d1080_ovdrepay_thismon_sum_larger_than_rsk_adt_lmt_cash_count_sum,0.0,0.0,75.0,0.0,False
percent_true_followup_code_yjt_call_mode_manual_15d,0.0,0.0,75.0,0.0,False
his_heavy_shouxin_samemonth_light_advance_repay_count,0.0,0.0,75.0,0.0,False
stg_pln_sum_rep_prc_3m_his_ovd_14d_pls_30d_zd_rto,0.0,0.0,75.0,0.0,False
m6_stg_pln_rep_apl_cnt_ovd_1d_3d_min,0.0,0.0,75.0,0.0,False
percent_true_followup_code_yyxh_call_mode_manual_7d,0.0,0.0,75.0,0.0,False
ai_alpa_cnt_15d,0.0,0.0,75.0,0.0,False
stg_pln_sum_rep_prc_3m_his_ovd_3d_pls_7d_afn_pk_rto_v2,0.0,0.0,75.0,0.0,False
m3_stg_pln_manual_rep_apl_fal_cnt_min,0.0,0.0,75.0,0.0,False
stg_pln_avg_prc_amt_bjq_12m_his_per_mth,0.0,0.0,75.0,0.0,False
m1_stg_pln_manual_deduct_rep_apl_suc_cnt_min,0.0,0.0,75.0,0.0,False
stg_pln_sum_rep_prc_3m_his_ovd_7d_pls_14d_mrn_pk_rto,0.0,0.0,75.0,0.0,False
percent_true_followup_code_yyxh_called_phone_social_relations_family_180d,0.0,0.0,75.0,0.0,False
m6_stg_pln_rep_apl_cnt_ovd_1d_3d_max,0.0,0.0,75.0,0.0,False
stg_pln_sum_rep_prc_3m_his_ovd_7d_pls_14d_afn_pk_rto_v2,0.0,0.0,75.0,0.0,False
m3_stg_pln_adv_manual_deduct_rep_apl_suc_cnt,0.0,0.0,75.0,0.0,False
d7_apl_ord_prc_amt_min_all,0.0,0.0,75.0,0.0,False
his_heavy_advance_repay_light_ovd_repay_same_date_count,0.0,0.0,75.0,0.0,False
stg_pln_cnt_ovd_m2_pls_rep_bjq_12m,0.0,0.0,75.0,0.0,False
ai_tousu2_cnt_90d,0.0,0.0,75.0,0.0,False
stg_pln_sum_rep_prc_12m_his_ovd_3d_pls_7d_afn_pk_rto_v2,0.0,0.0,75.0,0.0,False
percent_true_followup_code_tskh_30d,0.0,0.0,75.0,0.0,False
m6_stg_pln_d0_ao_offline_rep_apl_cnt_mor_0_cnt_rat,0.0,0.0,75.0,0.0,False
percent_true_call_mode_is_yuce_called_phone_social_relations_is_friend_is_can_contact_person_is_no_180d,0.0,0.0,75.0,0.0,False
d720_ontimrepay_thismon_sum_larger_than_rsk_adt_lmt_cash_count_sum,0.0,0.0,75.0,0.0,False
stg_pln_sum_rep_prc_1m_his_ovd_7d_pls_14d_afn_pk_rto_v2,0.0,0.0,75.0,0.0,False
d15_bsy_typ_api_apl_ord_cnt_all,0.0,0.0,75.0,0.0,False
percent_true_followup_code_tskh_call_mode_manual_180d,0.0,0.0,75.0,0.0,False
stg_pln_sum_rep_prc_12m_his_ovd_7d_pls_14d_afn_pk_rto,0.0,0.0,75.0,0.0,False
ai_alpa_cnt_7d,0.0,0.0,75.0,0.0,False
stg_pln_sum_prc_amt_ovd_14d_pls_rep_1m_rto,0.0,0.0,75.0,0.0,False
stg_pln_sum_rep_prc_12m_his_ovd_3d_pls_7d_afn_pk_rto,0.0,0.0,75.0,0.0,False
stg_pln_sum_prc_amt_ovd_m2_pls_rep_12m_rto,0.0,0.0,75.0,0.0,False
his_light_advance_repay_heavy_ovd_repay_same_date_count,0.0,0.0,75.0,0.0,False
credit_reject_cnt_6m,0.0,0.0,75.0,0.0,False
stg_pln_sum_rep_prc_6m_his_ovd_7d_pls_14d_mrn_pk_rto_v2,0.0,0.0,75.0,0.0,False
stg_pln_min_prc_amt_ovd_7d_pls_rep_bjq_12m,0.0,0.0,75.0,0.0,False
ai_rtp_cnt_3d,0.0,0.0,75.0,0.0,False
stg_pln_sum_rep_prc_3m_his_ovd_14d_pls_30d_mrn_pk_rto_v2,0.0,0.0,75.0,0.0,False
stg_pln_sum_rep_prc_3m_his_ovd_14d_pls_30d_mrn_pk_rto,0.0,0.0,75.0,0.0,False
stg_pln_min_rep_prc_24m_due_light,0.0,0.0,75.0,0.0,False
m1_ao_offline_mrn_rep_apl_suc_cnt,0.0,0.0,75.0,0.0,False
ai_tousu2_cnt_21d,0.0,0.0,75.0,0.0,False
m3_stg_pln_d0_manual_deduct_rep_apl_suc_cnt_rat,0.0,0.0,75.0,0.0,False
m1_stg_pln_d0_manual_deduct_rep_apl_fal_cnt,0.0,0.0,75.0,0.0,False
stg_pln_sum_rep_prc_3m_his_ovd_7d_pls_14d_mrn_pk_rto_v2,0.0,0.0,75.0,0.0,False
stg_pln_sum_rep_prc_1m_his_ovd_3d_pls_7d_afn_pk_rto,0.0,0.0,75.0,0.0,False
rsk_lmt_rate_ch_1m_grt_0p2_rate_bjq_12m,0.0,0.0,75.0,0.0,False
d1080_faqi_trade_amt_larger_than_rsk_adt_lmt_cash_his_t_day_count_sum,0.0,0.0,75.0,0.0,False
percent_true_call_mode_is_yuce_called_phone_social_relations_is_friend_is_can_contact_person_is_no_30d,0.0,0.0,75.0,0.0,False
d180_faqi_unpaid_principal_tot_larger_than_rsk_adt_lmt_cash_his_t_day_count_sum,0.0,0.0,75.0,0.0,False
15d_range_min_prc_amt_36m,0.0,0.0,75.0,0.0,False
min_ddf_rep_tim_dte_ovd_pls_rep_12m,0.0,0.0,75.0,0.0,False
m6_stg_pln_ovd_1d_3d_ao_offline_rep_apl_suc_cnt_rat,0.0,0.0,75.0,0.0,False
15d_range_min_prc_amt_his,0.0,0.0,75.0,0.0,False
stg_pln_sum_rep_prc_3m_his_ovd_3d_pls_7d_afn_pk_rto,0.0,0.0,75.0,0.0,False
percent_true_followup_code_tskh_is_can_contact_person_yes_60d,0.0,0.0,75.0,0.0,False
stg_pln_sum_rep_prc_3m_his_ovd_14d_pls_30d_afn_pk_rto,0.0,0.0,75.0,0.0,False
m1_ao_offline_rep_apl_cnt,0.0,0.0,75.0,0.0,False
m1_ao_offline_rep_apl_stg_pln_cnt_sum,0.0,0.0,75.0,0.0,False
stg_pln_sum_rep_prc_3m_his_ovd_3d_pls_7d_mrn_pk_rto,0.0,0.0,75.0,0.0,False
ai_alpa_cnt_3d,0.0,0.0,75.0,0.0,False
m1_stg_pln_d0_ao_offline_rep_apl_suc_cnt,0.0,0.0,75.0,0.0,False
stg_pln_sum_rep_prc_3m_his_ovd_14d_pls_30d_afn_pk_rto_v2,0.0,0.0,75.0,0.0,False
d720_faqi_trade_amt_larger_than_rsk_adt_lmt_cash_his_t_day_count_sum,0.0,0.0,75.0,0.0,False
percent_true_followup_code_tskh_is_can_contact_person_yes_30d,0.0,0.0,75.0,0.0,False
stg_pln_sum_rep_prc_12m_his_ovd_m2_pls_zd_rto_v2,0.0,0.0,75.0,0.0,False
d360_faqi_trade_amt_larger_than_rsk_adt_lmt_cash_his_t_day_count_sum,0.0,0.0,75.0,0.0,False
stg_pln_sum_rep_prc_1m_his_ovd_7d_pls_14d_afn_pk_rto,0.0,0.0,75.0,0.0,False
percent_true_followup_code_yyxh_called_phone_social_relations_family_30d,0.0,0.0,75.0,0.0,False
percent_true_followup_code_yyxh_called_phone_social_relations_friend_180d,0.0,0.0,75.0,0.0,False
stg_pln_sum_rep_prc_12m_his_ovd_7d_pls_14d_afn_pk_rto_v2,0.0,0.0,75.0,0.0,False
stg_pln_min_rep_prc_his_due_light,0.0,0.0,75.0,0.0,False
stg_pln_sum_rep_prc_3m_his_ovd_7d_pls_14d_afn_pk_rto,0.0,0.0,75.0,0.0,False
min_ddf_rep_dte_ord_crt_tim_neg_5_bjq_12m,0.0,0.0,75.0,0.0,False
his_heavy_shouxin_samemonth_light_ovd_repay_count,0.0,0.0,75.0,0.0,False
percent_true_call_mode_is_yuce_called_phone_social_relations_is_family_is_can_contact_person_is_no_30d,0.0,0.0,75.0,0.0,False
percent_true_followup_code_yjt_called_phone_social_relations_friend_30d,0.0,0.0,75.0,0.0,False
stg_pln_sum_rep_prc_3m_his_ovd_3d_pls_7d_mrn_pk_rto_v2,0.0,0.0,75.0,0.0,False
d1080_due_repay_amt_larger_than_rsk_adt_lmt_cash_his_t_day_count_sum,0.0,0.0,75.0,0.0,False
stg_pln_min_prc_amt_24m_adv_light,0.0,0.0,75.0,0.0,False
stg_pln_sum_rep_prc_1m_his_ovd_14d_pls_30d_afn_pk_rto,0.0,0.0,75.0,0.0,False
m1_stg_pln_ovd_1d_3d_ao_offline_rep_apl_suc_cnt,0.0,0.0,75.0,0.0,False
stg_pln_sum_rep_prc_6m_his_ovd_m2_pls_mrn_pk_rto_v2,0.0,0.0,75.0,0.0,False
10d_range_min_prc_amt_his,0.0,0.0,75.0,0.0,False
stg_pln_sum_rep_prc_1m_his_ovd_7d_pls_14d_mrn_pk_rto_v2,0.0,0.0,75.0,0.0,False
m3_stg_pln_adv_manual_deduct_rep_apl_fal_cnt,0.0,0.0,75.0,0.0,False
d720_due_repay_amt_larger_than_rsk_adt_lmt_cash_his_t_day_count_sum,0.0,0.0,75.0,0.0,False
m3_stg_pln_manual_deduct_rep_apl_suc_cnt_min,0.0,0.0,75.0,0.0,False
stg_pln_sum_rep_prc_6m_his_ovd_14d_pls_30d_mrn_pk_rto_v2,0.0,0.0,75.0,0.0,False
percent_true_call_mode_is_yuce_called_phone_social_relations_is_friend_is_can_contact_person_is_no_60d,0.0,0.0,75.0,0.0,False
m6_stg_pln_his_ovd_ao_offline_rep_apl_suc_cnt,0.0,0.0,75.0,0.0,False
stg_pln_sum_rep_prc_3m_his_ovd_m2_pls_zd_rto_v2,0.0,0.0,75.0,0.0,False
stg_pln_sum_rep_prc_1m_his_ovd_3d_pls_7d_mrn_pk_rto,0.0,0.0,75.0,0.0,False
18m_con_keep_repay_max,0.0,0.0,75.0,0.0,False
stg_pln_min_prc_amt_6m_light,0.0,0.0,75.0,0.0,False
stg_pln_min_prc_amt_12m_adv_light,0.0,0.0,75.0,0.0,False
d180_faqi_trade_amt_larger_than_rsk_adt_lmt_cash_his_t_day_count_sum,0.0,0.0,75.0,0.0,False
18m_ftr_con_keep_repay_amt_max,0.0,0.0,75.0,0.0,False
stg_pln_sum_rep_prc_6m_his_ovd_14d_pls_30d_afn_pk_rto_v2,0.0,0.0,75.0,0.0,False
d7_bsy_typ_api_apl_ord_cnt_all,0.0,0.0,75.0,0.0,False
percent_true_call_mode_is_yuce_called_phone_social_relations_is_family_30d,0.0,0.0,75.0,0.0,False
stg_pln_sum_rep_prc_1m_his_ovd_3d_pls_7d_mrn_pk_rto_v2,0.0,0.0,75.0,0.0,False
f54__percent_true_call_mode_is_yuce_called_phone_social_relations_is_self_30d,0.0,0.0,75.0,0.0,False
stg_pln_min_prc_amt_12m_on_light,0.0,0.0,75.0,0.0,False
percent_true_followup_code_tskh_called_phone_social_relations_friend_60d,0.0,0.0,75.0,0.0,False
percent_true_followup_code_tskh_called_phone_social_relations_friend_90d,0.0,0.0,75.0,0.0,False
m1_manual_rep_apl_fal_stg_pln_cnt_min,0.0,0.0,75.0,0.0,False
percent_true_followup_code_tskh_called_phone_social_relations_family_180d,0.0,0.0,75.0,0.0,False
m1_stg_pln_d0_manual_deduct_rep_apl_suc_cnt,0.0,0.0,75.0,0.0,False
stg_pln_min_prc_amt_6m_on_light,0.0,0.0,75.0,0.0,False
12m_ftr_con_keep_repay_amt_max,0.0,0.0,75.0,0.0,False
10d_range_min_prc_amt_36m,0.0,0.0,75.0,0.0,False
15d_range_min_prc_amt_24m,0.0,0.0,75.0,0.0,False
m3_stg_pln_adv_normal_batch_rep_apl_suc_cnt,0.0,0.0,75.0,0.0,False
stg_pln_min_rep_prc_12m_due_light,0.0,0.0,75.0,0.0,False
m1_stg_pln_adv_manual_deduct_rep_apl_fal_cnt,0.0,0.0,75.0,0.0,False
percent_true_followup_code_tskh_called_phone_social_relations_friend_30d,0.0,0.0,75.0,0.0,False
stg_pln_min_prc_amt_6m_ftr_light,0.0,0.0,75.0,0.0,False
d90_due_repay_amt_larger_than_rsk_adt_lmt_cash_his_t_day_count_sum,0.0,0.0,75.0,0.0,False
ai_tousu2_cnt_10d,0.0,0.0,75.0,0.0,False
d360_ovdrepay_thismon_sum_larger_than_rsk_adt_lmt_cash_count_sum,0.0,0.0,75.0,0.0,False
stg_pln_sum_rep_prc_1m_his_ovd_14d_pls_30d_mrn_pk_rto_v2,0.0,0.0,75.0,0.0,False
m1_manual_deduct_rep_apl_suc_amt_min,0.0,0.0,75.0,0.0,False
ai_tousu2_cnt_15d,0.0,0.0,75.0,0.0,False
