feature,non_null_rate,unique_count,drop_reason
max_ctn_ovd_day,1.0,65,
not_ovd_tqhk_rep_tim_cnt_12m,1.0,66,
ddf_mdl_max_not_ovd_tqhk_rep_tim_12m,0.19038,360,
ddf_mdl_max_con_not_ovd_tqhk_rep_tim_12m,0.05168,357,low_non_null_rate
max_con_not_ovd_tqhk_rep_tim_cnt_5m,1.0,19,
max_con_not_ovd_tqhk_rep_tim_cnt_12m,1.0,26,
not_ovd_tqhk_rep_tim_cnt_3m,1.0,25,
lag_his_rep_amt_sum_per_mth_btch_rat_mor_50_per_cnt,0.42404,5,
d30_d60_his_rep_amt_sum_rat_btch,0.48768,13245,
d90_d360_his_rep_amt_sum_rat_btch,0.48768,15917,
lag_his_rep_amt_sum_per_mth_all_rat_max,0.3952,16684,
lag_his_rep_amt_sum_per_mth_btch_rat_max,0.3883,16261,
m6_up_flg_btch_cnt_rat,0.42404,12,
d30_d180_his_rep_amt_sum_rat_all,0.48768,16207,
d30_his_rep_amt_sum_btch,0.48768,16450,
d180_d360_his_rep_amt_sum_rat_all,0.48768,15473,
min_avl_lmt_lft_rep_prc_all_cash_bjq_12m,0.53998,12589,
rsk_lmt_rate_ch_1m_grt_0p2_cnt_bjq_12m,0.5939,114,
rsk_avl_lmt_ch_1m_les_10000_rate_bjq_12m,0.5916,1860,
rsk_avl_lmt_ch_1m_les_500_cnt_bjq_12m,0.5939,139,
min_rsk_avl_lmt_bjq_12m_all,0.58898,9866,
max_rsk_lmt_rate_bjq_12m_all,0.58168,10344,
min_avl_lmt_lft_rep_prc_2m_cash_bjq_12m,0.53994,12729,
rsk_lmt_rate_ch_1m_grt_0p2_rate_bjq_12m,0.5916,1594,
rsk_avl_lmt_ch_1m_les_500_rate_bjq_12m,0.5916,1781,
rsk_lmt_rate_ch_1m_grt_0p9_cnt_bjq_12m,0.5939,160,
min_rsk_lmt_rate_bjq_12m_all,0.58168,16118,
avg_avl_lmt_lft_rep_prc_all_cash_bjq_12m,0.53998,26148,
rsk_lmt_rate_ch_1m_grt_0p95_rate_bjq_12m,0.5916,1679,
rsk_lmt_rate_ch_1m_grt_0p5_rate_bjq_12m,0.5916,2141,
max_avl_lmt_lft_rep_prc_3m_cash_bjq_12m,0.53996,25667,
rsk_avl_lmt_ch_1m_les_10000_cnt_bjq_12m,0.5939,240,
max_rsk_avl_lmt_bjq_12m_all,0.58898,21777,
stg_pln_sum_rep_prc_3m_his_d0_non_zd_rto_v2,0.34626,2686,
stg_pln_sum_rep_prc_1m_his_d0_evn_zd_rto_v2,0.31726,757,
stg_pln_sum_rep_prc_1m_his_ovd_14d_pls_30d_zd_rto_v2,0.31726,34,
stg_pln_sum_rep_prc_1m_his_d0_afn_pk_rto_v2,0.31726,623,
stg_pln_sum_rep_prc_12m_his_ovd_0d_pls_3d_mrn_pk_rto_v2,0.45312,2939,
stg_pln_sum_rep_prc_12m_his_ovd_14d_pls_30d_zd_rto_v2,0.45312,192,
stg_pln_sum_rep_prc_1m_his_d0_afn_zd_rto_v2,0.31726,1500,
stg_pln_sum_rep_prc_3m_his_d0_afn_zd_rto_v2,0.34626,3714,
stg_pln_sum_rep_prc_1m_his_ovd_3d_pls_7d_zd_rto_v2,0.31726,201,
stg_pln_sum_rep_prc_6m_his_ovd_7d_pls_14d_afn_pk_rto_v2,0.3839,43,
stg_pln_sum_rep_prc_12m_his_ovd_3d_pls_7d_afn_pk_rto_v2,0.45312,151,
stg_pln_sum_rep_prc_6m_his_ovd_14d_pls_30d_afn_pk_rto_v2,0.3839,24,
stg_pln_sum_rep_prc_1m_his_ovd_14d_pls_30d_mrn_pk_rto_v2,0.31726,5,
stg_pln_sum_rep_prc_12m_his_ovd_m2_pls_zd_rto_v2,0.45312,11,
stg_pln_sum_rep_prc_1m_his_ovd_7d_pls_14d_afn_pk_rto_v2,0.31726,12,
stg_pln_sum_rep_prc_1m_his_d0_mrn_zd_rto_v2,0.31726,2406,
stg_pln_sum_rep_prc_his_d0_evn_zd_rto_v2,0.9961,13595,
stg_pln_sum_rep_prc_12m_his_ovd_7d_pls_14d_afn_pk_rto_v2,0.45312,68,
stg_pln_sum_rep_prc_3m_his_ovd_3d_pls_7d_zd_rto_v2,0.34626,523,
stg_pln_sum_rep_prc_3m_his_ovd_m2_pls_zd_rto_v2,0.34626,4,
stg_pln_sum_rep_prc_3m_his_ovd_3d_pls_7d_mrn_pk_rto_v2,0.34626,54,
stg_pln_sum_rep_prc_3m_his_d0_dwn_zd_rto_v2,0.34626,2213,
stg_pln_sum_rep_prc_12m_his_ovd_m2_pls_mrn_pk_rto_v2,0.45312,6,
stg_pln_sum_rep_prc_1m_his_d0_dwn_zd_rto_v2,0.31726,883,
stg_pln_sum_rep_prc_1m_his_ovd_0d_pls_3d_zd_rto_v2,0.31726,1196,
stg_pln_sum_rep_prc_6m_his_ovd_14d_pls_30d_mrn_pk_rto_v2,0.3839,19,
stg_pln_sum_rep_prc_his_ovd_0d_pls_3d_zd_rto_v2,0.9961,19857,
stg_pln_sum_rep_prc_12m_his_d0_non_zd_rto_v2,0.45312,6078,
stg_pln_sum_rep_prc_3m_his_ovd_3d_pls_7d_afn_pk_rto_v2,0.34626,55,
stg_pln_sum_rep_prc_12m_his_ovd_7d_pls_14d_zd_rto_v2,0.45312,490,
stg_pln_sum_rep_prc_3m_his_ovd_0d_pls_3d_zd_rto_v2,0.34626,3198,
stg_pln_sum_rep_prc_3m_his_ovd_0d_pls_3d_afn_pk_rto_v2,0.34626,528,
stg_pln_sum_rep_prc_3m_his_ovd_7d_pls_14d_afn_pk_rto_v2,0.34626,25,
stg_pln_sum_rep_prc_6m_his_ovd_m2_pls_mrn_pk_rto_v2,0.3839,3,
stg_pln_sum_rep_prc_1m_his_d0_non_zd_rto_v2,0.31726,952,
stg_pln_sum_rep_prc_12m_his_ovd_7d_pls_14d_mrn_pk_rto_v2,0.45312,58,
stg_pln_sum_rep_prc_his_d0_afn_zd_rto_v2,0.9961,21810,
stg_pln_sum_rep_prc_3m_his_ovd_14d_pls_30d_afn_pk_rto_v2,0.34626,14,
stg_pln_sum_rep_prc_12m_his_ovd_14d_pls_30d_mrn_pk_rto_v2,0.45312,32,
stg_pln_sum_rep_prc_1m_his_ovd_3d_pls_7d_afn_pk_rto_v2,0.31726,18,
stg_pln_sum_rep_prc_1m_his_ovd_3d_pls_7d_mrn_pk_rto_v2,0.31726,21,
stg_pln_sum_rep_prc_12m_his_ovd_3d_pls_7d_mrn_pk_rto_v2,0.45312,142,
stg_pln_sum_rep_prc_12m_his_ovd_0d_pls_3d_afn_pk_rto_v2,0.45312,1478,
stg_pln_sum_rep_prc_3m_his_d0_mrn_zd_rto_v2,0.34626,5834,
stg_pln_sum_rep_prc_1m_his_ovd_7d_pls_14d_mrn_pk_rto_v2,0.31726,9,
stg_pln_sum_rep_prc_3m_his_ovd_7d_pls_14d_zd_rto_v2,0.34626,205,
stg_pln_sum_rep_prc_3m_his_d0_afn_pk_rto_v2,0.34626,1866,
stg_pln_sum_rep_prc_1m_his_ovd_7d_pls_14d_zd_rto_v2,0.31726,76,
stg_pln_sum_rep_prc_3m_his_ovd_0d_pls_3d_mrn_pk_rto_v2,0.34626,1149,
stg_pln_sum_rep_prc_3m_his_ovd_14d_pls_30d_mrn_pk_rto_v2,0.34626,8,
stg_pln_sum_rep_prc_3m_his_ovd_m2_pls_mrn_pk_rto_v2,0.34626,1,constant
stg_pln_sum_rep_prc_3m_his_ovd_7d_pls_14d_mrn_pk_rto_v2,0.34626,21,
stg_pln_sum_rep_prc_1m_his_ovd_0d_pls_3d_afn_pk_rto_v2,0.31726,207,
stg_pln_sum_rep_prc_1m_his_ovd_0d_pls_3d_mrn_pk_rto_v2,0.31726,403,
stg_pln_sum_rep_prc_1m_his_ovd_14d_pls_30d_afn_pk_rto_v2,0.31726,6,
stg_pln_sum_rep_prc_3m_his_ovd_m2_pls_afn_pk_rto_v2,0.34626,1,constant
stg_pln_sum_rep_prc_his_d0_mrn_zd_rto_v2,0.9961,29281,
stg_pln_sum_rep_prc_12m_his_d0_afn_pk_rto_v2,0.45312,5336,
stg_pln_sum_rep_prc_his_d0_mrn_pk_rto_v2,0.9961,38003,
stg_pln_sum_rep_prc_3m_his_ovd_14d_pls_30d_zd_rto_v2,0.34626,77,
stg_pln_sum_rep_prc_6m_his_ovd_7d_pls_14d_mrn_pk_rto_v2,0.3839,38,
stg_pln_sum_rep_prc_3m_his_d0_evn_zd_rto_v2,0.34626,1966,
stg_pln_sum_rep_prc_12m_his_ovd_3d_pls_7d_zd_rto_v2,0.45312,1182,
stg_pln_avg_prc_amt_bjq_12m_his,0.63614,26769,
stg_pln_pay_off_cnt_d0_rep_bjq_12m_rto,0.63738,1994,
stg_pln_cnt_ovd_m2_pls_rep_bjq_12m_rto,0.63614,27,
stg_pln_sum_prc_amt_ovd_pls_rep_bjq_12m_rto,0.63612,14579,
stg_pln_cnt_adv_rep_bjq_12m_rto,0.63614,1757,
stg_pln_sum_prc_amt_ovd_14d_pls_rep_bjq_12m_rto,0.63612,1113,
stg_pln_avg_prc_amt_bjq_12m_his_per_mth,0.68936,26367,
stg_pln_sum_prc_amt_ovd_3d_pls_rep_bjq_12m_rto,0.63612,5060,
stg_pln_sum_prc_amt_ovd_7d_pls_rep_bjq_12m_rto,0.63612,2444,
stg_pln_sum_rep_prc_1m_his_ovd_7d_pls_14d_mrn_pk_rto,0.31726,6,
stg_pln_sum_rep_prc_3m_his_ovd_7d_pls_14d_mrn_pk_rto,0.34626,12,
stg_pln_sum_rep_prc_3m_his_ovd_m2_pls_zd_rto,0.34626,7,
stg_pln_sum_rep_prc_3m_his_ovd_7d_pls_14d_zd_rto,0.34626,258,
stg_pln_sum_rep_prc_1m_3m_rto_his,0.34626,13427,
stg_pln_sum_rep_prc_1m_his_ovd_3d_pls_7d_afn_pk_rto,0.31726,23,
stg_pln_sum_rep_prc_12m_his_ovd_14d_pls_30d_zd_rto,0.45312,262,
stg_pln_sum_rep_prc_1m_his_ovd_7d_pls_14d_zd_rto,0.31726,100,
stg_pln_sum_rep_prc_3m_his_ovd_0d_pls_3d_zd_rto,0.34626,3845,
stg_pln_sum_rep_prc_1m_his_d0_evn_zd_rto,0.31726,764,
stg_pln_sum_rep_prc_12m_his_ovd_14d_pls_30d_afn_pk_rto,0.45312,38,
stg_pln_sum_rep_prc_3m_6m_rto_his,0.3839,13531,
stg_pln_sum_rep_prc_3m_his_ovd_0d_pls_3d_mrn_pk_rto,0.34626,251,
stg_pln_sum_rep_prc_3m_his_d0_afn_zd_rto,0.34626,3551,
stg_pln_sum_rep_prc_1m_his_ovd_3d_pls_7d_mrn_pk_rto,0.31726,4,
stg_pln_sum_rep_prc_1m_his_d0_non_zd_rto,0.31726,1745,
stg_pln_sum_rep_prc_12m_his_ovd_0d_pls_3d_mrn_pk_rto,0.45312,974,
stg_pln_sum_rep_prc_1m_his_ovd_0d_pls_3d_mrn_pk_rto,0.31726,70,
stg_pln_sum_rep_prc_12m_his_ovd_14d_pls_30d_mrn_pk_rto,0.45312,9,
stg_pln_sum_rep_prc_his_ovd_0d_pls_3d_mrn_pk_rto,0.9961,5965,
stg_pln_sum_rep_prc_1m_his_ovd_0d_pls_3d_afn_pk_rto,0.31726,142,
stg_pln_sum_rep_prc_12m_his_ovd_7d_pls_14d_zd_rto,0.45312,616,
stg_pln_sum_rep_prc_3m_his_d0_afn_pk_rto,0.34626,2511,
stg_pln_sum_rep_prc_12m_his_ovd_3d_pls_7d_afn_pk_rto,0.45312,175,
stg_pln_sum_rep_prc_12m_his_ovd_3d_pls_7d_mrn_pk_rto,0.45312,51,
stg_pln_sum_rep_prc_1m_his_d0_afn_zd_rto,0.31726,1444,
stg_pln_sum_rep_prc_3m_his_ovd_3d_pls_7d_afn_pk_rto,0.34626,63,
stg_pln_sum_rep_prc_6m_his_ovd_14d_pls_30d_afn_pk_rto,0.3839,26,
stg_pln_sum_rep_prc_6m_his_ovd_7d_pls_14d_afn_pk_rto,0.3839,49,
stg_pln_sum_rep_prc_3m_his_ovd_14d_pls_30d_mrn_pk_rto,0.34626,3,
stg_pln_sum_rep_prc_3m_his_ovd_14d_pls_30d_afn_pk_rto,0.34626,17,
stg_pln_sum_rep_prc_12m_his_ovd_7d_pls_14d_afn_pk_rto,0.45312,72,
stg_pln_sum_rep_prc_3m_his_ovd_3d_pls_7d_mrn_pk_rto,0.34626,19,
stg_pln_sum_rep_prc_3m_his_ovd_14d_pls_30d_zd_rto,0.34626,110,
stg_pln_sum_rep_prc_12m_his_d0_afn_zd_rto,0.45312,7077,
stg_pln_sum_rep_prc_12m_his_ovd_0d_pls_3d_afn_pk_rto,0.45312,1050,
stg_pln_sum_rep_prc_6m_12m_rto_his,0.45312,13504,
stg_pln_sum_rep_prc_12m_his_d0_mrn_zd_rto,0.45312,17437,
stg_pln_sum_rep_prc_1m_his_ovd_14d_pls_30d_afn_pk_rto,0.31726,7,
stg_pln_sum_rep_prc_1m_his_ovd_14d_pls_30d_zd_rto,0.31726,50,
stg_pln_sum_rep_prc_1m_his_ovd_0d_pls_3d_zd_rto,0.31726,1472,
stg_pln_sum_rep_prc_3m_his_d0_evn_zd_rto,0.34626,1977,
stg_pln_sum_rep_prc_his_d0_evn_zd_rto,0.9961,14154,
stg_pln_sum_rep_prc_3m_his_ovd_3d_pls_7d_zd_rto,0.34626,636,
stg_pln_sum_rep_prc_6m_his_ovd_14d_pls_30d_mrn_pk_rto,0.3839,6,
stg_pln_sum_rep_prc_3m_his_ovd_7d_pls_14d_afn_pk_rto,0.34626,31,
stg_pln_sum_rep_prc_12m_his_ovd_3d_pls_7d_zd_rto,0.45312,1422,
stg_pln_sum_rep_prc_12m_his_d0_mrn_pk_rto,0.45312,16186,
stg_pln_sum_rep_prc_6m_his_d0_non_zd_rto,0.3839,6113,
stg_pln_sum_rep_prc_6m_his_adv_rto,0.3839,5712,
stg_pln_sum_rep_prc_12m_his_d0_afn_pk_rto,0.45312,6685,
stg_pln_sum_rep_prc_6m_his_ovd_7d_pls_14d_mrn_pk_rto,0.3839,18,
stg_pln_sum_rep_prc_3m_his_ovd_m2_pls_afn_pk_rto,0.34626,1,constant
stg_pln_sum_rep_prc_12m_his_ovd_7d_pls_14d_mrn_pk_rto,0.45312,23,
stg_pln_sum_rep_prc_1m_his_ovd_14d_pls_30d_mrn_pk_rto,0.31726,3,
stg_pln_sum_rep_prc_1m_his_adv_rto,0.31726,1599,
stg_pln_sum_rep_prc_6m_his_ovd_0d_pls_3d_mrn_pk_rto,0.3839,506,
stg_pln_sum_rep_prc_6m_his_ovd_3d_pls_7d_mrn_pk_rto,0.3839,30,
stg_pln_sum_rep_prc_1m_his_ovd_7d_pls_14d_afn_pk_rto,0.31726,11,
stg_pln_sum_rep_prc_1m_his_d0_afn_pk_rto,0.31726,883,
stg_pln_sum_rep_prc_3m_his_ovd_0d_pls_3d_afn_pk_rto,0.34626,372,
stg_pln_sum_rep_prc_1m_his_ovd_3d_pls_7d_zd_rto,0.31726,243,
rsk_lmt_rate_ch_1m_grt_0p2_rate_36m,0.71996,3722,
min_rsk_lmt_rate_24m_bt_ch,0.60934,14578,
rsk_avl_lmt_ch_1m_les_1000_rate_24m,0.61242,3500,
rsk_lmt_rate_ch_1m_grt_0p95_rate_36m,0.71996,4029,
rsk_avl_lmt_ch_1m_les_1000_cnt_24m,0.62444,254,
min_rsk_avl_lmt_36m_bt_ch,0.71688,7977,
rsk_lmt_rate_ch_1m_grt_0p2_cnt_24m,0.62444,201,
max_avl_lmt_lft_rep_prc_1m_cash_36m,0.6292,30175,
rsk_lmt_rate_ch_1m_grt_0p5_cnt_24m,0.62444,481,
rsk_avl_lmt_ch_1m_les_10000_rate_24m,0.61242,3543,
avg_rsk_avl_lmt_36m_dcp,0.0556,2155,low_non_null_rate
max_avl_lmt_lft_rep_prc_all_cash_24m,0.5345,25294,
rsk_lmt_rate_ch_1m_grt_0p5_rate_24m,0.61242,3952,
min_rsk_avl_lmt_24m_bt_ch,0.60934,9455,
rsk_lmt_rate_ch_1m_grt_0p9_rate_24m,0.61242,3500,
avg_avl_lmt_lft_rep_prc_all_cash_36m,0.63228,30492,
min_avl_lmt_lft_rep_prc_all_cash_36m,0.63228,10584,
max_rsk_lmt_rate_24m_bt_ch,0.60934,9745,
avg_rsk_lmt_rate_36m_dcp,0.05558,2004,low_non_null_rate
max_rsk_avl_lmt_24m_bt_ch,0.60934,19906,
min_rsk_avl_lmt_36m_dcp,0.0556,1611,low_non_null_rate
min_rsk_lmt_rate_36m_dcp,0.05558,664,low_non_null_rate
min_avl_lmt_lft_rep_prc_2m_cash_36m,0.63228,10773,
avg_avl_lmt_lft_rep_prc_all_cash_24m,0.5345,25793,
stg_pln_sum_prc_amt_12m_36m_rto,0.4922,14134,
stg_pln_avg_prc_amt_24m_his_per_mth,1.0,23781,
stg_pln_avg_prc_amt_24m_his,0.58898,24372,
stg_pln_sum_prc_amt_adv_rct_36m_rto,0.67102,15896,
stg_pln_pay_off_cnt_d0_rep_24m_rto,0.56636,3180,
stg_pln_pay_off_sum_prc_amt_12m_24m_rto,0.56636,12601,
stg_pln_sum_rep_prc_12m_his_ovd_0d_pls_3d_zd,1.0,7476,
stg_pln_sum_rep_prc_his_ovd_3d_pls_7d_zd,1.0,5070,
stg_pln_sum_rep_prc_his_ovd_0d_pls_3d_zd,1.0,20799,
stg_pln_max_rep_prc_12m_his,1.0,16432,
stg_pln_sum_rep_prc_his_fst_ord,1.0,6607,
stg_pln_sum_rep_prc_12m_his,1.0,20018,
stg_pln_sum_rep_prc_12m_his_d0_dwn_zd,1.0,9073,
stg_pln_sum_rep_prc_his_d0_evn_zd,1.0,13070,
stg_pln_min_rep_prc_12m_his,1.0,4575,
stg_pln_sum_rep_prc_his_d0_afn_pk,1.0,18049,
stg_pln_sum_rep_prc_12m_his_d0_afn_pk,1.0,6456,
stg_pln_sum_rep_prc_3m_his_ovd_0d_pls_3d_zd,1.0,3991,
stg_pln_sum_rep_prc_3m_his_d0_afn_pk,1.0,2478,
stg_pln_max_rep_prc_his,1.0,28138,
stg_pln_sum_rep_prc_6m_his_d0_mrn_pk,1.0,12503,
stg_pln_sum_rep_prc_6m_his_d0_evn_zd,1.0,2978,
stg_pln_sum_rep_prc_3m_his_d0_non_zd,1.0,4258,
stg_pln_max_rep_prc_1m_his,1.0,12594,
stg_pln_sum_rep_prc_1m_his_d0_dwn_zd,1.0,5417,
stg_pln_min_rep_prc_6m_his,1.0,2960,
stg_pln_sum_rep_prc_his_d0_mrn_pk,1.0,33191,
stg_pln_sum_rep_prc_his_d0_non_zd,1.0,20851,
min_ddf_mdl_rep_tim_his,0.9961,3045,
stg_pln_sum_rep_prc_his_adv,1.0,26904,
stg_pln_sum_rep_prc_1m_his,1.0,14907,
stg_pln_sum_rep_prc_his_d0_afn_zd,1.0,19992,
stg_pln_sum_rep_prc_6m_his_adv,1.0,5779,
stg_pln_sum_rep_prc_12m_his_d0_afn_zd,1.0,6826,
stg_pln_min_rep_prc_his,1.0,16247,
lst_rep_prc,0.9961,30898,
stg_pln_sum_rep_prc_12m_his_d0_non_zd,1.0,7591,
stg_pln_sum_rep_prc_3m_his_d0_non_zd_v2,1.0,2621,
stg_pln_sum_rep_prc_his_d0_mrn_pk_v2,1.0,37980,
stg_pln_sum_rep_prc_12m_his_d0_mrn_zd_v2,1.0,10931,
stg_pln_sum_rep_prc_6m_his_d0_mrn_pk_v2,1.0,14290,
stg_pln_sum_rep_prc_his_ovd_3d_pls_7d_zd_v2,1.0,4230,
stg_pln_sum_rep_prc_3m_his_ovd_0d_pls_3d_zd_v2,1.0,3304,
stg_pln_sum_rep_prc_his_d0_afn_pk_v2,1.0,16221,
stg_pln_sum_rep_prc_his_d0_mrn_zd_v2,1.0,27800,
stg_pln_sum_rep_prc_his_d0_afn_zd_v2,1.0,20367,
stg_pln_sum_rep_prc_6m_his_d0_dwn_zd_v2,1.0,3257,
stg_pln_sum_rep_prc_6m_his_d0_evn_zd_v2,1.0,2963,
stg_pln_sum_rep_prc_6m_his_d0_afn_zd_v2,1.0,5255,
stg_pln_sum_rep_prc_12m_his_ovd_0d_pls_3d_mrn_pk_v2,1.0,2720,
stg_pln_sum_rep_prc_his_d0_evn_zd_v2,1.0,12592,
stg_pln_sum_rep_prc_his_d0_dwn_zd_v2,1.0,10003,
stg_pln_sum_rep_prc_12m_his_ovd_0d_pls_3d_zd_v2,1.0,6435,
stg_pln_sum_rep_prc_his_ovd_0d_pls_3d_zd_v2,1.0,18643,
stg_pln_sum_rep_prc_his_ovd_0d_pls_3d_mrn_pk_v2,1.0,8823,
stg_pln_sum_rep_prc_1m_his_d0_mrn_zd_v2,1.0,3042,
stg_pln_sum_rep_prc_12m_his_d0_afn_pk_v2,1.0,5140,
stg_pln_sum_rep_prc_12m_his_d0_non_zd_v2,1.0,5843,
stg_pln_sum_rep_prc_his_d0_non_zd_v2,1.0,17557,
stg_pln_sum_prc_amt_adv_rct,1.0,26905,
stg_pln_min_prc_amt_d0_rep,1.0,5600,
stg_pln_max_prc_amt_adv_rct_24m,1.0,10004,
stg_pln_sum_prc_amt_d0_rep_24m,1.0,24716,
stg_pln_min_prc_amt_adv_rct,1.0,2341,
stg_pln_sum_prc_amt_adv_rct_24m,1.0,12538,
stg_pln_max_prc_amt_d0_rep,1.0,29597,
stg_pln_max_prc_amt_d0_rep_24m,1.0,19597,
stg_pln_max_prc_amt_adv_rct_36m,1.0,12188,
stg_pln_cnt_adv_rct_24m,1.0,259,
stg_pln_cnt_adv_rct,1.0,363,
stg_pln_min_prc_amt_d0_rep_24m,1.0,3535,
stg_pln_cnt_d0_rep_24m,1.0,432,
his_light_fail_trade_heavy_ovd_repay_same_date_count,0.2197,6,
light_d720_max_fail_prc_amt_divide_heavy_d720_max_ontim_repay_amt,0.06642,3298,low_non_null_rate
light_his_sum_faqi_prc_amt_divide_heavy_his_sum_ovd_repay_amt,0.13026,6479,
his_heavy_suc_trade_light_ovd_repay_same_month_count,0.16588,14,
light_d360_max_faqi_prc_amt_divide_heavy_d360_max_ontim_repay_amt,0.07618,3781,low_non_null_rate
light_his_sum_faqi_prc_amt_divide_heavy_his_sum_faqi_prc_amt,0.21968,9926,
light_d360_sum_larger_than_1w_faqi_count_divide_heavy_d360_sum_larger_than_1w_faqi_count,0.06994,149,low_non_null_rate
his_heavy_light_suc_trade_same_month_count,0.2197,21,
d90_lend_light_to_repay_heavy_inner7d_order_stg_sum,0.2197,65,
light_d360_sum_ontim_repay_amt_divide_heavy_d360_sum_ontim_repay_amt,0.07334,3667,low_non_null_rate
his_heavy_ontime_repay_light_ovd_repay_same_date_count,0.16588,14,
his_heavy_ontime_repay_light_ovd_repay_same_month_count,0.16588,22,
his_lend_light_to_repay_heavy_inner7d_order_stg_sum,0.2197,203,
his_heavy_advance_repay_light_ovd_repay_same_month_count,0.16588,14,
light_his_sum_faqi_count_divide_heavy_his_sum_faqi_count,0.21968,1514,
d360_light_limit_divide_btch_adt_limit,1.0,4293,
his_heavy_suc_trade_light_ovd_repay_same_date_count,0.16588,6,
heavy_his_sum_faqi_prc_amt_divide_light_his_sum_adv_repay_amt,0.07746,3857,low_non_null_rate
light_his_sum_adv_repay_amt_divide_heavy_his_sum_adv_repay_amt,0.0663,3302,low_non_null_rate
his_light_suc_trade_heavy_ovd_repay_same_date_count,0.2197,4,
his_heavy_suc_trade_light_advance_repay_same_month_count,0.16588,13,
his_heavy_fail_trade_light_ovd_repay_same_date_count,0.16588,5,
heavy_his_max_fail_prc_amt_divide_light_his_max_adv_repay_amt,0.06974,3411,low_non_null_rate
his_light_limit_divide_btch_avl_limit,0.20964,9233,
his_heavy_shouxin_samemonth_light_ovd_repay_count,0.16588,4,
heavy_d720_max_fail_prc_amt_divide_light_d720_max_ontim_repay_amt,0.09042,4457,low_non_null_rate
light_d90_max_ontim_repay_amt_divide_heavy_d90_max_ontim_repay_amt,0.05084,2542,low_non_null_rate
his_light_ontime_repay_heavy_ovd_repay_same_month_count,0.16588,20,
heavy_unpaid_principal_his_divide_d720_light_limit_max,0.14682,573,
his_light_suc_trade_heavy_ovd_repay_same_month_count,0.2197,13,
his_light_ontime_repay_heavy_ovd_repay_same_date_count,0.16588,9,
light_his_sum_larger_than_1w_faqi_count_divide_heavy_his_sum_larger_than_1w_faqi_count,0.13774,419,
heavy_his_sum_fail_prc_amt_divide_light_his_sum_ontim_repay_amt,0.14044,6866,
his_lend_heavy_to_repay_light_inner14d_order_amt_rate,0.99828,5793,
unpaid_principal_future_light_divide_heavy,0.31,2338,
his_heavy_light_suc_trade_same_date_count,0.2197,14,
light_his_sum_faqi_prc_amt_divide_heavy_his_sum_ontim_repay_amt,0.2163,10721,
his_light_advance_repay_heavy_ovd_repay_same_date_count,0.16588,3,
d360_lend_heavy_to_repay_light_inner7d_order_amt_sum,0.99828,1122,
heavy_unpaid_principal_future_divide_his_light_limit_max,0.21126,5558,
heavy_d720_sum_faqi_prc_amt_divide_light_d720_sum_ontim_repay_amt,0.10454,5216,
light_his_sum_ovd_repay_amt_divide_heavy_his_sum_ovd_repay_amt,0.06312,3147,low_non_null_rate
heavy_d360_sum_faqi_prc_amt_divide_light_d360_sum_ontim_repay_amt,0.076,3800,low_non_null_rate
his_light_shouxin_heavy_fail_trade_same_month_count,1.0,14,
his_heavy_ovd_repay_light_ovd_repay_same_month_count,0.16588,16,
light_d720_max_faqi_prc_amt_divide_heavy_d720_max_ovd_repay_amt,0.05314,2641,low_non_null_rate
his_heavy_light_fail_trade_same_date_count,0.2197,19,
light_d720_max_ontim_repay_amt_divide_heavy_d720_max_ontim_repay_amt,0.1031,5149,
unpaid_principal_future_light_add_heavy,1.0,15210,
his_lend_heavy_to_repay_light_inner3d_order_amt_sum,0.99828,1416,
light_d720_max_fail_prc_amt_divide_heavy_d720_max_fail_prc_amt,0.06528,1766,low_non_null_rate
his_light_limit_divide_btch_adt_limit,0.21126,7707,
light_d720_sum_fail_prc_amt_divide_heavy_d720_sum_fail_prc_amt,0.06528,2807,low_non_null_rate
d360_lend_light_to_repay_heavy_inner7d_order_stg_rate,0.08496,236,low_non_null_rate
d360_lend_light_to_repay_heavy_inner7d_order_num_sum,0.2197,54,
his_heavy_ontime_repay_light_ontime_repay_same_month_count,0.16588,47,
light_his_max_ovd_repay_amt_divide_heavy_his_max_ovd_repay_amt,0.06312,3142,low_non_null_rate
his_heavy_advance_repay_light_advance_repay_same_date_count,0.16588,11,
light_his_sum_ontim_repay_amt_divide_heavy_his_sum_ontim_repay_amt,0.1517,7564,
his_lend_heavy_to_repay_light_inner3d_order_amt_rate,0.99828,4725,
light_d360_sum_faqi_count_divide_heavy_d360_sum_faqi_count,0.127,490,
heavy_d360_max_faqi_prc_amt_divide_light_d360_max_ontim_repay_amt,0.076,3762,low_non_null_rate
his_light_fail_trade_heavy_ovd_repay_same_month_count,0.2197,16,
light_his_sum_faqi_prc_amt_divide_heavy_his_sum_adv_repay_amt,0.1641,8133,
his_heavy_shouxin_inner30d_light_advance_repay_count,0.16588,26,
his_light_suc_trade_heavy_advance_repay_same_date_count,0.2197,11,
light_d360_sum_faqi_prc_amt_divide_heavy_d360_sum_faqi_prc_amt,0.0835,3635,low_non_null_rate
light_his_sum_fail_prc_amt_divide_heavy_his_sum_fail_prc_amt,0.1264,5513,
d360_lend_light_to_repay_heavy_inner7d_order_amt_sum,0.2197,868,
heavy_his_max_fail_prc_amt_divide_light_his_max_ovd_repay_amt,0.07428,3611,low_non_null_rate
light_d90_sum_faqi_count_divide_heavy_d90_sum_faqi_count,0.0873,150,low_non_null_rate
light_his_max_fail_prc_amt_divide_heavy_his_max_adv_repay_amt,0.10614,5072,
light_d720_max_faqi_prc_amt_divide_heavy_d720_max_adv_repay_amt,0.06638,3265,low_non_null_rate
light_d720_sum_fail_prc_amt_divide_heavy_d720_sum_ontim_repay_amt,0.06642,3319,low_non_null_rate
light_d90_sum_ontim_repay_amt_divide_heavy_d90_sum_ontim_repay_amt,0.05084,2542,low_non_null_rate
heavy_his_sum_faqi_prc_amt_divide_light_his_sum_ovd_repay_amt,0.08272,4125,low_non_null_rate
his_heavy_ontime_repay_light_ontime_repay_same_date_count,0.16588,75,
his_light_shouxin_heavy_suc_trade_same_month_count,1.0,18,
light_d720_sum_faqi_prc_amt_divide_heavy_d720_sum_adv_repay_amt,0.06638,3307,low_non_null_rate
his_light_advance_repay_heavy_ovd_repay_same_month_count,0.16588,9,
his_heavy_shouxin_inner30d_light_trade_fail_count,0.2197,16,
his_lend_light_to_repay_heavy_inner3d_order_amt_sum,0.2197,1379,
light_d720_sum_faqi_prc_amt_divide_heavy_d720_sum_faqi_prc_amt,0.11548,5061,
his_heavy_ovd_repay_light_ovd_repay_same_date_count,0.16588,13,
light_d360_sum_faqi_prc_amt_divide_heavy_d360_sum_ontim_repay_amt,0.07618,3807,low_non_null_rate
light_his_max_faqi_prc_amt_divide_heavy_his_max_faqi_prc_amt,0.21968,4071,
his_heavy_advance_repay_light_ovd_repay_same_date_count,0.16588,6,
his_lend_heavy_to_repay_light_inner14d_order_num_sum,0.99828,102,
heavy_unpaid_principal_his_divide_his_light_limit,0.21126,661,
his_light_suc_trade_heavy_advance_repay_same_month_count,0.2197,20,
d360_lend_heavy_to_repay_light_inner7d_order_stg_rate,0.43454,619,
d360_lend_heavy_to_repay_light_inner7d_order_stg_sum,0.99828,132,
his_heavy_shouxin_samemonth_light_advance_repay_count,0.16588,21,
d90_lend_heavy_to_repay_light_inner7d_order_num_sum,0.99828,28,
light_d360_max_suc_prc_amt_divide_heavy_d360_max_suc_prc_amt,0.05484,1317,low_non_null_rate
his_heavy_fail_trade_light_ovd_repay_same_month_count,0.16588,13,
light_d720_sum_suc_prc_amt_divide_heavy_d720_sum_suc_prc_amt,0.08518,3480,low_non_null_rate
light_his_max_adv_repay_amt_divide_heavy_his_max_adv_repay_amt,0.0663,3298,low_non_null_rate
light_d720_sum_faqi_prc_amt_divide_heavy_d720_sum_ovd_repay_amt,0.05314,2651,low_non_null_rate
his_lend_light_to_repay_heavy_inner3d_order_stg_rate,0.2197,1096,
light_d720_sum_faqi_stg_num_divide_heavy_d720_sum_faqi_stg_num,0.11548,1504,
his_heavy_advance_repay_light_advance_repay_same_month_count,0.16588,13,
his_heavy_suc_trade_light_advance_repay_same_date_count,0.16588,7,
d90_lend_heavy_to_repay_light_inner7d_order_amt_sum,0.99828,589,
light_d360_max_faqi_prc_amt_divide_heavy_d360_max_faqi_prc_amt,0.0835,1990,low_non_null_rate
his_heavy_light_fail_trade_same_month_count,0.2197,22,
light_his_max_fail_prc_amt_divide_heavy_his_max_ovd_repay_amt,0.08732,4253,low_non_null_rate
d90_lend_light_to_repay_heavy_inner7d_order_amt_sum,0.2197,458,
his_heavy_shouxin_samemonth_light_trade_fail_count,0.2197,12,
his_heavy_shouxin_inner30d_light_trade_suc_count,0.2197,8,
his_lend_light_to_repay_heavy_inner14d_order_amt_rate,0.2197,2578,
rsk_lmt_rate_ch_1m_grt_0p5_cnt_3m,0.37888,153,
rsk_lmt_rate_ch_1m_grt_0p2_cnt_3m,0.37888,77,
rsk_avl_lmt_ch_1m_les_10000_cnt_12m,0.50342,321,
rsk_avl_lmt_ch_1m_les_500_cnt_12m,0.50342,157,
min_rsk_lmt_rate_12m_bt_ch,0.49096,14769,
avg_avl_lmt_lft_rep_prc_all_cash_12m,0.4314,20819,
rsk_avl_lmt_ch_1m_les_5000_rate_3m,0.36992,674,
rsk_lmt_rate_ch_1m_grt_0p95_rate_3m,0.36992,670,
rsk_lmt_rate_ch_1m_grt_0p8_rate_3m,0.36992,726,
avg_avl_lmt_lft_rep_prc_3m_cash_1m,0.30786,14682,
rsk_lmt_rate_ch_1m_grt_0p2_rate_6m,0.41552,726,
rsk_lmt_rate_ch_1m_grt_0p95_cnt_1m,0.33732,41,
min_rsk_lmt_rate_3m_bt_ch,0.36904,14847,
min_rsk_avl_lmt_3m_bt_ch,0.36906,13994,
max_rsk_lmt_rate_12m_bt_ch,0.49096,11304,
rsk_lmt_rate_ch_1m_grt_0p5_rate_6m,0.41552,1118,
rsk_avl_lmt_ch_1m_les_5000_cnt_3m,0.37888,118,
max_rsk_lmt_rate_1m_all,0.33196,14361,
rsk_avl_lmt_ch_1m_les_10000_rate_6m,0.41552,1173,
min_avl_lmt_lft_rep_prc_2m_cash_3m,0.33446,14425,
rsk_avl_lmt_ch_1m_les_500_cnt_3m,0.37888,67,
max_avl_lmt_lft_rep_prc_1m_cash_3m,0.33228,15898,
rsk_lmt_rate_ch_1m_grt_0p9_cnt_6m,0.42494,172,
rsk_lmt_rate_ch_1m_grt_0p95_rate_1m,0.32918,211,
rsk_lmt_rate_ch_1m_grt_0p2_rate_1m,0.32918,87,
min_rsk_avl_lmt_12m_bt_ch,0.49096,11430,
max_avl_lmt_lft_rep_prc_all_cash_12m,0.4314,20493,
rsk_avl_lmt_ch_1m_les_500_rate_3m,0.36992,628,
rsk_avl_lmt_ch_1m_les_1000_rate_1m,0.32918,203,
rsk_lmt_rate_ch_1m_grt_0p9_rate_12m,0.49364,2349,
rsk_avl_lmt_ch_1m_les_1000_rate_6m,0.41552,1371,
rsk_lmt_rate_ch_1m_grt_0p8_rate_1m,0.32918,176,
rsk_lmt_rate_ch_1m_grt_0p8_cnt_1m,0.33732,56,
pmt_hnd_amt_rat_1m,0.15598,4353,
payment_not_balancenotenough_day_3m,1.0,52,
payment_not_balancenotenough_dis_rate_3m,0.34156,1283,
payment_balancenotenough_day_rate_3m,0.34156,476,
pmt_crd_amt_1m,1.0,10326,
mid_2_pmt_blc_not_eng_rat_1m,0.3809,373,
mid_1_pmt_blc_not_eng_rat_3m,0.3809,525,
payment_balancenotenough_dis_rate_1m,0.30544,1066,
payment_balancenotenough_day_6m,1.0,97,
pmt_hnd_cnt_rat_3m,0.3365,710,
pmt_crd_nmb_3m,1.0,9,
payment_day_6m,1.0,121,
pmt_crd_amt_3m,1.0,14082,
payment_not_balancenotenough_cnt_dis_3m,1.0,179,
pmt_crd_amt_pmonth_his,1.0,13405,
payment_balancenotenough_day_1m,1.0,32,
stg_pln_sum_prc_amt_3m_6m_rto,0.3599,15311,
stg_pln_sum_prc_amt_ovd_14d_pls_rep_1m_rto,0.35844,17,
stg_pln_cnt_ovd_pls_rep_1m_rto_his,0.48854,173,
stg_pln_avg_prc_amt_6m_his_per_mth,1.0,20000,
stg_pln_cnt_ovd_3d_pls_rep_3m_rto,0.38482,104,
stg_pln_sum_prc_amt_ovd_m2_pls_rep_3m_rto,0.38482,5,
stg_pln_sum_prc_amt_ovd_m2_pls_rep_12m_rto,0.48318,25,
stg_pln_pay_off_sum_prc_amt_14d_1m_rto,0.31804,6312,
stg_pln_pay_off_sum_prc_amt_d0_rep_1m_rto,0.31804,2702,
stg_pln_sum_prc_amt_ovd_3d_pls_rep_1m_rto_his,0.13884,202,
stg_pln_sum_prc_amt_ovd_m2_pls_rep_6m_rto,0.41858,8,
stg_pln_pay_off_sum_prc_amt_7d_1m_rto,0.31804,5140,
stg_pln_sum_prc_amt_6m_12m_rto,0.37446,15140,
stg_pln_sum_prc_amt_ovd_m3_pls_rep_3m_rto,0.38482,2,
stg_pln_avg_prc_amt_adv_rep_12m,0.22598,10764,
stg_pln_sum_prc_amt_ovd_3d_pls_rep_1m_rto,0.35844,185,
stg_pln_sum_prc_amt_adv_rct_14d_rto,0.21488,688,
stg_pln_cnt_ovd_7d_pls_rep_1m_rto,0.35844,16,
stg_pln_sum_prc_amt_ovd_7d_pls_rep_12m_rto,0.48318,744,
stg_pln_cnt_ovd_7d_pls_rep_3m_rto,0.38482,52,
stg_pln_pay_off_sum_prc_amt_6m_12m_rto,0.45336,13505,
stg_pln_cnt_ovd_pls_rep_12m_rto_his,0.48854,379,
stg_pln_pay_off_sum_prc_amt_1m_3m_rto,0.3465,13447,
stg_pln_avg_prc_amt_ovd_7d_pls,0.06266,2855,low_non_null_rate
stg_pln_sum_prc_amt_ovd_3d_pls_rep_3m_rto_his,0.13884,285,
stg_pln_sum_prc_amt_ovd_m4_pls_rep_6m_rto,0.41858,4,
stg_pln_avg_prc_amt_adv_3d,0.43168,19051,
stg_pln_cnt_ovd_14d_pls_rep_3m_rto,0.38482,29,
stg_pln_sum_prc_amt_adv_rep_6m_rto,0.41858,6102,
stg_pln_sum_prc_amt_ovd_14d_pls_rep_6m_rto,0.41858,177,
stg_pln_avg_prc_amt_d0_rep_3m,0.3254,15759,
stg_pln_cnt_adv_d0_rep_3m_rto,0.38482,316,
stg_pln_cnt_ovd_3d_pls_rto,0.9962,746,
stg_pln_sum_prc_amt_adv_rct_3m_rto,0.3465,3732,
stg_pln_pay_off_cnt_3m_6m_rto,0.38412,1192,
stg_pln_sum_prc_amt_1m_2m_rto,0.35086,14412,
stg_pln_sum_prc_amt_ovd_pls_rep_6m_rto_his,0.48854,3334,
stg_pln_pay_off_cnt_d0_rep_6m_rto,0.38412,1248,
max_ddf_rep_tim_dte_ovd_pls_rep_bjq_12m,0.31092,57,
stg_pln_max_prc_amt_adv_d0_rep_bjq_12m,0.68936,20085,
stg_pln_fst_sum_prc_amt_ovd_pls_rep_bjq_12m,0.68936,4177,
stg_pln_min_prc_amt_adv_3d_bjq_12m,0.68936,127,
stg_pln_max_prc_amt_adv_3d_bjq_12m,0.68936,7716,
stg_pln_sum_prc_amt_adv_fst_ord_bjq_12m,0.68936,4482,
min_ddf_rep_tim_dte_ovd_pls_rep_bjq_12m,0.31092,31,
stg_pln_min_prc_amt_adv_14d_bjq_12m,0.68936,263,
min_ddf_rep_tim_dte_adv_fst_ord_bjq_12m,0.14298,52,
stg_pln_sum_prc_amt_adv_3d_bjq_12m,0.68936,9552,
stg_pln_pay_off_max_prc_amt_pday_bjq_12m,0.68936,22865,
stg_pln_pay_off_cnt_bjq_12m,0.68936,263,
stg_pln_max_prc_amt_ovd_14d_pls_rep_bjq_12m,0.68936,998,
stg_pln_max_prc_amt_ovd_1d_3d_rep_bjq_12m,0.68936,11322,
max_ddf_mdl_rep_dte_his_bjq,0.63614,367,
stg_pln_min_prc_amt_ovd_7d_pls_rep_bjq_12m,0.68936,19,
stg_pln_sum_prc_amt_adv_d0_rep_bjq_12m,0.68936,28576,
stg_pln_max_prc_amt_ovd_3d_pls_rep_bjq_12m,0.68936,4326,
stg_pln_fst_cnt_ovd_3d_pls_rep_bjq_12m,0.68936,6,
stg_pln_sum_prc_amt_adv_bjq_12m,0.68936,12601,
stg_pln_min_prc_amt_bjq_12m_his_bjq_12m,0.68936,8185,
min_ddf_mdl_rep_dte_ovd_3d_pls_bjq,0.11208,569,
stg_pln_cnt_adv_bjq_12m,0.68936,176,
stg_pln_sum_prc_amt_his_fst_ord_bjq_12m,0.68936,13423,
stg_pln_cnt_adv_2m_bjq_12m,0.68936,113,
stg_pln_min_prc_amt_adv_bjq_12m,0.68936,585,
min_fst_ddf_mdl_rep_dte_ovd_pls_bjq,0.13798,1136,
stg_pln_sum_prc_amt_ovd_m2_pls_rep_bjq_12m,0.68936,42,
stg_pln_cnt_adv_3d_bjq_12m,0.68936,64,
stg_pln_fst_cnt_ovd_pls_rep_bjq_12m,0.68936,12,
min_ddf_rep_tim_dte_adv_bjq_12m,0.2953,49,
stg_pln_sum_prc_amt_ovd_pls_rep_bjq_12m,0.68936,14102,
stg_pln_max_prc_amt_ovd_pls_fst_ord_bjq_12m,0.68936,5918,
stg_pln_sum_prc_amt_ovd_3d_pls_rep_bjq_12m,0.68936,4798,
stg_pln_max_prc_amt_ovd_m4_pls_rep_bjq_12m,0.68936,11,
min_ddf_mdl_rep_dte_ovd_pls_bjq,0.3408,1133,
stg_pln_cnt_adv_fst_ord_bjq_12m,0.68936,14,
min_ddf_mdl_rep_tim_adv_bjq_12m,0.2953,366,
stg_pln_cnt_ovd_m2_pls_rep_bjq_12m,0.68936,8,
stg_pln_min_prc_amt_adv_d0_rep_bjq_12m,0.68936,5310,
stg_pln_max_prc_amt_adv_d0_rep_his_fst_ord_bjq_12m,0.68936,13741,
stg_pln_sum_prc_amt_ovd_pls_fst_ord_bjq_12m,0.68936,6563,
stg_pln_cnt_his_fst_ord_bjq_12m,0.68936,13,
stg_pln_cnt_ovd_14d_pls_rep_bjq_12m,0.68936,14,
stg_pln_max_prc_amt_adv_3m_bjq_12m,0.68936,10114,
min_ddf_mdl_rep_tim_d0_rep_his_bjq_12m,0.61,348,
stg_pln_max_prc_amt_ovd_7d_pls_rep_bjq_12m,0.68936,2158,
min_ddf_rep_tim_dte_ovd_pls_fst_ord_bjq_12m,0.162,29,
stg_pln_min_prc_amt_ovd_pls_rep_bjq_12m,0.68936,275,
stg_pln_min_prc_amt_ovd_pls_fst_ord_bjq_12m,0.68936,128,
stg_pln_sum_prc_amt_adv_2m_bjq_12m,0.68936,13017,
max_ddf_rep_tim_dte_adv_bjq_12m,0.2953,368,
stg_pln_min_prc_amt_ovd_14d_pls_rep_bjq_12m,0.68936,7,
stg_pln_cnt_ovd_3d_pls_rep_bjq_12m,0.68936,37,
stg_pln_fst_sum_prc_amt_ovd_3d_pls_rep_bjq_12m,0.68936,787,
stg_pln_min_prc_amt_ovd_1d_3d_rep_bjq_12m,0.68936,131,
max_ddf_rep_tim_dte_ovd_pls_fst_ord_bjq_12m,0.162,44,
stg_pln_min_prc_amt_ovd_3d_pls_rep_bjq_12m,0.68936,42,
stg_pln_cnt_ovd_pls_rep_bjq_12m,0.68936,72,
min_ddf_mdl_rep_dte_his_bjq,0.63614,195,
stg_pln_cnt_ovd_pls_fst_ord_bjq_12m,0.68936,12,
stg_pln_sum_prc_amt_1m_2m_rto_ftr,0.33386,14825,
stg_pln_sum_prc_amt_6m_12m_rto_ftr,0.22442,10898,
stg_pln_cnt_1m_ftr_adv,1.0,36,
stg_pln_cnt_3m_ftr,1.0,128,
stg_pln_cnt_ftr_fst_ord,1.0,13,
stg_pln_sum_prc_amt_ftr_fst_ord,1.0,6747,
stg_pln_min_prc_amt_3m_ftr,1.0,2360,
stg_pln_max_prc_amt_1m_ftr_adv,1.0,3264,
stg_pln_sum_prc_amt_3m_6m_rto_ftr,0.29376,13704,
max_ddf_mdl_rep_dte_ftr,0.3497,369,
stg_pln_sum_prc_amt_ftr_rep,1.0,14739,
stg_pln_cnt_3m_ftr_adv_rto,0.3497,339,
stg_pln_min_prc_amt_6m_ftr,1.0,5049,
min_ddf_mdl_rep_dte_ftr,0.3497,31,
stg_pln_max_prc_amt_12m_ftr,1.0,9883,
stg_pln_min_prc_amt_ftr,1.0,11785,
stg_pln_sum_prc_amt_1m_ftr_adv,1.0,3512,
ddf_bjq_12m_rep_dte_neg_7_crt_dt_ord_cnt,0.68936,119,
min_ddf_rep_dte_ord_crt_tim_7_bjq_12m,0.21888,8,
ddf_bjq_12m_rep_dte_0_crt_dt_min_prc_amt,0.68936,214,
min_ddf_rep_dte_ord_crt_tim_neg_1_bjq_12m,0.1539,2,
max_ddf_rep_dte_ord_crt_tim_5_bjq_12m,0.20118,6,
ddf_bjq_12m_rep_dte_neg_7_crt_dt_rep_prc_amt_rto,0.21368,10239,
ddf_bjq_12m_rep_dte_neg_5_crt_dt_min_prc_amt,0.68936,525,
ddf_bjq_12m_rep_dte_0_crt_dt_rep_prc_amt_rto,0.1167,5611,
avg_ddf_rep_dte_ord_crt_tim_7_bjq_12m,0.21888,718,
ddf_bjq_12m_rep_dte_1_crt_dt_max_prc_amt,0.68936,1687,
avg_ddf_rep_dte_ord_crt_tim_neg_3_bjq_12m,0.18542,324,
max_ddf_rep_dte_ord_crt_tim_neg_7_bjq_12m,0.21374,8,
ddf_bjq_12m_rep_dte_neg_5_crt_dt_max_prc_amt,0.68936,2142,
avg_ddf_rep_dte_ord_crt_tim_3_bjq_12m,0.1787,309,
ddf_bjq_12m_rep_dte_7_crt_dt_rep_prc_amt,0.68936,9899,
min_ddf_rep_dte_ord_crt_tim_neg_5_bjq_12m,0.20146,6,
ddf_bjq_12m_rep_dte_7_crt_dt_max_prc_amt,0.68936,2214,
ddf_bjq_12m_rep_dte_7_crt_dt_sum_prc_amt,0.68936,3680,
ddf_bjq_12m_rep_dte_3_crt_dt_min_prc_amt,0.68936,355,
avg_ddf_rep_dte_ord_crt_tim_neg_7_bjq_12m,0.21374,714,
ddf_bjq_12m_rep_dte_neg_1_crt_dt_min_prc_amt,0.68936,337,
max_ddf_rep_dte_ord_crt_tim_7_bjq_12m,0.21888,8,
ddf_bjq_12m_rep_dte_7_crt_dt_rep_prc_amt_rto,0.21886,10552,
ddf_bjq_12m_rep_dte_7_crt_dt_min_prc_amt,0.68936,509,
max_ddf_rep_dte_ord_crt_tim_1_bjq_12m,0.14676,2,
mdt_lst_30d_90d_ord_cnt_typ_btch_rte,0.12962,114,
mdt_lst_60d_180d_ord_cnt_typ_btch_rte,0.20876,242,
cnt_stg_cnt_30d_90d,0.9962,99,
cnt_ord_cnt_fal_30d,0.99828,15,
mdt_lst_30d_60d_stg_cnt_rte,0.37092,235,
cnt_stg_cnt_ever_overdue_30d_90d,0.9962,27,
cnt_stg_cnt_ever_overdue_rte_30d_90d,0.36462,210,
cnt_avg_ord_span_30d,0.12922,722,
cnt_ord_cnt_typ_btch_30d_90d,0.22734,27,
cnt_avg_ord_span_30d_90d,0.20112,1398,
cnt_stg_amt_advance_30d_90d,0.9962,59,
mdt_lst_60d_180d_stg_cnt_ever_overdue_rte_rte,0.1112,804,
cnt_ord_cnt_ever_overdue_rte_30d_90d,0.15344,27,
mdt_lst_30d_60d_stg_cnt_advance_rte,0.11776,120,
mdt_lst_30d_60d_stg_cnt_ever_overdue_rte_rte,0.0701,248,low_non_null_rate
cnt_stg_ever_avg_overdue_days_30d_90d,0.07054,163,low_non_null_rate
cnt_stg_cnt_ever_overdue_rte_30d,0.35456,88,
cnt_ord_cnt_suc_30d,0.99828,15,
cnt_ord_cnt_suc_30d_90d,0.99828,26,
cnt_ord_cnt_fal_30d_90d,0.99828,22,
cnt_ord_cnt_typ_btch_30d,0.12962,17,
abf_1y_inter_1m_count_down,0.99964,19,
af_3m_inter_1m_sum_down,0.99964,6430,
abf_1y_inter_1m_count_up,0.99964,23,
af_1m_trend,0.34928,9186,
af_6m_inter_1m_count_down,0.99964,7,
af_1y_inter_1m_sum_up,0.99964,8272,
af_3m_inter_1m_sum_up,0.99964,2415,
bf_9m_inter_1m_count_down,0.99964,9,
rsi_bf_1y_inter_1m,0.30966,14486,
af_6m_trend,0.34928,10838,
bf_q2_q1_trend,0.32462,12703,
rsi_abf_1y_inter_3m,0.399,18708,
af_9m_inter_1m_sum_down,0.99964,12199,
bf_3m_inter_1m_sum_up,0.99964,12841,
rsi_af_1y_inter_1m,0.31982,15313,
rsi_af_3m_inter_1m,0.1027,4679,
abf_1y_inter_1m_sum_up,0.99964,20752,
bf_9m_inter_1m_sum_down,0.99964,12381,
af_q4_q3_trend,0.22482,6683,
rsi_af_6m_inter_1m,0.2017,9500,
af_q2_q1_trend,0.34928,11796,
bf_q3_q2_trend,0.33874,13343,
bf_1m_trend,0.35088,10803,
bf_3m_inter_1m_count_down,0.99964,4,
bf_3m_inter_1m_sum_down,0.99964,7634,
af_1y_inter_3m_count_up,0.99964,4,
af_6m_inter_1m_sum_up,0.99964,4577,
af_1y_inter_3m_sum_up,0.99964,5442,
bf_1y_inter_3m_sum_down,0.99964,12608,
rsi_bf_3m_inter_1m,0.13962,6848,
bf_q4_q3_trend,0.35984,14335,
bf_6m_trend,0.37484,14902,
bf_1y_inter_3m_count_down,0.99964,4,
rsi_abf_1y_inter_1m,0.4648,21576,
rsi_af_1y_inter_3m,0.13946,6578,
cnt_avb_lmt_2m_v2,0.9972,116,
avg_avb_lmt_2m_v2,0.3372,16443,
avg_lmt_use_rat_2m_v2,0.3372,15657,
sum_avb_lmt_2m_v2,0.3372,16455,
d3_level0_city_lbs_collect_uniq_cnt,0.08652,3,low_non_null_rate
d3_13_18_lbs_collect_cnt,0.08652,3,low_non_null_rate
d3_level3_city_lbs_collect_cnt,0.08652,5,low_non_null_rate
d3_northeast_lbs_collect_uniq_cnt,0.08652,3,low_non_null_rate
d3_other_lbs_collect_cnt,0.08652,1,low_non_null_rate
m3_lbs_collect_distance_avg,0.0864,2304,low_non_null_rate
m6_04_06_lbs_collect_cnt,0.08652,25,low_non_null_rate
m6_level3_city_lbs_collect_cnt,0.08652,55,low_non_null_rate
m3_northeast_lbs_collect_cnt,0.08652,21,low_non_null_rate
d7_south_lbs_collect_cnt,0.08652,8,low_non_null_rate
d7_00_03_lbs_collect_cnt,0.08652,5,low_non_null_rate
m1_northwest_lbs_collect_cnt,0.08652,16,low_non_null_rate
d7_19_23_lbs_collect_uniq_cnt,0.08652,4,low_non_null_rate
d3_other_city_lbs_collect_cnt,0.08652,3,low_non_null_rate
d7_central_lbs_collect_cnt,0.08652,7,low_non_null_rate
m3_other_lbs_collect_uniq_cnt,0.08652,5,low_non_null_rate
m6_level1_city_lbs_collect_uniq_cnt,0.08652,23,low_non_null_rate
d7_level2_city_lbs_collect_uniq_cnt,0.08652,6,low_non_null_rate
d3_07_12_lbs_collect_cnt,0.08652,4,low_non_null_rate
m3_level4_city_lbs_collect_cnt,0.08652,36,low_non_null_rate
m6_other_city_lbs_collect_uniq_cnt,0.08652,11,low_non_null_rate
m6_south_lbs_collect_uniq_cnt,0.08652,20,low_non_null_rate
m3_level3_city_lbs_collect_uniq_cnt,0.08652,16,low_non_null_rate
d3_level2_city_lbs_collect_cnt,0.08652,6,low_non_null_rate
m3_lbs_collect_cnt,0.08652,52,low_non_null_rate
d7_east_lbs_collect_uniq_cnt,0.08652,6,low_non_null_rate
m3_south_lbs_collect_cnt,0.08652,32,low_non_null_rate
d7_level1_city_lbs_collect_cnt,0.08652,6,low_non_null_rate
d7_north_lbs_collect_uniq_cnt,0.08652,4,low_non_null_rate
d7_other_lbs_collect_cnt,0.08652,2,low_non_null_rate
d7_other_city_lbs_collect_cnt,0.08652,3,low_non_null_rate
m1_other_city_lbs_collect_uniq_cnt,0.08652,4,low_non_null_rate
m6_east_lbs_collect_cnt,0.08652,58,low_non_null_rate
m1_19_23_lbs_collect_cnt,0.08652,8,low_non_null_rate
d3_00_03_lbs_collect_uniq_cnt,0.08652,3,low_non_null_rate
d7_level5_city_lbs_collect_uniq_cnt,0.08652,5,low_non_null_rate
m1_lbs_collect_distance_sum,0.08646,1049,low_non_null_rate
d3_level1_city_lbs_collect_cnt,0.08652,4,low_non_null_rate
d3_19_23_lbs_collect_uniq_cnt,0.08652,3,low_non_null_rate
m6_northeast_lbs_collect_uniq_cnt,0.08652,16,low_non_null_rate
m3_level0_city_lbs_collect_uniq_cnt,0.08652,11,low_non_null_rate
d7_07_12_lbs_collect_cnt,0.08652,6,low_non_null_rate
d3_central_lbs_collect_uniq_cnt,0.08652,3,low_non_null_rate
d3_south_lbs_collect_uniq_cnt,0.08652,5,low_non_null_rate
m6_lbs_collect_uniq_cnt,0.08652,35,low_non_null_rate
d7_level4_city_lbs_collect_uniq_cnt,0.08652,5,low_non_null_rate
d3_level4_city_lbs_collect_cnt,0.08652,4,low_non_null_rate
d3_north_lbs_collect_uniq_cnt,0.08652,3,low_non_null_rate
m1_central_lbs_collect_uniq_cnt,0.08652,10,low_non_null_rate
m6_level2_city_lbs_collect_uniq_cnt,0.08652,24,low_non_null_rate
m1_east_lbs_collect_uniq_cnt,0.08652,10,low_non_null_rate
m6_lbs_collect_distance_max,0.08652,3202,low_non_null_rate
m3_07_12_lbs_collect_uniq_cnt,0.08652,14,low_non_null_rate
d3_lbs_collect_cnt,0.08652,7,low_non_null_rate
m3_lbs_collect_distance_sum,0.0864,2299,low_non_null_rate
m6_level4_city_lbs_collect_uniq_cnt,0.08652,23,low_non_null_rate
m1_07_12_lbs_collect_cnt,0.08652,15,low_non_null_rate
d3_level5_city_lbs_collect_uniq_cnt,0.08652,3,low_non_null_rate
d7_level0_city_lbs_collect_cnt,0.08652,4,low_non_null_rate
m1_level1_city_lbs_collect_uniq_cnt,0.08652,10,low_non_null_rate
d7_northeast_lbs_collect_cnt,0.08652,4,low_non_null_rate
d7_13_18_lbs_collect_cnt,0.08652,4,low_non_null_rate
m1_13_18_lbs_collect_cnt,0.08652,11,low_non_null_rate
d7_northwest_lbs_collect_uniq_cnt,0.08652,4,low_non_null_rate
m3_north_lbs_collect_cnt,0.08652,30,low_non_null_rate
d3_northwest_lbs_collect_cnt,0.08652,4,low_non_null_rate
m3_13_18_lbs_collect_uniq_cnt,0.08652,13,low_non_null_rate
d3_04_06_lbs_collect_uniq_cnt,0.08652,3,low_non_null_rate
d7_04_06_lbs_collect_cnt,0.08652,4,low_non_null_rate
m3_level1_city_lbs_collect_cnt,0.08652,31,low_non_null_rate
m6_13_18_lbs_collect_cnt,0.08652,35,low_non_null_rate
d7_level3_city_lbs_collect_uniq_cnt,0.08652,6,low_non_null_rate
m6_other_lbs_collect_cnt,0.08652,6,low_non_null_rate
m1_lbs_collect_distance_avg,0.08646,1052,low_non_null_rate
m3_level2_city_lbs_collect_cnt,0.08652,36,low_non_null_rate
m1_level4_city_lbs_collect_uniq_cnt,0.08652,9,low_non_null_rate
m1_other_lbs_collect_cnt,0.08652,4,low_non_null_rate
m6_central_lbs_collect_cnt,0.08652,57,low_non_null_rate
m1_level5_city_lbs_collect_uniq_cnt,0.08652,10,low_non_null_rate
m1_04_06_lbs_collect_cnt,0.08652,9,low_non_null_rate
m6_04_06_lbs_collect_uniq_cnt,0.08652,8,low_non_null_rate
m3_other_city_lbs_collect_cnt,0.08652,12,low_non_null_rate
m6_19_23_lbs_collect_cnt,0.08652,28,low_non_null_rate
m1_south_lbs_collect_uniq_cnt,0.08652,8,low_non_null_rate
m1_lbs_collect_uniq_cnt,0.08652,13,low_non_null_rate
d3_east_lbs_collect_cnt,0.08652,5,low_non_null_rate
m1_00_03_lbs_collect_uniq_cnt,0.08652,6,low_non_null_rate
m6_00_03_lbs_collect_uniq_cnt,0.08652,13,low_non_null_rate
m6_level5_city_lbs_collect_cnt,0.08652,51,low_non_null_rate
d7_lbs_collect_cnt,0.08652,10,low_non_null_rate
m3_level0_city_lbs_collect_cnt,0.08652,22,low_non_null_rate
m3_northwest_lbs_collect_uniq_cnt,0.08652,19,low_non_null_rate
m6_00_03_lbs_collect_cnt,0.08652,28,low_non_null_rate
m3_19_23_lbs_collect_uniq_cnt,0.08652,11,low_non_null_rate
succloan_stage_num_mean_all,1.0,2802,
n_unique_channel_event_result_1,1.0,23,
stddev_amt_event_type_repay_all,0.99888,39271,
min_amt_channel_hb,0.67072,8713,
last_amt_channel_hb_microcredit_lv1_all,0.92788,1866,
div_amt_event_type_repay_loan,0.99888,42087,
stddev_day_diff_event_type_repay_all,0.99888,38892,
median_amt_event_result_1_all,1.0,18794,
median_amt_event_result_1_event_type_repay_recent_30,0.32472,6416,
n_unique_event_type_day_diff_shift1_event_type_loan,1.0,54,
stddev_amt_event_type_repay_event_result_1_recent_180,0.39682,13613,
day_diff_shift1_n_unique_all,1.0,43,
first_day_diff_event_result_1_all,1.0,2782,
n_unique_day_diff_shift1_event_type_loan,1.0,30,
cnt_type_light_uid_recent_days_30,1.0,34,
cnt_event_type_credit_event_result_1_all,1.0,19,
cnt_event_type_repay_event_result_1_all,1.0,800,
max_amt_event_type_repay_recent_60,0.34638,5180,
sum_day_diff_shift1_event_type_loan_all,0.99996,1193,
median_amt_event_type_loan_recent_180,0.34618,1356,
n_unique_other_info_event_type_credit,1.0,7,
sum_day_diff_type_heavy_all,1.0,45414,
cnt_event_result_1_uid_recent_days_120,1.0,211,
median_amt_channel_hb_microcredit_lv1_all,0.9422,2777,
last_day_diff_event_result_0_event_type_loan_all,0.61352,3134,
max_amt_other_info_manual_repay,0.90304,22977,
last_event_type_day_diff_shift1_event_type_repay_all,0.94328,365,
max_amt_type_light,0.29058,1284,
min_amt_event_type_credit_event_result_1,0.9893,1426,
day_diff_last_repay_loan,0.99888,440,
std_amt_channel_hb,0.67072,29510,
first_day_diff_event_result_0_event_type_loan_all,0.61352,2921,
cnt_other_info_cash_uid_recent_days_30,1.0,22,
max_amt_other_info_auto_deduct,0.8719,12520,
cnt_other_info_manual_repay_uid_recent_days_90,1.0,89,
cnt_other_info_auto_deduct_uid_recent_days_540,1.0,345,
stddev_day_diff_shift1_event_type_repay_all,0.99862,31685,
median_amt_other_info_auto_deduct_all,0.8719,14206,
cnt_event_type_limit_type_heavy_all,1.0,945,
redu_amt_event_type_repay_loan,0.99886,43626,
first_amt_event_type_credit_all,0.76552,1509,
last_amt_type_light_all,0.28356,863,
cnt_channel_hb_all,1.0,653,
cnt_other_info_cash_uid_recent_days_360,1.0,110,
succloan_day_diff_reud_stage_num_sum_all,0.9999,19180,
cnt_event_type_loan_uid_recent_days_30,1.0,56,
per_event_type_limit_all,1.0,17913,
cnt_other_info_light_uid_recent_days_360,1.0,176,
cnt_event_type_loan_type_heavy_all,1.0,490,
cnt_channel_hb_uid_recent_days_180,1.0,222,
avg_day_diff_shift1_event_type_repay_all,0.99862,19103,
min_amt_event_type_repay_recent_180,0.39682,4737,
ddf_36m_rep_dte_neg_3_crt_dt_max_prc_amt,1.0,472,
ddf_24m_rep_dte_3_crt_dt_max_prc_amt,1.0,451,
ddf_rep_dte_7_crt_dt_max_prc_amt,1.0,2849,
ddf_rep_dte_0_crt_dt_max_prc_amt,1.0,2231,
ddf_36m_rep_dte_5_crt_dt_sum_prc_amt,1.0,2583,
ddf_24m_rep_dte_neg_7_crt_dt_min_prc_amt,1.0,279,
ddf_36m_rep_dte_neg_5_crt_dt_rep_prc_amt_rto,0.27822,13829,
ddf_24m_rep_dte_neg_7_crt_dt_avg_prc_amt,0.24714,5111,
ddf_36m_rep_dte_0_crt_dt_rep_prc_amt_rto,0.18266,9051,
ddf_24m_rep_dte_neg_1_crt_dt_rep_prc_amt_rto,0.18656,9269,
ddf_24m_rep_dte_neg_7_crt_dt_ord_cnt,1.0,280,
ddf_24m_rep_dte_1_crt_dt_rep_prc_amt_rto,0.18096,8979,
ddf_24m_rep_dte_neg_7_crt_dt_rep_prc_amt,1.0,12085,
ddf_24m_rep_dte_7_crt_dt_rep_prc_amt_rto,0.23022,11454,
ddf_36m_rep_dte_5_crt_dt_rep_prc_amt_rto,0.2583,12849,
ddf_24m_rep_dte_neg_7_crt_dt_rep_prc_amt_rto,0.24714,12294,
d90_stddev_schedule_pay_penalty,0.08776,588,low_non_null_rate
ftr_pending_repay_gurantee_fee_sum_divide_ftr_principal_sum,0.31028,15022,
d360_schedule_pay_penalty_max,0.16334,778,
d90_repaid_tot_fee_sum,0.34536,12340,
d90_repaid_exclude_principal_fee_stddev,0.34536,14704,
d360_repaid_interest_fee_max,0.4514,7741,
d180_repaid_gurantee_fee_sum_divide_d180_principal_sum,0.38306,18667,
d1080_sum_repaid_interest_fee_sum_divide_d1080_principal_sum,0.66664,31406,
tot_pending_repay_tot_fee_stddev,0.31028,9278,
d720_repaid_tot_fee_stddev,0.56274,21331,
ftr_pending_repay_interest_fee_sum,0.31028,12965,
d90_schedule_pay_penalty_sum,0.08776,504,low_non_null_rate
d360_schedule_pay_penalty_sum_divide_d360_principal_sum,0.16334,1726,
d90_repaid_interest_fee_stddev,0.34536,14460,
d90_repaid_tot_fee_stddev,0.34536,10482,
d360_repaid_gurantee_fee_stddev,0.4514,16701,
d90_repaid_interest_fee_sum,0.34536,13145,
d90_repaid_tot_fee_max,0.34536,4528,
d360_stddev_adv_repay_fee,0.19038,5445,
d90_repaid_gurantee_fee_sum,0.34536,14577,
d360_repaid_exclude_principal_fee_max,0.4514,14006,
d180_adv_repay_fee_sum,0.12596,3633,
d90_repaid_interest_fee_sum_divide_d90_principal_sum,0.34536,16658,
d1080_repaid_interest_fee_stddev,0.66664,30851,
d360_adv_repay_fee_sum_divide_d360_principal_sum,0.19038,6387,
his_repaid_tot_fee_sum,0.99628,42986,
d720_repaid_interest_fee_sum,0.56274,23662,
max_con_dau_7d,1.0,8,
ddf_mdl_max_con_dau_dt_90d,0.2045,89,
ddf_mdl_max_con_dau_dt_7d,0.05686,6,low_non_null_rate
dau_90d,1.0,89,
ddf_mdl_max_con_dau_dt_14d,0.09058,13,low_non_null_rate
ddf_mdl_max_dau_dt_90d,0.30796,90,
ddf_mdl_max_con_dau_dt_30d,0.13606,29,
ord_apl_suc_min_stg_num_360_day_bjq_12m,0.68936,5,
ord_apl_suc_sum_prc_amt_360_day_04_06_bjq_12m,0.68936,304,
ord_apl_cnt_360_day_19_23_bjq_12m,0.68936,30,
his_360_day_csh_apl_ord_cnt_bjq_12m,0.68936,70,
ord_apl_suc_cnt_360_day_19_23_bjq_12m,0.68936,21,
ord_apl_min_prc_amt_360_day_bjq_12m,0.68936,1137,
ord_apl_max_prc_amt_360_day_bjq_12m,0.68936,2688,
ord_apl_cnt_360_day_04_06_bjq_12m,0.68936,14,
ord_apl_sum_prc_amt_360_day_bjq_12m,0.68936,6146,
ord_apl_suc_sum_prc_amt_360_day_07_12_bjq_12m,0.68936,2479,
his_360_day_bt_suc_ord_cnt_bjq_12m,0.68936,30,
pst_ord_apl_suc_sum_stg_num_360_day_bjq_12m,0.68936,102,
his_360_day_bt_apl_ord_cnt_csh_rto_bjq_12m,0.47976,155,
his_360_day_bt_apl_ord_cnt_his_rto_bjq_12m,0.68424,348,
his_360_day_prc_amt_3_000_flg_suc_ord_cnt_bjq_12m,0.68936,33,
ord_apl_suc_cnt_360_day_00_03_bjq_12m,0.68936,11,
ord_apl_cnt_360_day_07_12_bjq_12m,0.68936,35,
ord_apl_suc_6_cnt_360_day_rto_bjq_12m,0.4663,144,
his_360_day_csh_apl_ord_cnt_his_rto_bjq_12m,0.68424,732,
ord_apl_suc_sum_prc_amt_360_day_00_03_bjq_12m,0.68936,475,
ord_apl_suc_sum_prc_amt_360_day_bjq_12m,0.68936,4464,
his_360_day_csh_suc_ord_cnt_bjq_12m,0.68936,52,
ord_apl_suc_6_cnt_360_day_bjq_12m,0.68936,22,
ord_apl_suc_sum_prc_amt_360_day_19_23_bjq_12m,0.68936,1595,
ord_apl_suc_cnt_360_day_13_18_bjq_12m,0.68936,25,
ord_apl_suc_max_stg_num_360_day_bjq_12m,0.68936,7,
ord_apl_suc_cnt_360_day_07_12_bjq_12m,0.68936,27,
ord_apl_fal_cnt_360_day_bjq_12m,0.68936,59,
ord_apl_cnt_360_day_00_03_bjq_12m,0.68936,16,
pst_ord_apl_suc_max_prc_amt_360_day_bjq_12m,0.68936,2259,
ord_apl_suc_sum_prc_amt_360_day_13_18_bjq_12m,0.68936,2651,
ord_apl_cnt_360_day_13_18_bjq_12m,0.68936,36,
ord_apl_sum_prc_amt_360_day_04_06_bjq_12m,0.68936,480,
ord_apl_sum_prc_amt_360_day_19_23_bjq_12m,0.68936,2263,
his_360_day_prc_amt_3_000_flg_apl_ord_cnt_bjq_12m,0.68936,51,
bsy_typ_suc_cnt_360_day_bjq_12m,0.68936,3,
ord_apl_sum_prc_amt_360_day_00_03_bjq_12m,0.68936,723,
ord_apl_suc_cnt_360_day_04_06_bjq_12m,0.68936,11,
act_dvc_90d,1.0,6,
lst_app_str_hr,0.31162,24,
lat_tud,0.09206,4597,low_non_null_rate
lng_tud,0.09206,4592,low_non_null_rate
ddf_lst_app_str_tim_to_mdl_tim_sec,0.31162,15494,
alt_tud,0.09206,1047,low_non_null_rate
his_30d_app_str_ctn_v2,0.31162,171,
dvc_cnt_cjj_7,0.31162,3,
his_1d_app_str_ctn_v2,0.31162,25,
dvc_num_log_mid_ngt_90,0.31162,74,
dvc_cnt_cjj_30,0.31162,5,
his_3d_app_str_ctn_v2,0.31162,44,
his_7d_app_str_ctn_v2,0.31162,75,
dvc_cnt_cjj_90,0.31162,6,
credit_fund_level2_min_limit_cnt_24m,0.13266,284,
loan_unique_fund_cnt_3m,0.47804,11,
credit_pass_unique_scene_cnt_36m,0.47804,5,
loan_fund_cnt_all,0.47804,17,
credit_fund_other_reject_cnt_3m,0.0676,8,low_non_null_rate
credit_pass_unique_fund_cnt_3m,0.47804,10,
loan_fund_level2_min_ir_24m,0.07718,37,low_non_null_rate
credit_fund_level2_min_ir_cnt_36m,0.18312,16,
credit_unique_fund_cnt_3m,0.47804,16,
loan_ratio_6m,0.05858,112,low_non_null_rate
credit_fund_other_ratio_12m,0.17214,49,
loan_reject_unique_fund_cnt_6m,0.47804,7,
credit_fund_level1_reject_cnt_12m,0.11546,9,
loan_avg_ir_36m,0.12398,1301,
loan_reject_cnt_36m,0.09406,60,low_non_null_rate
credit_unique_scene_cnt_all,0.47804,6,
credit_avg_ir_cnt_12m,0.10316,427,
credit_min_limit_cnt_12m,0.10348,255,
credit_fund_level2_cnt_12m,0.08832,20,low_non_null_rate
loan_fund_level2_max_terms_all,0.1115,5,
credit_fund_level1_ratio_6m,0.08,11,low_non_null_rate
credit_avg_limit_cnt_all,0.21126,2263,
credit_min_ir_cnt_all,0.20782,62,
credit_fund_level2_limit_cnt_6m,0.0483,614,low_non_null_rate
credit_fund_level2_min_limit_cnt_6m,0.0483,232,low_non_null_rate
loan_max_ir_24m,0.09288,64,low_non_null_rate
credit_loan_fund_level2_usage_rate_12m,0.05716,1146,low_non_null_rate
loan_reject_cnt_12m,0.05534,47,low_non_null_rate
credit_reject_cnt_24m,0.30348,46,
loan_fund_level1_cnt_all,0.08532,50,low_non_null_rate
loan_unique_fund_cnt_12m,0.47804,14,
credit_cnt_6m,0.0595,16,low_non_null_rate
loan_principal_sum_24m,0.09288,851,low_non_null_rate
credit_reject_unique_fund_cnt_6m,0.47804,17,
credit_fund_other_avg_limit_cnt_24m,0.0545,451,low_non_null_rate
loan_fund_level2_max_ir_all,0.10904,68,
loan_avg_terms_24m,0.09288,167,low_non_null_rate
loan_reject_cnt_all,0.1395,109,
credit_pass_unique_fund_cnt_1m,0.47804,6,
credit_pass_unique_fund_cnt_24m,0.47804,17,
loan_fund_level1_min_terms_min_all,0.08532,272,low_non_null_rate
credit_fund_level2_ratio_36m,0.38828,223,
credit_loan_avg_days_36m,0.13756,1815,
credit_fund_other_reject_cnt_6m,0.10714,11,
credit_reject_unique_scene_cnt_24m,0.47804,5,
credit_fund_other_reject_cnt_24m,0.2116,21,
loan_cnt_24m,0.09288,38,low_non_null_rate
loan_fund_level2_min_ir_36m,0.1027,51,
credit_fund_other_cnt_24m,0.0545,8,low_non_null_rate
credit_fund_level2_reject_cnt_12m,0.1844,23,
credit_unique_fund_cnt_12m,0.47804,21,
credit_max_ir_cnt_36m,0.19942,34,
loan_avg_ir_all,0.1462,1707,
credit_fund_level1_reject_cnt_6m,0.0727,7,low_non_null_rate
credit_max_limit_cnt_12m,0.10348,428,
credit_loan_avg_days_12m,0.07118,820,low_non_null_rate
loan_reject_unique_fund_cnt_1m,0.47804,5,
credit_loan_usage_rate_24m,0.1004,1983,
credit_fund_level2_avg_ir_cnt_6m,0.0483,99,low_non_null_rate
credit_limit_cnt_12m,0.10348,1109,
loan_principal_avg_12m,0.0637,880,low_non_null_rate
credit_loan_avg_days_24m,0.10048,1331,
credit_unique_fund_cnt_1m,0.47804,11,
loan_fund_level1_principal_sum_all,0.08532,879,low_non_null_rate
credit_ratio_12m,0.21894,235,
loan_fund_level2_cnt_36m,0.1027,29,
loan_principal_max_24m,0.09288,332,low_non_null_rate
credit_fund_level2_avg_ir_cnt_24m,0.13262,272,
credit_min_ir_cnt_24m,0.14722,56,
credit_pass_unique_scene_cnt_6m,0.47804,4,
credit_min_limit_cnt_all,0.21126,294,
credit_unique_fund_cnt_36m,0.47804,26,
loan_fund_level1_avg_terms_all,0.08532,240,low_non_null_rate
credit_fund_other_max_ir_cnt_24m,0.0545,32,low_non_null_rate
credit_fund_level2_ratio_3m,0.07296,33,low_non_null_rate
credit_fund_other_limit_cnt_24m,0.0545,386,low_non_null_rate
loan_min_terms_12m,0.0637,4,low_non_null_rate
loan_principal_min_24m,0.09288,221,low_non_null_rate
loan_fund_level2_avg_ir_12m,0.05068,280,low_non_null_rate
loan_fund_level2_min_terms_24m,0.07718,4,low_non_null_rate
loan_fund_level2_ratio_24m,0.09384,141,low_non_null_rate
credit_fund_other_reject_cnt_36m,0.26706,22,
loan_avg_terms_36m,0.12398,199,
loan_max_terms_12m,0.0637,4,low_non_null_rate
credit_fund_level1_ratio_12m,0.12502,14,
loan_pass_unique_fund_cnt_1m,0.47804,5,
credit_fund_level2_max_ir_cnt_6m,0.0483,7,low_non_null_rate
loan_reject_cnt_24m,0.07268,54,low_non_null_rate
credit_min_limit_cnt_6m,0.0595,235,low_non_null_rate
loan_fund_level2_cnt_24m,0.07718,24,low_non_null_rate
loan_fund_level1_ratio_36m,0.05466,158,low_non_null_rate
credit_fund_level1_reject_cnt_24m,0.1634,10,
loan_principal_max_12m,0.0637,310,low_non_null_rate
loan_fund_level2_min_terms_12m,0.05068,4,low_non_null_rate
credit_fund_level2_ratio_all,0.4036,228,
credit_pass_unique_scene_cnt_1m,0.47804,4,
loan_pass_unique_fund_cnt_24m,0.47804,16,
credit_pass_unique_fund_cnt_6m,0.47804,11,
loan_fund_other_ratio_all,0.0644,131,low_non_null_rate
credit_unique_scene_cnt_36m,0.47804,6,
credit_max_limit_cnt_24m,0.14814,473,
credit_fund_level2_cnt_6m,0.0483,13,low_non_null_rate
loan_max_ir_36m,0.12398,91,
credit_unique_scene_cnt_6m,0.47804,5,
credit_fund_level2_min_ir_cnt_12m,0.08832,11,low_non_null_rate
loan_min_ir_24m,0.09288,104,low_non_null_rate
credit_limit_cnt_24m,0.14814,1318,
credit_ratio_6m,0.15028,125,
loan_fund_level2_avg_ir_24m,0.07718,397,low_non_null_rate
credit_fund_level2_max_limit_cnt_6m,0.0483,326,low_non_null_rate
loan_unique_fund_cnt_6m,0.47804,11,
loan_reject_unique_fund_cnt_3m,0.47804,7,
credit_fund_other_max_limit_cnt_24m,0.0545,272,low_non_null_rate
credit_reject_cnt_6m,0.1452,25,
credit_fund_level2_avg_ir_cnt_36m,0.18312,383,
credit_reject_cnt_3m,0.09442,17,low_non_null_rate
loan_fund_level2_min_ir_all,0.10904,57,
credit_fund_level2_max_ir_cnt_24m,0.13262,9,
loan_reject_unique_fund_cnt_12m,0.47804,9,
loan_fund_level2_max_terms_24m,0.07718,4,low_non_null_rate
loan_fund_level2_principal_avg_36m,0.1027,1004,
credit_unique_scene_cnt_12m,0.47804,5,
credit_fund_cnt_all,0.47804,26,
loan_fund_level1_min_ir_all,0.05294,47,low_non_null_rate
credit_loan_fund_level2_avg_days_36m,0.11816,1556,
credit_reject_cnt_12m,0.2131,40,
credit_min_ir_cnt_6m,0.05946,30,low_non_null_rate
credit_min_limit_cnt_24m,0.14814,281,
credit_loan_usage_rate_all,0.14338,2446,
credit_avg_ir_cnt_24m,0.14722,562,
loan_fund_level1_max_terms_max_all,0.08532,263,low_non_null_rate
credit_min_ir_cnt_36m,0.19942,63,
loan_reject_fund_cnt_all,0.47804,10,
credit_loan_fund_level2_avg_days_12m,0.05716,624,low_non_null_rate
credit_fund_other_min_ir_cnt_36m,0.0627,49,low_non_null_rate
credit_loan_fund_level2_avg_days_24m,0.08544,1100,low_non_null_rate
loan_ratio_12m,0.08532,180,low_non_null_rate
credit_unique_scene_cnt_24m,0.47804,6,
credit_pass_unique_scene_cnt_3m,0.47804,4,
credit_avg_limit_cnt_36m,0.2024,2215,
credit_fund_other_ratio_24m,0.22146,68,
credit_pass_unique_scene_cnt_12m,0.47804,5,
credit_fund_level2_cnt_24m,0.13266,24,
loan_fund_level2_principal_sum_all,0.1115,758,
credit_fund_other_cnt_all,0.06566,10,low_non_null_rate
loan_max_ir_all,0.1462,124,
credit_fund_level2_min_ir_cnt_24m,0.13262,15,
credit_fund_other_min_limit_cnt_24m,0.0545,210,low_non_null_rate
credit_fund_level1_reject_cnt_36m,0.26948,11,
credit_fund_level2_reject_cnt_36m,0.37096,34,
pge_id_cnt_7d,1.0,40,
dau_00_06_14d,1.0,13,
clk_cnt_14d,1.0,392,
dau_00_06_90d,1.0,50,
clk_cnt_00_06_14d,1.0,155,
pge_id_cnt_90d,1.0,266,
clk_cnt_00_06_rep_90d,1.0,235,
d90_max_adv_repay_amt_divide_d90_max_faqi_prc_amt,0.06394,3048,low_non_null_rate
d360_due_repay_amt_avg_divide_d360_faqi_trade_amt_avg,0.3877,17460,
d360_max_adv_repay_amt_divide_rsk_adt_lmt_cash,0.19038,9343,
d1080_due_repay_amt_larger_than_rsk_adt_lmt_cash_his_t_day_count_sum,0.68288,28,
d180_ovdrepay_1_4am_trade_in_same_month_count_sum,0.4084,5,
d90_successamt_thismon_sum_larger_than_rsk_adt_lmt_cash_count_sum,0.1609,3,
d1080_ovdrepay_ontimrepay_in_same_month_count_sum,0.15388,26,
d360_max_adv_repay_amt_divide_d360_max_faqi_prc_amt,0.1713,7695,
d1080_ovdrepay_fail_trade_in_same_month_count_sum,0.7118,16,
d1080_advrepay_large_than_ontimrepay_amt_months_count_sum,0.23574,22,
d360_trade_fail_stgnum_avg_mon_divide_his_trade_success_stgnum_avg_mon,0.16284,1004,
his_due_repay_amt_avg_divide_his_faqi_trade_amt_avg,0.99628,31973,
d360_ovdrepay_thismon_sum_larger_than_rsk_avl_lmt_cash_count_sum,0.16016,12,
d90_ovdrepay_suc_trade_in_same_month_count_sum,0.36036,4,
d720_max_ovd_repay_amt_divide_d720_max_suc_prc_amt,0.20278,8905,
d360_due_repay_amt_sum_divide_d360_faqi_trade_amt_sum,0.3877,17469,
d180_max_adv_repay_amt_divide_d180_max_faqi_prc_amt,0.10642,4941,
d360_advrepay_amt_sum_divide_ontimrepay_amt_sum,0.16418,8175,
d180_ovdrepay_suc_trade_in_same_month_count_sum,0.4084,7,
d180_faqi_trade_amt_larger_than_rsk_adt_lmt_cash_his_t_day_count_sum,0.33314,2,
d360_ovdrepay_ontimrepay_in_same_month_count_sum,0.08826,12,low_non_null_rate
d1080_advrepay_ontimrepay_in_same_month_count_sum,0.23574,32,
his_advrepay_thismon_sum_larger_than_rsk_avl_lmt_cash_count_sum,0.6457,36,
d1080_ontimrepay_thismon_sum_larger_than_rsk_adt_lmt_cash_count_sum,0.61324,15,
d180_due_repay_amt_larger_than_rsk_avl_lmt_cash_his_t_day_count_sum,0.41762,58,
d720_max_due_prc_amt_divide_d720_max_faqi_prc_amt,0.52732,20157,
d1080_trade_fail_amt_sum_mon_divide_his_trade_success_amt_sum_mon,0.34344,13002,
d360_max_faqi_prc_amt_divide_rsk_avl_lmt_cash,0.42956,17793,
d360_ovdrepay_large_than_ontimrepay_amt_months_count_sum,0.08826,12,low_non_null_rate
his_ovd_1d3d_repay_amt_sum_divide_adv_3dminus_repay_amt_sum,0.2361,11506,
d720_suc_fail_trade_in_same_month_count_sum,0.09804,11,low_non_null_rate
d360_faqi_unpaid_principal_tot_larger_than_rsk_adt_lmt_cash_his_t_day_count_sum,0.43204,2,
d1080_due_repay_amt_avg_divide_d1080_faqi_trade_amt_avg,0.62558,23981,
his_ontimrepay_thismon_sum_larger_than_rsk_adt_lmt_cash_count_sum,0.92058,29,
d360_unpaid_principal_tot_amt_t_day_divide_rsk_adt_lmt_cash_his_t_day_max,0.43204,10861,
d90_ovdrepay_amt_sum_divide_ontimrepay_amt_sum,0.06652,3292,low_non_null_rate
d360_advrepay_thismon_sum_larger_than_rsk_adt_lmt_cash_count_sum,0.18562,5,
d1080_avg_due_pay_amt_sum_by_mon_divide_rsk_adt_lmt_cash,0.66226,29041,
d720_faqi_trade_amt_larger_than_unpaid_principal_tot_amt_t_day_count_sum,0.56616,48,
d180_ovdrepay_amt_sum_divide_ontimrepay_amt_sum,0.1058,5271,
d360_trade_fail_count_mon_divide_his_trade_success_count_mon,0.16284,465,
d1080_trade_fail_stgnum_avg_mon_divide_his_trade_success_stgnum_avg_mon,0.34344,3352,
d1080_faqi_trade_amt_larger_than_rsk_adt_lmt_cash_his_t_day_count_sum,0.67668,7,
d180_max_ovd_repay_amt_divide_d180_max_suc_prc_amt,0.07782,3590,low_non_null_rate
d720_ovd_1d3d_repay_amt_sum_divide_adv_3dminus_repay_amt_sum,0.06372,3182,low_non_null_rate
d720_faqi_trade_amt_larger_than_rsk_adt_lmt_cash_his_t_day_count_sum,0.56762,3,
d180_faqiamt_thismon_sum_larger_than_rsk_adt_lmt_cash_count_sum,0.32462,7,
his_advrepay_large_than_ontimrepay_amt_months_count_sum,0.43152,27,
d720_faqi_trade_amt_larger_than_rsk_avl_lmt_cash_his_t_day_count_sum,0.56762,83,
d360_faqi_trade_amt_larger_than_rsk_adt_lmt_cash_his_t_day_count_sum,0.43226,2,
d720_ovdrepay_suc_trade_in_same_month_count_sum,0.60476,19,
d1080_ovdrepay_1_4am_trade_in_same_month_count_sum,0.7118,8,
d90_advrepay_large_than_ontimrepay_amt_months_count_sum,0.05452,4,low_non_null_rate
d360_successamt_thismon_sum_larger_than_rsk_adt_lmt_cash_count_sum,0.36218,5,
d1080_max_due_prc_amt_divide_d1080_max_faqi_prc_amt,0.63226,23353,
d720_due_repay_amt_larger_than_rsk_adt_lmt_cash_his_t_day_count_sum,0.5854,14,
d720_max_ovd_repay_amt_divide_rsk_adt_lmt_cash,0.22466,11074,
d720_ontimrepay_thismon_sum_larger_than_rsk_adt_lmt_cash_count_sum,0.51872,9,
d720_unpaid_principal_tot_amt_t_day_divide_rsk_adt_lmt_cash_his_t_day_max,0.56616,10703,
d720_fail_trade_large_than_suc_trade_stgnum_count_sum,0.09804,6,low_non_null_rate
d720_fail_trade_large_than_suc_trade_amt_count_sum,0.09804,10,low_non_null_rate
d180_faqi_trade_amt_larger_than_rsk_avl_lmt_cash_his_t_day_count_sum,0.33314,39,
d180_advrepay_suc_trade_in_same_month_count_sum,0.4084,7,
d1080_ovdrepay_thismon_sum_larger_than_rsk_adt_lmt_cash_count_sum,0.2818,9,
d180_due_repay_amt_sum_divide_d180_faqi_trade_amt_sum,0.2942,13877,
d1080_faqiamt_thismon_sum_larger_than_rsk_adt_lmt_cash_count_sum,0.67512,20,
his_trade_fail_amt_sum_mon_divide_his_trade_success_amt_sum_mon,0.58724,22171,
d720_due_repay_amt_avg_divide_d720_faqi_trade_amt_avg,0.5193,21009,
d360_ovdrepay_1wplus_trade_in_same_month_count_sum,0.48626,11,
d360_faqiamt_thismon_sum_larger_than_rsk_avl_lmt_cash_count_sum,0.42796,13,
d90_faqiamt_thismon_sum_larger_than_rsk_avl_lmt_cash_count_sum,0.23342,4,
d180_ontimrepay_thismon_sum_larger_than_rsk_adt_lmt_cash_count_sum,0.357,1,constant
his_max_due_prc_amt_divide_his_max_faqi_prc_amt,0.9962,31540,
his_ovdrepay_amt_sum_divide_advrepay_amt_sum,0.31042,15242,
d180_max_faqi_prc_amt_divide_rsk_adt_lmt_cash,0.33458,7175,
d1080_due_repay_amt_larger_than_rsk_avl_lmt_cash_his_t_day_count_sum,0.68288,136,
d360_ovdrepay_1_4am_trade_in_same_month_count_sum,0.48626,5,
d1080_max_ovd_repay_amt_divide_d1080_max_suc_prc_amt,0.25826,11268,
d720_max_adv_repay_amt_divide_d720_max_faqi_prc_amt,0.2697,11526,
d1080_successamt_thismon_sum_larger_than_rsk_adt_lmt_cash_count_sum,0.60216,10,
d90_unpaid_principal_tot_amt_t_day_divide_rsk_avl_lmt_cash_his_t_day_max,0.2279,10036,
d360_suc_fail_trade_in_same_month_count_sum,0.05756,9,low_non_null_rate
d360_advrepay_thismon_sum_larger_than_rsk_avl_lmt_cash_count_sum,0.18562,13,
d720_max_faqi_prc_amt_divide_rsk_adt_lmt_cash,0.57014,10941,
d180_faqi_trade_amt_larger_than_due_repay_amt_by_mon_count_sum,0.24218,34,
his_max_faqi_prc_amt_divide_max_due_pay_amt_sum_mon,0.99628,40962,
d90_max_due_prc_amt_divide_rsk_adt_lmt_cash,0.38376,18521,
his_ovd_4d14d_repay_amt_sum_divide_adv_15dminus_repay_amt_sum,0.07464,3607,low_non_null_rate
d90_max_due_prc_amt_divide_d90_max_faqi_prc_amt,0.23244,10365,
d180_faqi_unpaid_principal_tot_larger_than_rsk_adt_lmt_cash_his_t_day_count_sum,0.33304,2,
his_success_thismon_sum_larger_than_rsk_avl_lmt_cash_count_sum,0.9972,56,
d720_ovdrepay_amt_sum_divide_ontimrepay_amt_sum,0.21374,10656,
d720_max_ovd_repay_amt_divide_d720_max_fail_prc_amt,0.14544,7175,
d720_due_repay_amt_larger_than_rsk_avl_lmt_cash_his_t_day_count_sum,0.5854,105,
d180_unpaid_principal_tot_amt_t_day_divide_rsk_avl_lmt_cash_his_t_day_max,0.28846,12130,
d360_trade_fail_amt_sum_mon_divide_his_trade_success_amt_sum_mon,0.16284,5923,
d360_advrepay_large_than_ontimrepay_amt_months_count_sum,0.12708,12,
d90_advrepay_ontimrepay_in_same_month_count_sum,0.05452,3,low_non_null_rate
d360_max_due_prc_amt_divide_d360_max_faqi_prc_amt,0.39744,15783,
d90_ovdrepay_1_4am_trade_in_same_month_count_sum,0.36036,3,
d90_unpaid_principal_tot_amt_t_day_divide_rsk_adt_lmt_cash_his_t_day_max,0.25248,9664,
d90_avg_due_pay_amt_sum_by_mon_divide_rsk_adt_lmt_cash,0.3387,16644,
d90_faqi_trade_amt_larger_than_rsk_adt_lmt_cash_his_t_day_count_sum,0.25256,2,
d360_ovdrepay_fail_trade_in_same_month_count_sum,0.48626,11,
d360_faqi_unpaid_principal_tot_larger_than_rsk_avl_lmt_cash_his_t_day_count_sum,0.43204,92,
d360_faqiamt_thismon_sum_larger_than_rsk_adt_lmt_cash_count_sum,0.42796,10,
d90_ovdrepay_1wplus_trade_in_same_month_count_sum,0.36036,4,
d180_max_due_prc_amt_divide_d180_max_faqi_prc_amt,0.30578,12771,
d720_max_due_prc_amt_divide_rsk_adt_lmt_cash,0.5854,28157,
d1080_max_adv_repay_amt_divide_d1080_max_faqi_prc_amt,0.34554,14363,
d1080_unpaid_principal_tot_amt_t_day_divide_rsk_adt_lmt_cash_his_t_day_max,0.67364,11625,
d90_due_repay_amt_avg_divide_d90_faqi_trade_amt_avg,0.21176,10265,
his_advrepay_suc_trade_in_same_month_count_sum,0.99828,42,
d360_max_ovd_repay_amt_divide_d360_max_suc_prc_amt,0.1342,5941,
d360_advrepay_ontimrepay_in_same_month_count_sum,0.12708,12,
d1080_due_repay_amt_sum_divide_d1080_faqi_trade_amt_sum,0.62558,23556,
d90_faqi_trade_amt_larger_than_unpaid_principal_tot_amt_t_day_count_sum,0.25248,19,
his_successamt_thismon_sum_larger_than_rsk_adt_lmt_cash_count_sum,0.9972,28,
d720_ovdrepay_amt_sum_divide_advrepay_amt_sum,0.10196,5094,
d360_ovdrepay_thismon_sum_larger_than_rsk_adt_lmt_cash_count_sum,0.16016,2,
d360_faqi_trade_amt_larger_than_ovd_repay_amt_by_mon_count_sum,0.0865,41,low_non_null_rate
his_max_faqi_prc_amt_divide_max_ontim_amt_sum_mon,0.92058,40146,
d720_trade_fail_amt_sum_mon_divide_his_trade_success_amt_sum_mon,0.2553,9618,
d90_advrepay_amt_sum_divide_ontimrepay_amt_sum,0.0645,3216,low_non_null_rate
d180_due_repay_amt_avg_divide_d180_faqi_trade_amt_avg,0.2942,13849,
d180_trade_fail_stgnum_avg_mon_divide_his_trade_success_stgnum_avg_mon,0.09178,442,low_non_null_rate
d720_faqi_trade_amt_larger_than_due_repay_amt_by_mon_count_sum,0.38716,71,
d180_max_ovd_repay_amt_divide_d180_max_fail_prc_amt,0.05886,2922,low_non_null_rate
his_due_repay_amt_sum_divide_his_faqi_trade_amt_sum,0.99628,30160,
his_max_faqi_prc_amt_divide_unpaid_principal_tot,0.31026,14482,
d180_ovdrepay_ontimrepay_in_same_month_count_sum,0.06222,6,low_non_null_rate
d720_faqi_unpaid_principal_tot_larger_than_rsk_adt_lmt_cash_his_t_day_count_sum,0.56616,4,
d360_faqi_trade_amt_larger_than_unpaid_principal_tot_amt_t_day_count_sum,0.43204,37,
his_due_repay_amt_larger_than_rsk_adt_lmt_cash_his_t_day_count_sum,0.77268,58,
d1080_ovdrepay_amt_sum_divide_ontimrepay_amt_sum,0.27226,13559,
d720_due_repay_amt_sum_divide_d720_faqi_trade_amt_sum,0.5193,20843,
d180_ontimrepay_thismon_sum_larger_than_rsk_avl_lmt_cash_count_sum,0.357,7,
his_trade_fail_count_mon_divide_his_trade_success_count_mon,0.58724,1464,
d1080_faqi_unpaid_principal_tot_larger_than_rsk_adt_lmt_cash_his_t_day_count_sum,0.67368,7,
d90_due_repay_amt_larger_than_rsk_adt_lmt_cash_his_t_day_count_sum,0.38376,2,
d90_advrepay_thismon_sum_larger_than_rsk_adt_lmt_cash_count_sum,0.07456,3,low_non_null_rate
his_max_faqi_prc_amt_divide_max_ovd_amt_sum_mon,0.48854,21483,
d720_advrepay_suc_trade_in_same_month_count_sum,0.60476,24,
d1080_advrepay_thismon_sum_larger_than_rsk_adt_lmt_cash_count_sum,0.35604,9,
d360_ovdrepay_amt_sum_divide_advrepay_amt_sum,0.06014,3007,low_non_null_rate
d90_ovdrepay_fail_trade_in_same_month_count_sum,0.36036,4,
d1080_ovdrepay_large_than_ontimrepay_amt_months_count_sum,0.15388,18,
d720_trade_fail_count_mon_divide_his_trade_success_count_mon,0.2553,850,
d1080_max_faqi_prc_amt_divide_rsk_adt_lmt_cash,0.6792,13588,
d180_trade_fail_count_mon_divide_his_trade_success_count_mon,0.09178,237,low_non_null_rate
d360_ovdrepay_amt_sum_divide_ontimrepay_amt_sum,0.15164,7560,
his_max_ovd_repay_amt_divide_his_max_suc_prc_amt,0.48854,18807,
ord_apl_cnt_720_day_04_06,1.0,24,
ord_apl_cnt_720_day_00_03,1.0,25,
ord_apl_suc_cnt_720_day_07_12,1.0,63,
ord_apl_suc_sum_prc_amt_00_03,1.0,1196,
his_720_day_csh_apl_ord_cnt,1.0,138,
his_720_day_bt_apl_ord_cnt_his_rto,0.99828,127,
ord_apl_cnt_07_12,1.0,104,
ord_apl_suc_cnt_00_03,1.0,22,
ord_apl_sum_prc_amt_1080_day_00_03,1.0,670,
ord_apl_sum_prc_amt_07_12,1.0,7788,
ord_apl_avg_prc_amt_720_day_per_mth,1.0,3737,
ord_apl_cnt_720_day_19_23,1.0,50,
his_1080_day_prc_amt_3_000_flg_apl_ord_cnt,1.0,115,
his_bt_suc_ord_cnt,1.0,65,
ord_apl_suc_sum_prc_amt_720_day_00_03,1.0,394,
his_720_day_csh_apl_ord_cnt_his_rto,0.99828,1415,
his_csh_suc_ord_cnt,1.0,157,
his_1080_day_bt_apl_ord_cnt_his_rto,0.99828,266,
ord_apl_cnt_13_18,1.0,85,
ord_apl_suc_cnt_04_06,1.0,23,
his_720_day_bt_apl_ord_cnt_csh_rto,0.43452,64,
ord_apl_sum_prc_amt_1080_day_04_06,1.0,571,
his_720_day_bt_suc_ord_cnt_csh_rto,0.4972,48,
ord_apl_suc_sum_prc_amt_19_23,1.0,4092,
his_1080_day_bt_suc_ord_cnt_csh_rto,0.6043,122,
ord_apl_suc_sum_prc_amt_720_day_19_23,1.0,915,
ord_apl_suc_cnt_720_day_13_18,1.0,57,
ord_apl_suc_avg_prc_amt_720_day_per_mth,1.0,2679,
ord_apl_cnt_19_23,1.0,63,
ord_apl_sum_prc_amt_13_18,1.0,8033,
his_csh_apl_ord_cnt_his_rto,0.99828,772,
his_1080_day_bt_apl_ord_cnt_csh_rto,0.43452,137,
his_bt_apl_ord_cnt_csh_rto,0.91982,771,
his_prc_amt_3_000_flg_suc_ord_cnt,1.0,110,
ord_apl_sum_prc_amt_720_day_19_23,1.0,1226,
ord_apl_suc_sum_prc_amt_720_day_04_06,1.0,347,
ddf_6m_rep_dte_neg_7_crt_dt_max_prc_amt,1.0,414,
avg_ddf_rep_dte_ord_crt_tim_7,0.45762,2411,
ddf_1m_rep_dte_3_crt_dt_max_prc_amt,1.0,261,
ddf_3m_rep_dte_neg_3_crt_dt_max_prc_amt,1.0,364,
min_ddf_rep_dte_ord_crt_tim_neg_3,0.43852,4,
ddf_6m_rep_dte_5_crt_dt_rep_prc_amt_rto,0.13166,6549,
max_ddf_rep_dte_ord_crt_tim_neg_7,0.49084,8,
ddf_12m_rep_dte_neg_1_crt_dt_rep_prc_amt_rto,0.14266,7094,
ddf_1m_rep_dte_3_crt_dt_sum_prc_amt,1.0,432,
ddf_12m_rep_dte_neg_7_crt_dt_avg_prc_amt,0.1922,3905,
ddf_12m_rep_dte_1_crt_dt_rep_prc_amt_rto,0.13742,6819,
ddf_12m_rep_dte_neg_7_crt_dt_ord_cnt,1.0,218,
min_ddf_rep_dte_ord_crt_tim_neg_1,0.3798,2,
max_ddf_rep_dte_ord_crt_tim_3,0.40972,4,
min_ddf_rep_dte_ord_crt_tim_neg_7,0.49084,8,
avg_ddf_rep_dte_ord_crt_tim_3,0.40972,1192,
ddf_3m_rep_dte_7_crt_dt_rep_prc_amt_rto,0.10308,5133,
ddf_12m_rep_dte_3_crt_dt_max_prc_amt,1.0,429,
ddf_1m_rep_dte_neg_3_crt_dt_max_prc_amt,1.0,265,
max_ddf_rep_dte_ord_crt_tim_5,0.4367,6,
ddf_6m_rep_dte_1_crt_dt_max_prc_amt,1.0,363,
min_ddf_rep_dte_ord_crt_tim_7,0.45762,8,
ddf_6m_rep_dte_neg_7_crt_dt_rep_prc_amt,1.0,7349,
avg_ddf_rep_dte_ord_crt_tim_1,0.365,502,
avg_ddf_rep_dte_ord_crt_tim_neg_7,0.49084,2562,
min_ddf_rep_dte_ord_crt_tim_neg_5,0.46872,6,
ddf_3m_rep_dte_5_crt_dt_max_prc_amt,1.0,366,
avg_ddf_rep_dte_ord_crt_tim_neg_1,0.3798,487,
ddf_1m_rep_dte_7_crt_dt_ord_cnt,1.0,49,
ddf_3m_rep_dte_5_crt_dt_sum_prc_amt,1.0,913,
avg_ddf_rep_dte_ord_crt_tim_neg_3,0.43852,1237,
ddf_3m_rep_dte_0_crt_dt_max_prc_amt,1.0,295,
ddf_3m_rep_dte_neg_7_crt_dt_rep_prc_amt_rto,0.10908,5434,
max_ddf_rep_dte_ord_crt_tim_1,0.365,2,
ddf_1m_rep_dte_neg_3_crt_dt_rep_prc_amt_rto,0.05004,2495,low_non_null_rate
ddf_3m_rep_dte_1_crt_dt_rep_prc_amt_rto,0.07444,3696,low_non_null_rate
ddf_12m_rep_dte_neg_7_crt_dt_rep_prc_amt_rto,0.1922,9564,
ddf_12m_rep_dte_neg_3_crt_dt_sum_prc_amt,1.0,1604,
ddf_1m_rep_dte_neg_3_crt_dt_sum_prc_amt,1.0,435,
max_ddf_rep_dte_ord_crt_tim_7,0.45762,8,
ddf_1m_rep_dte_3_crt_dt_rep_prc_amt,1.0,2351,
ddf_12m_rep_dte_7_crt_dt_rep_prc_amt_rto,0.1782,8865,
ddf_6m_rep_dte_neg_3_crt_dt_rep_prc_amt_rto,0.1284,6385,
stg_pln_max_prc_amt_ovd_1d_3d,1.0,17670,
stg_pln_pay_off_sum_prc_amt_1m,1.0,14951,
stg_pln_pay_off_max_prc_amt_pday,1.0,35831,
stg_pln_min_prc_amt_d0_rep_12m,1.0,2704,
max_ddf_rep_tim_dte_ovd_pls_rep_12m,0.16442,51,
stg_pln_cnt_adv_rep_12m,1.0,179,
stg_pln_cnt_2m_his,1.0,100,
stg_pln_fst_sum_prc_amt_ovd_pls_rep_12m,1.0,2454,
stg_pln_sum_prc_amt_adv_rep_6m,1.0,8103,
min_ddf_rep_tim_dte_ovd_pls,0.48854,31,
stg_pln_min_prc_amt_adv_d0_rep_6m,1.0,2232,
stg_pln_max_prc_amt_adv_rep_1m,1.0,4254,
stg_pln_max_prc_amt_adv_rct_3m,1.0,3411,
stg_pln_sum_prc_amt_ovd_1d_3d_rep_12m,1.0,7663,
stg_pln_max_prc_amt_1m_his,1.0,13763,
stg_pln_sum_prc_amt_ovd_3d_pls,1.0,6257,
stg_pln_cnt_ovd_pls_fst_ord,1.0,13,
stg_pln_max_prc_amt_adv_rct_6m,1.0,4924,
stg_pln_max_prc_amt_ovd_1d_3d_rep_12m,1.0,6980,
stg_pln_cnt_adv_fst_ord,1.0,16,
stg_pln_sum_prc_amt_1m_his,1.0,16669,
stg_pln_cnt_ovd_1d_3d,1.0,90,
min_ddf_rep_tim_dte_adv,0.6457,47,
stg_pln_pay_off_min_prc_amt_12m,1.0,5102,
stg_pln_cnt_adv_rct_6m,1.0,140,
stg_pln_cnt_d0_rep_his_fst_ord,1.0,16,
min_ddf_rep_tim_dte_adv_fst_ord,0.4781,54,
max_prc_amt_pmth_3m,0.99628,16256,
stg_pln_pay_off_cnt_7d,1.0,32,
stg_pln_sum_prc_amt_adv_fst_ord,1.0,13235,
stg_pln_cnt_ovd_3d_pls,1.0,40,
stg_pln_sum_prc_amt_d0_rep_his,1.0,40381,
stg_pln_min_prc_amt_d0_rep_his_fst_ord,1.0,3960,
stg_pln_sum_prc_amt_adv_rct_6m,1.0,5783,
min_ddf_rep_tim_dte_ovd_pls_rep_6m,0.12002,29,
stg_pln_min_prc_amt_adv_d0_rep_his_fst_ord,1.0,6614,
stg_pln_sum_prc_amt_adv_1m,1.0,28581,
stg_pln_sum_prc_amt_ovd_1d_3d,1.0,21717,
stg_pln_sum_prc_amt_ovd_pls_fst_ord,1.0,12120,
stg_pln_pay_off_sum_prc_amt_14d,1.0,9992,
stg_pln_sum_prc_amt_ovd_1d_3d_rep_3m,1.0,4042,
max_ddf_rep_tim_dte_adv,0.6457,384,
stg_pln_max_prc_amt_d0_rep_his,1.0,29597,
stg_pln_min_prc_amt_his,1.0,16389,
stg_pln_pay_off_sum_prc_amt_7d,1.0,6573,
stg_pln_fst_cnt_ovd_pls_rep_12m,1.0,15,
stg_pln_max_prc_amt_ovd_pls_fst_ord,1.0,10904,
min_ddf_rep_tim_dte_ovd_pls_rep_12m,0.16442,31,
stg_pln_min_prc_amt_adv_rep_his,1.0,1819,
stg_pln_cnt_ovd_1d_3d_rep_12m,1.0,62,
stg_pln_max_prc_amt_adv_7d,1.0,16079,
stg_pln_max_prc_amt_adv_rep_his,1.0,19396,
stg_pln_max_prc_amt_ovd_7d_pls,1.0,2636,
stg_pln_pay_off_max_prc_amt_14d,1.0,8757,
stg_pln_pay_off_sum_prc_amt_fst_ord,1.0,6608,
min_ddf_mdl_rep_tim_d0_rep_his,0.92058,3056,
stg_pln_pay_off_cnt_1m,1.0,74,
stg_pln_cnt_adv_3d,1.0,139,
stg_pln_max_prc_amt_adv_rct_12m,1.0,7097,
stg_pln_max_prc_amt_d0_rep_his_fst_ord,1.0,24633,
stg_pln_pay_off_cnt_14d,1.0,46,
stg_pln_fst_cnt_ovd_pls,1.0,26,
min_ddf_rep_tim_dte_ovd_pls_rep_3m,0.08872,24,low_non_null_rate
stg_pln_cnt_ovd_1d_3d_rep_3m,1.0,30,
stg_pln_pay_off_cnt,1.0,675,
stg_pln_cnt_adv_3m,1.0,250,
stg_pln_pay_off_max_prc_amt_pday_12m,1.0,18865,
stg_pln_fst_sum_prc_amt_ovd_pls,1.0,8152,
stg_pln_sum_prc_amt_adv_rep_his,1.0,27492,
stg_pln_cnt_his_fst_ord,1.0,14,
stg_pln_pay_off_max_prc_amt_7d,1.0,5945,
stg_pln_pay_off_min_prc_amt_6m,1.0,3259,
12m_repay_ftr_amt_second_der_max,0.31678,9468,
3m_repay_ftr_amt_second_der_mean_diff,0.33428,9541,
18m_repay_ftr_amt_first_der_mean_diff,0.33428,14990,
12m_repay_ftr_amt_second_der_sum,0.31678,8406,
6m_ftr_con_keep_repay_amt_max,0.34928,2,
18m_repay_ftr_amt_first_der_mean_rto,0.10602,5194,
12m_repay_ftr_amt_first_der_great_0_count,0.34928,12,
3m_repay_ftr_amt_first_der_mean_diff,0.33428,12221,
6m_repay_ftr_amt_first_der_mean_rto,0.27462,12955,
12m_repay_ftr_amt_first_der_min,0.33428,4948,
3m_repay_ftr_amt_first_der_small_0_count,0.34928,4,
3m_repay_ftr_amt_second_der_mean_rto,0.2844,9916,
6m_repay_ftr_amt_second_der_mean_rto,0.24658,9469,
3m_repay_ftr_amt_second_der_small_0_count,0.34928,4,
18m_ftr_con_keep_repay_amt_max,0.34928,2,
12m_repay_ftr_amt_first_der_sum,0.33428,13677,
12m_ftr_con_keep_repay_amt_max,0.34928,3,
18m_repay_ftr_amt_second_der_mean_rto,0.05632,2770,low_non_null_rate
3m_repay_ftr_amt_first_der_mean_rto,0.31678,14199,
3m_repay_ftr_amt_first_der_great_0_count,0.34928,4,
3m_repay_ftr_amt_first_der_stddev,0.33428,9672,
3m_repay_ftr_amt_second_der_median,0.31678,4642,
3m_repay_ftr_amt_second_der_great_0_count,0.34928,4,
9m_ftr_con_dsc_repay_amt_max,0.34928,10,
12m_repay_ftr_amt_second_der_mean_rto,0.16986,7399,
3m_repay_ftr_amt_first_der_min,0.33428,5457,
12m_repay_ftr_amt_second_der_great_0_count,0.34928,12,
18m_repay_ftr_amt_second_der_small_0_count,0.34928,9,
12m_repay_ftr_amt_second_der_min,0.31678,9529,
18m_repay_ftr_amt_second_der_mean_diff,0.31678,10788,
9m_ftr_con_keep_repay_amt_max,0.34928,3,
stg_pln_sum_prc_amt_1m_ftr_his_rep_rto_all,0.36496,13876,
stg_pln_cnt_3d_ftr_all,0.99762,26,
stg_pln_sum_prc_amt_6m_12m_ftr_rto_cash,0.2244,10897,
stg_pln_avg_prc_amt_2m_ftr_his_rep_rto_all,0.31274,14461,
stg_pln_sum_prc_amt_6m_ftr_his_rto_all,0.42496,17140,
stg_pln_avg_prc_amt_2m_ftr_his_rto_all,0.35214,15940,
stg_pln_cnt_3m_ftr_adv_rto_all,0.3563,376,
stg_pln_min_prc_amt_12m_ftr_cash,0.9972,11786,
stg_pln_min_prc_amt_3m_6m_ftr_rto_cash,0.29376,10333,
stg_pln_cnt_3m_ftr_his_rep_rto_cash,0.38482,969,
stg_pln_max_prc_amt_2m_ftr_adv_cash,0.9972,3210,
stg_pln_sum_prc_amt_3d_ftr_his_rto_cash,0.08362,1664,low_non_null_rate
stg_pln_max_prc_amt_3m_ftr_his_rep_rto_cash,0.30648,11713,
stg_pln_bsy_typ_cnt_3m_ftr_all,0.99762,4,
stg_pln_min_prc_amt_1m_3m_ftr_rto_cash,0.33388,10697,
stg_pln_cnt_7d_ftr_all,0.99762,39,
stg_pln_sum_prc_amt_3d_ftr_cash,0.9972,4726,
stg_pln_sum_prc_amt_3m_6m_ftr_rto_cash,0.29376,13705,
stg_pln_cnt_3d_ftr_his_rto_cash,0.08362,51,low_non_null_rate
stg_pln_min_prc_amt_1m_ftr_his_rto_cash,0.34476,10423,
stg_pln_sum_prc_amt_1m_3m_ftr_rto_all,0.3408,15524,
stg_pln_cnt_7d_ftr_his_rto_all,0.15956,126,
stg_pln_cnt_7d_ftr_his_rto_cash,0.15612,114,
stg_pln_max_prc_amt_12m_ftr_cash,0.9972,9883,
stg_pln_sum_prc_amt_1m_ftr_adv_cash,0.9972,3512,
stg_pln_sum_prc_amt_12m_ftr_rep_cash,0.9972,14739,
stg_pln_max_prc_amt_12m_ftr_his_rep_rto_cash,0.30818,14239,
stg_pln_avg_prc_amt_1m_3m_ftr_rto_all,0.3408,15468,
stg_pln_avg_prc_amt_6m_12m_ftr_rto_all,0.22968,11154,
stg_pln_cnt_7d_ftr_rep_cash,0.9972,20,
stg_pln_cnt_6m_12m_ftr_all,0.99762,110,
stg_pln_sum_prc_amt_7d_ftr_his_rto_cash,0.15612,3765,
stg_pln_min_prc_amt_12m_ftr_his_rto_cash,0.3475,14074,
stg_pln_cnt_12m_ftr_his_rep_rto_all,0.48934,3162,
stg_pln_avg_prc_amt_12m_ftr_his_rto_all,0.35422,16917,
stg_pln_avg_prc_amt_3m_6m_ftr_rto_all,0.30052,14013,
stg_pln_min_prc_amt_6m_12m_ftr_rto_cash,0.2244,8634,
stg_pln_min_prc_amt_3m_ftr_his_rto_cash,0.34578,11986,
stg_pln_min_prc_amt_6m_ftr_his_rep_rto_cash,0.3074,12359,
stg_pln_cnt_3m_6m_ftr_rto_all,0.30054,752,
stg_pln_min_prc_amt_3m_6m_ftr_cash,0.9972,9842,
stg_pln_cnt_1m_ftr_adv_cash,0.9972,36,
stg_pln_cnt_1m_ftr_his_rep_rto_all,0.36496,353,
stg_pln_cnt_2m_ftr_cash,0.9972,100,
stg_pln_sum_prc_amt_6m_12m_ftr_cash,0.9972,10407,
stg_pln_cnt_1m_ftr_his_rto_cash,0.35844,259,
stg_pln_avg_prc_amt_12m_ftr_his_rep_rto_cash,0.30818,14837,
stg_pln_sum_prc_amt_12m_ftr_his_rep_rto_cash,0.48318,14911,
stg_pln_sum_prc_amt_2m_ftr_his_rep_rto_all,0.37858,14525,
stg_pln_cnt_6m_12m_ftr_rto_all,0.2297,1143,
stg_pln_sum_prc_amt_7d_ftr_cash,0.9972,7553,
stg_pln_max_prc_amt_6m_12m_ftr_cash,0.9972,6012,
stg_pln_cnt_1m_3m_ftr_rto_all,0.3408,355,
6thord_con_dsc_apply_amt_max,1.0,6,
6ord_apply_amt_first_der_sum,0.27154,12967,
18ord_apply_amt_first_der_small_0_count,1.0,13,
12ord_apply_amt_second_der_sum,0.2063,10153,
3ord_apply_amt_first_der_mean_rto,0.19192,8526,
3ord_apply_amt_second_der_mean_diff,0.2721,10064,
18ord_apply_amt_first_der_max,0.27154,12315,
6ord_apply_amt_first_der_great_0_count,1.0,7,
3ord_apply_amt_second_der_mean_rto,0.15936,7569,
12ord_apply_amt_second_der_stddev,0.2063,8166,
6ord_apply_amt_second_der_mean_rto,0.112,5519,
12ord_apply_amt_first_der_stddev,0.27154,10175,
18ord_apply_amt_first_der_median,0.27154,10670,
18ord_apply_amt_first_der_min,0.27154,12259,
3ord_apply_amt_first_der_mean_diff,0.2721,12827,
12ord_apply_amt_second_der_mean_rto,0.07366,3669,low_non_null_rate
12ord_apply_amt_first_der_mean_rto,0.0828,4115,low_non_null_rate
18ord_apply_amt_first_der_mean_rto,0.05744,2865,low_non_null_rate
18ord_apply_amt_second_der_mean_rto,0.05182,2586,low_non_null_rate
6thord_con_keep_apply_amt_max,1.0,7,
3ord_apply_amt_second_der_small_0_count,1.0,4,
3ord_apply_amt_second_der_great_0_sum,0.17716,8845,
18ord_apply_amt_second_der_max,0.2063,10088,
18thord_con_keep_apply_amt_max,1.0,17,
18ord_apply_amt_second_der_median,0.2063,9445,
6ord_apply_amt_first_der_mean_rto,0.12978,6340,
18ord_apply_amt_second_der_min,0.2063,10048,
recent_1m_lend_amt_over10k_month_cnt,0.13622,2,
recent_12m_credit_fundcls_lv2_month_cnt,0.21172,11,
recent_1m_credit_fundcls_other_month_cnt,0.21172,2,
recent_24m_repay_progress_rise_month_cnt,0.4328,24,
recent_36m_lend_amt_over10k_month_rto,0.13622,15,
recent_24m_lend_amt_rise_month_rto,0.4328,14,
recent_6m_repay_progress_rise_month_rto,0.4328,7,
recent_12m_settle_loan_diff_days_avg,0.08228,2660,low_non_null_rate
recent_24m_settle_loan_diff_days_min,0.1119,184,
recent_6m_overdue_3d_month_rto,0.14148,6,
recent_24m_lend_month_no_avg,0.08792,614,low_non_null_rate
his_credit_fundcls_lv1_month_cnt,0.21172,7,
recent_36m_due_month_rto,0.1445,37,
recent_1m_credit_fundcls_lv2_month_cnt,0.21172,2,
recent_36m_overdue_3d_month_rto,0.14148,12,
recent_1m_repay_progress_max,0.15112,621,
recent_6m_credit_month_rto,0.21172,7,
recent_12m_settle_month_no_avg,0.08234,1171,low_non_null_rate
recent_1m_prepay_3d_month_rto,0.14148,2,
recent_24m_credit_fundcls_other_month_cnt,0.21172,8,
recent_12m_lend_amt_over10k_month_rto,0.13622,8,
recent_1m_stg_rise_month_rto,0.4328,2,
recent_6m_lend_amt_rise_month_cnt,0.4328,6,
recent_12m_settle_loan_diff_days_min,0.08228,165,low_non_null_rate
recent_24m_settle_loan_diff_days_max,0.1119,370,
recent_6m_credit_fundcls_other_month_cnt,0.21172,5,
recent_12m_due_month_cnt,0.1445,13,
recent_24m_prepay_3d_month_cnt,0.14148,14,
recent_1m_credit_fundcls_lv1_month_cnt,0.21172,2,
recent_6m_prepay_3d_month_rto,0.14148,7,
recent_36m_settle_loan_diff_days_min,0.12886,192,
recent_24m_credit_month_rto,0.21172,17,
his_settle_loan_diff_days_min,0.14634,63,
recent_6m_settle_loan_diff_days_min,0.0686,172,low_non_null_rate
recent_1m_overdue_3d_month_rto,0.14148,2,
recent_24m_credit_fundcls_lv1_month_cnt,0.21172,6,
recent_1m_settle_loan_diff_days_avg,0.0529,803,low_non_null_rate
his_lend_month_cnt,0.13622,35,
recent_6m_credit_fundcls_lv1_month_cnt,0.21172,4,
10d_range_ord_cnt_his,0.47804,58,
15d_range_ord_cnt_12m,0.47804,30,
15d_range_sum_prc_amt_1m,0.47804,120,
15d_range_avg_prc_amt_6m,0.47804,651,
10d_range_min_prc_amt_his,0.47804,13,
10d_range_min_prc_amt_24m,0.47804,1,constant
10d_range_min_prc_amt_36m,0.47804,3,
5d_range_ord_cnt_1m,0.47804,6,
5d_range_avg_prc_amt_1m,0.47804,158,
15d_range_min_prc_amt_12m,0.47804,1,constant
15d_range_max_prc_amt_12m,0.47804,254,
10d_range_avg_prc_amt_36m,0.47804,1150,
5d_range_min_prc_amt_his,0.47804,1,constant
15d_range_min_prc_amt_36m,0.47804,8,
10d_range_sum_prc_amt_36m,0.47804,762,
15d_range_min_prc_amt_24m,0.47804,3,
5d_range_max_prc_amt_his,0.47804,362,
15d_range_min_prc_amt_his,0.47804,48,
15d_range_avg_prc_amt_1m,0.47804,199,
15d_range_sum_prc_amt_6m,0.47804,412,
5d_range_avg_prc_amt_12m,0.47804,712,
m1_stg_pln_d0_manual_deduct_rep_apl_fal_cnt,0.38842,3,
m6_stg_pln_his_ovd_ao_offline_rep_apl_suc_cnt,0.38842,10,
m6_stg_pln_adv_ao_offline_rep_apl_suc_cnt_rat,0.128,11,
m3_stg_pln_adv_normal_batch_rep_apl_suc_cnt,0.38842,2,
m6_stg_pln_d0_manual_rep_apl_fal_cnt,0.38842,24,
m6_stg_pln_adv_manual_rep_apl_fal_cnt,0.38842,14,
m3_stg_pln_adv_manual_deduct_rep_apl_fal_cnt,0.38842,8,
m3_stg_pln_adv_manual_rep_apl_fal_cnt,0.38842,11,
m1_stg_pln_d0_ao_offline_rep_apl_suc_cnt,0.38842,4,
m1_stg_pln_his_ovd_rep_apl_cnt_rat,0.32314,759,
m6_stg_pln_ovd_1d_3d_rep_apl_cnt_rat,0.38842,2591,
m6_stg_pln_ovd_1d_3d_manual_rep_apl_fal_cnt,0.38842,19,
m1_stg_pln_his_ovd_manual_deduct_rep_apl_suc_cnt,0.38842,23,
m6_stg_pln_d0_manual_deduct_rep_apl_suc_cnt,0.38842,4,
m3_stg_pln_his_ovd_rep_apl_cnt_rat,0.35118,1823,
m6_stg_pln_adv_manual_deduct_rep_apl_fal_cnt,0.38842,10,
m1_stg_pln_adv_rep_apl_cnt_rat,0.32314,237,
m1_stg_pln_his_ovd_normal_batch_rep_apl_suc_cnt,0.38842,9,
m3_stg_pln_adv_manual_deduct_rep_apl_suc_cnt,0.38842,6,
m6_stg_pln_ovd_1d_3d_manual_rep_apl_suc_cnt,0.38842,39,
m3_stg_pln_ovd_1d_3d_normal_batch_rep_apl_suc_cnt,0.38842,15,
m3_stg_pln_his_ovd_normal_batch_rep_apl_fal_cnt,0.38842,256,
m1_stg_pln_d0_rep_apl_cnt,0.38842,122,
m1_stg_pln_d0_manual_deduct_rep_apl_fal_cnt_rat,0.14344,4,
m3_stg_pln_ovd_1d_3d_manual_deduct_rep_apl_suc_cnt,0.38842,31,
m1_stg_pln_his_ovd_manual_rep_apl_fal_cnt,0.38842,14,
m1_stg_pln_adv_manual_rep_apl_fal_cnt,0.38842,7,
m1_stg_pln_d0_manual_deduct_rep_apl_suc_cnt,0.38842,2,
m1_stg_pln_d0_rep_apl_suc_cnt,0.38842,55,
m6_stg_pln_his_ovd_manual_deduct_rep_apl_fal_cnt_rat,0.12314,1287,
m6_stg_pln_ovd_1d_3d_manual_rep_apl_fal_cnt_rat,0.11832,375,
m6_stg_pln_ovd_1d_3d_manual_deduct_rep_apl_suc_cnt_rat,0.1185,172,
m1_stg_pln_ovd_1d_3d_ao_offline_rep_apl_suc_cnt,0.38842,4,
m1_stg_pln_ovd_1d_3d_manual_rep_apl_suc_cnt,0.38842,14,
m6_stg_pln_his_ovd_rep_apl_suc_cnt,0.38842,64,
m6_stg_pln_adv_ao_offline_rep_apl_suc_cnt,0.38842,5,
m3_stg_pln_d0_ao_offline_rep_apl_suc_cnt_rat,0.33004,13,
m6_stg_pln_ovd_1d_3d_ao_offline_rep_apl_suc_cnt_rat,0.1185,12,
m6_stg_pln_adv_rep_apl_fal_cnt_rat,0.28518,279,
m6_stg_pln_his_ovd_manual_deduct_rep_apl_fal_cnt,0.38842,264,
m1_stg_pln_adv_manual_deduct_rep_apl_suc_cnt,0.38842,4,
m1_stg_pln_d0_manual_rep_apl_suc_cnt_rat,0.28838,176,
m6_stg_pln_his_ovd_manual_deduct_rep_apl_suc_cnt,0.38842,51,
m6_stg_pln_ovd_1d_3d_manual_rep_apl_suc_cnt_rat,0.1185,197,
m6_stg_pln_ovd_1d_3d_normal_batch_rep_apl_suc_cnt_rat,0.1185,128,
m3_stg_pln_d0_manual_deduct_rep_apl_suc_cnt_rat,0.33004,7,
m6_stg_pln_d0_normal_batch_rep_apl_suc_cnt_rat,0.36744,1140,
m3_stg_pln_ovd_1d_3d_manual_rep_apl_fal_cnt,0.38842,16,
m6_stg_pln_d0_manual_deduct_rep_apl_fal_cnt_rat,0.25884,19,
m6_stg_pln_ovd_1d_3d_manual_deduct_rep_apl_fal_cnt,0.38842,79,
m6_stg_pln_adv_manual_deduct_rep_apl_suc_cnt,0.38842,8,
m1_stg_pln_ovd_1d_3d_rep_apl_cnt,0.38842,111,
m1_stg_pln_d0_rep_apl_suc_cnt_rat,0.32312,222,
m3_stg_pln_ovd_1d_3d_normal_batch_rep_apl_fal_cnt,0.38842,171,
m1_stg_pln_adv_manual_rep_apl_suc_cnt,0.38842,20,
m3_stg_pln_adv_rep_apl_cnt_rat,0.35118,683,
m1_stg_pln_ovd_1d_3d_rep_apl_suc_cnt,0.38842,26,
m1_stg_pln_adv_rep_apl_fal_cnt_rat,0.17706,55,
m1_stg_pln_d0_normal_batch_rep_apl_fal_cnt_rat,0.14344,107,
m1_stg_pln_adv_manual_deduct_rep_apl_fal_cnt,0.38842,5,
m1_stg_pln_his_ovd_rep_apl_fal_cnt,0.38842,205,
m1_stg_pln_adv_ao_offline_rep_apl_suc_cnt,0.38842,3,
m6_stg_pln_d0_rep_apl_suc_cnt_rat,0.38842,1317,
m3_stg_pln_ovd_1d_3d_rep_apl_suc_cnt,0.38842,41,
m1_stg_pln_ovd_1d_3d_manual_deduct_rep_apl_fal_cnt,0.38842,37,
m6_stg_pln_adv_manual_rep_apl_suc_cnt,0.38842,58,
m3_stg_pln_d0_manual_rep_apl_suc_cnt,0.38842,68,
m6_stg_pln_ovd_1d_3d_normal_batch_rep_apl_fal_cnt_rat,0.11832,818,
m6_stg_pln_d0_normal_batch_rep_apl_fal_cnt_rat,0.25884,460,
m6_stg_pln_d0_ao_offline_rep_apl_suc_cnt,0.38842,8,
m6_stg_pln_adv_manual_rep_apl_suc_cnt_rat,0.128,28,
m1_stg_pln_d0_manual_rep_apl_fal_cnt,0.38842,10,
m3_manual_rep_apl_suc_stg_pln_cnt_sum,0.3508,117,
m1_manual_deduct_rep_apl_fal_stg_pln_cnt_max,0.32274,11,
m6_manual_deduct_rep_apl_stg_pln_cnt_mor_1_cnt,0.38842,21,
m3_manual_rep_apl_fal_stg_pln_cnt_avg,0.3508,744,
m1_manual_rep_apl_fal_stg_pln_cnt_max,0.32274,13,
m3_ao_offline_rep_apl_suc_stg_pln_cnt_mor_1_cnt,0.38842,5,
m1_ao_offline_rep_apl_stg_pln_cnt_sum,0.32274,13,
m3_ao_offline_rep_apl_stg_pln_cnt_avg,0.3508,60,
m1_manual_deduct_rep_apl_stg_pln_cnt_max,0.32274,24,
m3_manual_deduct_rep_apl_suc_stg_pln_cnt_mor_1_cnt,0.38842,7,
m3_normal_batch_rep_apl_stg_pln_cnt_max,0.3508,2,
m3_normal_batch_rep_apl_fal_stg_pln_cnt_avg,0.3508,2106,
m1_manual_rep_apl_fal_stg_pln_cnt_min,0.32274,2,
m3_rep_apl_fal_stg_pln_cnt_max,0.3508,14,
m3_normal_batch_rep_apl_stg_pln_cnt_avg,0.3508,1997,
m6_manual_deduct_rep_apl_suc_stg_pln_cnt_mor_1_cnt,0.38842,10,
m1_rep_apl_fal_stg_pln_cnt_max,0.32274,13,
m6_ao_offline_rep_apl_stg_pln_cnt_sum,0.38842,23,
m1_rep_apl_stg_pln_cnt_mor_1_cnt,0.38842,20,
m1_manual_rep_apl_suc_stg_pln_cnt_min,0.32274,13,
m3_rep_apl_fal_stg_pln_cnt_avg,0.3508,2232,
m1_normal_batch_rep_apl_suc_stg_pln_cnt_min,0.32274,2,
m1_manual_rep_apl_stg_pln_cnt_avg,0.32274,789,
m1_rep_apl_suc_stg_pln_cnt_avg,0.32274,1025,
m1_manual_deduct_rep_apl_stg_pln_cnt_sum,0.32274,137,
m3_normal_batch_rep_apl_suc_stg_pln_cnt_avg,0.3508,1726,
m1_rep_apl_suc_stg_pln_cnt_sum,0.32274,71,
m6_manual_rep_apl_suc_stg_pln_cnt_min,0.38842,13,
m3_normal_batch_rep_apl_fal_stg_pln_cnt_max,0.3508,2,
m1_ao_offline_rep_apl_stg_pln_cnt_mor_1_cnt,0.38842,4,
m3_rep_apl_suc_amt_rat_equal_1_cnt,0.3508,127,
m1_rep_apl_fal_stg_pln_cnt_mor_1_cnt,0.38842,11,
m1_manual_rep_apl_fal_stg_pln_cnt_avg,0.32274,284,
m3_manual_rep_apl_stg_pln_cnt_max,0.3508,13,
m3_rep_apl_fal_stg_pln_cnt_min,0.3508,1,constant
m3_manual_deduct_rep_apl_fal_stg_pln_cnt_mor_1_cnt,0.38842,15,
m6_manual_rep_apl_fal_stg_pln_cnt_max,0.38842,13,
m3_ao_offline_rep_apl_stg_pln_cnt_max,0.3508,13,
m3_manual_deduct_rep_apl_fal_stg_pln_cnt_min,0.3508,1,constant
m3_rep_apl_amt_rat_mor_1_cnt,0.3508,32,
m3_manual_rep_apl_fal_stg_pln_cnt_sum,0.3508,44,
m3_rep_apl_stg_pln_cnt_max,0.3508,35,
m3_manual_deduct_rep_apl_suc_stg_pln_cnt_max,0.3508,33,
m1_normal_batch_rep_apl_stg_pln_cnt_max,0.32274,2,
m6_manual_deduct_rep_apl_suc_stg_pln_cnt_min,0.38842,9,
m6_manual_rep_apl_fal_stg_pln_cnt_mor_1_cnt,0.38842,13,
m3_manual_rep_apl_suc_stg_pln_cnt_avg,0.3508,1912,
m1_normal_batch_rep_apl_fal_stg_pln_cnt_max,0.32274,2,
m3_rep_apl_suc_amt_rat_mor_1_cnt,0.3508,25,
m1_manual_deduct_rep_apl_stg_pln_cnt_avg,0.32274,577,
m3_manual_deduct_rep_apl_stg_pln_cnt_avg,0.3508,1156,
m1_manual_deduct_rep_apl_suc_stg_pln_cnt_mor_1_cnt,0.38842,5,
m1_manual_rep_apl_suc_stg_pln_cnt_sum,0.32274,61,
m3_rep_apl_stg_pln_cnt_min,0.3508,14,
m3_manual_deduct_rep_apl_fal_stg_pln_cnt_max,0.3508,14,
m3_manual_deduct_rep_apl_fal_stg_pln_cnt_sum,0.3508,202,
m1_normal_batch_rep_apl_suc_stg_pln_cnt_max,0.32274,2,
m3_rep_apl_amt_rat_equal_1_cnt,0.3508,411,
m6_normal_batch_rep_apl_stg_pln_cnt_min,0.38842,2,
m1_manual_deduct_rep_apl_fal_stg_pln_cnt_avg,0.32274,522,
m6_manual_deduct_rep_apl_suc_stg_pln_cnt_sum,0.38842,68,
m1_manual_rep_apl_fal_stg_pln_cnt_sum,0.32274,29,
m6_rep_apl_suc_stg_pln_cnt_avg,0.38842,3779,
m3_normal_batch_rep_apl_suc_stg_pln_cnt_max,0.3508,2,
m3_normal_batch_rep_apl_stg_pln_cnt_min,0.3508,2,
m1_rep_apl_suc_stg_pln_cnt_max,0.32274,27,
m3_manual_deduct_rep_apl_fal_stg_pln_cnt_avg,0.3508,1076,
6m_used_lmt_first_der_min,0.9991,19582,
3m_used_lmt_second_der_median,0.98232,17136,
12m_used_lmt_second_der_mean_rto,0.35566,14449,
6m_used_lmt_first_der_median,0.9991,18186,
12m_used_lmt_second_der_small_0_sum,0.4151,20728,
6m_used_lmt_first_der_small_0_count,1.0,7,
12m_used_lmt_first_der_min,0.9991,22842,
12m_used_lmt_first_der_sum,0.9991,22024,
12m_used_lmt_first_der_mean_rto,0.3588,14474,
18m_used_lmt_second_der_min,0.98232,22900,
12m_used_lmt_second_der_max,0.98232,22295,
3m_used_lmt_first_der_mean_diff,0.9991,18277,
18m_used_lmt_second_der_sum,0.98232,24130,
12m_used_lmt_first_der_great_0_count,1.0,13,
6m_used_lmt_second_der_min,0.98232,17967,
6m_used_lmt_first_der_sum,0.9991,19593,
3m_used_lmt_first_der_mean_rto,0.34744,16043,
12m_used_lmt_second_der_mean_diff,0.98232,22860,
6m_used_lmt_first_der_mean_diff,0.9991,19821,
3m_used_lmt_first_der_sum,0.9991,18217,
18m_used_lmt_second_der_small_0_count,1.0,14,
6m_used_lmt_second_der_median,0.98232,17704,
3m_used_lmt_second_der_stddev,0.98232,17296,
3m_used_lmt_second_der_mean_diff,0.9991,18112,
3m_used_lmt_first_der_median,0.9991,17353,
12m_used_lmt_second_der_sum,0.98232,22576,
3m_used_lmt_second_der_small_0_count,1.0,4,
12m_used_lmt_first_der_small_0_sum,0.46042,21951,
6m_used_lmt_first_der_mean_rto,0.3424,15426,
18m_used_lmt_second_der_mean_rto,0.34524,13645,
12m_used_lmt_first_der_avg,0.9991,22136,
18m_used_lmt_first_der_sum,0.9991,22797,
6m_used_lmt_first_der_max,0.9991,16979,
6m_used_lmt_second_der_mean_diff,0.98232,19741,
12m_used_lmt_first_der_mean_diff,0.9991,22743,
6m_used_lmt_second_der_sum,0.98232,19638,
3m_used_lmt_first_der_small_0_sum,0.34812,17312,
6m_used_lmt_first_der_small_0_sum,0.39054,19201,
3m_used_lmt_second_der_sum,0.98232,18074,
3m_used_lmt_first_der_great_0_count,1.0,4,
18m_used_lmt_first_der_mean_rto,0.35918,13711,
12m_used_lmt_first_der_great_0_sum,0.26872,13311,
3m_used_lmt_first_der_max,0.9991,16882,
stg_pln_cnt_adv_1m_rto_his_light,0.08934,91,low_non_null_rate
stg_pln_cnt_6m_12m_rto_light,0.08822,509,low_non_null_rate
stg_pln_cnt_on_1m_rto_his_light,0.17564,443,
stg_pln_cnt_due_6m_rto_his_light,0.1007,112,
stg_pln_sum_prc_amt_36m_his_rto_light,0.18892,1639,
stg_pln_sum_prc_amt_1m_6m_diff_rto_light,0.0724,2826,low_non_null_rate
stg_pln_sum_prc_amt_adv_6m_rto_light,0.07516,939,low_non_null_rate
stg_pln_cnt_due_1m_rto_his_light,0.1007,55,
stg_pln_avg_prc_amt_36m_per_mth_light,0.47804,4248,
stg_pln_sum_prc_amt_24m_36m_diff_rto_light,0.06566,2251,low_non_null_rate
stg_pln_cnt_on_1m_rto_light,0.06174,46,low_non_null_rate
stg_pln_cnt_12m_24m_rto_light,0.11894,784,
stg_pln_sum_prc_amt_24m_36m_rto_light,0.13568,2252,
stg_pln_sum_prc_amt_due_1m_rto_light,0.06142,236,low_non_null_rate
stg_pln_sum_prc_amt_due_6m_rto_light,0.07516,1100,low_non_null_rate
stg_pln_avg_prc_amt_6m_per_mth_light,0.47804,3658,
stg_pln_sum_prc_amt_12m_24m_diff_rto_light,0.07778,2328,low_non_null_rate
stg_pln_cnt_adv_12m_rto_his_light,0.08934,187,low_non_null_rate
stg_pln_sum_prc_amt_6m_12m_diff_rto_light,0.0677,2706,low_non_null_rate
stg_pln_cnt_24m_36m_diff_rto_light,0.06656,731,low_non_null_rate
stg_pln_cnt_6m_12m_diff_rto_light,0.06806,508,low_non_null_rate
stg_pln_cnt_12m_24m_diff_rto_light,0.07868,783,low_non_null_rate
stg_pln_cnt_1m_6m_rto_light,0.07558,217,low_non_null_rate
stg_pln_sum_prc_amt_on_12m_rto_light,0.08786,2423,low_non_null_rate
ord_apl_fal_cnt_90_day,1.0,27,
ord_apl_cnt_90_day_19_23,1.0,16,
ord_apl_suc_min_stg_num_360_day,1.0,4,
his_180_day_csh_apl_ord_cnt_his_rto,0.99828,1055,
ord_apl_suc_max_prc_amt_his,1.0,1805,
ord_apl_sum_prc_amt_180_day_13_18,1.0,1054,
fst_fal_ord_prc_amt,0.58832,2622,
ord_apl_suc_sum_stg_num_his,1.0,319,
ord_apl_cnt_30_day,1.0,18,
fst_ord_prc_amt,0.9972,1359,
ord_apl_min_prc_amt_360_day,1.0,621,
ord_apl_max_prc_amt_180_day,1.0,662,
max_ddf_lag_crt_dte,0.77176,1949,
ord_apl_sum_prc_amt_360_day_19_23,1.0,886,
ord_apl_suc_6_cnt_30_day_rto,0.08442,22,low_non_null_rate
his_30_day_prc_amt_3_000_flg_suc_ord_cnt,1.0,13,
ord_apl_suc_cnt_180_day_19_23,1.0,24,
ord_apl_suc_max_stg_num_his,1.0,8,
fst_ord_stg_num,0.9972,5,
ord_apl_suc_min_stg_num_his,1.0,6,
min_ddf_suc_lag_crt_tim_mnt,0.65616,28693,
ddf_mdl_lst_ord_crt_dte,0.9972,3239,
pst_ord_apl_suc_sum_prc_amt_his,1.0,9991,
ord_apl_suc_max_stg_num_90_day,1.0,5,
ord_apl_sum_prc_amt_90_day_19_23,1.0,462,
ord_apl_suc_12_cnt_30_day,1.0,12,
ord_apl_suc_sum_prc_amt_180_day_07_12,1.0,828,
ord_apl_suc_max_prc_amt_360_day,1.0,767,
ord_apl_suc_sum_prc_amt_180_day_19_23,1.0,511,
ord_apl_suc_6_cnt_his,1.0,64,
ord_apl_suc_6_cnt_360_day,1.0,37,
ord_apl_suc_sum_prc_amt_90_day,1.0,903,
ord_apl_suc_sum_prc_amt_180_day_13_18,1.0,813,
his_360_day_csh_apl_ord_cnt_his_rto,0.99828,1322,
ord_apl_suc_cnt_90_day_07_12,1.0,19,
his_360_day_bt_apl_ord_cnt_csh_rto,0.43452,1,constant
ord_apl_sum_prc_amt_30_90_day_rto,0.25338,2704,
ord_apl_fal_cnt_360_day,1.0,62,
ord_apl_cnt_360_day_04_06,1.0,18,
his_360_day_bt_suc_ord_cnt_csh_rto,0.36838,1,constant
ord_apl_cnt_30_day_13_18,1.0,9,
pst_ord_apl_suc_max_prc_amt_180_day,1.0,467,
ord_apl_sum_prc_amt_180_day_07_12,1.0,1109,
his_30_day_prc_amt_3_000_flg_apl_ord_cnt,1.0,18,
pst_ord_apl_suc_sum_prc_amt_180_360_day_rto,0.26602,4612,
fst_ord_prc_fst_adt_lmt_rto,0.99228,6509,
fst_fal_ord_stg_num,0.58832,6,
ord_apl_suc_weighted_stg_num_180_day,1.0,2123,
ord_apl_sum_prc_amt_360_day,1.0,2695,
pst_ord_apl_suc_sum_prc_amt_360_day,1.0,1773,
min_ddf_lag_crt_tim_mnt,0.77176,25697,
ddf_fst_lst_ord_crt_dte,0.9972,2592,
max_ddf_suc_lag_crt_dte,0.65616,1656,
ord_apl_avg_prc_amt_360_day,0.43454,6238,
ord_apl_cnt_180_day_13_18,1.0,30,
ord_apl_fal_cnt_his,1.0,104,
ord_apl_sum_prc_amt_90_day,1.0,1215,
ord_apl_suc_cnt_90_day_13_18,1.0,17,
ddf_fst_adt_fst_ord_crt_dte_mnt,0.9972,29293,
ord_apl_sum_prc_amt_30_day_13_18,1.0,371,
ord_apl_cnt_90_day_07_12,1.0,20,
pst_ord_apl_suc_sum_prc_amt_30_day,1.0,447,
bsy_typ_suc_cnt_his,1.0,3,
ord_apl_sum_prc_amt_30_day_07_12,1.0,392,
ord_apl_suc_min_prc_amt_180_day,1.0,523,
his_90_day_csh_apl_ord_cnt_his_rto,0.99828,805,
his_360_day_csh_apl_ord_cnt,1.0,96,
ord_apl_sum_prc_amt_90_180_day_rto,0.33458,5114,
ord_apl_sum_prc_amt_30_day,1.0,602,
his_30_day_csh_apl_ord_cnt_his_rto,0.99828,462,
his_90_day_prc_amt_1_000_flg_suc_ord_cnt,1.0,30,
pst_ord_apl_suc_cnt_30_day,1.0,15,
ord_apl_cnt_360_day_19_23,1.0,38,
ord_apl_sum_prc_amt_360_day_04_06,1.0,367,
ord_apl_min_prc_amt_his,1.0,3308,
pst_ord_apl_suc_max_prc_amt_his,1.0,2777,
his_180_day_prc_amt_3_000_flg_suc_ord_cnt,1.0,38,
his_180_day_prc_amt_3_000_flg_apl_ord_cnt,1.0,45,
ord_apl_suc_cnt_360_day_13_18,1.0,42,
ord_apl_cnt_360_day_00_03,1.0,21,
ord_apl_suc_sum_stg_num_180_day,1.0,102,
pst_ord_apl_suc_sum_prc_amt_90_180_day_rto,0.21096,2913,
his_180_day_bt_apl_ord_cnt_csh_rto,0.33458,1,constant
ddf_ato_fst_ord_crt_dte,0.9972,2313,
ord_apl_suc_6_cnt_360_day_rto,0.3684,294,
ord_apl_sum_prc_amt_180_360_day_rto,0.43454,7499,
ord_apl_sum_prc_amt_360_day_00_03,1.0,407,
ord_apl_cnt_30_day_07_12,1.0,12,
ord_apl_suc_cnt_360_day_07_12,1.0,45,
ord_apl_suc_12_cnt_360_day_rto,0.3684,282,
m1_stg_pln_bnk_cnt_max,0.29924,7,
m1_pmt_not_eng_mor_3_stg_pln_cnt,0.37094,15,
m1_pmt_not_eng_mor_3_stg_pln_amt_sum,0.37094,1808,
m3_payment_not_eng_inteday_max,0.1562,90,
m3_stg_pln_pmt_not_eng_amt_max,0.37094,2828,
m1_pmt_not_eng_equal_1_stg_pln_d0_cnt,0.37094,17,
m6_pmt_not_eng_equal_1_stg_pln_d0_amt_sum,0.37094,3987,
m1_pmt_not_eng_cnt_pday_equal_1_day_cnt,0.23986,10,
m6_payment_not_eng_mdl_crt_ddf_max,0.25234,184,
m6_pmt_not_eng_equal_2_stg_pln_d0_amt_sum_rat,0.34696,4709,
pmt_not_eng_stg_pln_cnt_1m_3m_rat_trend,0.27948,2,
m1_pmt_not_eng_mor_3_stg_pln_d0_cnt,0.37094,14,
m3_pmt_not_eng_cnt_pday_min,0.19874,17,
m1_stg_pln_pmt_not_eng_cnt_min,0.29924,104,
m3_pmt_not_eng_equal_1_stg_pln_amt_rat,0.33262,4330,
m3_pmt_not_eng_equal_3_stg_pln_d0_amt_sum,0.37094,1093,
m1_payment_not_eng_inteday_avg,0.07738,198,low_non_null_rate
m1_pmt_not_eng_stg_pln_d0_amt_sum_rat,0.2635,2907,
m3_stg_pln_pmt_not_eng_cnt_sum,0.33262,324,
m6_pmt_not_eng_equal_1_stg_pln_d0_cnt_rat,0.34696,651,
m6_pmt_not_eng_amt_pday_min,0.23986,5446,
m3_stg_pln_crd_cnt_min,0.33262,6,
m1_pmt_not_eng_equal_2_stg_pln_cnt,0.37094,13,
m6_pmt_not_eng_equal_2_stg_pln_cnt,0.37094,39,
m3_payment_not_eng_inteday_avg,0.1562,905,
m6_payment_not_eng_inteday_max,0.20104,167,
m6_stg_pln_d0_pmt_not_eng_cnt_max,0.34696,26,
m6_pmt_not_eng_equal_3_stg_pln_d0_amt_sum_rat,0.34696,2436,
m1_stg_pln_d0_pmt_not_eng_cnt_avg,0.2635,327,
m3_pmt_not_eng_equal_2_stg_pln_d0_amt_sum,0.37094,2111,
m3_pmt_not_eng_equal_2_stg_pln_cnt_rat,0.33262,351,
m3_pmt_not_eng_stg_pln_d0_cnt,0.37094,53,
m6_pmt_not_eng_equal_1_stg_pln_d0_cnt,0.37094,49,
m1_pmt_not_eng_cnt_pday_min,0.14002,24,
m6_stg_pln_d0_pmt_not_eng_cnt_avg,0.34696,1460,
m3_pmt_not_eng_cnt_pday_equal_1_day_cnt,0.23986,19,
m3_pmt_not_eng_equal_3_stg_pln_amt_rat,0.33262,2124,
m1_stg_pln_crd_cnt_min,0.29924,6,
m6_pmt_not_eng_amt_pday_max,0.23986,7889,
m6_stg_pln_pmt_not_eng_cnt_min,0.37094,46,
m6_payment_not_eng_mdl_crt_ddf_min,0.25234,184,
m1_pmt_not_eng_equal_1_stg_pln_amt_rat,0.29924,1912,
m1_stg_pln_pmt_not_eng_cnt_max,0.29924,146,
m3_stg_pln_pmt_not_eng_cnt_min,0.33262,60,
m1_pmt_not_eng_equal_3_stg_pln_d0_amt_sum,0.37094,543,
m1_pmt_not_eng_mor_3_stg_pln_amt_rat,0.29924,1881,
m6_pmt_not_eng_mor_3_stg_pln_cnt_rat,0.37094,684,
m6_payment_not_eng_mdl_crt_ddf_avg,0.25234,4291,
m6_pmt_not_eng_mor_3_stg_pln_d0_amt_sum_rat,0.34696,2482,
m3_payment_not_eng_mdl_crt_ddf_avg,0.20832,2109,
pmt_not_eng_stg_pln_cnt_3m_6m_rat_trend,0.27458,2,
m6_payment_not_eng_inteday_avg,0.20104,2008,
m3_pmt_not_eng_cnt_pday_mor_0_day_cnt,0.23986,58,
m3_stg_pln_crd_cnt_max,0.33262,9,
m3_payment_not_eng_mdl_crt_ddf_max,0.20832,92,
m3_pmt_not_eng_mor_3_stg_pln_d0_amt_sum,0.37094,1472,
m6_pmt_not_eng_mor_3_stg_pln_cnt,0.37094,48,
m3_pmt_not_eng_equal_1_stg_pln_amt_sum,0.37094,2718,
m3_stg_pln_bnk_cnt_avg,0.33262,654,
m1_stg_pln_pmt_not_eng_amt_max,0.37094,2017,
m3_pmt_not_eng_stg_pln_cnt_rat,0.33262,591,
m1_pmt_not_eng_cnt_pday_mor_1_day_cnt,0.23986,29,
m3_stg_pln_pmt_not_eng_cnt_avg,0.33262,1633,
m6_pmt_not_eng_equal_3_stg_pln_d0_cnt,0.37094,26,
m1_pmt_not_eng_equal_3_stg_pln_amt_rat,0.29924,957,
m6_stg_pln_pmt_not_eng_amt_min,0.23986,2553,
m3_pmt_not_eng_stg_pln_d0_amt_sum,0.37094,4615,
m1_payment_not_eng_mdl_crt_ddf_max,0.14626,31,
m6_pmt_not_eng_mor_3_stg_pln_d0_cnt,0.37094,38,
m6_stg_pln_pmt_not_eng_cnt_max,0.37094,228,
m6_pmt_not_eng_cnt_pday_max,0.23986,52,
m1_pmt_not_eng_equal_1_stg_pln_amt_sum,0.37094,1216,
pmt_not_eng_stg_pln_cnt_3m_6m_rat,0.3129,533,
m1_pmt_not_eng_equal_2_stg_pln_d0_amt_sum,0.37094,1039,
m6_pmt_not_eng_cnt_pday_min,0.23986,16,
m6_pmt_not_eng_mor_3_stg_pln_amt_sum,0.37094,4156,
m1_pmt_not_eng_equal_2_stg_pln_amt_rat,0.29924,1776,
m1_pmt_not_eng_equal_3_stg_pln_cnt,0.37094,9,
m3_rep_apl_suc_cnt_rat,0.35294,2156,
m6_ao_offline_rep_apl_suc_cnt,0.39058,13,
m3_manual_work_day_rep_apl_fal_cnt,0.39058,20,
m1_manual_tim_0_5_rep_apl_fal_cnt,0.39058,6,
m1_ao_offline_rep_apl_suc_amt_min,0.39058,1,constant
m6_ao_offline_rep_apl_suc_amt_sum,0.39058,95,
m3_manual_deduct_rep_apl_suc_amt_sum,0.39058,901,
m1_manual_rep_apl_suc_cnt_in_manual_rep_rat,0.17278,77,
m3_manual_tim_13_18_rep_apl_fal_cnt,0.39058,12,
m6_manual_deduct_rep_apl_suc_amt_avg,0.39058,1751,
m1_manual_tim_6_12_rep_apl_fal_cnt,0.39058,10,
m1_manual_tim_6_12_rep_apl_cnt_rat,0.17278,109,
m1_add_bathch_rep_apl_suc_cnt_rat,0.32438,192,
m6_add_bathch_rep_apl_suc_cnt,0.39058,78,
m3_manual_deduct_rep_apl_cnt_rat,0.35294,1117,
m1_manual_tim_13_18_rep_apl_suc_cnt,0.39058,15,
m1_normal_batch_rep_apl_suc_cnt,0.39058,49,
m1_ao_offline_rep_apl_cnt,0.39058,6,
m3_ao_offline_mrn_rep_apl_suc_cnt,0.39058,7,
m1_manual_mrn_rep_apl_suc_cnt,0.39058,29,
m1_mrn_rep_apl_cnt,0.39058,155,
m6_manual_deduct_rep_apl_fal_cnt,0.39058,263,
m1_manual_rep_apl_fal_cnt,0.39058,17,
m6_ao_offline_rep_apl_suc_amt_max,0.39058,91,
m1_manual_deduct_rep_apl_suc_amt_sum,0.39058,408,
m3_submit_fal_rep_apl_cnt,0.39058,19,
m3_manual_rep_apl_suc_amt_avg,0.39058,11404,
m1_manual_weekend_day_rep_apl_fal_cnt,0.39058,6,
m3_manual_tim_19_24_rep_apl_fal_cnt,0.39058,13,
m6_manual_tim_19_24_rep_apl_suc_cnt_rat,0.29998,440,
m1_manual_deduct_rep_apl_cnt_rat,0.3244,557,
m6_manual_tim_13_18_rep_apl_suc_cnt,0.39058,49,
m6_manual_rep_apl_fal_cnt,0.39058,30,
m6_manual_rep_apl_suc_cnt_in_manual_rep_rat,0.30122,399,
m6_ao_offline_rep_apl_suc_amt_avg,0.39058,100,
m6_manual_rep_apl_suc_amt_max,0.39058,5966,
m6_manual_rep_apl_fal_cnt_rat,0.28646,884,
m1_rep_apl_suc_amt_max,0.39058,4287,
m3_add_bathch_mrn_rep_apl_suc_cnt,0.39058,42,
m6_part_suc_rep_apl_cnt,0.39058,12,
m6_manual_weekend_day_rep_apl_fal_cnt,0.39058,16,
m1_manual_deduct_rep_apl_cnt,0.39058,131,
m1_manual_rep_apl_fal_cnt_rat,0.17758,223,
m1_rep_apl_suc_cnt,0.39058,60,
m1_part_suc_rep_apl_cnt_rat,0.3244,118,
m6_manual_tim_19_24_rep_apl_suc_cnt,0.39058,42,
m1_ao_offline_mrn_rep_apl_suc_cnt,0.39058,4,
m3_add_bathch_rep_apl_suc_cnt_rat,0.35294,488,
m1_manual_rep_apl_suc_cnt_rat,0.32438,229,
m6_manual_tim_6_12_rep_apl_cnt_rat,0.30122,667,
m1_normal_batch_rep_apl_suc_amt_avg,0.39058,9951,
m6_manual_tim_13_18_rep_apl_suc_cnt_rat,0.29998,541,
m6_add_bathch_rep_apl_suc_amt_max,0.39058,2601,
m1_manual_rep_apl_suc_amt_avg,0.39058,7774,
m6_manual_tim_0_5_rep_apl_fal_cnt,0.39058,13,
m6_normal_batch_rep_apl_fal_cnt_rat,0.28646,1751,
m1_manual_tim_13_18_rep_apl_cnt_rat,0.17278,95,
m1_rep_apl_suc_amt_avg,0.39058,13545,
m6_manual_tim_0_5_rep_apl_suc_cnt,0.39058,65,
m3_ao_offline_rep_apl_suc_amt_avg,0.39058,68,
m1_manual_tim_13_18_rep_apl_fal_cnt,0.39058,9,
m6_add_bathch_rep_apl_suc_amt_avg,0.39058,3240,
m1_submit_fal_rep_apl_cnt_rat,0.3244,131,
m3_manual_tim_0_5_rep_apl_fal_cnt,0.39058,10,
m3_normal_batch_rep_apl_suc_amt_sum,0.39058,9845,
m1_add_bathch_rep_apl_suc_amt_sum,0.39058,901,
m1_rep_apl_suc_amt_sum,0.39058,9492,
m1_normal_batch_rep_apl_fal_cnt_rat,0.17758,565,
m1_ao_offline_rep_apl_suc_amt_max,0.39058,33,
m1_normal_batch_rep_apl_cnt_rat,0.3244,894,
m1_part_suc_rep_apl_cnt,0.39058,5,
m6_manual_work_day_rep_apl_suc_cnt_rat,0.29998,428,
m1_manual_tim_19_24_rep_apl_cnt_rat,0.17278,79,
m1_manual_weekend_day_rep_apl_suc_cnt,0.39058,16,
m3_manual_deduct_rep_apl_suc_amt_avg,0.39058,1051,
m6_manual_deduct_rep_apl_suc_cnt,0.39058,51,
m6_rep_apl_suc_amt_sum,0.39058,15935,
m1_manual_deduct_rep_apl_suc_amt_min,0.39058,3,
m1_manual_deduct_mrn_rep_apl_suc_cnt,0.39058,20,
m6_manual_rep_apl_suc_cnt_rat,0.39058,1477,
m1_manual_work_day_rep_apl_cnt_rat,0.17278,98,
m6_mrn_rep_apl_cnt,0.39058,420,
m6_manual_tim_13_18_rep_apl_fal_cnt,0.39058,14,
m1_ao_offline_rep_apl_suc_amt_sum,0.39058,33,
m1_add_bathch_rep_apl_suc_amt_avg,0.39058,1146,
m6_normal_batch_rep_apl_suc_amt_min,0.39058,1074,
m3_ao_offline_rep_apl_cnt_rat,0.35294,55,
m6_normal_batch_rep_apl_suc_amt_avg,0.39058,14803,
m6_normal_batch_rep_apl_suc_amt_max,0.39058,3447,
m3_manual_weekend_day_rep_apl_fal_cnt,0.39058,13,
m3_ao_offline_rep_apl_suc_amt_max,0.39058,65,
m1_manual_deduct_rep_apl_suc_cnt_rat,0.32438,117,
m1_normal_batch_rep_apl_suc_amt_max,0.39058,2654,
m3_submit_fal_rep_apl_cnt_rat,0.35294,317,
m3_ao_offline_rep_apl_suc_amt_sum,0.39058,66,
m3_rep_apl_suc_amt_avg,0.39058,15424,
m3_part_suc_rep_apl_cnt_rat,0.35294,328,
m3_manual_deduct_rep_apl_suc_cnt_rat,0.35294,290,
m1_manual_tim_19_24_rep_apl_fal_cnt,0.39058,9,
m1_manual_tim_19_24_rep_apl_suc_cnt,0.39058,14,
m1_manual_rep_apl_suc_amt_sum,0.39058,5451,
m3_add_bathch_rep_apl_suc_amt_sum,0.39058,1908,
m6_manual_tim_19_24_rep_apl_fal_cnt,0.39058,14,
m3_manual_mrn_rep_apl_fal_cnt,0.39058,18,
m1_normal_batch_rep_apl_suc_amt_min,0.39058,265,
m6_add_bathch_rep_apl_cnt_rat,0.39058,1548,
m1_add_bathch_mrn_rep_apl_suc_cnt,0.39058,25,
m6_normal_batch_rep_apl_cnt_rat,0.39058,3074,
m6_manual_tim_0_5_rep_apl_suc_cnt_rat,0.29998,489,
m3_manual_rep_apl_suc_cnt,0.39058,78,
m1_submit_fal_rep_apl_cnt,0.39058,10,
m3_manual_deduct_rep_apl_suc_cnt,0.39058,33,
m6_manual_rep_apl_suc_amt_avg,0.39058,13997,
m6_submit_fal_rep_apl_cnt,0.39058,24,
m1_manual_tim_0_5_rep_apl_suc_cnt,0.39058,24,
m3_manual_rep_apl_suc_amt_sum,0.39058,9358,
m3_ao_offline_rep_apl_suc_cnt_rat,0.35294,24,
m3_add_bathch_rep_apl_suc_amt_avg,0.39058,2296,
m3_normal_batch_rep_apl_suc_cnt_rat,0.35294,831,
m3_manual_rep_apl_cnt_rat,0.35294,1681,
m6_rep_apl_suc_amt_min,0.39058,1954,
m1_manual_tim_0_5_rep_apl_cnt_rat,0.17278,86,
m3_manual_rep_apl_suc_amt_max,0.39058,4665,
m6_manual_deduct_rep_apl_suc_amt_max,0.39058,1036,
d365_avl_lmt_eql_0_month_cnt,0.99998,13,
d180_avl_lmt_eql_0_month_cnt,0.99998,7,
d1095_avl_lmt_con_drp_month_max,0.99998,8,
d730_avl_lmt_eql_0_month_cnt,0.99998,24,
d90_avl_lmt_con_drp_month_max,0.99998,8,
d180_avl_lmt_shift1_rise_month_cnt,0.99998,7,
d730_avl_lmt_shift1_rise_month_cnt,0.99998,25,
d1095_avl_lmt_eql_0_month_cnt,0.99998,36,
d365_avl_lmt_con_drp_month_max,0.99998,8,
d730_avl_lmt_con_drp_month_max,0.99998,8,
ai_refuse_cnt_60d,0.12808,19,
ai_alpa_cnt_3d,0.12808,4,
ai_rtp_cnt_30d,0.12808,6,
ai_busy_cnt_3d,0.12808,16,
ai_call_cnt_60d,0.12808,151,
ai_wcnhk_cnt_90d,0.12808,31,
ai_ptp_cnt_60d,0.12808,18,
ai_call_cnt_10d,0.12808,61,
ai_ptp_cnt_7d,0.12808,7,
ai_rtp_cnt,0.12808,6,
ai_ptp_cnt_21d,0.12808,9,
ai_tousu2_cnt_15d,0.12808,2,
ai_alpa_cnt_7d,0.12808,4,
ai_answer_cnt_60d,0.12808,56,
ai_call_cnt_21d,0.12808,89,
ai_answer_close_cnt_15d,0.12808,25,
ai_alpa_cnt_30d,0.12808,4,
ai_tousu2_cnt,0.12808,5,
ai_tousu2_cnt_21d,0.12808,2,
ai_wcnhk_cnt_7d,0.12808,9,
ai_answer_close_cnt_30d,0.12808,36,
ai_ptp_cnt_3d,0.12808,7,
ai_busy_cnt_15d,0.12808,45,
ai_busy_cnt,0.12808,109,
ai_refuse_cnt,0.12808,34,
ai_rtp_cnt_10d,0.12808,5,
ai_wcnhk_cnt_15d,0.12808,12,
ai_answer_cnt_3d,0.12808,12,
ai_wcnhk_cnt_30d,0.12808,18,
ai_answer_cnt_10d,0.12808,24,
ai_answer_cnt_21d,0.12808,33,
ai_call_cnt_3d,0.12808,29,
ai_answer_close_cnt_7d,0.12808,21,
ai_busy_cnt_7d,0.12808,28,
ai_answer_close_cnt_3d,0.12808,10,
ai_refuse_cnt_7d,0.12808,8,
ai_wcnhk_cnt_3d,0.12808,8,
ai_rtp_cnt_7d,0.12808,4,
ai_refuse_cnt_21d,0.12808,13,
ai_refuse_cnt_3d,0.12808,4,
ai_answer_close_cnt_90d,0.12808,65,
ai_busy_cnt_30d,0.12808,56,
ai_tousu2_cnt_10d,0.12808,2,
ai_tousu2_cnt_90d,0.12808,2,
ai_rtp_cnt_3d,0.12808,2,
ai_alpa_cnt_15d,0.12808,4,
d365_aplord_amt_grt_fst_month_rto,1.0,59,
d365_aplord_amt_grt_fst_month_cnt,1.0,14,
d365_aplord_amt10000plus_month_cnt,0.44804,14,
d1095_aplord_stg_grt_fst_month_cnt,1.0,36,
d365_aplord_amt10000plus_month_rto,0.44804,59,
d180_aplord_stg_grt_fst_month_cnt,1.0,8,
d90_aplord_amt_grt_fst_month_rto,1.0,7,
d90_aplord_fal_month_cnt,0.26336,5,
d730_aplord_amt_grt_fst_month_rto,1.0,186,
d1095_aplord_fal_month_cnt,0.69646,38,
d90_aplord_suc_month_cnt,0.26336,5,
d730_aplord_stg_grt_fst_month_rto,1.0,184,
d365_aplord_suc_month_cnt,0.44804,14,
d365_aplord_fal_month_rto,0.44804,59,
d90_aplord_suc_month_rto,0.26336,7,
d365_aplord_fal_month_cnt,0.44804,14,
6m_repay_amt_second_der_median,0.38198,8105,
18m_repay_amt_second_der_mean_rto,0.32964,12109,
3stg_pln_repay_amt_first_der_mean_rto,0.49066,23418,
6m_repay_amt_second_der_mean_diff,0.50306,13874,
12stg_pln_repay_amt_first_der_median,0.51422,18492,
12m_repay_amt_first_der_mean_rto,0.3595,14454,
24thord_con_ontime_repay_max,1.0,25,
3m_repay_amt_first_der_max,0.36596,10088,
36stg_pln_repay_amt_first_der_great_0_count,1.0,28,
3m_repay_amt_first_der_median,0.36596,8681,
6stg_pln_repay_amt_second_der_mean_rto,0.41654,20533,
3m_repay_amt_second_der_sum,0.34818,10240,
12stg_pln_repay_amt_first_der_sum,0.51422,24837,
30stg_pln_repay_amt_second_der_mean_rto,0.21736,10864,
3stg_pln_repay_amt_second_der_small_0_count,1.0,4,
6m_repay_amt_first_der_great_0_count,0.53898,7,
36stg_pln_repay_amt_first_der_sum,0.51422,24841,
3m_repay_amt_first_der_mean_diff,0.52074,14723,
12m_con_keep_repay_max,0.41802,3,
6stg_pln_repay_amt_second_der_median,0.49098,20727,
6m_con_keep_repay_max,0.41802,2,
3stg_pln_repay_amt_second_der_mean_diff,0.51422,23777,
12m_repay_amt_second_der_sum,0.44704,11983,
12m_repay_amt_second_der_median,0.44704,6917,
6stg_pln_repay_amt_first_der_mean_diff,0.51422,24397,
12stg_pln_repay_amt_second_der_mean_rto,0.34838,17222,
3stg_pln_repay_amt_first_der_mean_diff,0.51422,24463,
3m_repay_amt_second_der_mean_rto,0.31666,12022,
18m_repay_amt_first_der_mean_rto,0.36114,13852,
12m_repay_amt_second_der_avg,0.44704,14048,
3m_repay_amt_second_der_median,0.34818,7937,
24stg_pln_repay_amt_second_der_avg,0.49098,23824,
12stg_pln_repay_amt_first_der_mean_diff,0.51422,24932,
36stg_pln_repay_amt_first_der_mean_rto,0.2029,10141,
3m_repay_amt_first_der_sum,0.36596,13111,
18m_con_keep_repay_max,0.41802,2,
3m_repay_amt_second_der_mean_diff,0.52024,12436,
3stg_pln_repay_amt_first_der_sum,0.51422,23364,
18m_repay_amt_second_der_avg,0.48612,15478,
3m_repay_amt_first_der_min,0.36596,9545,
3m_repay_amt_second_der_max,0.34818,10143,
12m_repay_amt_second_der_mean_rto,0.3347,12542,
3m_repay_amt_second_der_great_0_count,0.53898,4,
3m_repay_amt_first_der_small_0_count,0.53898,4,
3stg_pln_repay_amt_first_der_small_0_count,1.0,4,
6stg_pln_repay_amt_first_der_median,0.51422,20251,
24stg_pln_repay_amt_second_der_mean_rto,0.24156,12074,
6m_repay_amt_second_der_small_0_count,0.53898,6,
3m_repay_amt_second_der_min,0.34818,10399,
18m_repay_amt_first_der_avg,0.51228,22101,
18m_con_dsc_repay_max,0.41802,13,
36stg_pln_repay_amt_second_der_mean_diff,0.49098,23824,
18m_repay_amt_second_der_mean_diff,0.48624,17442,
18stg_pln_repay_amt_first_der_mean_rto,0.31198,15444,
6m_repay_amt_first_der_median,0.39978,9828,
24stg_pln_repay_amt_first_der_mean_rto,0.24946,12469,
18stg_pln_repay_amt_second_der_mean_diff,0.49098,23831,
12thord_con_late_repay_max,1.0,13,
6stg_pln_repay_amt_first_der_mean_rto,0.43778,21525,
3stg_pln_repay_amt_second_der_mean_rto,0.45912,22248,
3m_repay_amt_first_der_mean_rto,0.347,14787,
36stg_pln_repay_amt_first_der_small_0_count,1.0,29,
6m_repay_amt_first_der_mean_rto,0.34338,14990,
12m_repay_amt_second_der_mean_diff,0.50306,15991,
12m_repay_amt_first_der_stddev,0.46484,18426,
6stg_pln_repay_amt_second_der_sum,0.49098,23492,
6m_repay_amt_first_der_sum,0.39978,15433,
6stg_pln_repay_amt_first_der_great_0_count,1.0,7,
6m_repay_amt_second_der_mean_rto,0.31646,12520,
12stg_pln_repay_amt_second_der_median,0.49098,19505,
12stg_pln_repay_amt_first_der_mean_rto,0.3687,18206,
18m_repay_amt_second_der_sum,0.48612,12847,
6m_repay_amt_second_der_sum,0.38198,11140,
6thord_con_adv_repay_max,1.0,7,
12m_repay_amt_second_der_great_0_count,0.53898,13,
6stg_pln_repay_amt_first_der_min,0.51422,16693,
18m_repay_amt_second_der_median,0.48612,6338,
6m_repay_amt_first_der_max,0.39978,12213,
12m_repay_amt_first_der_mean_diff,0.52074,20954,
3stg_pln_repay_amt_first_der_median,0.51422,15332,
18m_con_asc_repay_max,0.41802,18,
18m_repay_amt_first_der_mean_diff,0.51228,23361,
18stg_pln_repay_amt_second_der_mean_rto,0.29524,14631,
18m_repay_amt_first_der_median,0.51228,8656,
6stg_pln_repay_amt_first_der_max,0.51422,18477,
30stg_pln_repay_amt_first_der_mean_rto,0.22502,11247,
24stg_pln_repay_amt_first_der_mean_diff,0.51422,24918,
18stg_pln_repay_amt_first_der_stddev,0.51422,23727,
6thord_con_ontime_repay_max,1.0,7,
6m_repay_amt_first_der_mean_diff,0.52074,16765,
12m_repay_amt_first_der_sum,0.46484,18159,
36stg_pln_repay_amt_second_der_mean_rto,0.1965,9819,
12m_repay_amt_first_der_median,0.46484,9214,
6m_con_dsc_repay_max,0.41802,7,
3stg_pln_repay_amt_first_der_stddev,0.51422,22030,
f54__percent_true_call_mode_is_manual_called_phone_social_relations_is_friend_30d,0.16152,405,
f54__percent_true_call_mode_is_ai_called_phone_social_relations_is_self_15d,0.16152,775,
percent_true_call_mode_is_yuce_called_phone_social_relations_is_self_180d,0.16152,165,
f54__percent_true_call_mode_is_ai_called_phone_social_relations_is_self_7d,0.16152,489,
percent_true_call_mode_is_yuce_called_phone_social_relations_is_self_60d,0.16152,78,
f54__percent_true_call_mode_is_manual_called_phone_social_relations_is_family_is_can_contact_person_is_yes_60d,0.16152,375,
num_true_call_mode_is_ai_called_phone_social_relations_is_self_is_can_contact_person_is_no_60d,1.0,146,
percent_true_call_mode_is_yuce_called_phone_social_relations_is_friend_is_can_contact_person_is_no_30d,0.16152,12,
percent_true_call_mode_is_manual_called_phone_social_relations_is_family_7d,0.16152,157,
percent_true_call_mode_is_yuce_called_phone_social_relations_is_friend_is_can_contact_person_is_no_180d,0.16152,43,
sum_talk_duration_call_mode_ai_180d,0.16046,741,
percent_true_call_mode_is_manual_called_phone_social_relations_is_family_180d,0.16152,934,
percent_true_call_mode_is_yuce_called_phone_social_relations_is_friend_is_can_contact_person_is_no_60d,0.16152,19,
percent_true_call_mode_is_yuce_called_phone_social_relations_is_family_is_can_contact_person_is_no_30d,0.16152,10,
f54__percent_true_call_mode_is_manual_called_phone_social_relations_is_friend_180d,0.16152,852,
f54__percent_true_call_mode_is_manual_called_phone_social_relations_is_friend_15d,0.16152,262,
percent_true_call_mode_is_manual_called_phone_social_relations_is_friend_is_can_contact_person_is_yes_30d,0.16152,237,
sum_talk_duration_30d,0.07984,504,low_non_null_rate
f54__percent_true_call_mode_is_manual_called_phone_social_relations_is_self_is_can_contact_person_is_yes_90d,0.16152,505,
sum_talk_duration_call_mode_ai_30d,0.07942,342,low_non_null_rate
f54__percent_true_call_mode_is_manual_called_phone_social_relations_is_self_is_can_contact_person_is_yes_30d,0.16152,310,
f54__percent_true_call_mode_is_manual_called_phone_social_relations_is_friend_is_can_contact_person_is_yes_15d,0.16152,157,
sum_talk_duration_180d,0.16152,1092,
f54__percent_true_call_mode_is_manual_called_phone_social_relations_is_self_is_can_contact_person_is_yes_180d,0.16152,644,
f54__percent_true_call_mode_is_manual_called_phone_social_relations_is_self_is_can_contact_person_is_yes_15d,0.16152,204,
percent_true_call_mode_is_manual_called_phone_social_relations_is_family_90d,0.16152,756,
percent_true_call_mode_is_manual_called_phone_social_relations_is_friend_7d,0.16152,139,
percent_true_call_mode_is_manual_called_phone_social_relations_is_friend_is_can_contact_person_is_yes_180d,0.16152,519,
percent_true_call_mode_is_yuce_called_phone_social_relations_is_family_is_can_contact_person_is_no_180d,0.16152,48,
percent_true_call_mode_is_ai_called_phone_social_relations_is_self_is_can_contact_person_is_no_60d,0.16152,1345,
percent_true_call_mode_is_manual_called_phone_social_relations_is_family_is_can_contact_person_is_yes_180d,0.16152,559,
f54__percent_true_call_mode_is_ai_called_phone_social_relations_is_self_180d,0.16152,1482,
f54__percent_true_call_mode_is_yuce_called_phone_social_relations_is_self_30d,0.16152,44,
percent_true_call_mode_is_manual_called_phone_social_relations_is_friend_is_can_contact_person_is_yes_90d,0.16152,412,
percent_true_call_mode_is_manual_called_phone_social_relations_is_family_30d,0.16152,437,
percent_true_call_mode_is_manual_called_phone_social_relations_is_friend_90d,0.16152,660,
f54__percent_true_call_mode_is_manual_called_phone_social_relations_is_self_is_can_contact_person_is_no_30d,0.16152,607,
f54__percent_true_call_mode_is_manual_called_phone_social_relations_is_family_15d,0.16152,275,
f54__percent_true_call_mode_is_manual_called_phone_social_relations_is_self_7d,0.16152,237,
f54__percent_true_call_mode_is_ai_called_phone_social_relations_is_self_30d,0.16152,1112,
f54__percent_true_call_mode_is_ai_called_phone_social_relations_is_self_90d,0.16152,1477,
percent_true_call_mode_is_manual_called_phone_social_relations_is_family_is_can_contact_person_is_yes_30d,0.16152,278,
f54__percent_true_call_mode_is_manual_called_phone_social_relations_is_family_is_can_contact_person_is_yes_15d,0.16152,171,
percent_true_call_mode_is_manual_called_phone_social_relations_is_self_15d,0.16152,430,
f54__percent_true_call_mode_is_manual_called_phone_social_relations_is_self_is_can_contact_person_is_no_90d,0.16152,967,
used_rate_ch_grt_0p2_rate_3m_suc,0.25548,46,
rsk_avl_lmt_ch_les_1000_cnt_3m,0.26432,23,
rsk_avl_lmt_ch_les_500_cnt_12m,0.44778,59,
used_rate_ch_grt_0p8_rate_1m_suc,0.13218,33,
used_rate_ch_grt_0p5_cnt_3m,0.26432,35,
rsk_avl_lmt_ch_les_1000_rate_12m,0.43708,491,
rsk_avl_lmt_ch_les_500_cnt_1m,0.1376,10,
rsk_avl_lmt_ch_les_10000_rate_3m,0.25548,100,
used_rate_ch_grt_0p2_cnt_3m,0.26432,19,
used_rate_ch_grt_0p2_rate_12m,0.43708,158,
rsk_avl_lmt_ch_les_5000_cnt_1m,0.1376,14,
used_rate_ch_grt_0p95_rate_1m,0.13218,36,
rsk_avl_lmt_ch_les_5000_rate_1m,0.13218,27,
used_rate_ch_grt_0p5_rate_3m,0.25548,110,
rsk_avl_lmt_ch_les_500_rate_3m,0.25548,108,
rsk_avl_lmt_ch_les_10000_cnt_12m,0.44778,78,
used_rate_ch_grt_0p2_cnt_12m_suc,0.44778,27,
used_rate_ch_grt_0p8_cnt_1m_suc,0.1376,13,
used_rate_ch_grt_0p8_cnt_1m,0.1376,17,
min_rsk_lmt_rate_bt_ch_3m,0.20274,8828,
used_rate_ch_grt_0p9_cnt_12m_suc,0.44778,58,
used_rate_ch_grt_0p5_cnt_12m,0.44778,77,
used_rate_ch_grt_0p5_cnt_3m_suc,0.26432,28,
rsk_avl_lmt_ch_les_5000_rate_12m,0.43708,469,
rsk_avl_lmt_ch_les_10000_cnt_3m,0.26432,34,
used_rate_ch_grt_0p5_rate_3m_suc,0.25548,115,
used_rate_ch_grt_0p95_cnt_6m,0.34646,35,
used_rate_ch_grt_0p2_cnt_1m_suc,0.1376,12,
used_rate_ch_grt_0p95_rate_3m_suc,0.25548,95,
max_rsk_lmt_rate_bt_ch_3m,0.20274,8602,
percent_true_followup_code_yjt_called_phone_social_relations_friend_30d,0.16152,65,
f56__percent_true_call_mode_is_manual_called_phone_social_relations_is_self_7d,0.16152,237,
f56__percent_true_call_mode_is_yuce_called_phone_social_relations_is_self_30d,0.16152,44,
percent_true_call_mode_is_yuce_called_phone_social_relations_is_friend_60d,0.16152,28,
f56__percent_true_call_mode_is_manual_called_phone_social_relations_is_family_is_can_contact_person_is_yes_60d,0.16152,375,
percent_true_followup_code_tskh_called_phone_social_relations_friend_30d,0.16152,4,
f56__percent_true_call_mode_is_manual_called_phone_social_relations_is_self_is_can_contact_person_is_no_90d,0.16152,967,
percent_true_followup_code_wfjt_called_phone_social_relations_family_180d,0.16152,944,
percent_true_call_mode_is_manual_called_phone_social_relations_is_family_is_can_contact_person_is_no_7d,0.16152,156,
percent_true_followup_code_yjt_called_phone_social_relations_family_60d,0.16152,158,
percent_true_followup_code_yjt_is_can_contact_person_yes_180d,0.16152,333,
percent_true_called_phone_social_relations_is_friend_is_can_contact_person_is_yes_30d,0.16152,235,
percent_true_followup_code_other_call_mode_manual_7d,0.16152,165,
percent_true_followup_code_other_call_mode_manual_180d,0.16152,1017,
percent_true_followup_code_yjt_call_mode_manual_90d,0.16152,234,
percent_true_followup_code_jjhk_called_phone_social_relations_friend_30d,0.16152,29,
percent_true_followup_code_yjt_90d,0.16152,642,
percent_true_followup_code_other_call_mode_manual_90d,0.16152,797,
percent_true_followup_code_tskh_is_can_contact_person_yes_60d,0.16152,23,
f56__percent_true_call_mode_is_manual_called_phone_social_relations_is_friend_is_can_contact_person_is_yes_15d,0.16152,157,
percent_true_followup_code_yyxh_called_phone_social_relations_family_180d,0.16152,28,
percent_true_followup_code_wfjt_called_phone_social_relations_family_90d,0.16152,764,
percent_true_call_mode_is_yuce_called_phone_social_relations_is_family_180d,0.16152,58,
percent_true_called_phone_social_relations_is_family_is_can_contact_person_is_yes_30d,0.16152,279,
percent_true_followup_code_wfjt_is_can_contact_person_yes_90d,0.16152,600,
f56__percent_true_call_mode_is_ai_called_phone_social_relations_is_self_7d,0.16152,489,
percent_true_followup_code_yjt_180d,0.16152,856,
percent_true_followup_code_jjhk_is_can_contact_person_yes_30d,0.16152,115,
percent_true_followup_code_tskh_30d,0.16152,47,
percent_true_followup_code_jjhk_called_phone_social_relations_friend_60d,0.16152,50,
percent_true_followup_code_tskh_call_mode_manual_180d,0.16152,53,
percent_true_followup_code_wfjt_called_phone_social_relations_friend_7d,0.16152,141,
percent_true_followup_code_yjt_call_mode_manual_15d,0.16152,77,
percent_true_followup_code_yjt_30d,0.16152,389,
percent_true_followup_code_tskh_60d,0.16152,70,
percent_true_followup_code_jjhk_15d,0.16152,89,
percent_true_followup_code_other_called_phone_social_relations_family_180d,0.16152,665,
percent_true_followup_code_jjhk_180d,0.16152,426,
percent_true_followup_code_other_called_phone_social_relations_friend_30d,0.16152,254,
percent_true_followup_code_yjt_called_phone_social_relations_friend_60d,0.16152,113,
percent_true_followup_code_yyxh_180d,0.16152,539,
percent_true_followup_code_other_call_mode_yuce_60d,0.16152,96,
f56__percent_true_call_mode_is_manual_called_phone_social_relations_is_self_is_can_contact_person_is_yes_30d,0.16152,310,
percent_true_followup_code_jjhk_call_mode_manual_180d,0.16152,333,
percent_true_followup_code_other_called_phone_social_relations_family_90d,0.16152,519,
percent_true_followup_code_other_called_phone_social_relations_family_7d,0.16152,92,
percent_true_followup_code_tskh_is_can_contact_person_yes_30d,0.16152,14,
percent_true_followup_code_yjt_called_phone_social_relations_friend_180d,0.16152,219,
percent_true_call_mode_is_yuce_called_phone_social_relations_is_friend_30d,0.16152,19,
percent_true_call_mode_is_yuce_called_phone_social_relations_is_family_30d,0.16152,15,
percent_true_followup_code_yyxh_call_mode_ai_60d,0.16152,266,
percent_true_followup_code_wfjt_is_can_contact_person_yes_15d,0.16152,241,
percent_true_followup_code_yjt_15d,0.16152,273,
percent_true_followup_code_other_called_phone_social_relations_friend_15d,0.16152,159,
percent_true_followup_code_jjhk_called_phone_social_relations_family_60d,0.16152,56,
percent_true_call_mode_is_yuce_called_phone_social_relations_is_friend_180d,0.16152,55,
f56__percent_true_call_mode_is_ai_called_phone_social_relations_is_self_30d,0.16152,1112,
percent_true_followup_code_wfjt_call_mode_manual_60d,0.16152,857,
percent_true_followup_code_jjhk_called_phone_social_relations_family_180d,0.16152,128,
percent_true_followup_code_other_7d,0.16152,210,
percent_true_followup_code_wfjt_180d,0.16152,1344,
percent_true_call_mode_is_yuce_called_phone_social_relations_is_self_is_can_contact_person_is_no_90d,0.16152,89,
percent_true_followup_code_yyxh_30d,0.16152,244,
f56__percent_true_call_mode_is_ai_called_phone_social_relations_is_self_90d,0.16152,1477,
percent_true_followup_code_yyxh_call_mode_manual_7d,0.16152,34,
percent_true_followup_code_tskh_180d,0.16152,152,
count_call_mode_ai_60d,1.0,149,
f56__percent_true_call_mode_is_manual_called_phone_social_relations_is_friend_180d,0.16152,852,
percent_true_followup_code_other_call_mode_yuce_180d,0.16152,209,
percent_true_followup_code_other_called_phone_social_relations_friend_180d,0.16152,602,
percent_true_followup_code_jjhk_called_phone_social_relations_family_30d,0.16152,36,
percent_true_followup_code_yyxh_call_mode_manual_30d,0.16152,122,
f56__percent_true_call_mode_is_manual_called_phone_social_relations_is_friend_15d,0.16152,262,
percent_true_followup_code_other_call_mode_manual_15d,0.16152,305,
percent_true_call_mode_is_ai_called_phone_social_relations_is_self_60d,0.16152,1345,
percent_true_called_phone_social_relations_is_friend_is_can_contact_person_is_yes_90d,0.16152,409,
percent_true_followup_code_other_15d,0.16152,369,
f56__percent_true_call_mode_is_manual_called_phone_social_relations_is_self_is_can_contact_person_is_no_30d,0.16152,607,
percent_true_followup_code_other_called_phone_social_relations_friend_60d,0.16152,368,
f56__percent_true_call_mode_is_manual_called_phone_social_relations_is_family_is_can_contact_person_is_yes_15d,0.16152,171,
percent_true_followup_code_tskh_called_phone_social_relations_friend_90d,0.16152,4,
f56__percent_true_call_mode_is_manual_called_phone_social_relations_is_family_15d,0.16152,275,
percent_true_followup_code_yyxh_call_mode_manual_90d,0.16152,224,
percent_true_followup_code_wfjt_is_can_contact_person_yes_30d,0.16152,367,
percent_true_followup_code_other_call_mode_manual_30d,0.16152,465,
percent_true_followup_code_tskh_called_phone_social_relations_friend_60d,0.16152,4,
percent_true_call_mode_is_manual_called_phone_social_relations_is_family_is_can_contact_person_is_no_30d,0.16152,424,
percent_true_followup_code_yjt_7d,0.16152,175,
percent_true_followup_code_other_180d,0.16152,1126,
percent_true_followup_code_other_30d,0.16152,558,
percent_true_followup_code_yyxh_called_phone_social_relations_family_90d,0.16152,19,
percent_true_followup_code_yyxh_call_mode_ai_15d,0.16152,130,
percent_true_followup_code_other_90d,0.16152,908,
f56__percent_true_call_mode_is_ai_called_phone_social_relations_is_self_180d,0.16152,1482,
percent_true_followup_code_jjhk_90d,0.16152,324,
f56__percent_true_call_mode_is_manual_called_phone_social_relations_is_friend_30d,0.16152,405,
percent_true_followup_code_jjhk_is_can_contact_person_yes_15d,0.16152,59,
percent_true_followup_code_yjt_called_phone_social_relations_family_180d,0.16152,290,
percent_true_followup_code_yyxh_7d,0.16152,92,
percent_true_called_phone_social_relations_is_family_is_can_contact_person_is_yes_180d,0.16152,561,
percent_true_followup_code_jjhk_called_phone_social_relations_friend_180d,0.16152,89,
percent_true_called_phone_social_relations_is_friend_is_can_contact_person_is_yes_180d,0.16152,517,
percent_true_followup_code_wfjt_90d,0.16152,1466,
percent_true_followup_code_yyxh_is_can_contact_person_yes_180d,0.16152,310,
percent_true_followup_code_other_called_phone_social_relations_family_30d,0.16152,299,
percent_true_followup_code_yyxh_call_mode_manual_15d,0.16152,72,
f56__percent_true_call_mode_is_manual_called_phone_social_relations_is_self_is_can_contact_person_is_yes_15d,0.16152,204,
percent_true_followup_code_yyxh_called_phone_social_relations_friend_180d,0.16152,14,
percent_true_followup_code_other_called_phone_social_relations_family_15d,0.16152,178,
percent_true_followup_code_wfjt_call_mode_manual_15d,0.16152,408,
percent_true_followup_code_wfjt_is_can_contact_person_yes_180d,0.16152,736,
percent_true_followup_code_yyxh_called_phone_social_relations_family_30d,0.16152,6,
f56__percent_true_call_mode_is_ai_called_phone_social_relations_is_self_15d,0.16152,775,
percent_true_followup_code_wfjt_called_phone_social_relations_friend_90d,0.16152,681,
f56__percent_true_call_mode_is_manual_called_phone_social_relations_is_self_is_can_contact_person_is_yes_180d,0.16152,644,
percent_true_followup_code_yjt_called_phone_social_relations_family_30d,0.16152,107,
percent_true_followup_code_jjhk_30d,0.16152,166,
f56__percent_true_call_mode_is_manual_called_phone_social_relations_is_self_is_can_contact_person_is_yes_90d,0.16152,505,
num_true_followup_code_yjt_180d,1.0,41,
percent_true_followup_code_tskh_called_phone_social_relations_family_180d,0.16152,3,
m6_stg_pln_d0_rep_apl_cnt_mor_4_cnt_rat,0.36746,651,
m6_stg_pln_d0_normal_batch_rep_apl_cnt_equal_2_cnt_rat,0.36746,822,
m1_stg_pln_d0_rep_apl_fal_cnt_equal_1_cnt,0.38842,23,
m6_stg_pln_manual_rep_apl_suc_cnt_min,0.38842,3,
m1_stg_pln_d0_normal_batch_rep_apl_fal_cnt_mor_4_cnt,0.38842,19,
m6_stg_pln_d0_rep_apl_fal_cnt_equal_2_cnt,0.38842,55,
m3_stg_pln_ao_offline_rep_apl_cnt_max,0.3508,3,
m6_stg_pln_manual_deduct_rep_apl_cnt_sum,0.38842,270,
m1_stg_pln_d0_manual_deduct_rep_apl_cnt_equal_1_cnt_rat,0.28842,7,
m1_stg_pln_manual_deduct_rep_apl_cnt_equal_1_cnt_rat,0.32274,55,
m6_stg_pln_rep_apl_cnt_ovd_1d_3d_max,0.1185,83,
m3_stg_pln_manual_deduct_rep_apl_cnt_avg,0.3508,703,
m3_stg_pln_manual_rep_apl_suc_cnt_sum,0.3508,117,
m3_stg_pln_ao_offline_rep_apl_suc_cnt_min,0.3508,2,
m1_stg_pln_d0_rep_apl_fal_cnt_mor_4_cnt_rat,0.28842,105,
m1_stg_pln_rep_apl_cnt_avg,0.32274,957,
m6_stg_pln_d0_manual_deduct_rep_apl_cnt_equal_1_cnt_rat,0.36746,22,
m3_stg_pln_rep_apl_cnt_d0_sum,0.33006,239,
m1_stg_pln_rep_apl_cnt_less_4_cnt,0.38842,71,
m6_stg_pln_rep_apl_cnt_equal_1_manual_rep_apl_amt_sum,0.17042,6508,
m1_stg_pln_manual_rep_apl_cnt_max,0.32274,14,
m1_stg_pln_rep_apl_cnt_mor_2_cnt_rat,0.32274,216,
m6_stg_pln_rep_apl_fal_cnt_mor_1_rep_apl_amt_max,0.23926,3763,
m1_stg_pln_normal_batch_rep_apl_cnt_mor_0_cnt,0.38842,56,
m6_stg_pln_rep_apl_cnt_ovd_1d_3d_min,0.1185,59,
m3_stg_pln_manual_deduct_rep_apl_suc_cnt_max,0.3508,27,
m6_stg_pln_rep_apl_fal_cnt_equal_1_cnt_rat,0.38842,929,
m1_stg_pln_d0_rep_apl_cnt_mor_2_cnt,0.38842,27,
m1_stg_pln_manual_deduct_rep_apl_suc_cnt_max,0.32274,22,
m1_stg_pln_rep_apl_fal_cnt_mor_1_rep_apl_amt_sum,0.14548,4370,
m6_stg_pln_rep_apl_cnt_d0_avg,0.36746,2035,
m3_stg_pln_rep_apl_amt_d0_max,0.33006,2985,
m3_stg_pln_rep_apl_cnt_ovd_1d_3d_sum,0.08648,201,low_non_null_rate
m3_stg_pln_normal_batch_rep_apl_cnt_equal_2_cnt_rat,0.3508,482,
m1_stg_pln_ao_offline_rep_apl_cnt_mor_0_cnt,0.38842,13,
m6_stg_pln_rep_apl_cnt_mor_4_stg_amt_min,0.19338,2155,
m6_stg_pln_normal_batch_rep_apl_cnt_mor_4_cnt_rat,0.38842,800,
m6_stg_pln_rep_apl_suc_cnt_min,0.38842,10,
m6_stg_pln_rep_apl_cnt_equal_1_adv_cnt,0.38842,142,
m3_stg_pln_normal_batch_rep_apl_cnt_mor_0_cnt_rat,0.3508,693,
m6_stg_pln_rep_apl_cnt_mor_2_cnt,0.38842,95,
m1_stg_pln_add_bathch_rep_apl_cnt_avg,0.32274,263,
m6_stg_pln_normal_batch_rep_apl_cnt_min,0.38842,31,
m6_stg_pln_rep_apl_fal_cnt_mor_1_rep_apl_amt_sum,0.23926,9072,
m3_stg_pln_rep_apl_fal_cnt_max,0.3508,220,
m6_stg_pln_d0_ao_offline_rep_apl_cnt_mor_0_cnt,0.38842,11,
m6_stg_pln_rep_apl_fal_cnt_mor_1_rep_apl_amt_min,0.23926,4538,
m3_stg_pln_rep_apl_suc_cnt_sum,0.3508,164,
m1_stg_pln_rep_apl_fal_cnt_equal_2_cnt_rat,0.32274,148,
m6_stg_pln_normal_batch_rep_apl_cnt_mor_2_stg_amt_sum,0.20012,6734,
m3_stg_pln_manual_deduct_rep_apl_suc_cnt_sum,0.3508,50,
m3_stg_pln_ao_offline_rep_apl_suc_cnt_sum,0.3508,20,
m6_stg_pln_rep_apl_amt_his_ovd_sum,0.12322,5127,
m1_stg_pln_ao_offline_rep_apl_cnt_min,0.32274,2,
m3_stg_pln_manual_rep_apl_cnt_min,0.3508,9,
m3_stg_pln_rep_apl_fal_cnt_mor_2_cnt_rat,0.3508,579,
m6_stg_pln_rep_apl_cnt_his_ovd_avg,0.12322,1007,
m1_stg_pln_manual_deduct_rep_apl_suc_cnt_sum,0.32274,31,
m3_stg_pln_rep_apl_suc_cnt_min,0.3508,10,
m3_stg_pln_normal_batch_rep_apl_fal_cnt_equal_2_cnt_rat,0.3508,441,
m1_stg_pln_rep_apl_suc_cnt_min,0.32274,17,
m3_stg_pln_rep_apl_cnt_his_ovd_min,0.09168,116,low_non_null_rate
m6_stg_pln_rep_apl_amt_ovd_1d_3d_avg,0.1185,4682,
m1_stg_pln_manual_deduct_rep_apl_suc_cnt_min,0.32274,12,
m1_stg_pln_d0_normal_batch_rep_apl_fal_cnt_equal_0_cnt_rat,0.28842,171,
m3_stg_pln_rep_apl_suc_cnt_avg,0.3508,755,
m6_stg_pln_rep_apl_fal_cnt_mor_3_rep_apl_amt_sum,0.16422,6566,
m6_stg_pln_rep_apl_cnt_d0_max,0.36746,30,
m3_stg_pln_normal_batch_rep_apl_cnt_mor_4_cnt,0.38842,40,
m1_stg_pln_normal_batch_rep_apl_cnt_mor_2_cnt,0.38842,26,
m1_stg_pln_rep_apl_fal_cnt_sum,0.32274,232,
m3_stg_pln_normal_batch_rep_apl_suc_cnt_max,0.3508,24,
m6_stg_pln_rep_apl_cnt_equal_1_manual_rep_apl_amt_min,0.17042,3494,
m3_stg_pln_manual_rep_apl_fal_cnt_min,0.3508,8,
m3_stg_pln_rep_apl_cnt_sum,0.3508,433,
m6_stg_pln_d0_manual_rep_apl_cnt_mor_0_cnt,0.38842,108,
m6_stg_pln_d0_ao_offline_rep_apl_cnt_mor_0_cnt_rat,0.36746,21,
m6_stg_pln_d0_rep_apl_fal_cnt_equal_1_cnt,0.38842,63,
m1_stg_pln_rep_apl_cnt_equal_2_cnt_rat,0.32274,172,
m1_stg_pln_rep_apl_cnt_min,0.32274,96,
m1_stg_pln_normal_batch_rep_apl_fal_cnt_equal_2_cnt,0.38842,17,
m1_stg_pln_rep_apl_cnt_mor_4_cnt_rat,0.32274,183,
m3_stg_pln_d0_manual_deduct_rep_apl_cnt_equal_1_cnt,0.38842,5,
m6_stg_pln_normal_batch_rep_apl_cnt_equal_2_cnt,0.38842,66,
m1_stg_pln_manual_rep_apl_cnt_min,0.32274,8,
m3_stg_pln_d0_normal_batch_rep_apl_cnt_mor_2_cnt_rat,0.33006,464,
m6_stg_pln_manual_rep_apl_fal_cnt_max,0.38842,19,
m6_stg_pln_rep_apl_amt_adv_sum,0.1295,5402,
m6_stg_pln_rep_apl_cnt_equal_1_manual_deduct_cnt,0.38842,48,
m3_stg_pln_rep_apl_amt_d0_min,0.33006,2656,
m6_stg_pln_rep_apl_cnt_min,0.38842,43,
m6_stg_pln_d0_normal_batch_rep_apl_fal_cnt_equal_2_cnt_rat,0.36746,744,
m6_stg_pln_rep_apl_amt_d0_sum,0.36746,13198,
m3_stg_pln_manual_rep_apl_suc_cnt_max,0.3508,8,
m6_stg_pln_ao_offline_rep_apl_cnt_mor_0_cnt_rat,0.38842,57,
m1_stg_pln_manual_rep_apl_fal_cnt_avg,0.32274,135,
m3_stg_pln_rep_apl_cnt_equal_1_manual_rep_apl_amt_max,0.11752,2836,
m1_stg_pln_manual_rep_apl_cnt_mor_0_cnt,0.38842,60,
m3_stg_pln_d0_normal_batch_rep_apl_fal_cnt_equal_1_cnt_rat,0.33006,401,
m3_stg_pln_manual_rep_apl_fal_cnt_avg,0.3508,383,
m3_stg_pln_rep_apl_cnt_min,0.3508,54,
m6_stg_pln_d0_normal_batch_rep_apl_fal_cnt_mor_4_cnt_rat,0.36746,489,
m3_stg_pln_manual_rep_apl_fal_cnt_sum,0.3508,44,
m3_stg_pln_add_bathch_rep_apl_cnt_max,0.3508,75,
m3_stg_pln_normal_batch_rep_apl_cnt_avg,0.3508,2162,
m3_stg_pln_normal_batch_rep_apl_fal_cnt_equal_0_cnt_rat,0.3508,745,
m6_stg_pln_manual_deduct_rep_apl_cnt_equal_1_cnt_rat,0.38842,237,
m3_stg_pln_manual_rep_apl_cnt_max,0.3508,18,
m6_stg_pln_manual_rep_apl_cnt_avg,0.38842,1763,
m1_stg_pln_normal_batch_rep_apl_cnt_equal_2_cnt,0.38842,23,
m3_stg_pln_normal_batch_rep_apl_cnt_less_2_stg_amt_sum,0.3273,11348,
m1_stg_pln_manual_rep_apl_suc_cnt_avg,0.32274,269,
m3_stg_pln_d0_rep_apl_cnt_mor_4_cnt,0.38842,42,
m3_stg_pln_d0_normal_batch_rep_apl_cnt_mor_0_cnt_rat,0.33006,395,
m3_stg_pln_d0_rep_apl_cnt_mor_2_cnt_rat,0.33006,544,
m6_stg_pln_rep_apl_cnt_adv_avg,0.1295,284,
m3_stg_pln_normal_batch_rep_apl_suc_cnt_avg,0.3508,874,
m3_stg_pln_manual_deduct_rep_apl_suc_cnt_min,0.3508,5,
m6_stg_pln_ao_offline_rep_apl_suc_cnt_avg,0.38842,62,
m1_stg_pln_rep_apl_cnt_less_4_stg_amt_sum,0.27464,7535,
m1_stg_pln_manual_deduct_rep_apl_fal_cnt_min,0.32274,59,
m6_stg_pln_rep_apl_cnt_equal_1_manual_rep_apl_amt_max,0.17042,4164,
m1_stg_pln_rep_apl_cnt_equal_1_d0_cnt,0.38842,47,
m1_stg_pln_normal_batch_rep_apl_suc_cnt_max,0.32274,23,
m1_stg_pln_ao_offline_rep_apl_cnt_mor_0_cnt_rat,0.32274,12,
m1_stg_pln_rep_apl_amt_d0_sum,0.28842,7667,
m1_stg_pln_normal_batch_rep_apl_cnt_equal_2_cnt_rat,0.32274,155,
m3_stg_pln_rep_apl_fal_cnt_equal_2_cnt_rat,0.3508,446,
m6_stg_pln_normal_batch_rep_apl_fal_cnt_avg,0.38842,3017,
m1_stg_pln_normal_batch_rep_apl_cnt_min,0.32274,57,
m6_stg_pln_rep_apl_cnt_ovd_1d_3d_sum,0.1185,271,
m1_stg_pln_manual_rep_apl_fal_cnt_max,0.32274,14,
m6_stg_pln_rep_apl_amt_adv_min,0.1295,3829,
m6_stg_pln_manual_rep_apl_cnt_mor_0_cnt_rat,0.38842,1506,
m6_stg_pln_normal_batch_rep_apl_cnt_sum,0.38842,439,
m6_stg_pln_manual_deduct_rep_apl_suc_cnt_max,0.38842,31,
m3_stg_pln_rep_apl_cnt_equal_1_manual_deduct_cnt,0.38842,35,
m3_stg_pln_normal_batch_rep_apl_fal_cnt_equal_1_cnt_rat,0.3508,468,
m1_stg_pln_d0_normal_batch_rep_apl_fal_cnt_equal_1_cnt_rat,0.28842,127,
m6_stg_pln_rep_apl_cnt_less_4_stg_amt_max,0.3754,4995,
m6_stg_pln_manual_deduct_rep_apl_fal_cnt_max,0.38842,179,
m3_stg_pln_d0_manual_deduct_rep_apl_cnt_equal_1_cnt_rat,0.33006,11,
m3_stg_pln_normal_batch_rep_apl_cnt_max,0.3508,134,
m6_stg_pln_d0_normal_batch_rep_apl_fal_cnt_mor_4_cnt,0.38842,45,
m1_stg_pln_normal_batch_rep_apl_suc_cnt_min,0.32274,4,
m1_stg_pln_normal_batch_rep_apl_fal_cnt_sum,0.32274,169,
m6_stg_pln_manual_rep_apl_fal_cnt_sum,0.38842,62,
m6_stg_pln_rep_apl_cnt_mor_2_cnt_rat,0.38842,1236,
m6_stg_pln_d0_rep_apl_cnt_equal_2_cnt,0.38842,65,
m3_stg_pln_ao_offline_rep_apl_cnt_sum,0.3508,20,
m3_stg_pln_normal_batch_rep_apl_cnt_equal_2_cnt,0.38842,44,
m3_stg_pln_normal_batch_rep_apl_fal_cnt_mor_2_cnt_rat,0.3508,566,
m1_stg_pln_manual_rep_apl_fal_cnt_sum,0.32274,30,
m1_stg_pln_rep_apl_cnt_mor_4_stg_amt_sum,0.11102,3006,
m1_stg_pln_rep_apl_cnt_d0_avg,0.28842,469,
m1_stg_pln_d0_normal_batch_rep_apl_cnt_mor_2_cnt,0.38842,25,
m1_stg_pln_rep_apl_cnt_equal_1_manual_rep_apl_amt_sum,0.06082,2018,low_non_null_rate
m1_stg_pln_d0_rep_apl_cnt_equal_2_cnt,0.38842,22,
m6_stg_pln_manual_deduct_rep_apl_fal_cnt_avg,0.38842,1072,
m1_stg_pln_rep_apl_cnt_mor_4_stg_amt_min,0.11102,1612,
m1_stg_pln_normal_batch_rep_apl_cnt_mor_2_cnt_rat,0.32274,196,
m3_stg_pln_d0_manual_rep_apl_cnt_mor_0_cnt,0.38842,68,
m3_stg_pln_rep_apl_cnt_adv_min,0.08606,10,low_non_null_rate
m6_stg_pln_normal_batch_rep_apl_suc_cnt_min,0.38842,4,
m3_stg_pln_rep_apl_fal_cnt_mor_3_rep_apl_amt_max,0.13552,2991,
m3_stg_pln_manual_deduct_rep_apl_suc_cnt_avg,0.3508,279,
m6_stg_pln_normal_batch_rep_apl_suc_cnt_max,0.38842,24,
m6_stg_pln_rep_apl_fal_cnt_equal_2_cnt,0.38842,56,
m1_stg_pln_d0_rep_apl_fal_cnt_equal_0_cnt_rat,0.28842,172,
m1_stg_pln_rep_apl_cnt_equal_1_adv_cnt,0.38842,58,
m1_stg_pln_normal_batch_rep_apl_cnt_avg,0.32274,869,
m6_stg_pln_rep_apl_amt_ovd_1d_3d_min,0.1185,3500,
m3_stg_pln_d0_normal_batch_rep_apl_fal_cnt_mor_4_cnt_rat,0.33006,296,
m3_stg_pln_rep_apl_fal_cnt_equal_0_cnt_rat,0.3508,768,
m6_stg_pln_manual_deduct_rep_apl_suc_cnt_min,0.38842,8,
m6_stg_pln_manual_deduct_rep_apl_cnt_min,0.38842,26,
m6_stg_pln_rep_apl_amt_ovd_1d_3d_sum,0.1185,4674,
m3_stg_pln_manual_rep_apl_cnt_mor_0_cnt,0.38842,119,
m1_stg_pln_rep_apl_fal_cnt_mor_4_cnt,0.38842,19,
m3_stg_pln_manual_deduct_rep_apl_cnt_equal_1_cnt_rat,0.3508,131,
m6_stg_pln_rep_apl_cnt_less_4_cnt,0.38842,220,
m3_stg_pln_rep_apl_suc_cnt_max,0.3508,75,
m3_stg_pln_rep_apl_cnt_ovd_1d_3d_avg,0.08648,430,low_non_null_rate
m1_stg_pln_d0_normal_batch_rep_apl_cnt_mor_4_cnt,0.38842,20,
m3_stg_pln_normal_batch_rep_apl_suc_cnt_min,0.3508,4,
m1_stg_pln_manual_deduct_rep_apl_fal_cnt_avg,0.32274,295,
m6_stg_pln_rep_apl_amt_d0_min,0.36746,2965,
m1_stg_pln_rep_apl_fal_cnt_equal_0_cnt,0.38842,66,
m6_stg_pln_manual_deduct_rep_apl_cnt_equal_1_cnt,0.38842,50,
m6_stg_pln_normal_batch_rep_apl_cnt_mor_0_cnt,0.38842,186,
m1_stg_pln_normal_batch_rep_apl_cnt_mor_4_cnt_rat,0.32274,163,
m1_stg_pln_d0_ao_offline_rep_apl_cnt_mor_0_cnt,0.38842,5,
m1_stg_pln_rep_apl_cnt_equal_1_manual_deduct_cnt,0.38842,23,
m6_stg_pln_d0_manual_deduct_rep_apl_cnt_equal_1_cnt,0.38842,6,
m6_stg_pln_d0_rep_apl_fal_cnt_equal_2_cnt_rat,0.36746,747,
m6_stg_pln_d0_normal_batch_rep_apl_cnt_mor_0_cnt_rat,0.36746,756,
stg_pln_max_prc_amt_24m_ftr_light,0.47804,2039,
stg_pln_avg_rep_prc_his_due_light,0.47804,4308,
stg_pln_cnt_his_adv_light,0.47804,101,
stg_pln_min_rep_prc_24m_due_light,0.47804,3,
stg_pln_max_rep_prc_24m_due_light,0.47804,2145,
stg_pln_min_prc_amt_24m_adv_light,0.47804,36,
stg_pln_avg_prc_amt_his_ftr_light,0.47804,2700,
stg_pln_max_prc_amt_36m_adv_light,0.47804,2344,
stg_pln_min_rep_prc_6m_due_light,0.47804,1,constant
stg_pln_sum_prc_amt_6m_light,0.47804,3658,
stg_pln_max_prc_amt_1m_adv_light,0.47804,612,
stg_pln_avg_rep_prc_6m_due_light,0.47804,1132,
stg_pln_min_prc_amt_24m_ftr_light,0.47804,60,
stg_pln_max_prc_amt_his_light,0.47804,6190,
stg_pln_sum_prc_amt_36m_on_light,0.47804,5756,
stg_pln_cnt_his_ftr_light,0.47804,115,
stg_pln_max_prc_amt_24m_light,0.47804,4335,
stg_pln_sum_prc_amt_6m_adv_light,0.47804,1203,
stg_pln_avg_prc_amt_his_light,0.47804,4725,
stg_pln_sum_prc_amt_his_adv_light,0.47804,4042,
stg_pln_cnt_12m_adv_light,0.47804,54,
stg_pln_min_rep_prc_12m_due_light,0.47804,2,
stg_pln_min_prc_amt_24m_light,0.47804,763,
stg_pln_sum_rep_prc_6m_due_light,0.47804,1116,
stg_pln_avg_prc_amt_his_due_light,0.47804,4710,
stg_pln_max_prc_amt_36m_on_light,0.47804,4974,
stg_pln_cnt_his_due_light,0.47804,73,
stg_pln_sum_prc_amt_36m_ftr_light,0.47804,2650,
stg_pln_avg_rep_prc_12m_due_light,0.47804,1601,
stg_pln_sum_prc_amt_24m_adv_light,0.47804,2398,
stg_pln_avg_prc_amt_6m_light,0.47804,3696,
stg_pln_cnt_12m_due_light,0.47804,31,
stg_pln_min_prc_amt_36m_light,0.47804,1338,
stg_pln_avg_prc_amt_1m_on_light,0.47804,2456,
stg_pln_max_rep_prc_12m_due_light,0.47804,1499,
stg_pln_min_prc_amt_36m_adv_light,0.47804,64,
stg_pln_min_prc_amt_his_due_light,0.47804,150,
stg_pln_max_prc_amt_1m_due_light,0.47804,428,
stg_pln_avg_prc_amt_24m_adv_light,0.47804,2463,
stg_pln_min_prc_amt_12m_on_light,0.47804,44,
stg_pln_avg_prc_amt_1m_adv_light,0.47804,633,
stg_pln_min_prc_amt_12m_adv_light,0.47804,5,
stg_pln_min_prc_amt_12m_light,0.47804,122,
stg_pln_min_rep_prc_36m_due_light,0.47804,5,
stg_pln_max_rep_prc_his_due_light,0.47804,3593,
stg_pln_avg_rep_prc_24m_due_light,0.47804,2360,
stg_pln_cnt_1m_due_light,0.47804,9,
stg_pln_min_rep_prc_his_due_light,0.47804,28,
stg_pln_cnt_36m_adv_light,0.47804,73,
stg_pln_cnt_1m_adv_light,0.47804,12,
stg_pln_avg_prc_amt_6m_adv_light,0.47804,1221,
stg_pln_min_prc_amt_6m_light,0.47804,5,
stg_pln_max_prc_amt_6m_adv_light,0.47804,1129,
stg_pln_min_prc_amt_6m_on_light,0.47804,2,
stg_pln_max_prc_amt_6m_light,0.47804,3270,
stg_pln_min_prc_amt_24m_on_light,0.47804,249,
stg_pln_avg_prc_amt_1m_due_light,0.47804,433,
stg_pln_cnt_36m_light,0.47804,224,
stg_pln_cnt_12m_on_light,0.47804,134,
stg_pln_avg_prc_amt_24m_light,0.47804,4833,
stg_pln_min_prc_amt_36m_on_light,0.47804,474,
stg_pln_min_prc_amt_his_adv_light,0.47804,100,
stg_pln_avg_prc_amt_his_adv_light,0.47804,4191,
stg_pln_min_prc_amt_his_on_light,0.47804,851,
stg_pln_sum_prc_amt_his_due_light,0.47804,4555,
stg_pln_cnt_36m_due_light,0.47804,47,
stg_pln_max_prc_amt_12m_on_light,0.47804,3512,
stg_pln_min_prc_amt_6m_ftr_light,0.47804,3,
stg_pln_sum_rep_prc_24m_due_light,0.47804,2313,
stg_pln_avg_prc_amt_12m_adv_light,0.47804,1684,
d15_suc_ord_prc_amt_per_stg_max_all,0.37558,351,
d7_apl_ord_prc_amt_sum_all,0.4452,404,
d90_apl_ord_prc_amt_sum_all,0.4452,1739,
d180_apl_ord_cnt_all,0.4452,169,
d15_prc_amt_mor_3_000_suc_ord_cnt,0.3684,8,
d15_apl_ord_stg_num_avg_all,0.08158,87,low_non_null_rate
d30_suc_ord_prc_amt_per_stg_min_all,0.37558,101,
d360_suc_ord_prc_amt_avg,0.3684,4384,
d360_apl_ord_prc_amt_per_stg_max,0.43454,898,
d60_apl_ord_prc_amt_max,0.43454,487,
d360_apl_ord_prc_amt_per_stg_sum,0.43454,3253,
d60_prc_amt_mor_20_000_suc_ord_cnt,0.3684,7,
d60_prc_amt_mor_10_000_apl_ord_cnt,0.43454,16,
d30_apl_ord_prc_amt_max_all,0.4452,528,
d180_prc_amt_mor_20_000_apl_ord_cnt,0.43454,22,
d7_prc_amt_mor_3_000_apl_ord_cnt,0.43454,8,
d60_prc_amt_mor_50_000_apl_ord_cnt,0.43454,9,
d360_prc_amt_mor_20_000_suc_ord_cnt,0.3684,23,
d15_apl_ord_stg_num_sum,0.07778,27,low_non_null_rate
d60_bsy_typ_api_apl_ord_cnt_all,0.4452,5,
d360_bsy_typ_api_suc_ord_cnt_all,0.37558,12,
d180_apl_ord_stg_num_max,0.33458,4,
d30_prc_amt_mor_50_000_apl_ord_cnt,0.43454,6,
d15_d360_suc_ord_cnt_rat,0.3684,154,
d90_apl_ord_stg_num_sum,0.25338,83,
d15_apl_ord_prc_amt_per_stg_sum,0.43454,486,
d15_prc_amt_mor_5_000_apl_ord_cnt,0.43454,11,
d60_prc_amt_mor_20_000_apl_ord_cnt,0.43454,14,
d30_d90_suc_ord_prc_amt_avg_rat_all,0.37558,1684,
d30_suc_ord_prc_amt_avg_all,0.37558,1517,
d180_apl_ord_prc_amt_avg,0.43454,5009,
d15_apl_ord_prc_amt_max,0.43454,297,
d60_apl_ord_prc_amt_avg,0.43454,3175,
d60_apl_ord_stg_num_max,0.20878,4,
d15_suc_ord_days_cnt,0.3684,8,
d60_d90_apl_ord_cnt_rat_all,0.4452,231,
d30_apl_ord_days_cnt,0.43454,15,
d60_d360_apl_ord_prc_amt_avg_rat,0.43454,6224,
d90_apl_ord_prc_amt_per_stg_min_all,0.4452,450,
d60_suc_ord_stg_num_sum_all,0.14304,100,
d90_apl_ord_prc_amt_per_stg_max,0.43454,665,
d15_apl_ord_prc_amt_per_stg_min,0.43454,43,
d180_bsy_typ_api_suc_ord_cnt_all,0.37558,10,
d7_d360_apl_ord_cnt_rat,0.43454,136,
d60_d90_suc_ord_prc_amt_avg_rat,0.1395,1765,
d30_suc_ord_days_cnt_all,0.37558,17,
d180_apl_ord_days_cnt,0.43454,58,
d60_apl_ord_ddf_mdl_ord_crt_dte_max,0.20878,60,
d7_bsy_typ_api_suc_ord_cnt_all,0.37558,2,
d360_apl_ord_stg_num_avg,0.43454,765,
d15_d60_suc_ord_prc_amt_avg_rat,0.04994,945,low_non_null_rate
d7_bsy_typ_bt_cash_suc_ord_cnt_all,0.37558,8,
d90_d180_suc_ord_prc_amt_avg_rat,0.17982,3482,
d30_apl_ord_ddf_mdl_ord_crt_dte_min,0.12964,30,
d90_bsy_typ_api_suc_ord_cnt_all,0.37558,6,
d30_apl_ord_prc_amt_min,0.43454,82,
d15_suc_ord_prc_amt_per_stg_avg_all,0.37558,1091,
d7_apl_ord_days_cnt,0.43454,6,
d7_suc_ord_prc_amt_avg_all,0.37558,671,
d180_suc_ord_cnt_all,0.37558,74,
d15_prc_amt_mor_20_000_apl_ord_cnt,0.43454,7,
d180_apl_ord_prc_amt_per_stg_min,0.43454,605,
d360_apl_ord_stg_num_max_all,0.4452,6,
d180_prc_amt_mor_3_000_apl_ord_cnt,0.43454,45,
d90_apl_ord_stg_num_min_all,0.26222,6,
d90_bsy_typ_ep_suc_ord_cnt_all,0.37558,41,
d30_d360_apl_ord_prc_amt_avg_rat_all,0.4452,4843,
d15_suc_ord_prc_amt_min_all,0.37558,46,
d30_bsy_typ_api_apl_ord_cnt_all,0.4452,4,
d7_apl_ord_prc_amt_per_stg_max_all,0.4452,395,
d90_apl_ord_prc_amt_avg,0.43454,3837,
d7_prc_amt_mor_10_000_suc_ord_cnt,0.3684,5,
d360_bsy_typ_bt_cash_suc_ord_cnt_all,0.37558,86,
d360_apl_ord_prc_amt_per_stg_min,0.43454,759,
d30_apl_ord_days_cnt_all,0.4452,26,
d360_suc_ord_ddf_mdl_ord_crt_dte_max,0.3684,360,
d15_d30_suc_ord_prc_amt_avg_rat_all,0.37558,479,
d180_d360_suc_ord_prc_amt_avg_rat,0.26802,5632,
d15_prc_amt_mor_20_000_suc_ord_cnt,0.3684,6,
d360_prc_amt_mor_50_000_suc_ord_cnt,0.3684,10,
d15_prc_amt_mor_10_000_apl_ord_cnt,0.43454,9,
d60_apl_ord_prc_amt_per_stg_min,0.43454,322,
d15_apl_ord_prc_amt_avg,0.43454,1447,
d7_suc_ord_prc_amt_per_stg_min_all,0.37558,24,
d7_d30_apl_ord_prc_amt_avg_rat,0.34544,920,
d90_d360_suc_ord_prc_amt_avg_rat,0.17982,4768,
d30_prc_amt_mor_50_000_suc_ord_cnt,0.3684,5,
d30_d60_suc_ord_prc_amt_avg_rat,0.08442,1270,low_non_null_rate
d7_prc_amt_mor_3_000_suc_ord_cnt,0.3684,5,
d30_d90_suc_ord_prc_amt_avg_rat,0.08442,1708,low_non_null_rate
d30_d360_suc_ord_cnt_rat,0.3684,194,
d360_apl_ord_bsy_typ_cnt_all,0.4452,3,
d180_d360_apl_ord_cnt_rat,0.43454,475,
d90_d360_apl_ord_prc_amt_avg_rat,0.43454,6945,
d30_apl_ord_cnt_all,0.4452,59,
d180_apl_ord_bsy_typ_cnt_all,0.4452,4,
d30_prc_amt_mor_3_000_suc_ord_cnt,0.3684,13,
d15_bsy_typ_api_suc_ord_cnt_all,0.37558,3,
d90_suc_ord_prc_amt_sum_all,0.37558,1107,
d30_prc_amt_mor_3_000_apl_ord_cnt,0.43454,18,
d15_d360_apl_ord_prc_amt_avg_rat,0.43454,2912,
d360_suc_ord_stg_num_sum_all,0.37558,304,
d30_suc_ord_prc_amt_sum_all,0.37558,543,
d15_d30_suc_ord_prc_amt_avg_rat,0.04994,463,low_non_null_rate
d180_prc_amt_mor_3_000_suc_ord_cnt,0.3684,38,
d90_suc_ord_days_cnt,0.3684,31,
d90_d180_apl_ord_cnt_rat,0.43454,256,
d60_apl_ord_prc_amt_per_stg_sum,0.43454,1187,
d60_prc_amt_mor_10_000_suc_ord_cnt,0.3684,12,
d7_prc_amt_mor_20_000_suc_ord_cnt,0.3684,5,
d7_apl_ord_prc_amt_per_stg_avg_all,0.4452,1114,
d15_d30_apl_ord_cnt_rat,0.43454,41,
d180_prc_amt_mor_10_000_apl_ord_cnt,0.43454,30,
d7_apl_ord_prc_amt_min_all,0.4452,24,
d90_prc_amt_mor_50_000_suc_ord_cnt,0.3684,5,
d15_d180_suc_ord_prc_amt_avg_rat,0.04994,1592,low_non_null_rate
d180_apl_ord_days_cnt_all,0.4452,95,
d60_suc_ord_prc_amt_per_stg_min,0.1395,510,
d15_prc_amt_mor_50_000_suc_ord_cnt,0.3684,5,
d360_suc_ord_ddf_mdl_ord_crt_dte_min,0.3684,360,
d15_apl_ord_ddf_mdl_ord_crt_dte_max,0.07778,15,low_non_null_rate
d360_apl_ord_stg_num_min_all,0.4452,5,
d30_d360_suc_ord_prc_amt_avg_rat_all,0.37558,2940,
d360_suc_ord_prc_amt_per_stg_sum_all,0.37558,2976,
d360_apl_ord_stg_num_min,0.43454,3,
d360_apl_ord_ddf_mdl_ord_crt_dte_max,0.43454,360,
d360_apl_ord_prc_amt_min,0.43454,683,
d30_prc_amt_mor_10_000_apl_ord_cnt,0.43454,14,
d15_d360_apl_ord_cnt_rat,0.43454,198,
d15_bsy_typ_ep_apl_ord_cnt_all,0.4452,39,
d30_apl_ord_prc_amt_max,0.43454,376,
d180_apl_ord_prc_amt_min,0.43454,552,
d15_apl_ord_prc_amt_per_stg_avg,0.43454,1547,
d30_apl_ord_ddf_mdl_ord_crt_dte_max,0.12964,30,
d60_prc_amt_mor_5_000_suc_ord_cnt,0.3684,18,
d60_suc_ord_prc_amt_per_stg_sum_all,0.37558,1069,
d30_apl_ord_prc_amt_avg_all,0.4452,2463,
d30_d90_suc_ord_cnt_rat,0.3684,76,
d15_d30_apl_ord_prc_amt_avg_rat_all,0.4452,960,
d60_apl_ord_prc_amt_per_stg_avg_all,0.4452,3803,
d15_suc_ord_prc_amt_sum_all,0.37558,374,
d60_apl_ord_prc_amt_per_stg_max_all,0.4452,800,
d180_apl_ord_dis_bsy_typ_cnt_all,0.4452,4,
d360_apl_ord_stg_num_sum_all,0.4452,551,
d30_d360_apl_ord_cnt_rat,0.43454,265,
d180_apl_ord_ddf_mdl_ord_crt_dte_max,0.33458,180,
d90_apl_ord_ddf_mdl_ord_crt_dte_max,0.25338,90,
d180_apl_ord_stg_num_sum,0.33458,139,
d180_apl_ord_prc_amt_max,0.43454,662,
d15_d30_suc_ord_cnt_rat,0.3684,29,
d90_apl_ord_prc_amt_per_stg_sum,0.43454,1482,
d90_apl_ord_dis_bsy_typ_cnt_all,0.4452,4,
d60_suc_ord_prc_amt_max_all,0.37558,514,
d60_d180_suc_ord_cnt_rat,0.3684,163,
d360_prc_amt_mor_50_000_apl_ord_cnt,0.43454,18,
d180_bsy_typ_api_apl_ord_cnt_all,0.4452,11,
d90_suc_ord_prc_amt_per_stg_avg_all,0.37558,2961,
d360_apl_ord_dis_bsy_typ_cnt_all,0.4452,3,
d7_prc_amt_mor_20_000_apl_ord_cnt,0.43454,6,
d180_apl_ord_stg_num_avg,0.33458,414,
d7_d360_suc_ord_prc_amt_avg_rat_all,0.37558,1138,
d90_suc_ord_stg_num_sum_all,0.1841,123,
d7_apl_ord_prc_amt_per_stg_min_all,0.4452,23,
d90_bsy_typ_bt_cash_suc_ord_cnt_all,0.37558,35,
d180_apl_ord_prc_amt_per_stg_avg_all,0.4452,6007,
d15_suc_ord_ddf_mdl_ord_crt_dte_max,0.04994,15,low_non_null_rate
d180_suc_ord_prc_amt_sum_all,0.37558,1704,
d15_prc_amt_mor_3_000_apl_ord_cnt,0.43454,11,
d7_suc_ord_dis_bsy_typ_cnt_all,0.37558,3,
d30_suc_ord_bsy_typ_cnt_all,0.37558,23,
d30_d60_apl_ord_cnt_rat,0.43454,81,
d15_apl_ord_prc_amt_per_stg_min_all,0.4452,42,
d30_d180_suc_ord_prc_amt_avg_rat,0.08442,2414,low_non_null_rate
d7_suc_ord_bsy_typ_cnt_all,0.37558,12,
d180_bsy_typ_ep_suc_ord_cnt_all,0.37558,60,
d30_prc_amt_mor_10_000_suc_ord_cnt,0.3684,8,
d30_apl_ord_prc_amt_per_stg_min_all,0.4452,89,
d7_bsy_typ_api_apl_ord_cnt_all,0.4452,2,
d7_prc_amt_mor_5_000_suc_ord_cnt,0.3684,5,
d30_suc_ord_prc_amt_min_all,0.37558,97,
d7_d360_apl_ord_cnt_rat_all,0.4452,226,
d90_apl_ord_days_cnt,0.43454,33,
d60_apl_ord_stg_num_sum_all,0.21628,187,
d7_suc_ord_prc_amt_per_stg_avg_all,0.37558,713,
d360_apl_ord_cnt_all,0.4452,227,
d15_bsy_typ_bt_cash_apl_ord_cnt_all,0.4452,12,
d60_apl_ord_prc_amt_min,0.43454,289,
d180_apl_ord_prc_amt_sum_all,0.4452,2574,
d60_apl_ord_prc_amt_sum,0.43454,969,
d15_prc_amt_mor_50_000_apl_ord_cnt,0.43454,6,
d15_apl_ord_stg_num_max_all,0.08158,5,low_non_null_rate
d15_suc_ord_prc_amt_avg_all,0.37558,1008,
d360_apl_ord_prc_amt_per_stg_avg,0.43454,6722,
d7_suc_ord_prc_amt_per_stg_max_all,0.37558,262,
d7_bsy_typ_bt_cash_apl_ord_cnt_all,0.4452,8,
d90_d360_apl_ord_cnt_rat_all,0.4452,652,
d15_apl_ord_prc_amt_per_stg_max,0.43454,367,
d360_apl_ord_ddf_mdl_ord_crt_dte_min,0.43454,360,
d60_prc_amt_mor_3_000_apl_ord_cnt,0.43454,24,
d180_prc_amt_mor_5_000_apl_ord_cnt,0.43454,42,
d15_bsy_typ_api_apl_ord_cnt_all,0.4452,3,
d30_prc_amt_mor_20_000_suc_ord_cnt,0.3684,6,
d360_apl_ord_stg_num_max,0.43454,4,
d7_d15_apl_ord_prc_amt_avg_rat,0.3973,543,
d7_prc_amt_mor_50_000_apl_ord_cnt,0.43454,6,
d180_suc_ord_days_cnt_all,0.37558,56,
d60_d360_suc_ord_cnt_rat_all,0.37558,309,
d180_d360_apl_ord_prc_amt_avg_rat_all,0.4452,8149,
